timestamp,pv_power,house_load,tariff_price,prod_price,forecast_pv_power,load_forecast
2026-05-30 00:00:00,0.0,245.0,0.26,0.16,0.0,206.57142833333333
2026-05-30 00:00:30,0.0,250.0,0.26,0.16,0.0,207.18969508196722
2026-05-30 00:01:00,0.0,240.0,0.26,0.16,0.0,207.81105967741937
2026-05-30 00:01:30,0.0,250.0,0.26,0.16,0.0,208.43537460317458
2026-05-30 00:02:00,0.0,240.0,0.26,0.16,0.0,209.0625
2026-05-30 00:02:30,0.0,250.0,0.26,0.16,0.0,209.69230769230768
2026-05-30 00:03:00,0.0,245.0,0.26,0.16,0.0,210.15151515151516
2026-05-30 00:03:30,0.0,240.0,0.26,0.16,0.0,210.7462686567164
2026-05-30 00:04:00,0.0,250.0,0.26,0.16,0.0,211.47058823529412
2026-05-30 00:04:30,0.0,240.0,0.26,0.16,0.0,211.8840579710145
2026-05-30 00:05:00,0.0,245.0,0.26,0.16,0.0,212.27731142857144
2026-05-30 00:05:30,0.0,250.0,0.26,0.16,0.0,212.6512014084507
2026-05-30 00:06:00,0.0,248.3333,0.26,0.16,0.0,213.00653611111113
2026-05-30 00:06:30,0.0,246.6667,0.26,0.16,0.0,213.3440780821918
2026-05-30 00:07:00,0.0,245.0,0.26,0.16,0.0,213.6645472972973
2026-05-30 00:07:30,0.0,243.3333,0.26,0.16,0.0,213.968628
2026-05-30 00:08:00,0.0,241.6667,0.26,0.16,0.0,214.25696710526316
2026-05-30 00:08:30,0.0,240.0,0.26,0.16,0.0,214.53017662337663
2026-05-30 00:09:00,0.0,250.0,0.26,0.16,0.0,214.78883974358976
2026-05-30 00:09:30,0.0,220.0,0.26,0.16,0.0,215.03350759493668
2026-05-30 00:10:00,0.0,180.0,0.26,0.16,0.0,215.26470625000002
2026-05-30 00:10:30,0.0,182.5,0.26,0.16,0.0,215.48293456790122
2026-05-30 00:11:00,0.0,185.0,0.26,0.16,0.0,215.68866585365853
2026-05-30 00:11:30,0.0,187.5,0.26,0.16,0.0,215.88235301204818
2026-05-30 00:12:00,0.0,190.0,0.26,0.16,0.0,216.0644261904762
2026-05-30 00:12:30,0.0,185.0,0.26,0.16,0.0,216.23529411764707
2026-05-30 00:13:00,0.0,180.0,0.26,0.16,0.0,216.3953488372093
2026-05-30 00:13:30,0.0,179.6,0.26,0.16,0.0,216.66666666666666
2026-05-30 00:14:00,0.0,179.2,0.26,0.16,0.0,216.8181818181818
2026-05-30 00:14:30,0.0,178.8,0.26,0.16,0.0,217.02247191011236
2026-05-30 00:15:00,0.0,178.4,0.2582,0.1582,0.0,217.27777777777777
2026-05-30 00:15:30,0.0,178.0,0.2582,0.1582,0.0,217.41758241758242
2026-05-30 00:16:00,0.0,177.6,0.2582,0.1582,0.0,217.6086956521739
2026-05-30 00:16:30,0.0,177.2,0.2582,0.1582,0.0,217.8494623655914
2026-05-30 00:17:00,0.0,176.8,0.2582,0.1582,0.0,217.9787234042553
2026-05-30 00:17:30,0.0,176.4,0.2582,0.1582,0.0,217.57894736842104
2026-05-30 00:18:00,0.0,176.0,0.2582,0.1582,0.0,217.08333333333334
2026-05-30 00:18:30,0.0,175.6,0.2582,0.1582,0.0,216.64948453608247
2026-05-30 00:19:00,0.0,175.2,0.2582,0.1582,0.0,216.27551020408163
2026-05-30 00:19:30,0.0,174.8,0.2582,0.1582,0.0,215.8080808080808
2026-05-30 00:20:00,0.0,174.4,0.2582,0.1582,0.0,215.55
2026-05-30 00:20:30,0.0,174.0,0.2582,0.1582,0.0,215.34653465346534
2026-05-30 00:21:00,0.0,173.6,0.2582,0.1582,0.0,215.19607843137254
2026-05-30 00:21:30,0.0,173.2,0.2582,0.1582,0.0,215.0323621359223
2026-05-30 00:22:00,0.0,172.8,0.2582,0.1582,0.0,214.85576923076923
2026-05-30 00:22:30,0.0,172.4,0.2582,0.1582,0.0,214.66666666666666
2026-05-30 00:23:00,0.0,172.0,0.2582,0.1582,0.0,214.46540849056603
2026-05-30 00:23:30,0.0,171.6,0.2582,0.1582,0.0,214.25233644859813
2026-05-30 00:24:00,0.0,171.2,0.2582,0.1582,0.0,214.02777777777777
2026-05-30 00:24:30,0.0,170.8,0.2582,0.1582,0.0,213.85321100917432
2026-05-30 00:25:00,0.0,170.4,0.2582,0.1582,0.0,213.72727272727272
2026-05-30 00:25:30,0.0,170.0,0.2582,0.1582,0.0,213.51351351351352
2026-05-30 00:26:00,0.0,180.0,0.2582,0.1582,0.0,213.34821428571428
2026-05-30 00:26:30,0.0,206.6667,0.2582,0.1582,0.0,213.23008849557522
2026-05-30 00:27:00,0.0,233.3333,0.2582,0.1582,0.0,213.02631578947367
2026-05-30 00:27:30,0.0,260.0,0.2582,0.1582,0.0,212.91304347826087
2026-05-30 00:28:00,0.0,250.0,0.2582,0.1582,0.0,212.7155172413793
2026-05-30 00:28:30,0.0,240.0,0.2582,0.1582,0.0,212.43589743589743
2026-05-30 00:29:00,0.0,241.4286,0.2582,0.1582,0.0,212.13276864406782
2026-05-30 00:29:30,0.0,242.8571,0.2582,0.1582,0.0,211.80672268907563
2026-05-30 00:30:00,0.0,244.2857,0.2557,0.1557,0.0,211.45833333333334
2026-05-30 00:30:30,0.0,245.7143,0.2557,0.1557,0.0,210.875
2026-05-30 00:31:00,0.0,247.1429,0.2557,0.1557,0.0,210.29166666666666
2026-05-30 00:31:30,0.0,248.5714,0.2557,0.1557,0.0,209.70833333333334
2026-05-30 00:32:00,0.0,250.0,0.2557,0.1557,0.0,209.125
2026-05-30 00:32:30,0.0,240.0,0.2557,0.1557,0.0,208.58333333333334
2026-05-30 00:33:00,0.0,250.0,0.2557,0.1557,0.0,207.91666666666666
2026-05-30 00:33:30,0.0,260.0,0.2557,0.1557,0.0,207.375
2026-05-30 00:34:00,0.0,240.0,0.2557,0.1557,0.0,206.79166666666666
2026-05-30 00:34:30,0.0,239.4118,0.2557,0.1557,0.0,206.10416666666666
2026-05-30 00:35:00,0.0,238.8235,0.2557,0.1557,0.0,205.47916666666666
2026-05-30 00:35:30,0.0,238.2353,0.2557,0.1557,0.0,204.79166666666666
2026-05-30 00:36:00,0.0,237.6471,0.2557,0.1557,0.0,204.04166666666666
2026-05-30 00:36:30,0.0,237.0588,0.2557,0.1557,0.0,203.32638916666667
2026-05-30 00:37:00,0.0,236.4706,0.2557,0.1557,0.0,202.64583333333334
2026-05-30 00:37:30,0.0,235.8824,0.2557,0.1557,0.0,202.0
2026-05-30 00:38:00,0.0,235.2941,0.2557,0.1557,0.0,201.38888916666667
2026-05-30 00:38:30,0.0,234.7059,0.2557,0.1557,0.0,200.70833333333334
2026-05-30 00:39:00,0.0,234.1176,0.2557,0.1557,0.0,200.05555583333336
2026-05-30 00:39:30,0.0,233.5294,0.2557,0.1557,0.0,199.33333333333334
2026-05-30 00:40:00,0.0,232.9412,0.2557,0.1557,0.0,198.875
2026-05-30 00:40:30,0.0,232.3529,0.2557,0.1557,0.0,198.76388916666667
2026-05-30 00:41:00,0.0,231.7647,0.2557,0.1557,0.0,198.64583333333334
2026-05-30 00:41:30,0.0,231.1765,0.2557,0.1557,0.0,198.52083333333334
2026-05-30 00:42:00,0.0,230.5882,0.2557,0.1557,0.0,198.29166666666666
2026-05-30 00:42:30,0.0,230.0,0.2557,0.1557,0.0,198.08333333333334
2026-05-30 00:43:00,0.0,240.0,0.2557,0.1557,0.0,197.95833333333334
2026-05-30 00:43:30,0.0,230.0,0.2557,0.1557,0.0,197.79166666666666
2026-05-30 00:44:00,0.0,235.0,0.2557,0.1557,0.0,197.71166666666667
2026-05-30 00:44:30,0.0,240.0,0.2557,0.1557,0.0,197.55166666666668
2026-05-30 00:45:00,0.0,230.0,0.2542,0.1542,0.0,197.43666666666667
2026-05-30 00:45:30,0.0,235.0,0.2542,0.1542,0.0,197.36666666666667
2026-05-30 00:46:00,0.0,240.0,0.2542,0.1542,0.0,197.21666666666667
2026-05-30 00:46:30,0.0,230.0,0.2542,0.1542,0.0,197.04916666666668
2026-05-30 00:47:00,0.0,180.0,0.2542,0.1542,0.0,196.86416666666668
2026-05-30 00:47:30,0.0,170.0,0.2542,0.1542,0.0,196.6616666666667
2026-05-30 00:48:00,0.0,175.0,0.2542,0.1542,0.0,196.44166666666666
2026-05-30 00:48:30,0.0,180.0,0.2542,0.1542,0.0,196.39166666666668
2026-05-30 00:49:00,0.0,170.0,0.2542,0.1542,0.0,196.30333333333334
2026-05-30 00:49:30,0.0,190.0,0.2542,0.1542,0.0,196.17666666666668
2026-05-30 00:50:00,0.0,195.0,0.2542,0.1542,0.0,196.08111083333333
2026-05-30 00:50:30,0.0,200.0,0.2542,0.1542,0.0,196.01666666666668
2026-05-30 00:51:00,0.0,198.3333,0.2542,0.1542,0.0,195.98333333333332
2026-05-30 00:51:30,0.0,196.6667,0.2542,0.1542,0.0,195.9116666666667
2026-05-30 00:52:00,0.0,195.0,0.2542,0.1542,0.0,195.80166666666668
2026-05-30 00:52:30,0.0,193.3333,0.2542,0.1542,0.0,195.77833333333334
2026-05-30 00:53:00,0.0,191.6667,0.2542,0.1542,0.0,195.675
2026-05-30 00:53:30,0.0,190.0,0.2542,0.1542,0.0,195.65833333333333
2026-05-30 00:54:00,0.0,195.0,0.2542,0.1542,0.0,195.56166666666667
2026-05-30 00:54:30,0.0,200.0,0.2542,0.1542,0.0,195.45166666666668
2026-05-30 00:55:00,0.0,190.0,0.2542,0.1542,0.0,195.32833333333335
2026-05-30 00:55:30,0.0,195.0,0.2542,0.1542,0.0,195.19166666666666
2026-05-30 00:56:00,0.0,200.0,0.2542,0.1542,0.0,195.04166666666666
2026-05-30 00:56:30,0.0,190.0,0.2542,0.1542,0.0,194.79166666666666
2026-05-30 00:57:00,0.0,200.0,0.2542,0.1542,0.0,194.40277749999998
2026-05-30 00:57:30,0.0,190.0,0.2542,0.1542,0.0,193.77777749999998
2026-05-30 00:58:00,0.0,180.0,0.2542,0.1542,0.0,192.91666666666666
2026-05-30 00:58:30,0.0,176.6667,0.2542,0.1542,0.0,192.125
2026-05-30 00:59:00,0.0,173.3333,0.2542,0.1542,0.0,191.40277749999998
2026-05-30 00:59:30,0.0,170.0,0.2542,0.1542,0.0,190.65476166666667
2026-05-30 01:00:00,0.0,175.0,0.2506,0.1506,0.0,189.8809525
2026-05-30 01:00:30,0.0,180.0,0.2506,0.1506,0.0,189.17857166666667
2026-05-30 01:01:00,0.0,170.0,0.2506,0.1506,0.0,188.54761916666666
2026-05-30 01:01:30,0.0,180.0,0.2506,0.1506,0.0,187.82142833333333
2026-05-30 01:02:00,0.0,175.0,0.2506,0.1506,0.0,187.06944416666664
2026-05-30 01:02:30,0.0,170.0,0.2506,0.1506,0.0,186.29166666666666
2026-05-30 01:03:00,0.0,180.0,0.2506,0.1506,0.0,185.58333333333334
2026-05-30 01:03:30,0.0,170.0,0.2506,0.1506,0.0,184.77777749999998
2026-05-30 01:04:00,0.0,167.5,0.2506,0.1506,0.0,183.875
2026-05-30 01:04:30,0.0,165.0,0.2506,0.1506,0.0,183.125
2026-05-30 01:05:00,0.0,162.5,0.2506,0.1506,0.0,182.463235
2026-05-30 01:05:30,0.0,160.0,0.2506,0.1506,0.0,181.72303916666667
2026-05-30 01:06:00,0.0,162.5,0.2506,0.1506,0.0,181.15441166666668
2026-05-30 01:06:30,0.0,165.0,0.2506,0.1506,0.0,180.5073525
2026-05-30 01:07:00,0.0,167.5,0.2506,0.1506,0.0,179.94852916666665
2026-05-30 01:07:30,0.0,170.0,0.2506,0.1506,0.0,179.3112741666667
2026-05-30 01:08:00,0.0,160.0,0.2506,0.1506,0.0,178.70669833333332
2026-05-30 01:08:30,0.0,161.6667,0.2506,0.1506,0.0,178.13480333333334
2026-05-30 01:09:00,0.0,163.3333,0.2506,0.1506,0.0,177.5955875
2026-05-30 01:09:30,0.0,165.0,0.2506,0.1506,0.0,176.97794083333335
2026-05-30 01:10:00,0.0,166.6667,0.2506,0.1506,0.0,176.4068625
2026-05-30 01:10:30,0.0,168.3333,0.2506,0.1506,0.0,175.8823525
2026-05-30 01:11:00,0.0,170.0,0.2506,0.1506,0.0,175.69607833333333
2026-05-30 01:11:30,0.0,160.0,0.2506,0.1506,0.0,175.84803916666667
2026-05-30 01:12:00,0.0,165.0,0.2506,0.1506,0.0,175.838235
2026-05-30 01:12:30,0.0,170.0,0.2506,0.1506,0.0,175.75
2026-05-30 01:13:00,0.0,160.0,0.2506,0.1506,0.0,175.69444416666664
2026-05-30 01:13:30,0.0,170.0,0.2506,0.1506,0.0,175.58333333333334
2026-05-30 01:14:00,0.0,160.0,0.2506,0.1506,0.0,175.58333333333334
2026-05-30 01:14:30,0.0,165.0,0.2506,0.1506,0.0,175.45833333333334
2026-05-30 01:15:00,0.0,170.0,0.2436,0.1436,0.0,175.25
2026-05-30 01:15:30,0.0,160.0,0.2436,0.1436,0.0,175.08333333333334
2026-05-30 01:16:00,0.0,157.5,0.2436,0.1436,0.0,174.95833333333334
2026-05-30 01:16:30,0.0,155.0,0.2436,0.1436,0.0,174.875
2026-05-30 01:17:00,0.0,152.5,0.2436,0.1436,0.0,174.95833333333334
2026-05-30 01:17:30,0.0,150.0,0.2436,0.1436,0.0,175.5
2026-05-30 01:18:00,0.0,170.0,0.2436,0.1436,0.0,176.16666666666666
2026-05-30 01:18:30,0.0,165.0,0.2436,0.1436,0.0,176.70833333333334
2026-05-30 01:19:00,0.0,160.0,0.2436,0.1436,0.0,177.29166666666666
2026-05-30 01:19:30,0.0,163.3333,0.2436,0.1436,0.0,177.91666666666666
2026-05-30 01:20:00,0.0,166.6667,0.2436,0.1436,0.0,178.33333333333334
2026-05-30 01:20:30,0.0,170.0,0.2436,0.1436,0.0,178.79166666666666
2026-05-30 01:21:00,0.0,165.0,0.2436,0.1436,0.0,179.125
2026-05-30 01:21:30,0.0,160.0,0.2436,0.1436,0.0,179.55555583333336
2026-05-30 01:22:00,0.0,170.0,0.2436,0.1436,0.0,179.91666666666666
2026-05-30 01:22:30,0.0,160.0,0.2436,0.1436,0.0,180.26388916666667
2026-05-30 01:23:00,0.0,170.0,0.2436,0.1436,0.0,180.59722250000002
2026-05-30 01:23:30,0.0,160.0,0.2436,0.1436,0.0,180.91666666666666
2026-05-30 01:24:00,0.0,158.0,0.2436,0.1436,0.0,181.33333333333334
2026-05-30 01:24:30,0.0,156.0,0.2436,0.1436,0.0,181.625
2026-05-30 01:25:00,0.0,154.0,0.2436,0.1436,0.0,181.79166666666666
2026-05-30 01:25:30,0.0,152.0,0.2436,0.1436,0.0,182.0
2026-05-30 01:26:00,0.0,150.0,0.2436,0.1436,0.0,182.125
2026-05-30 01:26:30,0.0,160.0,0.2436,0.1436,0.0,182.25
2026-05-30 01:27:00,0.0,158.3333,0.2436,0.1436,0.0,182.5
2026-05-30 01:27:30,0.0,156.6667,0.2436,0.1436,0.0,182.67857166666667
2026-05-30 01:28:00,0.0,155.0,0.2436,0.1436,0.0,182.95238083333334
2026-05-30 01:28:30,0.0,153.3333,0.2436,0.1436,0.0,183.32142833333333
2026-05-30 01:29:00,0.0,151.6667,0.2436,0.1436,0.0,183.73015833333332
2026-05-30 01:29:30,0.0,150.0,0.2436,0.1436,0.0,184.17857166666667
2026-05-30 01:30:00,0.0,160.0,0.2446,0.1446,0.0,184.66666666666666
2026-05-30 01:30:30,0.0,170.0,0.2446,0.1446,0.0,185.125
2026-05-30 01:31:00,0.0,160.0,0.2446,0.1446,0.0,185.04166666666666
2026-05-30 01:31:30,0.0,158.3333,0.2446,0.1446,0.0,185.0
2026-05-30 01:32:00,0.0,156.6667,0.2446,0.1446,0.0,184.83333333333334
2026-05-30 01:32:30,0.0,155.0,0.2446,0.1446,0.0,184.73611083333333
2026-05-30 01:33:00,0.0,153.3333,0.2446,0.1446,0.0,184.70833333333334
2026-05-30 01:33:30,0.0,151.6667,0.2446,0.1446,0.0,184.625
2026-05-30 01:34:00,0.0,150.0,0.2446,0.1446,0.0,184.54166666666666
2026-05-30 01:34:30,0.0,160.0,0.2446,0.1446,0.0,184.52083333333334
2026-05-30 01:35:00,0.0,150.0,0.2446,0.1446,0.0,184.5625
2026-05-30 01:35:30,0.0,170.0,0.2446,0.1446,0.0,184.54166666666666
2026-05-30 01:36:00,0.0,160.0,0.2446,0.1446,0.0,184.56944416666664
2026-05-30 01:36:30,0.0,170.0,0.2446,0.1446,0.0,184.60416666666666
2026-05-30 01:37:00,0.0,160.0,0.2446,0.1446,0.0,184.64583333333334
2026-05-30 01:37:30,0.0,163.3333,0.2446,0.1446,0.0,184.58333333333334
2026-05-30 01:38:00,0.0,166.6667,0.2446,0.1446,0.0,184.58333333333334
2026-05-30 01:38:30,0.0,170.0,0.2446,0.1446,0.0,184.75
2026-05-30 01:39:00,0.0,160.0,0.2446,0.1446,0.0,184.98611083333333
2026-05-30 01:39:30,0.0,165.0,0.2446,0.1446,0.0,185.125
2026-05-30 01:40:00,0.0,170.0,0.2446,0.1446,0.0,185.33333333333334
2026-05-30 01:40:30,0.0,210.0,0.2446,0.1446,0.0,185.44444416666664
2026-05-30 01:41:00,0.0,250.0,0.2446,0.1446,0.0,185.5509258333333
2026-05-30 01:41:30,0.0,230.0,0.2446,0.1446,0.0,185.65277749999998
2026-05-30 01:42:00,0.0,220.0,0.2446,0.1446,0.0,185.84722166666668
2026-05-30 01:42:30,0.0,223.3333,0.2446,0.1446,0.0,186.00925833333335
2026-05-30 01:43:00,0.0,226.6667,0.2446,0.1446,0.0,186.13888833333334
2026-05-30 01:43:30,0.0,230.0,0.2446,0.1446,0.0,186.36111083333333
2026-05-30 01:44:00,0.0,220.0,0.2446,0.1446,0.0,186.50925916666665
2026-05-30 01:44:30,0.0,215.0,0.2446,0.1446,0.0,186.75
2026-05-30 01:45:00,0.0,210.0,0.245,0.145,0.0,186.95833333333334
2026-05-30 01:45:30,0.0,220.0,0.245,0.145,0.0,187.04166666666666
2026-05-30 01:46:00,0.0,230.0,0.245,0.145,0.0,187.18055583333336
2026-05-30 01:46:30,0.0,240.0,0.245,0.145,0.0,187.3125
2026-05-30 01:47:00,0.0,245.0,0.245,0.145,0.0,187.4375
2026-05-30 01:47:30,0.0,250.0,0.245,0.145,0.0,187.5
2026-05-30 01:48:00,0.0,240.0,0.245,0.145,0.0,187.575
2026-05-30 01:48:30,0.0,250.0,0.245,0.145,0.0,187.475
2026-05-30 01:49:00,0.0,245.0,0.245,0.145,0.0,187.40833333333333
2026-05-30 01:49:30,0.0,240.0,0.245,0.145,0.0,187.375
2026-05-30 01:50:00,0.0,250.0,0.245,0.145,0.0,187.30555583333336
2026-05-30 01:50:30,0.0,240.0,0.245,0.145,0.0,187.2
2026-05-30 01:51:00,0.0,250.0,0.245,0.145,0.0,187.05833333333334
2026-05-30 01:51:30,0.0,240.0,0.245,0.145,0.0,186.95
2026-05-30 01:52:00,0.0,236.6667,0.245,0.145,0.0,186.875
2026-05-30 01:52:30,0.0,233.3333,0.245,0.145,0.0,186.70833333333334
2026-05-30 01:53:00,0.0,230.0,0.245,0.145,0.0,186.70833333333334
2026-05-30 01:53:30,0.0,240.0,0.245,0.145,0.0,186.63425916666665
2026-05-30 01:54:00,0.0,230.0,0.245,0.145,0.0,186.65277749999998
2026-05-30 01:54:30,0.0,220.0,0.245,0.145,0.0,186.69722166666668
2026-05-30 01:55:00,0.0,215.0,0.245,0.145,0.0,186.76759166666668
2026-05-30 01:55:30,0.0,210.0,0.245,0.145,0.0,186.86388833333334
2026-05-30 01:56:00,0.0,215.0,0.245,0.145,0.0,186.98611083333333
2026-05-30 01:56:30,0.0,220.0,0.245,0.145,0.0,187.13425916666665
2026-05-30 01:57:00,0.0,221.4286,0.245,0.145,0.0,187.20833333333334
2026-05-30 01:57:30,0.0,222.8571,0.245,0.145,0.0,187.30555583333336
2026-05-30 01:58:00,0.0,224.2857,0.245,0.145,0.0,187.375
2026-05-30 01:58:30,0.0,225.7143,0.245,0.145,0.0,187.41666666666666
2026-05-30 01:59:00,0.0,227.1429,0.245,0.145,0.0,187.44444500000003
2026-05-30 01:59:30,0.0,228.5714,0.245,0.145,0.0,187.45833333333334
2026-05-30 02:00:00,0.0,230.0,0.2408,0.1408,0.0,187.45833333333334
2026-05-30 02:00:30,0.0,170.0,0.2408,0.1408,0.0,187.45833333333334
2026-05-30 02:01:00,0.0,165.0,0.2408,0.1408,0.0,187.36805583333336
2026-05-30 02:01:30,0.0,160.0,0.2408,0.1408,0.0,187.35416666666666
2026-05-30 02:02:00,0.0,163.3333,0.2408,0.1408,0.0,187.34722250000002
2026-05-30 02:02:30,0.0,166.6667,0.2408,0.1408,0.0,187.34722250000002
2026-05-30 02:03:00,0.0,170.0,0.2408,0.1408,0.0,187.35416666666666
2026-05-30 02:03:30,0.0,160.0,0.2408,0.1408,0.0,187.36805583333336
2026-05-30 02:04:00,0.0,165.0,0.2408,0.1408,0.0,187.38888916666667
2026-05-30 02:04:30,0.0,170.0,0.2408,0.1408,0.0,187.41666666666666
2026-05-30 02:05:00,0.0,160.0,0.2408,0.1408,0.0,187.35416666666666
2026-05-30 02:05:30,0.0,163.3333,0.2408,0.1408,0.0,187.36805583333336
2026-05-30 02:06:00,0.0,166.6667,0.2408,0.1408,0.0,187.20833333333334
2026-05-30 02:06:30,0.0,170.0,0.2408,0.1408,0.0,187.125
2026-05-30 02:07:00,0.0,160.0,0.2408,0.1408,0.0,187.04166666666666
2026-05-30 02:07:30,0.0,170.0,0.2408,0.1408,0.0,187.125
2026-05-30 02:08:00,0.0,180.0,0.2408,0.1408,0.0,187.26388916666667
2026-05-30 02:08:30,0.0,190.0,0.2408,0.1408,0.0,187.45833333333334
2026-05-30 02:09:00,0.0,180.0,0.2408,0.1408,0.0,187.54166666666666
2026-05-30 02:09:30,0.0,190.0,0.2408,0.1408,0.0,187.625
2026-05-30 02:10:00,0.0,180.0,0.2408,0.1408,0.0,187.58333333333334
2026-05-30 02:10:30,0.0,181.1111,0.2408,0.1408,0.0,187.66666666666666
2026-05-30 02:11:00,0.0,182.2222,0.2408,0.1408,0.0,187.5
2026-05-30 02:11:30,0.0,183.3333,0.2408,0.1408,0.0,186.91666666666666
2026-05-30 02:12:00,0.0,184.4444,0.2408,0.1408,0.0,186.51190499999998
2026-05-30 02:12:30,0.0,185.5556,0.2408,0.1408,0.0,186.20238083333334
2026-05-30 02:13:00,0.0,186.6667,0.2408,0.1408,0.0,185.8769841666667
2026-05-30 02:13:30,0.0,187.7778,0.2408,0.1408,0.0,185.53571416666668
2026-05-30 02:14:00,0.0,188.8889,0.2408,0.1408,0.0,185.17857166666667
2026-05-30 02:14:30,0.0,190.0,0.2408,0.1408,0.0,184.91666666666666
2026-05-30 02:15:00,0.0,180.0,0.2408,0.1408,0.0,184.70833333333334
2026-05-30 02:15:30,0.0,176.6667,0.2408,0.1408,0.0,184.45833333333334
2026-05-30 02:16:00,0.0,173.3333,0.2408,0.1408,0.0,184.10416666666666
2026-05-30 02:16:30,0.0,170.0,0.2408,0.1408,0.0,183.64583333333334
2026-05-30 02:17:00,0.0,160.0,0.2408,0.1408,0.0,183.08333333333334
2026-05-30 02:17:30,0.0,159.0,0.2408,0.1408,0.0,182.45833333333334
2026-05-30 02:18:00,0.0,158.0,0.2408,0.1408,0.0,181.875
2026-05-30 02:18:30,0.0,157.0,0.2408,0.1408,0.0,181.45833333333334
2026-05-30 02:19:00,0.0,156.0,0.2408,0.1408,0.0,180.875
2026-05-30 02:19:30,0.0,155.0,0.2408,0.1408,0.0,180.3125
2026-05-30 02:20:00,0.0,154.0,0.2408,0.1408,0.0,179.77083333333334
2026-05-30 02:20:30,0.0,153.0,0.2408,0.1408,0.0,179.125
2026-05-30 02:21:00,0.0,152.0,0.2408,0.1408,0.0,178.54166666666666
2026-05-30 02:21:30,0.0,151.0,0.2408,0.1408,0.0,177.79166666666666
2026-05-30 02:22:00,0.0,150.0,0.2408,0.1408,0.0,177.41666666666666
2026-05-30 02:22:30,0.0,160.0,0.2408,0.1408,0.0,177.36111083333333
2026-05-30 02:23:00,0.0,161.1111,0.2408,0.1408,0.0,177.41666666666666
2026-05-30 02:23:30,0.0,162.2222,0.2408,0.1408,0.0,177.58333333333334
2026-05-30 02:24:00,0.0,163.3333,0.2408,0.1408,0.0,177.70833333333334
2026-05-30 02:24:30,0.0,164.4444,0.2408,0.1408,0.0,177.95833333333334
2026-05-30 02:25:00,0.0,165.5556,0.2408,0.1408,0.0,179.04166666666666
2026-05-30 02:25:30,0.0,166.6667,0.2408,0.1408,0.0,179.91666666666666
2026-05-30 02:26:00,0.0,167.7778,0.2408,0.1408,0.0,180.75
2026-05-30 02:26:30,0.0,168.8889,0.2408,0.1408,0.0,181.5
2026-05-30 02:27:00,0.0,170.0,0.2408,0.1408,0.0,182.16666666666666
2026-05-30 02:27:30,0.0,165.0,0.2408,0.1408,0.0,182.86309500000002
2026-05-30 02:28:00,0.0,160.0,0.2408,0.1408,0.0,183.58928583333332
2026-05-30 02:28:30,0.0,156.6667,0.2408,0.1408,0.0,184.30877999999998
2026-05-30 02:29:00,0.0,153.3333,0.2408,0.1408,0.0,185.0215775
2026-05-30 02:29:30,0.0,150.0,0.2408,0.1408,0.0,185.72767833333333
2026-05-30 02:30:00,0.0,160.0,0.2395,0.1395,0.0,186.42708333333334
2026-05-30 02:30:30,0.0,159.1667,0.2395,0.1395,0.0,187.11979166666666
2026-05-30 02:31:00,0.0,158.3333,0.2395,0.1395,0.0,188.31770833333334
2026-05-30 02:31:30,0.0,157.5,0.2395,0.1395,0.0,189.5625
2026-05-30 02:32:00,0.0,156.6667,0.2395,0.1395,0.0,190.85416666666666
2026-05-30 02:32:30,0.0,155.8333,0.2395,0.1395,0.0,192.12326416666667
2026-05-30 02:33:00,0.0,155.0,0.2395,0.1395,0.0,193.36979166666666
2026-05-30 02:33:30,0.0,154.1667,0.2395,0.1395,0.0,194.59375
2026-05-30 02:34:00,0.0,153.3333,0.2395,0.1395,0.0,195.90625
2026-05-30 02:34:30,0.0,152.5,0.2395,0.1395,0.0,197.18229166666666
2026-05-30 02:35:00,0.0,151.6667,0.2395,0.1395,0.0,198.421875
2026-05-30 02:35:30,0.0,150.8333,0.2395,0.1395,0.0,199.75
2026-05-30 02:36:00,0.0,150.0,0.2395,0.1395,0.0,201.05555583333336
2026-05-30 02:36:30,0.0,160.0,0.2395,0.1395,0.0,202.25
2026-05-30 02:37:00,0.0,170.0,0.2395,0.1395,0.0,203.5
2026-05-30 02:37:30,0.0,180.0,0.2395,0.1395,0.0,204.88888916666667
2026-05-30 02:38:00,0.0,190.0,0.2395,0.1395,0.0,206.25
2026-05-30 02:38:30,0.0,180.0,0.2395,0.1395,0.0,207.58333333333334
2026-05-30 02:39:00,0.0,170.0,0.2395,0.1395,0.0,208.80555583333336
2026-05-30 02:39:30,0.0,160.0,0.2395,0.1395,0.0,210.08333333333334
2026-05-30 02:40:00,0.0,180.0,0.2395,0.1395,0.0,211.25
2026-05-30 02:40:30,0.0,190.0,0.2395,0.1395,0.0,212.51041666666666
2026-05-30 02:41:00,0.0,180.0,0.2395,0.1395,0.0,213.77199083333335
2026-05-30 02:41:30,0.0,181.4286,0.2395,0.1395,0.0,215.03472250000002
2026-05-30 02:42:00,0.0,182.8571,0.2395,0.1395,0.0,216.29861166666666
2026-05-30 02:42:30,0.0,184.2857,0.2395,0.1395,0.0,217.56365833333334
2026-05-30 02:43:00,0.0,185.7143,0.2395,0.1395,0.0,218.82986166666666
2026-05-30 02:43:30,0.0,187.1429,0.2395,0.1395,0.0,220.09722250000002
2026-05-30 02:44:00,0.0,188.5714,0.2395,0.1395,0.0,221.36574083333335
2026-05-30 02:44:30,0.0,190.0,0.2395,0.1395,0.0,222.375
2026-05-30 02:45:00,0.0,180.0,0.2389,0.1389,0.0,223.125
2026-05-30 02:45:30,0.0,177.5,0.2389,0.1389,0.0,223.70833333333334
2026-05-30 02:46:00,0.0,175.0,0.2389,0.1389,0.0,224.29166666666666
2026-05-30 02:46:30,0.0,172.5,0.2389,0.1389,0.0,224.875
2026-05-30 02:47:00,0.0,170.0,0.2389,0.1389,0.0,225.45833333333334
2026-05-30 02:47:30,0.0,180.0,0.2389,0.1389,0.0,226.20833333333334
2026-05-30 02:48:00,0.0,190.0,0.2389,0.1389,0.0,226.97857166666665
2026-05-30 02:48:30,0.0,180.0,0.2389,0.1389,0.0,227.7690475
2026-05-30 02:49:00,0.0,177.5,0.2389,0.1389,0.0,228.57976166666668
2026-05-30 02:49:30,0.0,175.0,0.2389,0.1389,0.0,229.41071416666668
2026-05-30 02:50:00,0.0,172.5,0.2389,0.1389,0.0,230.26190499999998
2026-05-30 02:50:30,0.0,170.0,0.2389,0.1389,0.0,231.13333333333333
2026-05-30 02:51:00,0.0,160.0,0.2389,0.1389,0.0,232.025
2026-05-30 02:51:30,0.0,195.0,0.2389,0.1389,0.0,232.84166666666667
2026-05-30 02:52:00,0.0,230.0,0.2389,0.1389,0.0,233.69444416666664
2026-05-30 02:52:30,0.0,240.0,0.2389,0.1389,0.0,234.58333333333334
2026-05-30 02:53:00,0.0,250.0,0.2389,0.1389,0.0,235.41666666666666
2026-05-30 02:53:30,0.0,255.0,0.2389,0.1389,0.0,236.1574075
2026-05-30 02:54:00,0.0,260.0,0.2389,0.1389,0.0,236.88055583333335
2026-05-30 02:54:30,0.0,350.0,0.2389,0.1389,0.0,237.58611166666665
2026-05-30 02:55:00,0.0,320.0,0.2389,0.1389,0.0,238.27407499999998
2026-05-30 02:55:30,0.0,310.0,0.2389,0.1389,0.0,238.944445
2026-05-30 02:56:00,0.0,305.0,0.2389,0.1389,0.0,239.59722250000002
2026-05-30 02:56:30,0.0,300.0,0.2389,0.1389,0.0,240.23240750000002
2026-05-30 02:57:00,0.0,305.0,0.2389,0.1389,0.0,240.85
2026-05-30 02:57:30,0.0,310.0,0.2389,0.1389,0.0,241.45
2026-05-30 02:58:00,0.0,310.625,0.2389,0.1389,0.0,242.08333333333334
2026-05-30 02:58:30,0.0,311.25,0.2389,0.1389,0.0,242.75
2026-05-30 02:59:00,0.0,311.875,0.2389,0.1389,0.0,243.52777749999998
2026-05-30 02:59:30,0.0,312.5,0.2389,0.1389,0.0,244.25
2026-05-30 03:00:00,0.0,313.125,0.2355,0.1355,0.0,245.08333333333334
2026-05-30 03:00:30,0.0,313.75,0.2355,0.1355,0.0,245.91666666666666
2026-05-30 03:01:00,0.0,314.375,0.2355,0.1355,0.0,246.67361083333333
2026-05-30 03:01:30,0.0,315.0,0.2355,0.1355,0.0,247.35416666666666
2026-05-30 03:02:00,0.0,315.625,0.2355,0.1355,0.0,247.95833333333334
2026-05-30 03:02:30,0.0,316.25,0.2355,0.1355,0.0,248.59722166666663
2026-05-30 03:03:00,0.0,316.875,0.2355,0.1355,0.0,249.27083333333334
2026-05-30 03:03:30,0.0,317.5,0.2355,0.1355,0.0,249.97916666666666
2026-05-30 03:04:00,0.0,318.125,0.2355,0.1355,0.0,250.61111083333333
2026-05-30 03:04:30,0.0,318.75,0.2355,0.1355,0.0,251.25641
2026-05-30 03:05:00,0.0,319.375,0.2355,0.1355,0.0,251.91506416666667
2026-05-30 03:05:30,0.0,320.0,0.2355,0.1355,0.0,252.58707249999998
2026-05-30 03:06:00,0.0,310.0,0.2355,0.1355,0.0,253.27243583333333
2026-05-30 03:06:30,0.0,320.0,0.2355,0.1355,0.0,253.97115416666665
2026-05-30 03:07:00,0.0,326.6667,0.2355,0.1355,0.0,254.59294916666667
2026-05-30 03:07:30,0.0,333.3333,0.2355,0.1355,0.0,255.13782083333334
2026-05-30 03:08:00,0.0,340.0,0.2355,0.1355,0.0,255.60576916666665
2026-05-30 03:08:30,0.0,336.6667,0.2355,0.1355,0.0,255.996795
2026-05-30 03:09:00,0.0,333.3333,0.2355,0.1355,0.0,256.4775641666667
2026-05-30 03:09:30,0.0,330.0,0.2355,0.1355,0.0,257.04807666666665
2026-05-30 03:10:00,0.0,331.25,0.2355,0.1355,0.0,257.7083333333333
2026-05-30 03:10:30,0.0,332.5,0.2355,0.1355,0.0,258.2083333333333
2026-05-30 03:11:00,0.0,333.75,0.2355,0.1355,0.0,258.5416666666667
2026-05-30 03:11:30,0.0,335.0,0.2355,0.1355,0.0,258.9375
2026-05-30 03:12:00,0.0,336.25,0.2355,0.1355,0.0,259.300595
2026-05-30 03:12:30,0.0,337.5,0.2355,0.1355,0.0,259.6309525
2026-05-30 03:13:00,0.0,338.75,0.2355,0.1355,0.0,259.92857166666664
2026-05-30 03:13:30,0.0,340.0,0.2355,0.1355,0.0,260.29761916666666
2026-05-30 03:14:00,0.0,310.0,0.2355,0.1355,0.0,260.6675825
2026-05-30 03:14:30,0.0,280.0,0.2355,0.1355,0.0,261.03846166666665
2026-05-30 03:15:00,0.0,250.0,0.2353,0.1353,0.0,261.41025666666667
2026-05-30 03:15:30,0.0,246.6667,0.2353,0.1353,0.0,261.87820500000004
2026-05-30 03:16:00,0.0,243.3333,0.2353,0.1353,0.0,262.3798075
2026-05-30 03:16:30,0.0,240.0,0.2353,0.1353,0.0,262.9150641666667
2026-05-30 03:17:00,0.0,250.0,0.2353,0.1353,0.0,263.48397416666666
2026-05-30 03:17:30,0.0,251.4286,0.2353,0.1353,0.0,264.08653833333335
2026-05-30 03:18:00,0.0,252.8571,0.2353,0.1353,0.0,264.61859
2026-05-30 03:18:30,0.0,254.2857,0.2353,0.1353,0.0,265.08012833333333
2026-05-30 03:19:00,0.0,255.7143,0.2353,0.1353,0.0,265.6378208333333
2026-05-30 03:19:30,0.0,257.1429,0.2353,0.1353,0.0,266.2291666666667
2026-05-30 03:20:00,0.0,258.5714,0.2353,0.1353,0.0,266.8541666666667
2026-05-30 03:20:30,0.0,260.0,0.2353,0.1353,0.0,267.5833333333333
2026-05-30 03:21:00,0.0,250.0,0.2353,0.1353,0.0,268.25
2026-05-30 03:21:30,0.0,253.3333,0.2353,0.1353,0.0,269.0416666666667
2026-05-30 03:22:00,0.0,256.6667,0.2353,0.1353,0.0,269.5833333333333
2026-05-30 03:22:30,0.0,260.0,0.2353,0.1353,0.0,269.75
2026-05-30 03:23:00,0.0,250.0,0.2353,0.1353,0.0,269.9166666666667
2026-05-30 03:23:30,0.0,249.0,0.2353,0.1353,0.0,269.9166666666667
2026-05-30 03:24:00,0.0,248.0,0.2353,0.1353,0.0,269.8333333333333
2026-05-30 03:24:30,0.0,247.0,0.2353,0.1353,0.0,269.6666666666667
2026-05-30 03:25:00,0.0,246.0,0.2353,0.1353,0.0,268.8333333333333
2026-05-30 03:25:30,0.0,245.0,0.2353,0.1353,0.0,268.2291666666667
2026-05-30 03:26:00,0.0,244.0,0.2353,0.1353,0.0,267.6875
2026-05-30 03:26:30,0.0,243.0,0.2353,0.1353,0.0,267.1666666666667
2026-05-30 03:27:00,0.0,242.0,0.2353,0.1353,0.0,266.6666666666667
2026-05-30 03:27:30,0.0,241.0,0.2353,0.1353,0.0,266.2083333333333
2026-05-30 03:28:00,0.0,240.0,0.2353,0.1353,0.0,265.625
2026-05-30 03:28:30,0.0,250.0,0.2353,0.1353,0.0,265.0642358333333
2026-05-30 03:29:00,0.0,240.0,0.2353,0.1353,0.0,264.5260416666667
2026-05-30 03:29:30,0.0,250.0,0.2353,0.1353,0.0,264.0104166666667
2026-05-30 03:30:00,0.0,260.0,0.2355,0.1355,0.0,263.4479166666667
2026-05-30 03:30:30,0.0,250.0,0.2355,0.1355,0.0,262.8385416666667
2026-05-30 03:31:00,0.0,240.0,0.2355,0.1355,0.0,262.265625
2026-05-30 03:31:30,0.0,230.0,0.2355,0.1355,0.0,261.7291666666667
2026-05-30 03:32:00,0.0,233.3333,0.2355,0.1355,0.0,261.1458333333333
2026-05-30 03:32:30,0.0,236.6667,0.2355,0.1355,0.0,260.515625
2026-05-30 03:33:00,0.0,240.0,0.2355,0.1355,0.0,259.9635416666667
2026-05-30 03:33:30,0.0,230.0,0.2355,0.1355,0.0,259.3229166666667
2026-05-30 03:34:00,0.0,230.7692,0.2355,0.1355,0.0,258.71875
2026-05-30 03:34:30,0.0,231.5385,0.2355,0.1355,0.0,258.1510416666667
2026-05-30 03:35:00,0.0,232.3077,0.2355,0.1355,0.0,257.59479166666665
2026-05-30 03:35:30,0.0,233.0769,0.2355,0.1355,0.0,257.05
2026-05-30 03:36:00,0.0,233.8462,0.2355,0.1355,0.0,256.51666666666665
2026-05-30 03:36:30,0.0,234.6154,0.2355,0.1355,0.0,256.0833333333333
2026-05-30 03:37:00,0.0,235.3846,0.2355,0.1355,0.0,255.58333333333334
2026-05-30 03:37:30,0.0,236.1538,0.2355,0.1355,0.0,255.11111083333333
2026-05-30 03:38:00,0.0,236.9231,0.2355,0.1355,0.0,254.55555583333336
2026-05-30 03:38:30,0.0,237.6923,0.2355,0.1355,0.0,253.91666666666666
2026-05-30 03:39:00,0.0,238.4615,0.2355,0.1355,0.0,253.27777749999998
2026-05-30 03:39:30,0.0,239.2308,0.2355,0.1355,0.0,253.33333333333334
2026-05-30 03:40:00,0.0,240.0,0.2355,0.1355,0.0,253.33333333333334
2026-05-30 03:40:30,0.0,230.0,0.2355,0.1355,0.0,253.23958333333334
2026-05-30 03:41:00,0.0,227.5,0.2355,0.1355,0.0,253.05208333333334
2026-05-30 03:41:30,0.0,225.0,0.2355,0.1355,0.0,252.9375
2026-05-30 03:42:00,0.0,222.5,0.2355,0.1355,0.0,252.82175916666665
2026-05-30 03:42:30,0.0,220.0,0.2355,0.1355,0.0,252.70486083333333
2026-05-30 03:43:00,0.0,230.0,0.2355,0.1355,0.0,252.586805
2026-05-30 03:43:30,0.0,231.5385,0.2355,0.1355,0.0,252.46759166666666
2026-05-30 03:44:00,0.0,233.0769,0.2355,0.1355,0.0,252.34722166666668
2026-05-30 03:44:30,0.0,234.6154,0.2355,0.1355,0.0,252.48611083333333
2026-05-30 03:45:00,0.0,236.1538,0.235,0.135,0.0,252.88425916666665
2026-05-30 03:45:30,0.0,237.6923,0.235,0.135,0.0,253.54166666666666
2026-05-30 03:46:00,0.0,239.2308,0.235,0.135,0.0,254.23611083333333
2026-05-30 03:46:30,0.0,240.7692,0.235,0.135,0.0,254.875
2026-05-30 03:47:00,0.0,242.3077,0.235,0.135,0.0,255.45833333333334
2026-05-30 03:47:30,0.0,243.8462,0.235,0.135,0.0,255.875
2026-05-30 03:48:00,0.0,245.3846,0.235,0.135,0.0,256.238095
2026-05-30 03:48:30,0.0,246.9231,0.235,0.135,0.0,256.54761916666666
2026-05-30 03:49:00,0.0,248.4615,0.235,0.135,0.0,256.87301583333334
2026-05-30 03:49:30,0.0,250.0,0.235,0.135,0.0,257.21428583333335
2026-05-30 03:50:00,0.0,260.0,0.235,0.135,0.0,257.57142833333336
2026-05-30 03:50:30,0.0,250.0,0.235,0.135,0.0,257.875
2026-05-30 03:51:00,0.0,255.0,0.235,0.135,0.0,258.125
2026-05-30 03:51:30,0.0,260.0,0.235,0.135,0.0,258.5416666666667
2026-05-30 03:52:00,0.0,250.0,0.235,0.135,0.0,258.8888891666667
2026-05-30 03:52:30,0.0,260.0,0.235,0.135,0.0,259.1666666666667
2026-05-30 03:53:00,0.0,250.0,0.235,0.135,0.0,259.5
2026-05-30 03:53:30,0.0,245.0,0.235,0.135,0.0,260.0
2026-05-30 03:54:00,0.0,240.0,0.235,0.135,0.0,260.425
2026-05-30 03:54:30,0.0,250.0,0.235,0.135,0.0,260.83055583333334
2026-05-30 03:55:00,0.0,247.5,0.235,0.135,0.0,261.21666666666664
2026-05-30 03:55:30,0.0,245.0,0.235,0.135,0.0,261.5833333333333
2026-05-30 03:56:00,0.0,242.5,0.235,0.135,0.0,262.0416666666667
2026-05-30 03:56:30,0.0,240.0,0.235,0.135,0.0,262.425
2026-05-30 03:57:00,0.0,250.0,0.235,0.135,0.0,262.9
2026-05-30 03:57:30,0.0,240.0,0.235,0.135,0.0,263.35555583333337
2026-05-30 03:58:00,0.0,243.3333,0.235,0.135,0.0,263.7916666666667
2026-05-30 03:58:30,0.0,246.6667,0.235,0.135,0.0,264.2083333333333
2026-05-30 03:59:00,0.0,250.0,0.235,0.135,0.0,264.125
2026-05-30 03:59:30,0.0,245.0,0.235,0.135,0.0,264.2083333333333
2026-05-30 04:00:00,0.0,240.0,0.2266,0.1266,0.0,264.19444416666664
2026-05-30 04:00:30,0.0,245.0,0.2266,0.1266,0.0,264.0833333333333
2026-05-30 04:01:00,0.0,250.0,0.2266,0.1266,0.0,264.0416666666667
2026-05-30 04:01:30,0.0,245.0,0.2266,0.1266,0.0,264.06944416666664
2026-05-30 04:02:00,0.0,240.0,0.2266,0.1266,0.0,264.1666666666667
2026-05-30 04:02:30,0.0,250.0,0.2266,0.1266,0.0,264.2222225
2026-05-30 04:03:00,0.0,240.0,0.2266,0.1266,0.0,264.2361108333333
2026-05-30 04:03:30,0.0,245.0,0.2266,0.1266,0.0,264.2083333333333
2026-05-30 04:04:00,0.0,250.0,0.2266,0.1266,0.0,264.25
2026-05-30 04:04:30,0.0,252.0,0.2266,0.1266,0.0,264.2713675
2026-05-30 04:05:00,0.0,254.0,0.2266,0.1266,0.0,264.2724358333333
2026-05-30 04:05:30,0.0,256.0,0.2266,0.1266,0.0,264.25320500000004
2026-05-30 04:06:00,0.0,258.0,0.2266,0.1266,0.0,264.3108975
2026-05-30 04:06:30,0.0,260.0,0.2266,0.1266,0.0,264.3344016666667
2026-05-30 04:07:00,0.0,270.0,0.2266,0.1266,0.0,264.3237175
2026-05-30 04:07:30,0.0,266.6667,0.2266,0.1266,0.0,264.2788458333333
2026-05-30 04:08:00,0.0,263.3333,0.2266,0.1266,0.0,264.2692308333333
2026-05-30 04:08:30,0.0,260.0,0.2266,0.1266,0.0,264.29487166666667
2026-05-30 04:09:00,0.0,340.0,0.2266,0.1266,0.0,264.2724358333333
2026-05-30 04:09:30,0.0,330.0,0.2266,0.1266,0.0,264.20192333333335
2026-05-30 04:10:00,0.0,320.0,0.2266,0.1266,0.0,264.2083333333333
2026-05-30 04:10:30,0.0,310.0,0.2266,0.1266,0.0,264.125
2026-05-30 04:11:00,0.0,320.0,0.2266,0.1266,0.0,264.2083333333333
2026-05-30 04:11:30,0.0,321.1111,0.2266,0.1266,0.0,264.2291666666667
2026-05-30 04:12:00,0.0,322.2222,0.2266,0.1266,0.0,264.2986108333333
2026-05-30 04:12:30,0.0,323.3333,0.2266,0.1266,0.0,264.4166666666667
2026-05-30 04:13:00,0.0,324.4444,0.2266,0.1266,0.0,264.5833333333333
2026-05-30 04:13:30,0.0,325.5556,0.2266,0.1266,0.0,264.5833333333333
2026-05-30 04:14:00,0.0,326.6667,0.2266,0.1266,0.0,264.56125333333335
2026-05-30 04:14:30,0.0,327.7778,0.2266,0.1266,0.0,264.5170941666667
2026-05-30 04:15:00,0.0,328.8889,0.2285,0.1285,0.0,264.450855
2026-05-30 04:15:30,0.0,330.0,0.2285,0.1285,0.0,264.36253666666664
2026-05-30 04:16:00,0.0,320.0,0.2285,0.1285,0.0,264.2521375
2026-05-30 04:16:30,0.0,310.0,0.2285,0.1285,0.0,264.11965833333335
2026-05-30 04:17:00,0.0,300.0,0.2285,0.1285,0.0,263.9651
2026-05-30 04:17:30,0.0,295.0,0.2285,0.1285,0.0,263.78846166666665
2026-05-30 04:18:00,0.0,290.0,0.2285,0.1285,0.0,263.58974333333333
2026-05-30 04:18:30,0.0,293.3333,0.2285,0.1285,0.0,263.46153833333335
2026-05-30 04:19:00,0.0,296.6667,0.2285,0.1285,0.0,263.4038458333333
2026-05-30 04:19:30,0.0,300.0,0.2285,0.1285,0.0,263.25
2026-05-30 04:20:00,0.0,295.0,0.2285,0.1285,0.0,263.05555583333336
2026-05-30 04:20:30,0.0,290.0,0.2285,0.1285,0.0,262.75
2026-05-30 04:21:00,0.0,300.0,0.2285,0.1285,0.0,262.5
2026-05-30 04:21:30,0.0,295.0,0.2285,0.1285,0.0,262.2916666666667
2026-05-30 04:22:00,0.0,290.0,0.2285,0.1285,0.0,261.9583333333333
2026-05-30 04:22:30,0.0,300.0,0.2285,0.1285,0.0,261.875
2026-05-30 04:23:00,0.0,310.0,0.2285,0.1285,0.0,261.5416666666667
2026-05-30 04:23:30,0.0,300.0,0.2285,0.1285,0.0,261.375
2026-05-30 04:24:00,0.0,296.6667,0.2285,0.1285,0.0,261.2361108333333
2026-05-30 04:24:30,0.0,293.3333,0.2285,0.1285,0.0,261.125
2026-05-30 04:25:00,0.0,290.0,0.2285,0.1285,0.0,260.9166666666667
2026-05-30 04:25:30,0.0,300.0,0.2285,0.1285,0.0,260.7152775
2026-05-30 04:26:00,0.0,290.0,0.2285,0.1285,0.0,260.5208333333333
2026-05-30 04:26:30,0.0,300.0,0.2285,0.1285,0.0,260.3333333333333
2026-05-30 04:27:00,0.0,296.6667,0.2285,0.1285,0.0,260.25
2026-05-30 04:27:30,0.0,293.3333,0.2285,0.1285,0.0,260.05555583333336
2026-05-30 04:28:00,0.0,290.0,0.2285,0.1285,0.0,259.9166666666667
2026-05-30 04:28:30,0.0,240.0,0.2285,0.1285,0.0,259.7222225
2026-05-30 04:29:00,0.0,250.0,0.2285,0.1285,0.0,259.5416666666667
2026-05-30 04:29:30,0.0,248.3333,0.2285,0.1285,0.0,259.375
2026-05-30 04:30:00,0.0,246.6667,0.2309,0.1309,0.0,259.1666666666667
2026-05-30 04:30:30,0.0,245.0,0.2309,0.1309,0.0,259.0277775
2026-05-30 04:31:00,0.0,243.3333,0.2309,0.1309,0.0,258.875
2026-05-30 04:31:30,0.0,241.6667,0.2309,0.1309,0.0,258.7083333333333
2026-05-30 04:32:00,0.0,240.0,0.2309,0.1309,0.0,258.5
2026-05-30 04:32:30,0.0,238.3333,0.2309,0.1309,0.0,258.35
2026-05-30 04:33:00,0.0,236.6667,0.2309,0.1309,0.0,258.1333333333333
2026-05-30 04:33:30,0.0,235.0,0.2309,0.1309,0.0,258.01666666666665
2026-05-30 04:34:00,0.0,233.3333,0.2309,0.1309,0.0,257.875
2026-05-30 04:34:30,0.0,231.6667,0.2309,0.1309,0.0,257.7083333333333
2026-05-30 04:35:00,0.0,230.0,0.2309,0.1309,0.0,257.44166666666666
2026-05-30 04:35:30,0.0,240.0,0.2309,0.1309,0.0,257.2416666666667
2026-05-30 04:36:00,0.0,236.6667,0.2309,0.1309,0.0,256.98333333333335
2026-05-30 04:36:30,0.0,233.3333,0.2309,0.1309,0.0,256.6666666666667
2026-05-30 04:37:00,0.0,230.0,0.2309,0.1309,0.0,256.3452383333333
2026-05-30 04:37:30,0.0,235.0,0.2309,0.1309,0.0,255.95238083333334
2026-05-30 04:38:00,0.0,240.0,0.2309,0.1309,0.0,255.59920583333331
2026-05-30 04:38:30,0.0,235.0,0.2309,0.1309,0.0,255.28571416666668
2026-05-30 04:39:00,0.0,230.0,0.2309,0.1309,0.0,255.01190499999998
2026-05-30 04:39:30,0.0,240.0,0.2309,0.1309,0.0,254.08333333333334
2026-05-30 04:40:00,0.0,230.0,0.2309,0.1309,0.0,253.25
2026-05-30 04:40:30,0.0,240.0,0.2309,0.1309,0.0,252.45833333333334
2026-05-30 04:41:00,0.0,230.0,0.2309,0.1309,0.0,251.70833333333334
2026-05-30 04:41:30,0.0,233.3333,0.2309,0.1309,0.0,250.90277749999998
2026-05-30 04:42:00,0.0,236.6667,0.2309,0.1309,0.0,250.11574083333335
2026-05-30 04:42:30,0.0,240.0,0.2309,0.1309,0.0,249.34722250000002
2026-05-30 04:43:00,0.0,230.0,0.2309,0.1309,0.0,248.48611166666666
2026-05-30 04:43:30,0.0,228.8889,0.2309,0.1309,0.0,247.62963083333335
2026-05-30 04:44:00,0.0,227.7778,0.2309,0.1309,0.0,246.77777833333332
2026-05-30 04:44:30,0.0,226.6667,0.2309,0.1309,0.0,245.93055583333336
2026-05-30 04:45:00,0.0,225.5556,0.2333,0.1333,0.0,245.08796333333336
2026-05-30 04:45:30,0.0,224.4444,0.2333,0.1333,0.0,244.25
2026-05-30 04:46:00,0.0,223.3333,0.2333,0.1333,0.0,243.41666666666666
2026-05-30 04:46:30,0.0,222.2222,0.2333,0.1333,0.0,242.6875
2026-05-30 04:47:00,0.0,221.1111,0.2333,0.1333,0.0,242.0625
2026-05-30 04:47:30,0.0,220.0,0.2333,0.1333,0.0,241.54166666666666
2026-05-30 04:48:00,0.0,230.0,0.2333,0.1333,0.0,241.08333333333334
2026-05-30 04:48:30,0.0,240.0,0.2333,0.1333,0.0,240.58333333333334
2026-05-30 04:49:00,0.0,230.0,0.2333,0.1333,0.0,240.0888891666667
2026-05-30 04:49:30,0.0,226.6667,0.2333,0.1333,0.0,239.6
2026-05-30 04:50:00,0.0,223.3333,0.2333,0.1333,0.0,239.11666666666667
2026-05-30 04:50:30,0.0,220.0,0.2333,0.1333,0.0,238.70833333333334
2026-05-30 04:51:00,0.0,230.0,0.2333,0.1333,0.0,238.375
2026-05-30 04:51:30,0.0,220.0,0.2333,0.1333,0.0,238.0
2026-05-30 04:52:00,0.0,240.0,0.2333,0.1333,0.0,237.70833333333334
2026-05-30 04:52:30,0.0,220.0,0.2333,0.1333,0.0,237.5
2026-05-30 04:53:00,0.0,230.0,0.2333,0.1333,0.0,237.25
2026-05-30 04:53:30,0.0,228.3333,0.2333,0.1333,0.0,236.92083333333332
2026-05-30 04:54:00,0.0,226.6667,0.2333,0.1333,0.0,236.67916666666667
2026-05-30 04:54:30,0.0,225.0,0.2333,0.1333,0.0,237.04027749999997
2026-05-30 04:55:00,0.0,223.3333,0.2333,0.1333,0.0,237.34583333333333
2026-05-30 04:55:30,0.0,221.6667,0.2333,0.1333,0.0,237.7625
2026-05-30 04:56:00,0.0,220.0,0.2333,0.1333,0.0,238.0125
2026-05-30 04:56:30,0.0,230.0,0.2333,0.1333,0.0,238.17916666666667
2026-05-30 04:57:00,0.0,226.6667,0.2333,0.1333,0.0,238.09583333333333
2026-05-30 04:57:30,0.0,223.3333,0.2333,0.1333,0.0,238.0125
2026-05-30 04:58:00,0.0,220.0,0.2333,0.1333,0.0,237.92916666666667
2026-05-30 04:58:30,0.0,225.0,0.2333,0.1333,0.0,237.84583333333333
2026-05-30 04:59:00,0.0,230.0,0.2333,0.1333,0.0,238.2625
2026-05-30 04:59:30,0.0,220.0,0.2333,0.1333,0.0,238.62361083333332
2026-05-30 05:00:00,0.0,223.3333,0.2351,0.1351,0.0,239.0263891666667
2026-05-30 05:00:30,0.0,226.6667,0.2351,0.1351,0.0,239.47083333333333
2026-05-30 05:01:00,0.0,230.0,0.2351,0.1351,0.0,239.84583333333333
2026-05-30 05:01:30,0.0,220.0,0.2351,0.1351,0.0,240.20694500000002
2026-05-30 05:02:00,0.0,222.0,0.2351,0.1351,0.0,240.55416666666667
2026-05-30 05:02:30,0.0,224.0,0.2351,0.1351,0.0,240.8875
2026-05-30 05:03:00,0.0,226.0,0.2351,0.1351,0.0,241.31805583333335
2026-05-30 05:03:30,0.0,228.0,0.2351,0.1351,0.0,241.67916666666667
2026-05-30 05:04:00,0.0,230.0,0.2351,0.1351,0.0,242.1375
2026-05-30 05:04:30,0.0,220.0,0.2351,0.1351,0.0,242.5888891666667
2026-05-30 05:05:00,0.0,230.0,0.2351,0.1351,0.0,243.03333333333333
2026-05-30 05:05:30,0.0,225.0,0.2351,0.1351,0.0,243.47083333333333
2026-05-30 05:06:00,0.0,220.0,0.2351,0.1351,0.0,243.80416666666667
2026-05-30 05:06:30,0.0,221.4286,0.2351,0.1351,0.0,244.24861083333332
2026-05-30 05:07:00,0.0,222.8571,0.2351,0.1351,0.0,244.6375
2026-05-30 05:07:30,0.0,224.2857,0.2351,0.1351,0.0,245.1375
2026-05-30 05:08:00,0.0,225.7143,0.2351,0.1351,0.0,245.5125
2026-05-30 05:08:30,0.0,227.1429,0.2351,0.1351,0.0,245.8875
2026-05-30 05:09:00,0.0,228.5714,0.2351,0.1351,0.0,246.34583333333333
2026-05-30 05:09:30,0.0,230.0,0.2351,0.1351,0.0,246.7625
2026-05-30 05:10:00,0.0,225.0,0.2351,0.1351,0.0,247.17916666666667
2026-05-30 05:10:30,0.0,220.0,0.2351,0.1351,0.0,247.09583333333333
2026-05-30 05:11:00,0.0,223.3333,0.2351,0.1351,0.0,247.5125
2026-05-30 05:11:30,0.0,226.6667,0.2351,0.1351,0.0,247.99166666666667
2026-05-30 05:12:00,0.0,230.0,0.2351,0.1351,0.0,248.4222225
2026-05-30 05:12:30,0.0,220.0,0.2351,0.1351,0.0,248.80416666666667
2026-05-30 05:13:00,0.0,221.6667,0.2351,0.1351,0.0,249.1375
2026-05-30 05:13:30,0.0,223.3333,0.2351,0.1351,0.0,249.30416666666667
2026-05-30 05:14:00,0.0,225.0,0.2351,0.1351,0.0,249.23009249999998
2026-05-30 05:14:30,0.0,226.6667,0.2351,0.1351,0.0,249.20694416666666
2026-05-30 05:15:00,0.0,228.3333,0.2299,0.1299,0.0,249.23472166666667
2026-05-30 05:15:30,0.0,230.0,0.2299,0.1299,0.0,248.77175833333334
2026-05-30 05:16:00,0.0,232.5,0.2299,0.1299,0.0,248.81805500000002
2026-05-30 05:16:30,0.0,235.0,0.2299,0.1299,0.0,248.8875
2026-05-30 05:17:00,0.0,237.5,0.2299,0.1299,0.0,248.98009249999998
2026-05-30 05:17:30,0.0,240.0,0.2299,0.1299,0.0,249.09583333333333
2026-05-30 05:18:00,0.0,230.0,0.2299,0.1299,0.0,249.2347225
2026-05-30 05:18:30,0.0,234.0,0.2299,0.1299,0.0,249.30416666666667
2026-05-30 05:19:00,0.0,238.0,0.2299,0.1299,0.0,249.30416666666667
2026-05-30 05:19:30,0.0,242.0,0.2299,0.1299,0.0,249.30416666666667
2026-05-30 05:20:00,0.0,246.0,0.2299,0.1299,0.0,249.5263883333333
2026-05-30 05:20:30,0.0,250.0,0.2299,0.1299,0.0,249.97083333333333
2026-05-30 05:21:00,0.0,255.0,0.2299,0.1299,0.0,250.6375
2026-05-30 05:21:30,0.0,260.0,0.2299,0.1299,0.0,250.97083333333333
2026-05-30 05:22:00,0.0,265.0,0.2299,0.1299,0.0,251.33194416666666
2026-05-30 05:22:30,0.0,270.0,0.2299,0.1299,0.0,251.47083333333333
2026-05-30 05:23:00,0.0,270.5,0.2299,0.1299,0.0,251.72083333333333
2026-05-30 05:23:30,0.0,271.0,0.2299,0.1299,0.0,251.80416666666667
2026-05-30 05:24:00,0.0,340.0,0.2299,0.1299,0.0,251.9847225
2026-05-30 05:24:30,0.0,330.0,0.2299,0.1299,0.0,252.22083333333333
2026-05-30 05:25:00,0.0,340.0,0.2299,0.1299,0.0,252.5125
2026-05-30 05:25:30,0.0,330.0,0.2299,0.1299,0.0,252.94305583333335
2026-05-30 05:26:00,0.0,310.0,0.2299,0.1299,0.0,253.5125
2026-05-30 05:26:30,0.0,290.0,0.2299,0.1299,0.0,253.67916666666667
2026-05-30 05:27:00,0.0,286.6667,0.2299,0.1299,0.0,253.72083333333333
2026-05-30 05:27:30,0.0,283.3333,0.2299,0.1299,0.0,253.74861083333332
2026-05-30 05:28:00,0.0,280.0,0.2299,0.1299,0.0,254.22083333333333
2026-05-30 05:28:30,0.0,290.0,0.2299,0.1299,0.0,254.8875
2026-05-30 05:29:00,0.0,293.3333,0.2299,0.1299,0.0,255.92916666666667
2026-05-30 05:29:30,0.0,296.6667,0.2299,0.1299,0.0,257.09583333333336
2026-05-30 05:30:00,0.0,300.0,0.2273,0.1273,0.0,258.3875
2026-05-30 05:30:30,0.0,290.0,0.2273,0.1273,0.0,259.69305583333335
2026-05-30 05:31:00,0.0,286.6667,0.2273,0.1273,0.0,262.3041666666667
2026-05-30 05:31:30,0.0,283.3333,0.2273,0.1273,0.0,269.72083333333336
2026-05-30 05:32:00,0.0,280.0,0.2273,0.1273,0.0,274.47083333333336
2026-05-30 05:32:30,0.0,290.0,0.2273,0.1273,21.5235,282.87083333333334
2026-05-30 05:33:00,0.0,280.0,0.2273,0.1273,27.2411,292.17083333333335
2026-05-30 05:33:30,0.0,290.0,0.2273,0.1273,32.9601,301.5375
2026-05-30 05:34:00,0.0,287.5,0.2273,0.1273,38.6806,311.22083333333336
2026-05-30 05:34:30,0.0,285.0,0.2273,0.1273,44.4026,321.72083333333336
2026-05-30 05:35:00,0.0,282.5,0.2273,0.1273,50.1262,332.97083333333336
2026-05-30 05:35:30,0.0,280.0,0.2273,0.1273,55.8513,344.34583333333336
2026-05-30 05:36:00,0.0,290.0,0.2273,0.1273,61.5781,355.97083333333336
2026-05-30 05:36:30,0.0,280.0,0.2273,0.1273,67.3066,368.22083333333336
2026-05-30 05:37:00,0.0,290.0,0.2273,0.1273,73.0367,381.12559500000003
2026-05-30 05:37:30,0.0,280.0,0.2273,0.1273,78.7685,394.43511916666665
2026-05-30 05:38:00,0.0,285.0,0.2273,0.1273,84.5021,408.0660716666667
2026-05-30 05:38:30,0.0,290.0,0.2273,0.1273,90.2375,422.35178583333334
2026-05-30 05:39:00,0.0,280.0,0.2273,0.1273,95.9747,437.20892833333335
2026-05-30 05:39:30,0.0,290.0,0.2273,0.1273,101.7137,452.8875
2026-05-30 05:40:00,0.0,220.0,0.2273,0.1273,107.4546,468.97083333333336
2026-05-30 05:40:30,0.0,290.0,0.2273,0.1273,113.1975,485.84583333333336
2026-05-30 05:41:00,0.0,287.5,0.2273,0.1273,118.9422,502.9291666666667
2026-05-30 05:41:30,0.0,285.0,0.2273,0.1273,124.689,520.9847225
2026-05-30 05:42:00,0.0,282.5,0.2273,0.1273,130.4377,539.2625
2026-05-30 05:42:30,0.0,280.0,0.2273,0.1273,136.1885,558.2625
2026-05-30 05:43:00,0.0,250.0,0.2273,0.1273,141.9413,577.7625
2026-05-30 05:43:30,0.0,220.0,0.2273,0.1273,147.6963,598.2486108333334
2026-05-30 05:44:00,0.0,225.0,0.2273,0.1273,153.4534,618.8875
2026-05-30 05:44:30,0.0,230.0,0.2273,0.1273,159.2126,640.6791666666667
2026-05-30 05:45:00,0.0,170.0,0.2257,0.1257,164.9741,662.7069441666666
2026-05-30 05:45:30,0.0,230.0,0.2257,0.1257,170.7378,685.8875
2026-05-30 05:46:00,0.0,231.6667,0.2257,0.1257,176.5038,709.6375
2026-05-30 05:46:30,0.0,233.3333,0.2257,0.1257,182.272,734.2833333333333
2026-05-30 05:47:00,0.0,235.0,0.2257,0.1257,188.0426,759.575
2026-05-30 05:47:30,0.0,236.6667,0.2257,0.1257,193.8155,785.5125
2026-05-30 05:48:00,0.0,238.3333,0.2257,0.1257,199.5908,811.6791666666667
2026-05-30 05:48:30,0.0,240.0,0.2257,0.1257,205.3686,838.1791666666667
2026-05-30 05:49:00,0.0,230.0,0.2257,0.1257,211.1488,864.8125
2026-05-30 05:49:30,0.0,253.3333,0.2257,0.1257,216.9315,891.8291666666667
2026-05-30 05:50:00,0.0,276.6667,0.2257,0.1257,222.7167,918.9791666666666
2026-05-30 05:50:30,0.0,300.0,0.2257,0.1257,228.5045,946.2625
2026-05-30 05:51:00,0.0,270.0,0.2257,0.1257,234.2949,973.6375
2026-05-30 05:51:30,0.0,263.3333,0.2257,0.1257,240.0878,1001.0958333333333
2026-05-30 05:52:00,0.0,256.6667,0.2257,0.1257,245.8835,1028.5958333333333
2026-05-30 05:52:30,0.0,250.0,0.2257,0.1257,251.6818,1056.3041666666666
2026-05-30 05:53:00,0.0,240.0,0.2257,0.1257,257.4828,1084.1375
2026-05-30 05:53:30,0.0,250.0,0.2257,0.1257,263.2865,1112.05
2026-05-30 05:54:00,0.0,255.0,0.2257,0.1257,269.0931,1140.125
2026-05-30 05:54:30,0.0,260.0,0.2257,0.1257,274.9024,1167.7916666666667
2026-05-30 05:55:00,0.0,275.0,0.2257,0.1257,280.7146,1196.0416666666667
2026-05-30 05:55:30,0.0,290.0,0.2257,0.1257,286.5297,1224.2916666666667
2026-05-30 05:56:00,0.0,240.0,0.2257,0.1257,292.3477,1252.7083333333333
2026-05-30 05:56:30,24.0,235.0,0.2257,0.1257,298.1686,1281.375
2026-05-30 05:57:00,26.0,230.0,0.2257,0.1257,303.9925,1310.4583333333333
2026-05-30 05:57:30,27.0,280.0,0.2257,0.1257,309.8194,1339.8194441666667
2026-05-30 05:58:00,27.3333,300.0,0.2257,0.1257,315.6493,1369.4583333333333
2026-05-30 05:58:30,27.6667,350.0,0.2257,0.1257,321.4823,1399.375
2026-05-30 05:59:00,28.0,370.0,0.2257,0.1257,327.3184,1429.125
2026-05-30 05:59:30,29.0,375.0,0.2257,0.1257,333.1576,1458.9305558333333
2026-05-30 06:00:00,27.0,380.0,0.2258,0.1258,339.0,1488.7916666666667
2026-05-30 06:00:30,27.25,540.0,0.2258,0.1258,344.8389,1518.9583333333333
2026-05-30 06:01:00,27.5,1120.0,0.2258,0.1258,350.6678,1546.9583333333333
2026-05-30 06:01:30,27.75,790.0,0.2258,0.1258,356.487,1575.0694441666667
2026-05-30 06:02:00,28.0,1230.0,0.2258,0.1258,362.2968,1603.2916666666667
2026-05-30 06:02:30,56.0,1340.0,0.2258,0.1258,368.0975,1600.9583333333333
2026-05-30 06:03:00,55.0,1350.0,0.2258,0.1258,373.8894,1600.7083333333333
2026-05-30 06:03:30,54.0,1390.0,0.2258,0.1258,379.6728,1600.0416666666667
2026-05-30 06:04:00,55.0,1490.0,0.2258,0.1258,385.4479,1599.4583333333333
2026-05-30 06:04:30,89.0,1570.0,0.2258,0.1258,391.2152,1598.8125
2026-05-30 06:05:00,87.0,1595.0,0.2258,0.1258,396.9749,1598.2708333333333
2026-05-30 06:05:30,88.0,1620.0,0.2258,0.1258,402.7273,1597.7291666666667
2026-05-30 06:06:00,87.5,1690.0,0.2258,0.1258,408.4726,1597.1875
2026-05-30 06:06:30,87.0,1770.0,0.2258,0.1258,414.2112,1596.5416666666667
2026-05-30 06:07:00,89.0,1820.0,0.2258,0.1258,419.9435,1595.9583333333333
2026-05-30 06:07:30,88.0,1860.0,0.2258,0.1258,425.6696,1595.4791666666667
2026-05-30 06:08:00,91.0,1940.0,0.2258,0.1258,431.3898,1595.2708333333333
2026-05-30 06:08:30,91.3333,2010.0,0.2258,0.1258,437.1046,1595.2083333333333
2026-05-30 06:09:00,91.6667,2110.0,0.2258,0.1258,442.8141,1595.2916666666667
2026-05-30 06:09:30,92.0,2160.0,0.2258,0.1258,448.5187,1595.5
2026-05-30 06:10:00,120.0,2250.0,0.2258,0.1258,454.2187,1595.6666666666667
2026-05-30 06:10:30,120.5,2270.0,0.2258,0.1258,459.9143,1596.1666666666667
2026-05-30 06:11:00,121.0,2390.0,0.2258,0.1258,465.6059,1596.0
2026-05-30 06:11:30,119.0,2420.0,0.2258,0.1258,471.2938,1595.7708333333333
2026-05-30 06:12:00,146.0,2510.0,0.2258,0.1258,476.9782,1595.7291666666667
2026-05-30 06:12:30,147.5,2560.0,0.2258,0.1258,482.6595,1595.4583333333333
2026-05-30 06:13:00,149.0,2680.0,0.2258,0.1258,488.3379,1595.2916666666667
2026-05-30 06:13:30,151.0,2700.0,0.2258,0.1258,494.0139,1595.4166666666667
2026-05-30 06:14:00,151.5,2840.0,0.2258,0.1258,499.6875,1595.8333333333333
2026-05-30 06:14:30,152.0,2870.0,0.2258,0.1258,505.3592,1595.9583333333333
2026-05-30 06:15:00,153.0,3010.0,0.2224,0.1224,511.0293,1596.375
2026-05-30 06:15:30,168.0,3080.0,0.2224,0.1224,516.698,1597.2083333333333
2026-05-30 06:16:00,183.0,3190.0,0.2224,0.1224,522.3657,1597.4583333333333
2026-05-30 06:16:30,181.0,3270.0,0.2224,0.1224,528.0326,1597.8611108333332
2026-05-30 06:17:00,185.5,3350.0,0.2224,0.1224,533.699,1598.0
2026-05-30 06:17:30,190.0,3380.0,0.2224,0.1224,539.3653,1598.1666666666667
2026-05-30 06:18:00,193.0,3410.0,0.2224,0.1224,545.0317,1598.3611108333332
2026-05-30 06:18:30,197.0,3430.0,0.2224,0.1224,550.6986,1598.4583333333333
2026-05-30 06:19:00,193.0,3480.0,0.2224,0.1224,556.3662,1598.7083333333333
2026-05-30 06:19:30,190.0,3500.0,0.2224,0.1224,562.0348,1599.125
2026-05-30 06:20:00,216.0,3520.0,0.2224,0.1224,567.7047,1599.1805558333333
2026-05-30 06:20:30,201.0,3535.0,0.2224,0.1224,573.3763,1599.125
2026-05-30 06:21:00,199.0,3550.0,0.2224,0.1224,579.0498,1598.9583333333333
2026-05-30 06:21:30,211.5,3560.0,0.2224,0.1224,584.7256,1598.7083333333333
2026-05-30 06:22:00,224.0,3590.0,0.2224,0.1224,590.4038,1598.5805558333334
2026-05-30 06:22:30,227.0,3610.0,0.2224,0.1224,596.0849,1598.575
2026-05-30 06:23:00,254.0,3620.0,0.2224,0.1224,601.7691,1598.6916666666666
2026-05-30 06:23:30,253.0,3640.0,0.2224,0.1224,607.4567,1598.9583333333333
2026-05-30 06:24:00,262.0,3660.0,0.2224,0.1224,613.148,1599.2083333333333
2026-05-30 06:24:30,257.0,3720.0,0.2224,0.1224,618.8433,1599.25
2026-05-30 06:25:00,260.0,3730.0,0.2224,0.1224,624.543,1599.375
2026-05-30 06:25:30,263.0,3740.0,0.2224,0.1224,630.2472,1599.5
2026-05-30 06:26:00,262.0,3750.0,0.2224,0.1224,635.9564,1599.4166666666667
2026-05-30 06:26:30,265.0,3780.0,0.2224,0.1224,641.6708,1599.7777775
2026-05-30 06:27:00,301.0,3810.0,0.2224,0.1224,647.3906,1600.2083333333333
2026-05-30 06:27:30,331.0,3840.0,0.2224,0.1224,653.1163,1600.7083333333333
2026-05-30 06:28:00,267.0,3870.0,0.2224,0.1224,658.8481,1600.7083333333333
2026-05-30 06:28:30,332.0,3860.0,0.2224,0.1224,664.5862,1599.875
2026-05-30 06:29:00,330.0,3870.0,0.2224,0.1224,670.3311,1598.9583333333333
2026-05-30 06:29:30,331.5,3880.0,0.2224,0.1224,676.0829,1597.75
2026-05-30 06:30:00,333.0,3920.0,0.24,0.14,681.842,1596.375
2026-05-30 06:30:30,336.0,3650.0,0.24,0.14,687.6088,1595.0416666666667
2026-05-30 06:31:00,337.0,3660.0,0.24,0.14,693.3834,1592.4583333333333
2026-05-30 06:31:30,334.0,3670.0,0.24,0.14,699.1662,1585.0
2026-05-30 06:32:00,333.6667,0.0,0.24,0.14,704.9574,1580.25
2026-05-30 06:32:30,333.3333,260.0,0.24,0.14,710.7575,1571.875
2026-05-30 06:33:00,333.0,200.0,0.24,0.14,716.5666,1562.625
2026-05-30 06:33:30,396.0,220.0,0.24,0.14,722.3851,1553.2638891666668
2026-05-30 06:34:00,398.25,210.0,0.24,0.14,728.2133,1543.5416666666667
2026-05-30 06:34:30,400.5,220.0,0.24,0.14,734.0515,1532.9583333333333
2026-05-30 06:35:00,402.75,217.5,0.24,0.14,739.8999,1521.7916666666667
2026-05-30 06:35:30,405.0,215.0,0.24,0.14,745.7589,1510.375
2026-05-30 06:36:00,405.5,212.5,0.24,0.14,751.6287,1498.7083333333333
2026-05-30 06:36:30,406.0,210.0,0.24,0.14,757.5097,1486.5416666666667
2026-05-30 06:37:00,408.0,232.5,0.24,0.14,763.4022,1473.6805558333333
2026-05-30 06:37:30,410.0,255.0,0.24,0.14,769.3064,1460.375
2026-05-30 06:38:00,412.0,277.5,0.24,0.14,775.2227,1446.7083333333333
2026-05-30 06:38:30,426.0,300.0,0.24,0.14,781.1514,1431.7083333333333
2026-05-30 06:39:00,440.0,305.0,0.24,0.14,787.0927,1415.7916666666667
2026-05-30 06:39:30,474.0,310.0,0.24,0.14,793.047,1399.2083333333333
2026-05-30 06:40:00,484.0,280.0,0.24,0.14,799.0145,1382.4583333333333
2026-05-30 06:40:30,483.0,270.0,0.24,0.14,804.9955,1364.875
2026-05-30 06:41:00,444.0,260.0,0.24,0.14,810.9904,1347.2916666666667
2026-05-30 06:41:30,478.0,280.0,0.24,0.14,816.9995,1328.5416666666667
2026-05-30 06:42:00,465.0,250.0,0.24,0.14,823.0229,1309.4166666666667
2026-05-30 06:42:30,497.0,260.0,0.24,0.14,829.0612,1289.4166666666667
2026-05-30 06:43:00,503.0,265.0,0.24,0.14,835.1144,1269.25
2026-05-30 06:43:30,488.0,270.0,0.24,0.14,841.183,1248.1041666666667
2026-05-30 06:44:00,479.0,240.0,0.24,0.14,847.2672,1226.8125
2026-05-30 06:44:30,539.0,280.0,0.24,0.14,853.3674,1204.375
2026-05-30 06:45:00,512.0,270.0,0.2324,0.1324,859.4838,1181.7083333333333
2026-05-30 06:45:30,523.5,260.0,0.2324,0.1324,865.6167,1157.7916666666667
2026-05-30 06:46:00,535.0,280.0,0.2324,0.1324,871.7664,1132.9583333333333
2026-05-30 06:46:30,531.0,250.0,0.2324,0.1324,877.9333,1107.2916666666667
2026-05-30 06:47:00,534.0,255.0,0.2324,0.1324,884.1176,1080.875
2026-05-30 06:47:30,539.0,260.0,0.2324,0.1324,890.3196,1053.875
2026-05-30 06:48:00,562.0,250.0,0.2324,0.1324,896.5396,1026.7916666666667
2026-05-30 06:48:30,556.0,270.0,0.2324,0.1324,902.7779,999.4166666666666
2026-05-30 06:49:00,562.0,280.0,0.2324,0.1324,909.0349,971.8333333333334
2026-05-30 06:49:30,594.0,260.0,0.2324,0.1324,915.3108,944.0
2026-05-30 06:50:00,595.0,270.0,0.2324,0.1324,921.6058,916.0833333333334
2026-05-30 06:50:30,562.0,280.0,0.2324,0.1324,927.9204,887.8333333333334
2026-05-30 06:51:00,594.0,240.0,0.2324,0.1324,934.2548,859.2916666666666
2026-05-30 06:51:30,631.0,248.0,0.2324,0.1324,940.6093,830.5416666666666
2026-05-30 06:52:00,622.0,256.0,0.2324,0.1324,946.9842,801.75
2026-05-30 06:52:30,587.0,264.0,0.2324,0.1324,953.3797,772.75
2026-05-30 06:53:00,608.0,272.0,0.2324,0.1324,959.7963,743.625
2026-05-30 06:53:30,629.0,280.0,0.2324,0.1324,966.2342,714.4583333333334
2026-05-30 06:54:00,639.0,260.0,0.2324,0.1324,972.6937,685.0972225
2026-05-30 06:54:30,605.0,275.0,0.2324,0.1324,979.175,655.5416666666666
2026-05-30 06:55:00,640.0,290.0,0.2324,0.1324,985.6786,625.4583333333334
2026-05-30 06:55:30,627.0,280.0,0.2324,0.1324,992.2046,595.5416666666666
2026-05-30 06:56:00,693.0,283.3333,0.2324,0.1324,998.7534,565.7083333333334
2026-05-30 06:56:30,635.0,286.6667,0.2324,0.1324,1005.3253,535.7083333333334
2026-05-30 06:57:00,694.0,290.0,0.2324,0.1324,1011.9206,505.2916666666667
2026-05-30 06:57:30,702.0,280.0,0.2324,0.1324,1018.5396,474.375
2026-05-30 06:58:00,707.0,200.0,0.2324,0.1324,1025.1825,443.375
2026-05-30 06:58:30,712.0,240.0,0.2324,0.1324,1031.8497,411.875
2026-05-30 06:59:00,717.0,225.0,0.2324,0.1324,1038.5415,380.875
2026-05-30 06:59:30,722.0,210.0,0.2324,0.1324,1045.2582,349.5416666666667
2026-05-30 07:00:00,693.0,220.0,0.2408,0.1408,1052.0,318.375
2026-05-30 07:00:30,725.0,230.0,0.2408,0.1408,1058.7712,286.7916666666667
2026-05-30 07:01:00,732.0,225.0,0.2408,0.1408,1065.5754,257.5
2026-05-30 07:01:30,748.0,220.0,0.2408,0.1408,1072.4122,228.16666666666666
2026-05-30 07:02:00,750.0,225.0,0.2408,0.1408,1079.2813,198.58333333333334
2026-05-30 07:02:30,729.0,230.0,0.2408,0.1408,1086.1823,199.75
2026-05-30 07:03:00,790.0,226.6667,0.2408,0.1408,1093.1148,198.91666666666666
2026-05-30 07:03:30,751.0,223.3333,0.2408,0.1408,1100.0783,198.33333333333334
2026-05-30 07:04:00,745.0,220.0,0.2408,0.1408,1107.0726,197.75
2026-05-30 07:04:30,744.0,230.0,0.2408,0.1408,1114.0972,196.75
2026-05-30 07:05:00,803.0,225.0,0.2408,0.1408,1121.1517,195.91666666666666
2026-05-30 07:05:30,813.0,220.0,0.2408,0.1408,1128.2357,195.14583333333334
2026-05-30 07:06:00,782.0,230.0,0.2408,0.1408,1135.3489,194.4375
2026-05-30 07:06:30,799.0,226.6667,0.2408,0.1408,1142.4908,193.41666666666666
2026-05-30 07:07:00,798.0,223.3333,0.2408,0.1408,1149.6611,203.15
2026-05-30 07:07:30,796.0,220.0,0.2408,0.1408,1156.8594,201.2125
2026-05-30 07:08:00,803.0,140.0,0.2408,0.1408,1164.0853,200.00416666666666
2026-05-30 07:08:30,836.0,100.0,0.2408,0.1408,1171.3383,198.73333333333332
2026-05-30 07:09:00,869.0,120.0,0.2408,0.1408,1178.6182,197.4
2026-05-30 07:09:30,840.0,150.0,0.2408,0.1408,1185.9244,195.85833333333332
2026-05-30 07:10:00,873.0,140.0,0.2408,0.1408,1193.2567,194.23333333333332
2026-05-30 07:10:30,842.0,160.0,0.2408,0.1408,1200.6147,192.81666666666666
2026-05-30 07:11:00,873.0,140.0,0.2408,0.1408,1207.9978,191.56666666666666
2026-05-30 07:11:30,858.0,125.0,0.2408,0.1408,1215.4059,190.31666666666666
2026-05-30 07:12:00,856.0,110.0,0.2408,0.1408,1222.8384,188.81666666666666
2026-05-30 07:12:30,889.0,140.0,0.2408,0.1408,1230.295,187.65
2026-05-30 07:13:00,892.0,142.5,0.2408,0.1408,1237.7752,186.48333333333332
2026-05-30 07:13:30,941.0,145.0,0.2408,0.1408,1245.2788,185.60833333333332
2026-05-30 07:14:00,923.0,147.5,0.2408,0.1408,1252.8053,184.525
2026-05-30 07:14:30,903.0,150.0,0.2408,0.1408,1260.3543,183.60833333333332
2026-05-30 07:15:00,896.0,140.0,0.2408,0.1408,1267.9254,182.525
2026-05-30 07:15:30,926.0,100.0,0.2408,0.1408,1275.5183,189.46666666666667
2026-05-30 07:16:00,903.0,110.0,0.2408,0.1408,1283.1325,188.3
2026-05-30 07:16:30,937.0,100.0,0.2408,0.1408,1290.7676,186.88333333333333
2026-05-30 07:17:00,904.0,110.0,0.2408,0.1408,1298.4234,185.88333333333333
2026-05-30 07:17:30,957.0,130.0,0.2408,0.1408,1306.0993,188.43333333333334
2026-05-30 07:18:00,940.0,125.0,0.2408,0.1408,1313.795,187.35
2026-05-30 07:18:30,969.0,120.0,0.2408,0.1408,1321.5101,186.43333333333334
2026-05-30 07:19:00,954.0,140.0,0.2408,0.1408,1329.2442,185.26666666666668
2026-05-30 07:19:30,986.0,150.0,0.2408,0.1408,1336.997,184.18333333333334
2026-05-30 07:20:00,1016.0,130.0,0.2408,0.1408,1344.7679,183.18333333333334
2026-05-30 07:20:30,1034.0,110.0,0.2408,0.1408,1352.5568,183.35
2026-05-30 07:21:00,1002.0,100.0,0.2408,0.1408,1360.363,182.43333333333334
2026-05-30 07:21:30,1019.0,105.0,0.2408,0.1408,1368.1864,181.51666666666668
2026-05-30 07:22:00,1023.0,110.0,0.2408,0.1408,1376.0264,182.45
2026-05-30 07:22:30,1040.0,115.0,0.2408,0.1408,1383.8826,181.06666666666666
2026-05-30 07:23:00,1059.0,120.0,0.2408,0.1408,1391.7548,179.95
2026-05-30 07:23:30,1033.0,116.6667,0.2408,0.1408,1399.6425,181.49166666666667
2026-05-30 07:24:00,1046.0,113.3333,0.2408,0.1408,1407.5453,181.89583333333334
2026-05-30 07:24:30,1061.5,110.0,0.2408,0.1408,1415.4628,181.39583333333334
2026-05-30 07:25:00,1077.0,140.0,0.2408,0.1408,1423.3946,180.6875
2026-05-30 07:25:30,1058.0,160.0,0.2408,0.1408,1431.3404,179.77083333333334
2026-05-30 07:26:00,1069.0,150.0,0.2408,0.1408,1439.2998,178.85416666666666
2026-05-30 07:26:30,1059.0,130.0,0.2408,0.1408,1447.2723,177.82638916666667
2026-05-30 07:27:00,1069.0,100.0,0.2408,0.1408,1455.2576,176.60416666666666
2026-05-30 07:27:30,1068.0,120.0,0.2408,0.1408,1463.2553,175.52083333333334
2026-05-30 07:28:00,1086.0,90.0,0.2408,0.1408,1471.2649,174.9375
2026-05-30 07:28:30,1088.0,140.0,0.2408,0.1408,1479.2862,174.77083333333334
2026-05-30 07:29:00,1097.0,110.0,0.2408,0.1408,1487.3187,174.02083333333334
2026-05-30 07:29:30,1145.0,140.0,0.2408,0.1408,1495.362,173.72916666666666
2026-05-30 07:30:00,1111.0,130.0,0.2236,0.1236,1503.4158,173.39583333333334
2026-05-30 07:30:30,1137.0,135.0,0.2236,0.1236,1511.4796,172.27083333333334
2026-05-30 07:31:00,1156.0,140.0,0.2236,0.1236,1519.553,170.35416666666666
2026-05-30 07:31:30,1146.0,120.0,0.2236,0.1236,1527.6357,170.0625
2026-05-30 07:32:00,1170.5,140.0,0.2236,0.1236,1535.7273,169.47916666666666
2026-05-30 07:32:30,1195.0,160.0,0.2236,0.1236,1543.8274,169.52083333333334
2026-05-30 07:33:00,1183.0,130.0,0.2236,0.1236,1551.9356,169.27083333333334
2026-05-30 07:33:30,1214.0,150.0,0.2236,0.1236,1560.0515,169.13194416666664
2026-05-30 07:34:00,1208.0,90.0,0.2236,0.1236,1568.1747,168.85416666666666
2026-05-30 07:34:30,1185.0,120.0,0.2236,0.1236,1576.3049,174.05416666666667
2026-05-30 07:35:00,1232.0,125.0,0.2236,0.1236,1584.4416,173.6375
2026-05-30 07:35:30,1265.0,130.0,0.2236,0.1236,1592.5844,173.09583333333333
2026-05-30 07:36:00,1267.0,90.0,0.2236,0.1236,1600.733,173.0125
2026-05-30 07:36:30,1275.0,1378.0,0.2236,0.1236,1608.8869,172.59583333333333
2026-05-30 07:37:00,1243.0,0.0,0.2236,0.1236,1617.0459,172.29027749999997
2026-05-30 07:37:30,1260.0,110.0,0.2236,0.1236,1625.2094,171.92916666666667
2026-05-30 07:38:00,1273.0,125.0,0.2236,0.1236,1633.3772,171.5125
2026-05-30 07:38:30,1275.0,140.0,0.2236,0.1236,1641.5487,171.92916666666667
2026-05-30 07:39:00,1318.0,120.0,0.2236,0.1236,1649.7237,172.42916666666667
2026-05-30 07:39:30,1302.0,115.0,0.2236,0.1236,1657.9017,172.80416666666667
2026-05-30 07:40:00,1315.0,110.0,0.2236,0.1236,1666.0823,172.97083333333333
2026-05-30 07:40:30,1328.0,120.0,0.2236,0.1236,1674.2652,173.30416666666667
2026-05-30 07:41:00,1334.0,110.0,0.2236,0.1236,1682.4499,173.6375
2026-05-30 07:41:30,1362.0,100.0,0.2236,0.1236,1690.6362,175.15416666666667
2026-05-30 07:42:00,1368.0,110.0,0.2236,0.1236,1698.8235,175.52916666666667
2026-05-30 07:42:30,1372.0,120.0,0.2236,0.1236,1707.0115,176.1125
2026-05-30 07:43:00,1376.0,160.0,0.2236,0.1236,1715.1998,174.9875
2026-05-30 07:43:30,1369.0,140.0,0.2236,0.1236,1723.388,174.88333333333333
2026-05-30 07:44:00,1412.0,130.0,0.2236,0.1236,1731.5757,174.425
2026-05-30 07:44:30,1413.0,150.0,0.2236,0.1236,1739.7626,174.27916666666667
2026-05-30 07:45:00,1420.0,1103.0,0.2127,0.1127,1747.9482,173.77916666666667
2026-05-30 07:45:30,1455.0,120.0,0.2127,0.1127,1756.1322,173.8625
2026-05-30 07:46:00,1428.0,110.0,0.2127,0.1127,1764.3142,174.02916666666667
2026-05-30 07:46:30,1448.5,130.0,0.2127,0.1127,1772.4937,174.02916666666667
2026-05-30 07:47:00,1469.0,561.0,0.2127,0.1127,1780.6704,174.19583333333333
2026-05-30 07:47:30,1504.0,130.0,0.2127,0.1127,1788.8439,174.3625
2026-05-30 07:48:00,1503.0,140.0,0.2127,0.1127,1797.0138,174.19583333333333
2026-05-30 07:48:30,1488.0,130.0,0.2127,0.1127,1805.1797,173.9875
2026-05-30 07:49:00,1519.0,150.0,0.2127,0.1127,1813.3413,173.8625
2026-05-30 07:49:30,1503.0,140.0,0.2127,0.1127,1821.498,173.6125
2026-05-30 07:50:00,1506.0,290.0,0.2127,0.1127,1829.6497,173.3625
2026-05-30 07:50:30,1516.0,170.0,0.2127,0.1127,1837.7958,173.02916666666667
2026-05-30 07:51:00,1541.0,130.0,0.2127,0.1127,1845.9359,173.1125
2026-05-30 07:51:30,1539.0,360.0,0.2127,0.1127,1854.0698,173.44583333333333
2026-05-30 07:52:00,1519.0,90.0,0.2127,0.1127,1862.1969,173.4875
2026-05-30 07:52:30,1572.0,130.0,0.2127,0.1127,1870.3169,173.57083333333333
2026-05-30 07:53:00,1605.0,457.0,0.2127,0.1127,1878.4294,173.52916666666667
2026-05-30 07:53:30,1590.0,328.5,0.2127,0.1127,1886.5341,173.52916666666667
2026-05-30 07:54:00,1584.0,200.0,0.2127,0.1127,1894.6304,173.5777775
2026-05-30 07:54:30,1609.0,190.0,0.2127,0.1127,1902.7182,173.675
2026-05-30 07:55:00,1621.0,180.0,0.2127,0.1127,1910.7968,173.82083333333333
2026-05-30 07:55:30,1620.5,170.0,0.2127,0.1127,1918.8661,173.7375
2026-05-30 07:56:00,1620.0,160.0,0.2127,0.1127,1926.9255,173.57083333333333
2026-05-30 07:56:30,1650.0,140.0,0.2127,0.1127,1934.9746,173.57083333333333
2026-05-30 07:57:00,1641.0,160.0,0.2127,0.1127,1943.0132,173.4875
2026-05-30 07:57:30,1652.0,210.0,0.2127,0.1127,1951.0408,173.82083333333333
2026-05-30 07:58:00,1673.0,180.0,0.2127,0.1127,1959.057,173.65416666666667
2026-05-30 07:58:30,1657.0,150.0,0.2127,0.1127,1967.0614,174.07083333333333
2026-05-30 07:59:00,1656.0,190.0,0.2127,0.1127,1975.0536,173.57083333333333
2026-05-30 07:59:30,1690.0,170.0,0.2127,0.1127,1983.0333,173.57083333333333
2026-05-30 08:00:00,1718.0,85.0,0.2261,0.1261,1991.0,173.57083333333333
2026-05-30 08:00:30,1681.0,0.0,0.2261,0.1261,1998.9678,173.57083333333333
2026-05-30 08:01:00,1686.0,190.0,0.2261,0.1261,2006.9509,173.65416666666667
2026-05-30 08:01:30,1693.0,150.0,0.2261,0.1261,2014.9488,173.82083333333333
2026-05-30 08:02:00,1717.0,230.0,0.2261,0.1261,2022.9613,173.90416666666667
2026-05-30 08:02:30,1731.0,200.0,0.2261,0.1261,2030.988,173.65416666666667
2026-05-30 08:03:00,1718.0,210.0,0.2261,0.1261,2039.0286,173.07083333333333
2026-05-30 08:03:30,1709.0,190.0,0.2261,0.1261,2047.0828,172.82083333333333
2026-05-30 08:04:00,1730.0,844.0,0.2261,0.1261,2055.1502,172.32083333333333
2026-05-30 08:04:30,1727.0,180.0,0.2261,0.1261,2063.2305,172.2375
2026-05-30 08:05:00,1769.0,160.0,0.2261,0.1261,2071.3234,172.1125
2026-05-30 08:05:30,1773.0,210.0,0.2261,0.1261,2079.4285,172.15416666666667
2026-05-30 08:06:00,1777.0,180.0,0.2261,0.1261,2087.5455,172.07083333333333
2026-05-30 08:06:30,1796.0,190.0,0.2261,0.1261,2095.6741,172.40416666666667
2026-05-30 08:07:00,1806.6667,180.0,0.2261,0.1261,2103.814,161.92083333333332
2026-05-30 08:07:30,1817.3333,170.0,0.2261,0.1261,2111.9647,162.8375
2026-05-30 08:08:00,1828.0,190.0,0.2261,0.1261,2120.1261,162.75416666666666
2026-05-30 08:08:30,1796.0,160.0,0.2261,0.1261,2128.2977,162.4625
2026-05-30 08:09:00,1839.0,165.0,0.2261,0.1261,2136.4793,162.29583333333332
2026-05-30 08:09:30,1850.0,170.0,0.2261,0.1261,2144.6704,162.04583333333332
2026-05-30 08:10:00,1816.0,180.0,0.2261,0.1261,2152.8708,161.92083333333332
2026-05-30 08:10:30,1841.0,200.0,0.2261,0.1261,2161.0802,161.92083333333332
2026-05-30 08:11:00,1862.0,322.0,0.2261,0.1261,2169.2981,161.92083333333332
2026-05-30 08:11:30,1883.0,170.0,0.2261,0.1261,2177.5243,161.92083333333332
2026-05-30 08:12:00,1881.0,180.0,0.2261,0.1261,2185.7585,162.17083333333332
2026-05-30 08:12:30,1912.0,5.0,0.2261,0.1261,2194.0003,162.25416666666666
2026-05-30 08:13:00,1916.0,130.0,0.2261,0.1261,2202.2494,162.50416666666666
2026-05-30 08:13:30,1921.0,90.0,0.2261,0.1261,2210.5054,162.17083333333332
2026-05-30 08:14:00,1931.0,130.0,0.2261,0.1261,2218.7681,161.8375
2026-05-30 08:14:30,1936.0,90.0,0.2261,0.1261,2227.0371,161.75416666666666
2026-05-30 08:15:00,1980.0,150.0,0.2171,0.1171,2235.312,161.25416666666666
2026-05-30 08:15:30,1923.0,120.0,0.2171,0.1171,2243.5925,153.0625
2026-05-30 08:16:00,1980.0,110.0,0.2171,0.1171,2251.8784,152.97916666666666
2026-05-30 08:16:30,1949.0,120.0,0.2171,0.1171,2260.1692,153.22916666666666
2026-05-30 08:17:00,1969.0,130.0,0.2171,0.1171,2268.4647,153.39583333333334
2026-05-30 08:17:30,1972.0,110.0,0.2171,0.1171,2276.7645,149.72083333333333
2026-05-30 08:18:00,1995.0,100.0,0.2171,0.1171,2285.0683,149.47083333333333
2026-05-30 08:18:30,2026.0,105.0,0.2171,0.1171,2293.3757,149.3875
2026-05-30 08:19:00,2016.0,110.0,0.2171,0.1171,2301.6864,149.22083333333333
2026-05-30 08:19:30,2018.0,120.0,0.2171,0.1171,2310.0002,149.30416666666667
2026-05-30 08:20:00,2020.0,90.0,0.2171,0.1171,2318.3166,149.1375
2026-05-30 08:20:30,2061.0,120.0,0.2171,0.1171,2326.6353,147.97083333333333
2026-05-30 08:21:00,2042.0,140.0,0.2171,0.1171,2334.956,147.55416666666667
2026-05-30 08:21:30,2034.0,110.0,0.2171,0.1171,2343.2784,147.6375
2026-05-30 08:22:00,2030.0,120.0,0.2171,0.1171,2351.6022,145.72083333333333
2026-05-30 08:22:30,2063.0,110.0,0.2171,0.1171,2359.9269,145.97083333333333
2026-05-30 08:23:00,2097.0,120.0,0.2171,0.1171,2368.2524,145.80416666666667
2026-05-30 08:23:30,2053.0,122.5,0.2171,0.1171,2376.5781,143.07916666666668
2026-05-30 08:24:00,2084.0,125.0,0.2171,0.1171,2384.9039,141.25833333333333
2026-05-30 08:24:30,2114.0,127.5,0.2171,0.1171,2393.2294,140.925
2026-05-30 08:25:00,2123.0,130.0,0.2171,0.1171,2401.5543,140.25833333333333
2026-05-30 08:25:30,2122.0,140.0,0.2171,0.1171,2409.8782,139.925
2026-05-30 08:26:00,2141.0,150.0,0.2171,0.1171,2418.2007,139.55
2026-05-30 08:26:30,2143.0,120.0,0.2171,0.1171,2426.5217,139.13333333333333
2026-05-30 08:27:00,2145.0,140.0,0.2171,0.1171,2434.8407,139.05
2026-05-30 08:27:30,2140.0,100.0,0.2171,0.1171,2443.1573,138.96666666666667
2026-05-30 08:28:00,2164.0,140.0,0.2171,0.1171,2451.4714,138.38333333333333
2026-05-30 08:28:30,2174.0,80.0,0.2171,0.1171,2459.7825,137.55
2026-05-30 08:29:00,2219.0,110.0,0.2171,0.1171,2468.0903,136.88333333333333
2026-05-30 08:29:30,2190.0,140.0,0.2171,0.1171,2476.3946,136.05
2026-05-30 08:30:00,2224.0,130.0,0.2009,0.1009,2484.6948,135.3
2026-05-30 08:30:30,2259.0,145.0,0.2009,0.1009,2492.9908,135.75833333333333
2026-05-30 08:31:00,2228.0,160.0,0.2009,0.1009,2501.2822,137.09166666666667
2026-05-30 08:31:30,2213.0,130.0,0.2009,0.1009,2509.5687,136.34166666666667
2026-05-30 08:32:00,2247.0,110.0,0.2009,0.1009,2517.8498,136.175
2026-05-30 08:32:30,2249.0,90.0,0.2009,0.1009,2526.1254,135.25833333333333
2026-05-30 08:33:00,2235.0,100.0,0.2009,0.1009,2534.3951,134.50833333333333
2026-05-30 08:33:30,2220.0,90.0,0.2009,0.1009,2542.6585,134.00833333333333
2026-05-30 08:34:00,2258.0,80.0,0.2009,0.1009,2550.9153,133.75833333333333
2026-05-30 08:34:30,2281.0,105.0,0.2009,0.1009,2559.1652,127.55833333333334
2026-05-30 08:35:00,2247.0,130.0,0.2009,0.1009,2567.4079,126.64166666666667
2026-05-30 08:35:30,2306.0,120.0,0.2009,0.1009,2575.6429,126.80833333333334
2026-05-30 08:36:00,2317.0,130.0,0.2009,0.1009,2583.8701,126.30833333333334
2026-05-30 08:36:30,2297.0,120.0,0.2009,0.1009,2592.089,125.80833333333334
2026-05-30 08:37:00,2332.0,110.0,0.2009,0.1009,2600.2994,125.30833333333334
2026-05-30 08:37:30,2327.0,100.0,0.2009,0.1009,2608.5009,123.80833333333334
2026-05-30 08:38:00,2309.0,90.0,0.2009,0.1009,2616.6931,123.975
2026-05-30 08:38:30,2357.0,120.0,0.2009,0.1009,2624.8758,124.14166666666667
2026-05-30 08:39:00,2316.0,90.0,0.2009,0.1009,2633.0485,124.14166666666667
2026-05-30 08:39:30,2365.0,100.0,0.2009,0.1009,2641.2111,124.225
2026-05-30 08:40:00,2366.0,110.0,0.2009,0.1009,2649.3631,124.39166666666667
2026-05-30 08:40:30,2337.0,120.0,0.2009,0.1009,2657.5042,123.89166666666667
2026-05-30 08:41:00,2353.0,110.0,0.2009,0.1009,2665.6342,123.64166666666667
2026-05-30 08:41:30,2352.0,130.0,0.2009,0.1009,2673.7525,122.58333333333333
2026-05-30 08:42:00,2334.0,120.0,0.2009,0.1009,2681.859,123.0
2026-05-30 08:42:30,2316.0,150.0,0.2009,0.1009,2689.9533,123.25
2026-05-30 08:43:00,2400.0,120.0,0.2009,0.1009,2698.0351,124.70833333333333
2026-05-30 08:43:30,2394.0,100.0,0.2009,0.1009,2706.104,125.29166666666667
2026-05-30 08:44:00,2351.0,120.0,0.2009,0.1009,2714.1597,125.70833333333333
2026-05-30 08:44:30,2415.0,90.0,0.2009,0.1009,2722.2019,126.16666666666667
2026-05-30 08:45:00,2434.0,120.0,0.1895,0.0895,2730.2303,127.33333333333333
2026-05-30 08:45:30,2392.0,110.0,0.1895,0.0895,2738.2444,127.5
2026-05-30 08:46:00,2433.0,140.0,0.1895,0.0895,2746.2441,128.16666666666666
2026-05-30 08:46:30,2399.0,150.0,0.1895,0.0895,2754.2288,129.33333333333334
2026-05-30 08:47:00,2437.0,120.0,0.1895,0.0895,2762.1985,130.16666666666666
2026-05-30 08:47:30,2455.0,100.0,0.1895,0.0895,2770.1526,130.5
2026-05-30 08:48:00,2473.0,130.0,0.1895,0.0895,2778.0909,130.83333333333334
2026-05-30 08:48:30,2506.0,110.0,0.1895,0.0895,2786.013,131.83333333333334
2026-05-30 08:49:00,2477.0,160.0,0.1895,0.0895,2793.9186,132.20833333333334
2026-05-30 08:49:30,2467.0,120.0,0.1895,0.0895,2801.8074,132.95833333333334
2026-05-30 08:50:00,2492.0,150.0,0.1895,0.0895,2809.679,133.54166666666666
2026-05-30 08:50:30,2489.0,120.0,0.1895,0.0895,2817.5331,135.20833333333334
2026-05-30 08:51:00,2516.0,140.0,0.1895,0.0895,2825.3695,135.54166666666666
2026-05-30 08:51:30,2517.0,130.0,0.1895,0.0895,2833.1876,145.75
2026-05-30 08:52:00,2495.0,120.0,0.1895,0.0895,2840.9873,144.83333333333334
2026-05-30 08:52:30,2526.0,110.0,0.1895,0.0895,2848.7682,145.41666666666666
2026-05-30 08:53:00,2562.0,130.0,0.1895,0.0895,2856.53,145.13333333333333
2026-05-30 08:53:30,2584.0,110.0,0.1895,0.0895,2864.2723,146.05
2026-05-30 08:54:00,2565.0,160.0,0.1895,0.0895,2871.9948,146.69583333333333
2026-05-30 08:54:30,2564.0,110.0,0.1895,0.0895,2879.6971,147.4875
2026-05-30 08:55:00,2562.5,140.0,0.1895,0.0895,2887.379,146.425
2026-05-30 08:55:30,2561.0,125.0,0.1895,0.0895,2895.0401,147.00833333333333
2026-05-30 08:56:00,2560.0,110.0,0.1895,0.0895,2902.6801,147.59166666666667
2026-05-30 08:56:30,2597.0,130.0,0.1895,0.0895,2910.2986,147.75833333333333
2026-05-30 08:57:00,2633.0,150.0,0.1895,0.0895,2917.8954,148.09166666666667
2026-05-30 08:57:30,2625.0,140.0,0.1895,0.0895,2925.47,148.175
2026-05-30 08:58:00,2617.0,80.0,0.1895,0.0895,2933.0222,148.50833333333333
2026-05-30 08:58:30,2623.0,70.0,0.1895,0.0895,2940.5517,148.175
2026-05-30 08:59:00,2658.0,90.0,0.1895,0.0895,2948.058,148.675
2026-05-30 08:59:30,2683.0,80.0,0.1895,0.0895,2955.5409,148.675
2026-05-30 09:00:00,2678.0,140.0,0.2408,0.1408,2963.0,148.59166666666667
2026-05-30 09:00:30,2709.0,160.0,0.2408,0.1408,2970.4488,147.50833333333333
2026-05-30 09:01:00,2693.0,100.0,0.2408,0.1408,2977.9008,146.35833333333332
2026-05-30 09:01:30,2690.0,130.0,0.2408,0.1408,2985.3557,145.6611108333333
2026-05-30 09:02:00,2747.0,120.0,0.2408,0.1408,2992.8131,145.47152749999998
2026-05-30 09:02:30,2716.0,110.0,0.2408,0.1408,3000.2728,146.14861083333332
2026-05-30 09:03:00,2748.0,150.0,0.2408,0.1408,3007.7343,147.36944416666665
2026-05-30 09:03:30,2734.0,160.0,0.2408,0.1408,3015.1974,148.28194416666665
2026-05-30 09:04:00,2731.0,100.0,0.2408,0.1408,3022.6618,149.0048608333333
2026-05-30 09:04:30,2765.0,70.0,0.2408,0.1408,3030.1271,150.03819416666664
2026-05-30 09:05:00,2816.0,180.0,0.2408,0.1408,3037.5931,150.87152749999998
2026-05-30 09:05:30,2761.0,150.0,0.2408,0.1408,3045.0593,151.4215275
2026-05-30 09:06:00,2762.0,120.0,0.2408,0.1408,3052.5256,152.01319416666666
2026-05-30 09:06:30,2759.0,130.0,0.2408,0.1408,3059.9915,152.7340275
2026-05-30 09:07:00,2813.0,0.0,0.2408,0.1408,3067.4568,153.2090275
2026-05-30 09:07:30,2791.0,190.0,0.2408,0.1408,3074.9211,153.96736083333332
2026-05-30 09:08:00,2833.0,210.0,0.2408,0.1408,3082.3841,154.9840275
2026-05-30 09:08:30,2838.0,160.0,0.2408,0.1408,3089.8455,158.4215275
2026-05-30 09:09:00,2832.0,175.0,0.2408,0.1408,3097.305,158.72152749999998
2026-05-30 09:09:30,2851.0,190.0,0.2408,0.1408,3104.7622,159.40486083333332
2026-05-30 09:10:00,2825.0,120.0,0.2408,0.1408,3112.2169,160.20486083333333
2026-05-30 09:10:30,2867.0,170.0,0.2408,0.1408,3119.6687,161.01319416666666
2026-05-30 09:11:00,2869.0,195.0,0.2408,0.1408,3127.1173,161.52986083333332
2026-05-30 09:11:30,2866.0,220.0,0.2408,0.1408,3134.5624,162.07986083333333
2026-05-30 09:12:00,2901.0,210.0,0.2408,0.1408,3142.0037,162.63819416666666
2026-05-30 09:12:30,2902.0,180.0,0.2408,0.1408,3149.4408,163.3173608333333
2026-05-30 09:13:00,2883.5,200.0,0.2408,0.1408,3156.8734,163.78402749999998
2026-05-30 09:13:30,2865.0,140.0,0.2408,0.1408,3164.3012,164.55069416666666
2026-05-30 09:14:00,2885.0,185.0,0.2408,0.1408,3171.7239,173.0673608333333
2026-05-30 09:14:30,2863.0,230.0,0.2408,0.1408,3179.1412,173.28402749999998
2026-05-30 09:15:00,2864.0,170.0,0.2203,0.1203,3186.5527,174.02569416666665
2026-05-30 09:15:30,2900.0,200.0,0.2203,0.1203,3193.9582,174.93402749999998
2026-05-30 09:16:00,2936.0,250.0,0.2203,0.1203,3201.3572,175.95069416666666
2026-05-30 09:16:30,2949.0,220.0,0.2203,0.1203,3208.7496,176.38402749999997
2026-05-30 09:17:00,2914.0,170.0,0.2203,0.1203,3216.135,176.6715275
2026-05-30 09:17:30,2933.0,150.0,0.2203,0.1203,3223.5129,177.32986083333333
2026-05-30 09:18:00,2935.0,220.0,0.2203,0.1203,3230.8833,178.23819416666666
2026-05-30 09:18:30,2974.0,150.0,0.2203,0.1203,3238.2456,178.70486083333333
2026-05-30 09:19:00,2968.0,200.0,0.2203,0.1203,3245.5997,179.1298608333333
2026-05-30 09:19:30,2950.0,190.0,0.2203,0.1203,3252.9451,179.36736083333332
2026-05-30 09:20:00,2955.0,290.0,0.2203,0.1203,3260.2816,179.96736083333332
2026-05-30 09:20:30,2950.0,160.0,0.2203,0.1203,3267.6088,179.27569416666665
2026-05-30 09:21:00,2934.0,1365.0,0.2203,0.1203,3274.9265,179.30486083333332
2026-05-30 09:21:30,2935.0,0.0,0.2203,0.1203,3282.2342,179.73819416666666
2026-05-30 09:22:00,2964.0,190.0,0.2203,0.1203,3289.5318,181.0048608333333
2026-05-30 09:22:30,2998.0,76.0,0.2203,0.1203,3296.8188,182.05486083333332
2026-05-30 09:23:00,3000.0,230.0,0.2203,0.1203,3304.0949,182.90486083333332
2026-05-30 09:23:30,2966.0,200.0,0.2203,0.1203,3311.3599,183.6465275
2026-05-30 09:24:00,3002.0,220.0,0.2203,0.1203,3318.6134,184.86319416666666
2026-05-30 09:24:30,2966.0,0.0,0.2203,0.1203,3325.8551,185.82986083333333
2026-05-30 09:25:00,2995.0,200.0,0.2203,0.1203,3333.0847,187.09652749999998
2026-05-30 09:25:30,2996.0,210.0,0.2203,0.1203,3340.3018,187.80486083333332
2026-05-30 09:26:00,2997.0,170.0,0.2203,0.1203,3347.5061,188.30486083333332
2026-05-30 09:26:30,2994.0,160.0,0.2203,0.1203,3354.6974,189.0215275
2026-05-30 09:27:00,3031.0,150.0,0.2203,0.1203,3361.8753,189.52986083333332
2026-05-30 09:27:30,3032.0,140.0,0.2203,0.1203,3369.0394,190.1298608333333
2026-05-30 09:28:00,3033.0,100.0,0.2203,0.1203,3376.1895,190.87152749999998
2026-05-30 09:28:30,3032.0,140.0,0.2203,0.1203,3383.3252,192.1715275
2026-05-30 09:29:00,3031.0,110.0,0.2203,0.1203,3390.4463,193.38402749999997
2026-05-30 09:29:30,3032.0,130.0,0.2203,0.1203,3397.5524,194.68402749999998
2026-05-30 09:30:00,3033.0,0.0,0.221,0.121,3404.6431,195.7340275
2026-05-30 09:30:30,3059.0,7.0,0.221,0.121,3411.7182,196.86736083333332
2026-05-30 09:31:00,3043.0,76.3333,0.221,0.121,3418.7774,197.57986083333333
2026-05-30 09:31:30,3066.0,107.25,0.221,0.121,3425.8203,198.45486083333333
2026-05-30 09:32:00,3029.0,191.25,0.221,0.121,3432.8466,198.96319416666665
2026-05-30 09:32:30,3044.0,236.5,0.221,0.121,3439.856,199.9215275
2026-05-30 09:33:00,3091.0,209.5,0.221,0.121,3446.8481,200.97152749999998
2026-05-30 09:33:30,3067.0,176.75,0.221,0.121,3453.8227,201.18819416666665
2026-05-30 09:34:00,3093.0,204.0,0.221,0.121,3460.7795,201.41319416666664
2026-05-30 09:34:30,3085.0,205.0,0.221,0.121,3467.718,202.49236083333332
2026-05-30 09:35:00,3054.0,196.0,0.221,0.121,3474.6381,203.62569416666665
2026-05-30 09:35:30,3098.0,191.0,0.221,0.121,3481.5393,204.16736083333333
2026-05-30 09:36:00,3086.0,216.5,0.221,0.121,3488.4214,204.80347166666667
2026-05-30 09:36:30,3095.0,177.0,0.221,0.121,3495.284,205.686805
2026-05-30 09:37:00,3093.0,201.0,0.221,0.121,3502.1268,206.39513833333334
2026-05-30 09:37:30,3118.0,222.0,0.221,0.121,3508.9496,208.111805
2026-05-30 09:38:00,3075.0,502.5,0.221,0.121,3515.7519,208.29513833333334
2026-05-30 09:38:30,3077.0,156.0,0.221,0.121,3522.5335,208.28680500000002
2026-05-30 09:39:00,3091.0,172.0,0.221,0.121,3529.294,208.25347166666668
2026-05-30 09:39:30,3112.0,196.0,0.221,0.121,3536.0332,208.27013833333334
2026-05-30 09:40:00,3118.0,207.0,0.221,0.121,3542.7506,208.236805
2026-05-30 09:40:30,3125.0,182.0,0.221,0.121,3549.4461,208.72847166666668
2026-05-30 09:41:00,3136.0,176.0,0.221,0.121,3556.1192,208.74513833333333
2026-05-30 09:41:30,3117.0,197.0,0.221,0.121,3562.7697,208.49513833333333
2026-05-30 09:42:00,3113.0,201.5,0.221,0.121,3569.3972,208.22013833333332
2026-05-30 09:42:30,3121.0,206.0,0.221,0.121,3576.0014,208.15347166666666
2026-05-30 09:43:00,3118.0,212.0,0.221,0.121,3582.582,208.211805
2026-05-30 09:43:30,3142.0,1122.0,0.221,0.121,3589.1387,208.05347166666667
2026-05-30 09:44:00,3161.0,146.0,0.221,0.121,3595.6711,208.49097166666667
2026-05-30 09:44:30,3180.0,179.0,0.221,0.121,3602.179,208.649305
2026-05-30 09:45:00,3186.0,229.0,0.1947,0.0947,3608.662,208.52847166666666
2026-05-30 09:45:30,3194.0,232.0,0.1947,0.0947,3615.1198,208.68263833333333
2026-05-30 09:46:00,3198.0,192.0,0.1947,0.0947,3621.552,208.75347166666668
2026-05-30 09:46:30,3177.0,184.5,0.1947,0.0947,3627.9585,208.461805
2026-05-30 09:47:00,3183.0,199.0,0.1947,0.0947,3634.3387,208.30347166666667
2026-05-30 09:47:30,3195.0,209.0,0.1947,0.0947,3640.6925,208.68263833333333
2026-05-30 09:48:00,3179.0,186.0,0.1947,0.0947,3647.0195,209.14513833333334
2026-05-30 09:48:30,3167.0,161.0,0.1947,0.0947,3653.3194,208.94513833333335
2026-05-30 09:49:00,3153.0,188.5,0.1947,0.0947,3659.5919,209.111805
2026-05-30 09:49:30,3204.0,192.0,0.1947,0.0947,3665.8366,209.15347166666666
2026-05-30 09:50:00,3228.0,67.0,0.1947,0.0947,3672.0532,209.361805
2026-05-30 09:50:30,3217.0,123.5,0.1947,0.0947,3678.2415,208.74513833333333
2026-05-30 09:51:00,3200.0,192.0,0.1947,0.0947,3684.401,209.47847166666668
2026-05-30 09:51:30,3228.0,282.0,0.1947,0.0947,3690.5315,200.25763833333335
2026-05-30 09:52:00,3239.0,246.0,0.1947,0.0947,3696.6327,202.774305
2026-05-30 09:52:30,3231.0,212.0,0.1947,0.0947,3702.7042,203.47430500000002
2026-05-30 09:53:00,3249.0,219.0,0.1947,0.0947,3708.7457,205.05763833333333
2026-05-30 09:53:30,3225.0,256.0,0.1947,0.0947,3714.7569,205.60763833333334
2026-05-30 09:54:00,3261.0,276.0,0.1947,0.0947,3720.7375,206.24097166666667
2026-05-30 09:54:30,3229.0,262.0,0.1947,0.0947,3726.6871,206.79097166666668
2026-05-30 09:55:00,3257.0,225.0,0.1947,0.0947,3732.6055,209.124305
2026-05-30 09:55:30,3261.0,185.0,0.1947,0.0947,3738.4923,209.67013833333334
2026-05-30 09:56:00,3241.0,196.0,0.1947,0.0947,3744.3472,210.05347166666667
2026-05-30 09:56:30,3297.0,191.0,0.1947,0.0947,3750.1699,210.72013833333332
2026-05-30 09:57:00,3260.0,222.0,0.1947,0.0947,3755.9601,211.57013833333335
2026-05-30 09:57:30,3308.0,229.0,0.1947,0.0947,3761.7174,212.70347166666667
2026-05-30 09:58:00,3259.0,236.0,0.1947,0.0947,3767.4415,213.92013833333334
2026-05-30 09:58:30,3288.0,215.5,0.1947,0.0947,3773.1322,215.336805
2026-05-30 09:59:00,3302.0,246.0,0.1947,0.0947,3778.789,216.54513833333334
2026-05-30 09:59:30,3297.5,206.0,0.1947,0.0947,3784.4117,217.97638833333335
2026-05-30 10:00:00,3293.0,276.0,0.1627,0.0626,3790.0,219.21388833333333
2026-05-30 10:00:30,3265.0,245.5,0.1627,0.0626,3795.5713,221.455555
2026-05-30 10:01:00,3300.0,205.0,0.1627,0.0626,3801.1432,223.85972166666667
2026-05-30 10:01:30,3328.0,191.0,0.1627,0.0626,3806.7153,225.51527750000002
2026-05-30 10:02:00,3322.0,235.0,0.1627,0.0626,3812.2871,226.92152750000002
2026-05-30 10:02:30,3303.0,236.0,0.1627,0.0626,3817.8583,227.61944416666668
2026-05-30 10:03:00,3355.0,176.0,0.1627,0.0626,3823.4284,227.94861083333336
2026-05-30 10:03:30,3315.0,187.0,0.1627,0.0626,3828.9972,228.1694441666667
2026-05-30 10:04:00,3336.0,229.5,0.1627,0.0626,3834.5641,228.82986083333336
2026-05-30 10:04:30,3381.0,206.0,0.1627,0.0626,3840.1287,229.1756941666667
2026-05-30 10:05:00,3305.0,245.0,0.1627,0.0626,3845.6908,229.4340275
2026-05-30 10:05:30,3361.0,226.3333,0.1627,0.0626,3851.2498,229.94236083333334
2026-05-30 10:06:00,3365.0,226.0,0.1627,0.0626,3856.8054,230.47569416666667
2026-05-30 10:06:30,3331.0,215.0,0.1627,0.0626,3862.3572,230.82986083333336
2026-05-30 10:07:00,3370.0,206.0,0.1627,0.0626,3867.9048,231.3715275
2026-05-30 10:07:30,3354.0,212.0,0.1627,0.0626,3873.4478,231.7381941666667
2026-05-30 10:08:00,3386.0,209.0,0.1627,0.0626,3878.9858,232.02152750000002
2026-05-30 10:08:30,3370.0,156.0,0.1627,0.0626,3884.5184,229.87986083333334
2026-05-30 10:09:00,3360.0,177.0,0.1627,0.0626,3890.0452,230.6694441666667
2026-05-30 10:09:30,3368.0,186.0,0.1627,0.0626,3895.5658,231.36944416666668
2026-05-30 10:10:00,3341.0,179.0,0.1627,0.0626,3901.0798,231.78611083333334
2026-05-30 10:10:30,3385.0,172.0,0.1627,0.0626,3906.5868,231.86111083333336
2026-05-30 10:11:00,3415.0,165.0,0.1627,0.0626,3912.0864,231.97777750000003
2026-05-30 10:11:30,3445.0,187.0,0.1627,0.0626,3917.5782,232.05277750000002
2026-05-30 10:12:00,3396.0,202.0,0.1627,0.0626,3923.0619,231.8777775
2026-05-30 10:12:30,3409.0,187.0,0.1627,0.0626,3928.537,231.74861083333334
2026-05-30 10:13:00,3366.0,181.0,0.1627,0.0626,3934.0031,231.61527750000002
2026-05-30 10:13:30,3413.0,192.5,0.1627,0.0626,3939.4598,231.14861083333335
2026-05-30 10:14:00,3405.0,204.0,0.1627,0.0626,3944.9068,223.2152775
2026-05-30 10:14:30,3423.0,215.5,0.1627,0.0626,3950.3436,222.4569441666667
2026-05-30 10:15:00,3433.5,188.5,0.1627,0.0626,3955.7698,221.43194416666668
2026-05-30 10:15:30,3444.0,208.5,0.1627,0.0626,3961.1851,221.46111083333335
2026-05-30 10:16:00,3432.0,215.0,0.1627,0.0626,3966.589,221.98611083333336
2026-05-30 10:16:30,3386.0,201.0,0.1627,0.0626,3971.9812,221.92777750000002
2026-05-30 10:17:00,3429.0,215.5,0.1627,0.0626,3977.3612,221.93611083333334
2026-05-30 10:17:30,3402.0,205.5,0.1627,0.0626,3982.7286,221.82777750000002
2026-05-30 10:18:00,3393.0,196.0,0.1627,0.0626,3988.0831,221.4652775
2026-05-30 10:18:30,3394.0,170.0,0.1627,0.0626,3993.4243,221.4569441666667
2026-05-30 10:19:00,3431.0,205.0,0.1627,0.0626,3998.7517,222.32361083333336
2026-05-30 10:19:30,3428.0,215.0,0.1627,0.0626,4004.065,222.2944441666667
2026-05-30 10:20:00,3490.0,216.0,0.1627,0.0626,4009.3638,222.30277750000002
2026-05-30 10:20:30,3471.0,248.0,0.1627,0.0626,4014.6476,223.4194441666667
2026-05-30 10:21:00,3459.0,258.5,0.1627,0.0626,4019.9161,223.93611083333334
2026-05-30 10:21:30,3420.0,302.0,0.1627,0.0626,4025.1689,224.13194416666667
2026-05-30 10:22:00,3464.0,274.0,0.1627,0.0626,4030.4055,223.66527750000003
2026-05-30 10:22:30,3467.0,266.0,0.1627,0.0626,4035.6256,223.45277750000002
2026-05-30 10:23:00,3487.0,296.0,0.1627,0.0626,4040.8288,223.47777750000003
2026-05-30 10:23:30,3509.0,276.0,0.1627,0.0626,4046.0147,223.36944416666668
2026-05-30 10:24:00,3485.0,286.0,0.1627,0.0626,4051.1829,222.92222166666667
2026-05-30 10:24:30,3489.0,280.0,0.1627,0.0626,4056.333,222.2777775
2026-05-30 10:25:00,3509.0,265.5,0.1627,0.0626,4061.4645,221.71944416666668
2026-05-30 10:25:30,3499.0,256.0,0.1627,0.0626,4066.5772,221.89027750000002
2026-05-30 10:26:00,3491.0,250.0,0.1627,0.0626,4071.6706,222.2319441666667
2026-05-30 10:26:30,3526.0,262.0,0.1627,0.0626,4076.7442,222.6069441666667
2026-05-30 10:27:00,3486.0,286.0,0.1627,0.0626,4081.7978,223.01527750000002
2026-05-30 10:27:30,3483.0,286.0,0.1627,0.0626,4086.8309,222.62361083333334
2026-05-30 10:28:00,3481.0,270.0,0.1627,0.0626,4091.843,222.0902775
2026-05-30 10:28:30,3520.0,285.0,0.1627,0.0626,4096.8339,221.67361083333336
2026-05-30 10:29:00,3529.0,281.75,0.1627,0.0626,4101.8032,221.42777750000002
2026-05-30 10:29:30,3522.0,278.5,0.1627,0.0626,4106.7503,220.94444416666667
2026-05-30 10:30:00,3530.0,269.0,0.1627,0.0626,4111.6749,220.81111083333334
2026-05-30 10:30:30,3537.0,295.5,0.1627,0.0626,4116.5767,220.0756941666667
2026-05-30 10:31:00,3544.0,275.0,0.1627,0.0626,4121.4552,219.5756941666667
2026-05-30 10:31:30,3487.0,276.0,0.1627,0.0626,4126.3101,219.66736083333336
2026-05-30 10:32:00,3535.0,275.0,0.1627,0.0626,4131.1409,219.70486083333336
2026-05-30 10:32:30,3547.0,276.0,0.1627,0.0626,4135.9472,219.28819416666667
2026-05-30 10:33:00,3579.0,236.0,0.1627,0.0626,4140.7286,218.7006941666667
2026-05-30 10:33:30,3583.0,256.0,0.1627,0.0626,4145.4848,218.86736083333335
2026-05-30 10:34:00,3585.0,245.5,0.1627,0.0626,4150.2153,218.9340275
2026-05-30 10:34:30,3555.0,236.0,0.1627,0.0626,4154.9198,218.65486083333334
2026-05-30 10:35:00,3540.0,257.0,0.1627,0.0626,4159.5979,218.7381941666667
2026-05-30 10:35:30,3596.0,255.0,0.1627,0.0626,4164.249,218.41319416666667
2026-05-30 10:36:00,3558.0,259.0,0.1627,0.0626,4168.873,218.27708333333334
2026-05-30 10:36:30,3591.0,242.0,0.1627,0.0626,4173.4693,218.10625
2026-05-30 10:37:00,3602.0,245.0,0.1627,0.0626,4178.0376,217.63541666666666
2026-05-30 10:37:30,3566.0,256.0,0.1627,0.0626,4182.5774,217.37708333333333
2026-05-30 10:38:00,3595.0,245.5,0.1627,0.0626,4187.0884,216.90208333333334
2026-05-30 10:38:30,3596.0,250.75,0.1627,0.0626,4191.5702,216.61875
2026-05-30 10:39:00,3569.0,256.0,0.1627,0.0626,4196.0223,216.85208333333333
2026-05-30 10:39:30,3620.0,246.0,0.1627,0.0626,4200.4444,217.04375
2026-05-30 10:40:00,3636.0,216.0,0.1627,0.0626,4204.8361,216.46041666666667
2026-05-30 10:40:30,3629.0,196.0,0.1627,0.0626,4209.197,216.01041666666666
2026-05-30 10:41:00,3587.0,185.0,0.1627,0.0626,4213.5267,216.28541666666666
2026-05-30 10:41:30,3635.0,176.0,0.1627,0.0626,4217.8247,216.62708333333333
2026-05-30 10:42:00,3633.0,186.0,0.1627,0.0626,4222.0908,215.93541666666667
2026-05-30 10:42:30,3659.0,190.0,0.1627,0.0626,4226.3244,216.09375
2026-05-30 10:43:00,3636.0,156.0,0.1627,0.0626,4230.5252,215.74375
2026-05-30 10:43:30,3637.0,170.0,0.1627,0.0626,4234.6929,215.81041666666667
2026-05-30 10:44:00,3666.0,55.0,0.1627,0.0626,4238.8269,215.98958333333334
2026-05-30 10:44:30,3695.0,56.0,0.1627,0.0626,4242.927,215.73958333333334
2026-05-30 10:45:00,3707.0,232.5,0.14,0.04,4246.9926,215.44375
2026-05-30 10:45:30,3646.0,295.0,0.14,0.04,4251.0235,215.3590275
2026-05-30 10:46:00,3664.0,185.0,0.14,0.04,4255.0191,215.09375
2026-05-30 10:46:30,3682.0,185.5,0.14,0.04,4258.9792,214.76041666666666
2026-05-30 10:47:00,3662.0,186.0,0.14,0.04,4262.9033,214.62708333333333
2026-05-30 10:47:30,3697.0,165.5,0.14,0.04,4266.7911,214.45625
2026-05-30 10:48:00,3729.0,185.0,0.14,0.04,4270.642,214.20208333333332
2026-05-30 10:48:30,3734.0,265.0,0.14,0.04,4274.4558,214.19375
2026-05-30 10:49:00,3675.0,185.0,0.14,0.04,4278.232,214.23125
2026-05-30 10:49:30,3669.0,193.0,0.14,0.04,4281.9703,214.06458333333333
2026-05-30 10:50:00,3701.0,201.0,0.14,0.04,4285.6702,213.90625
2026-05-30 10:50:30,3661.0,185.5,0.14,0.04,4289.3313,213.77291666666667
2026-05-30 10:51:00,3731.0,215.5,0.14,0.04,4292.9533,213.33125
2026-05-30 10:51:30,3751.0,226.0,0.14,0.04,4296.5357,212.71875
2026-05-30 10:52:00,3761.0,220.5,0.14,0.04,4300.0782,212.25208333333333
2026-05-30 10:52:30,3691.0,215.0,0.14,0.04,4303.5803,212.52708333333334
2026-05-30 10:53:00,3707.0,206.0,0.14,0.04,4307.0416,212.18125
2026-05-30 10:53:30,3721.0,202.3333,0.14,0.04,4310.4619,211.16458333333333
2026-05-30 10:54:00,3728.0,198.6667,0.14,0.04,4313.8405,210.27291666666667
2026-05-30 10:54:30,3704.0,195.0,0.14,0.04,4317.1773,209.25625
2026-05-30 10:55:00,3727.0,245.5,0.14,0.04,4320.4717,208.12291666666667
2026-05-30 10:55:30,3729.0,226.0,0.14,0.04,4323.7234,207.36041666666668
2026-05-30 10:56:00,3764.0,241.0,0.14,0.04,4326.9319,206.59375
2026-05-30 10:56:30,3756.0,240.0,0.14,0.04,4330.0969,205.96875
2026-05-30 10:57:00,3761.0,175.0,0.14,0.04,4333.218,205.61041666666668
2026-05-30 10:57:30,3723.0,165.0,0.14,0.04,4336.2948,204.76041666666666
2026-05-30 10:58:00,3782.0,186.0,0.14,0.04,4339.3269,204.16041666666666
2026-05-30 10:58:30,3781.0,186.0,0.14,0.04,4342.3138,203.44375
2026-05-30 10:59:00,3737.0,188.0,0.14,0.04,4345.2553,202.76875
2026-05-30 10:59:30,3755.0,190.0,0.14,0.04,4348.1508,201.7875
2026-05-30 11:00:00,3759.0,187.75,0.13,0.03,4351.0,201.33333333333334
2026-05-30 11:00:30,3743.0,185.5,0.13,0.03,4353.8294,200.90833333333333
2026-05-30 11:01:00,3744.0,216.0,0.13,0.03,4356.6653,200.02083333333334
2026-05-30 11:01:30,3761.0,195.5,0.13,0.03,4359.5072,199.40833333333333
2026-05-30 11:02:00,3778.0,185.0,0.13,0.03,4362.3547,198.89166666666668
2026-05-30 11:02:30,3836.0,165.5,0.13,0.03,4365.2072,197.88333333333333
2026-05-30 11:03:00,3806.0,196.0,0.13,0.03,4368.0642,197.03333333333333
2026-05-30 11:03:30,3820.0,195.0,0.13,0.03,4370.9252,195.99166666666667
2026-05-30 11:04:00,3795.0,196.0,0.13,0.03,4373.7896,195.55833333333334
2026-05-30 11:04:30,3811.0,216.0,0.13,0.03,4376.657,195.29583333333332
2026-05-30 11:05:00,3827.0,206.0,0.13,0.03,4379.5269,195.6125
2026-05-30 11:05:30,3819.0,210.0,0.13,0.03,4382.3988,195.50416666666666
2026-05-30 11:06:00,3843.0,205.5,0.13,0.03,4385.2721,195.6625
2026-05-30 11:06:30,3851.0,158.5,0.13,0.03,4388.1463,195.5375
2026-05-30 11:07:00,3838.0,175.0,0.13,0.03,4391.0209,195.3875
2026-05-30 11:07:30,3853.0,155.0,0.13,0.03,4393.8955,195.4625
2026-05-30 11:08:00,3807.0,175.0,0.13,0.03,4396.7694,195.6125
2026-05-30 11:08:30,3795.0,184.0,0.13,0.03,4399.6423,195.68333333333334
2026-05-30 11:09:00,3827.0,200.0,0.13,0.03,4402.5135,195.62708333333333
2026-05-30 11:09:30,3880.0,116.0,0.13,0.03,4405.3826,195.36041666666668
2026-05-30 11:10:00,3832.0,125.0,0.13,0.03,4408.2491,195.42708333333334
2026-05-30 11:10:30,3825.0,205.0,0.13,0.03,4411.1124,195.91041666666666
2026-05-30 11:11:00,3818.0,206.0,0.13,0.03,4413.972,196.31875
2026-05-30 11:11:30,3837.0,104.0,0.13,0.03,4416.8275,196.72708333333333
2026-05-30 11:12:00,3849.0,221.0,0.13,0.03,4419.6783,197.04375
2026-05-30 11:12:30,3870.0,145.0,0.13,0.03,4422.5239,197.44375
2026-05-30 11:13:00,3814.0,189.0,0.13,0.03,4425.3639,198.22708333333333
2026-05-30 11:13:30,3850.0,214.0,0.13,0.03,4428.1976,198.62708333333333
2026-05-30 11:14:00,3870.0,174.0,0.13,0.03,4431.0246,198.91875
2026-05-30 11:14:30,3890.0,180.0,0.13,0.03,4433.8443,200.41875
2026-05-30 11:15:00,3815.0,178.3333,0.1548,0.0548,4436.6564,201.82708333333332
2026-05-30 11:15:30,3846.0,176.6667,0.1548,0.0548,4439.4601,201.84791666666666
2026-05-30 11:16:00,3840.0,175.0,0.1548,0.0548,4442.2552,201.38958333333332
2026-05-30 11:16:30,3861.0,185.0,0.1548,0.0548,4445.0409,203.67291666666668
2026-05-30 11:17:00,3863.5,195.0,0.1548,0.0548,4447.8169,207.27708333333334
2026-05-30 11:17:30,3866.0,175.0,0.1548,0.0548,4450.5826,210.88541666666666
2026-05-30 11:18:00,3850.0,195.0,0.1548,0.0548,4453.3375,212.28125
2026-05-30 11:18:30,3860.0,174.5,0.1548,0.0548,4456.081,213.59791666666666
2026-05-30 11:19:00,3864.0,185.0,0.1548,0.0548,4458.8128,214.30625
2026-05-30 11:19:30,3887.0,196.0,0.1548,0.0548,4461.5322,215.75625
2026-05-30 11:20:00,3914.0,200.0,0.1548,0.0548,4464.2388,217.09791666666666
2026-05-30 11:20:30,3912.0,195.0,0.1548,0.0548,4466.932,218.26458333333332
2026-05-30 11:21:00,3913.0,185.0,0.1548,0.0548,4469.6114,219.56875
2026-05-30 11:21:30,3872.0,246.0,0.1548,0.0548,4472.2764,220.73125
2026-05-30 11:22:00,3921.0,307.0,0.1548,0.0548,4474.9266,221.82291666666666
2026-05-30 11:22:30,3915.0,224.5,0.1548,0.0548,4477.5613,222.84375
2026-05-30 11:23:00,3877.0,174.0,0.1548,0.0548,4480.1802,223.88958333333332
2026-05-30 11:23:30,3872.0,169.0,0.1548,0.0548,4482.7826,224.61041666666668
2026-05-30 11:24:00,3888.0,164.0,0.1548,0.0548,4485.3681,225.34097250000002
2026-05-30 11:24:30,3932.0,144.0,0.1548,0.0548,4487.9362,226.06458333333333
2026-05-30 11:25:00,3926.0,174.0,0.1548,0.0548,4490.4864,226.86041666666668
2026-05-30 11:25:30,3919.0,164.0,0.1548,0.0548,4493.0181,227.12291666666667
2026-05-30 11:26:00,3886.0,175.0,0.1548,0.0548,4495.5308,227.58125
2026-05-30 11:26:30,3923.0,219.0,0.1548,0.0548,4498.0241,227.94791666666666
2026-05-30 11:27:00,3933.0,184.0,0.1548,0.0548,4500.4974,228.33541666666667
2026-05-30 11:27:30,3925.0,214.0,0.1548,0.0548,4502.9502,229.28541666666666
2026-05-30 11:28:00,3904.0,184.0,0.1548,0.0548,4505.382,230.33541666666667
2026-05-30 11:28:30,3924.0,204.0,0.1548,0.0548,4507.7923,231.21875
2026-05-30 11:29:00,3927.0,164.0,0.1548,0.0548,4510.1805,232.14791666666667
2026-05-30 11:29:30,3929.0,224.0,0.1548,0.0548,4512.5463,233.10625
2026-05-30 11:30:00,3954.0,218.0,0.15,0.05,4514.889,234.13125
2026-05-30 11:30:30,3930.0,189.0,0.15,0.05,4517.2081,235.08333333333334
2026-05-30 11:31:00,3927.0,201.5,0.15,0.05,4519.5032,235.95
2026-05-30 11:31:30,3936.0,214.0,0.15,0.05,4521.7738,236.675
2026-05-30 11:32:00,3921.0,154.0,0.15,0.05,4524.0192,237.52083333333334
2026-05-30 11:32:30,3921.5,174.0,0.15,0.05,4526.2391,238.44166666666666
2026-05-30 11:33:00,3922.0,111.0,0.15,0.05,4528.4328,239.51041666666666
2026-05-30 11:33:30,3905.0,204.0,0.15,0.05,4530.6,240.31041666666667
2026-05-30 11:34:00,3920.0,214.0,0.15,0.05,4532.74,241.17708333333334
2026-05-30 11:34:30,3935.0,274.0,0.15,0.05,4534.8524,241.99375
2026-05-30 11:35:00,3885.0,244.0,0.15,0.05,4536.9367,242.60625
2026-05-30 11:35:30,3921.0,274.0,0.15,0.05,4538.9923,243.26458333333332
2026-05-30 11:36:00,3909.0,244.0,0.15,0.05,4541.0187,244.02291666666667
2026-05-30 11:36:30,3908.0,224.0,0.15,0.05,4543.0155,244.71875
2026-05-30 11:37:00,3912.0,254.0,0.15,0.05,4544.9821,245.94791666666666
2026-05-30 11:37:30,3896.0,274.0,0.15,0.05,4546.918,246.97291666666666
2026-05-30 11:38:00,3974.0,254.0,0.15,0.05,4548.8228,248.27708333333334
2026-05-30 11:38:30,3936.0,244.0,0.15,0.05,4550.6958,249.37708333333333
2026-05-30 11:39:00,3992.0,224.0,0.15,0.05,4552.5365,250.31875
2026-05-30 11:39:30,4000.0,254.0,0.15,0.05,4554.3446,251.06458333333333
2026-05-30 11:40:00,4001.0,274.0,0.15,0.05,4556.1194,252.55208333333334
2026-05-30 11:40:30,3983.0,245.0,0.15,0.05,4557.8605,254.05208333333334
2026-05-30 11:41:00,3931.0,234.0,0.15,0.05,4559.5673,254.85625
2026-05-30 11:41:30,3989.0,214.0,0.15,0.05,4561.2393,255.62708333333333
2026-05-30 11:42:00,3984.0,234.0,0.15,0.05,4562.8761,257.12708333333336
2026-05-30 11:42:30,4029.0,284.0,0.15,0.05,4564.477,257.7604166666667
2026-05-30 11:43:00,4032.0,204.0,0.15,0.05,4566.0417,258.99375
2026-05-30 11:43:30,4000.5,205.0,0.15,0.05,4567.5695,259.83958333333334
2026-05-30 11:44:00,3969.0,235.0,0.15,0.05,4569.0601,260.63125
2026-05-30 11:44:30,4036.0,225.0,0.15,0.05,4570.5128,261.63125
2026-05-30 11:45:00,3990.0,235.0,0.1151,0.015,4571.9271,262.61875
2026-05-30 11:45:30,3985.0,240.0,0.1151,0.015,4573.3026,263.4993058333333
2026-05-30 11:46:00,3997.0,459.0,0.1151,0.015,4574.6388,264.51875
2026-05-30 11:46:30,3973.0,618.0,0.1151,0.015,4575.9351,265.55625
2026-05-30 11:47:00,3998.0,619.0,0.1151,0.015,4577.191,266.38958333333335
2026-05-30 11:47:30,4005.0,333.0,0.1151,0.015,4578.406,267.16875
2026-05-30 11:48:00,3995.0,343.0,0.1151,0.015,4579.5796,268.06875
2026-05-30 11:48:30,3985.0,350.0,0.1151,0.015,4580.7113,268.83125
2026-05-30 11:49:00,4010.0,359.0,0.1151,0.015,4581.8006,269.79375
2026-05-30 11:49:30,4041.0,354.0,0.1151,0.015,4582.8469,270.76875
2026-05-30 11:50:00,3990.0,341.0,0.1151,0.015,4583.8498,271.70208333333335
2026-05-30 11:50:30,3974.0,342.0,0.1151,0.015,4584.8088,272.48541666666665
2026-05-30 11:51:00,4020.0,355.0,0.1151,0.015,4585.7233,273.1979166666667
2026-05-30 11:51:30,3986.0,357.0,0.1151,0.015,4586.5928,274.0104166666667
2026-05-30 11:52:00,4037.0,343.0,0.1151,0.015,4587.4168,274.3020833333333
2026-05-30 11:52:30,3998.0,340.5,0.1151,0.015,4588.1949,274.1770833333333
2026-05-30 11:53:00,4046.0,292.5,0.1151,0.015,4588.9264,274.73125
2026-05-30 11:53:30,4014.0,290.0,0.1151,0.015,4589.611,275.7104166666667
2026-05-30 11:54:00,3980.0,285.5,0.1151,0.015,4590.248,276.7604166666667
2026-05-30 11:54:30,4052.0,290.5,0.1151,0.015,4590.837,277.8979166666667
2026-05-30 11:55:00,3982.0,277.0,0.1151,0.015,4591.3774,279.1770833333333
2026-05-30 11:55:30,4046.0,281.0,0.1151,0.015,4591.8688,280.2729166666667
2026-05-30 11:56:00,4049.0,285.0,0.1151,0.015,4592.3107,281.37291666666664
2026-05-30 11:56:30,4060.0,286.5,0.1151,0.015,4592.7025,282.34791666666666
2026-05-30 11:57:00,3971.0,289.0,0.1151,0.015,4593.0436,283.05625
2026-05-30 11:57:30,4036.0,291.0,0.1151,0.015,4593.3337,283.93958333333336
2026-05-30 11:58:00,4023.0,292.0,0.1151,0.015,4593.5722,284.59791666666666
2026-05-30 11:58:30,4056.0,297.5,0.1151,0.015,4593.7586,285.5729166666667
2026-05-30 11:59:00,3999.0,303.0,0.1151,0.015,4593.8924,286.35625
2026-05-30 11:59:30,4054.0,313.0,0.1151,0.015,4593.973,287.3229166666667
2026-05-30 12:00:00,3982.0,302.0,0.125,0.025,4594.0,288.09791666666666
2026-05-30 12:00:30,4030.0,289.5,0.125,0.025,4593.992,288.73125
2026-05-30 12:01:00,4045.0,303.0,0.125,0.025,4593.9681,289.71458333333334
2026-05-30 12:01:30,4052.0,297.0,0.125,0.025,4593.9283,290.52708333333334
2026-05-30 12:02:00,4027.0,295.5,0.125,0.025,4593.8727,291.34375
2026-05-30 12:02:30,4036.0,293.75,0.125,0.025,4593.8015,292.73541666666665
2026-05-30 12:03:00,4053.0,292.0,0.125,0.025,4593.7148,294.1020833333333
2026-05-30 12:03:30,4051.6667,299.0,0.125,0.025,4593.6126,295.65208333333334
2026-05-30 12:04:00,4050.3333,294.0,0.125,0.025,4593.495,296.51666666666665
2026-05-30 12:04:30,4049.0,289.5,0.125,0.025,4593.3621,297.3875
2026-05-30 12:05:00,4077.0,285.0,0.125,0.025,4593.2141,297.7708333333333
2026-05-30 12:05:30,4039.0,301.0,0.125,0.025,4593.051,298.3875
2026-05-30 12:06:00,4052.8,289.0,0.125,0.025,4592.8729,298.7
2026-05-30 12:06:30,4066.6,306.0,0.125,0.025,4592.6799,299.1
2026-05-30 12:07:00,4080.4,298.0,0.125,0.025,4592.4721,299.8833333333333
2026-05-30 12:07:30,4094.2,311.5,0.125,0.025,4592.2496,300.37083333333334
2026-05-30 12:08:00,4108.0,307.0,0.125,0.025,4592.0125,300.62916666666666
2026-05-30 12:08:30,4104.5,297.0,0.125,0.025,4591.7608,301.04583333333335
2026-05-30 12:09:00,4101.0,289.5,0.125,0.025,4591.4948,301.4291666666667
2026-05-30 12:09:30,4098.0,294.5,0.125,0.025,4591.2145,302.0416666666667
2026-05-30 12:10:00,4097.0,305.0,0.125,0.025,4590.9199,302.5625
2026-05-30 12:10:30,4107.0,301.5,0.125,0.025,4590.6112,302.9791666666667
2026-05-30 12:11:00,4110.0,298.5,0.125,0.025,4590.2884,303.6791666666667
2026-05-30 12:11:30,4155.0,284.0,0.125,0.025,4589.9518,301.7291666666667
2026-05-30 12:12:00,4082.0,297.0,0.125,0.025,4589.6012,302.64166666666665
2026-05-30 12:12:30,4086.0,293.0,0.125,0.025,4589.237,302.5416666666667
2026-05-30 12:13:00,4128.0,290.5,0.125,0.025,4588.8591,302.7
2026-05-30 12:13:30,4095.0,309.0,0.125,0.025,4588.4676,303.52916666666664
2026-05-30 12:14:00,4090.0,294.0,0.125,0.025,4588.0626,304.34166666666664
2026-05-30 12:14:30,4096.0,298.5,0.125,0.025,4587.6443,304.8666666666667
2026-05-30 12:15:00,4092.0,284.0,0.13,0.03,4587.2128,306.825
2026-05-30 12:15:30,4100.0,299.0,0.13,0.03,4586.768,307.27916666666664
2026-05-30 12:16:00,4105.0,299.5,0.13,0.03,4586.3102,307.1458333333333
2026-05-30 12:16:30,4145.0,285.0,0.13,0.03,4585.8394,305.7708333333333
2026-05-30 12:17:00,4114.0,288.5,0.13,0.03,4585.3557,303.0875
2026-05-30 12:17:30,4112.0,283.0,0.13,0.03,4584.8592,300.5375
2026-05-30 12:18:00,4120.0,286.5,0.13,0.03,4584.35,300.32916666666665
2026-05-30 12:18:30,4163.0,290.0,0.13,0.03,4583.8282,299.4291666666667
2026-05-30 12:19:00,4136.0,302.0,0.13,0.03,4583.2938,297.8625
2026-05-30 12:19:30,4109.0,308.0,0.13,0.03,4582.7471,297.55833333333334
2026-05-30 12:20:00,4165.0,294.0,0.13,0.03,4582.1881,297.21666666666664
2026-05-30 12:20:30,4163.0,280.5,0.13,0.03,4581.6168,297.20416666666665
2026-05-30 12:21:00,4168.0,282.5,0.13,0.03,4581.0334,297.10833333333335
2026-05-30 12:21:30,4143.0,281.0,0.13,0.03,4580.438,297.2
2026-05-30 12:22:00,4163.0,292.0,0.13,0.03,4579.8306,297.56666666666666
2026-05-30 12:22:30,4131.0,291.0,0.13,0.03,4579.2114,298.025
2026-05-30 12:23:00,4163.0,291.5,0.13,0.03,4578.5805,298.45
2026-05-30 12:23:30,4152.0,295.0,0.13,0.03,4577.9379,299.3625
2026-05-30 12:24:00,4086.0,300.5,0.13,0.03,4577.2837,299.9791666666667
2026-05-30 12:24:30,4129.0,297.5,0.13,0.03,4576.6181,300.60833333333335
2026-05-30 12:25:00,4151.0,305.5,0.13,0.03,4575.9412,301.3041666666667
2026-05-30 12:25:30,4155.0,296.0,0.13,0.03,4575.2529,302.07916666666665
2026-05-30 12:26:00,4100.0,292.0,0.13,0.03,4574.5535,302.84583333333336
2026-05-30 12:26:30,4104.0,304.0,0.13,0.03,4573.843,303.6791666666667
2026-05-30 12:27:00,4120.0,290.0,0.13,0.03,4573.1215,304.5416666666667
2026-05-30 12:27:30,4122.0,293.0,0.13,0.03,4572.3892,305.35
2026-05-30 12:28:00,4085.0,301.0,0.13,0.03,4571.646,305.9166666666667
2026-05-30 12:28:30,4157.0,298.0,0.13,0.03,4570.8922,306.3333333333333
2026-05-30 12:29:00,4172.0,280.0,0.13,0.03,4570.1277,306.82916666666665
2026-05-30 12:29:30,4170.0,317.0,0.13,0.03,4569.3527,307.09583333333336
2026-05-30 12:30:00,4134.0,294.0,0.1254,0.0254,4568.5674,307.3875
2026-05-30 12:30:30,4103.0,307.0,0.1254,0.0254,4567.7717,307.6625
2026-05-30 12:31:00,4111.0,299.0,0.1254,0.0254,4566.9658,308.3041666666667
2026-05-30 12:31:30,4095.0,312.0,0.1254,0.0254,4566.1498,308.65416666666664
2026-05-30 12:32:00,4110.0,321.0,0.1254,0.0254,4565.3237,309.09166666666664
2026-05-30 12:32:30,4061.0,338.0,0.1254,0.0254,4564.4877,309.6125
2026-05-30 12:33:00,4128.0,297.0,0.1254,0.0254,4563.6419,310.13958333333335
2026-05-30 12:33:30,4066.0,307.75,0.1254,0.0254,4562.7863,310.8229166666667
2026-05-30 12:34:00,4119.0,318.5,0.1254,0.0254,4561.9211,311.45625
2026-05-30 12:34:30,4139.5,320.0,0.1254,0.0254,4561.0463,312.11041666666665
2026-05-30 12:35:00,4160.0,318.0,0.1254,0.0254,4560.1621,312.29791666666665
2026-05-30 12:35:30,4135.0,311.5,0.1254,0.0254,4559.2685,312.47291666666666
2026-05-30 12:36:00,4067.0,292.0,0.1254,0.0254,4558.3656,312.43541666666664
2026-05-30 12:36:30,4131.0,318.0,0.1254,0.0254,4557.4536,312.41875
2026-05-30 12:37:00,4063.0,312.5,0.1254,0.0254,4556.5325,312.3520833333333
2026-05-30 12:37:30,4134.0,305.0,0.1254,0.0254,4555.6024,312.3645833333333
2026-05-30 12:38:00,4065.0,304.0,0.1254,0.0254,4554.6634,312.5520833333333
2026-05-30 12:38:30,4133.0,290.0,0.1254,0.0254,4553.7157,312.6145833333333
2026-05-30 12:39:00,4081.0,297.5,0.1254,0.0254,4552.7592,312.70625
2026-05-30 12:39:30,4080.0,316.5,0.1254,0.0254,4551.7942,312.81458333333336
2026-05-30 12:40:00,4064.0,324.0,0.1254,0.0254,4550.8206,312.99791666666664
2026-05-30 12:40:30,4088.0,329.0,0.1254,0.0254,4549.8386,312.96458333333334
2026-05-30 12:41:00,4111.0,0.0,0.1254,0.0254,4548.8483,313.06041666666664
2026-05-30 12:41:30,4085.0,323.5,0.1254,0.0254,4547.8499,313.10625
2026-05-30 12:42:00,4115.0,222.0,0.1254,0.0254,4546.8432,313.40625
2026-05-30 12:42:30,4069.0,303.0,0.1254,0.0254,4545.8286,313.49791666666664
2026-05-30 12:43:00,4087.0,303.5,0.1254,0.0254,4544.806,313.84791666666666
2026-05-30 12:43:30,4086.0,302.5,0.1254,0.0254,4543.7756,314.23541666666665
2026-05-30 12:44:00,4140.0,298.0,0.1254,0.0254,4542.7374,314.41041666666666
2026-05-30 12:44:30,4143.0,460.0,0.1254,0.0254,4541.6916,314.72083333333336
2026-05-30 12:45:00,4165.5,289.5,0.122,0.022,4540.6383,315.00416666666666
2026-05-30 12:45:30,4188.0,224.0,0.122,0.022,4539.5775,315.55833333333334
2026-05-30 12:46:00,4157.0,294.0,0.122,0.022,4538.5093,316.075
2026-05-30 12:46:30,4150.0,296.0,0.122,0.022,4537.4339,316.2916666666667
2026-05-30 12:47:00,4177.0,313.0,0.122,0.022,4536.3513,317.1
2026-05-30 12:47:30,4124.0,308.0,0.122,0.022,4535.2616,317.95
2026-05-30 12:48:00,4136.0,235.0,0.122,0.022,4534.165,317.6666666666667
2026-05-30 12:48:30,4129.0,162.0,0.122,0.022,4533.0615,318.5375
2026-05-30 12:49:00,4131.0,322.5,0.122,0.022,4531.9511,319.68333333333334
2026-05-30 12:49:30,4087.0,313.0,0.122,0.022,4530.8341,321.05
2026-05-30 12:50:00,4101.0,339.5,0.122,0.022,4529.7105,321.175
2026-05-30 12:50:30,4115.0,330.5,0.122,0.022,4528.5804,320.65833333333336
2026-05-30 12:51:00,4094.0,366.0,0.122,0.022,4527.4439,320.25416666666666
2026-05-30 12:51:30,4138.0,401.0,0.122,0.022,4526.3011,319.95416666666665
2026-05-30 12:52:00,4145.0,398.0,0.122,0.022,4525.1521,319.9291666666667
2026-05-30 12:52:30,4137.0,391.5,0.122,0.022,4523.9969,321.2708333333333
2026-05-30 12:53:00,4115.0,402.0,0.122,0.022,4522.8357,322.3541666666667
2026-05-30 12:53:30,4139.0,364.0,0.122,0.022,4521.6686,322.78333333333336
2026-05-30 12:54:00,4137.0,361.0,0.122,0.022,4520.4957,322.5083333333333
2026-05-30 12:54:30,4198.0,374.0,0.122,0.022,4519.317,322.1958333333333
2026-05-30 12:55:00,4190.0,370.0,0.122,0.022,4518.1327,321.96666666666664
2026-05-30 12:55:30,4186.0,373.0,0.122,0.022,4516.9428,321.7875
2026-05-30 12:56:00,4159.0,385.0,0.122,0.022,4515.7475,321.62083333333334
2026-05-30 12:56:30,4126.0,390.0,0.122,0.022,4514.5468,321.4375
2026-05-30 12:57:00,4164.0,386.0,0.122,0.022,4513.3408,321.07916666666665
2026-05-30 12:57:30,4173.0,359.0,0.122,0.022,4512.1297,320.97083333333336
2026-05-30 12:58:00,4130.0,342.0,0.122,0.022,4510.9135,320.80833333333334
2026-05-30 12:58:30,4140.0,357.0,0.122,0.022,4509.6924,320.05833333333334
2026-05-30 12:59:00,4193.0,335.0,0.122,0.022,4508.4663,319.775
2026-05-30 12:59:30,4129.0,348.0,0.122,0.022,4507.2355,319.7416666666667
2026-05-30 13:00:00,4118.0,335.0,0.151,0.051,4506.0,319.7416666666667
2026-05-30 13:00:30,4193.0,366.5,0.151,0.051,4504.7259,319.6666666666667
2026-05-30 13:01:00,4196.0,345.0,0.151,0.051,4503.3798,319.1166666666667
2026-05-30 13:01:30,4163.0,349.5,0.151,0.051,4501.9624,318.5083333333333
2026-05-30 13:02:00,4166.0,358.0,0.151,0.051,4500.4743,317.8375
2026-05-30 13:02:30,4137.0,357.0,0.151,0.051,4498.9162,317.2708333333333
2026-05-30 13:03:00,4090.0,374.0,0.151,0.051,4497.2887,316.40416666666664
2026-05-30 13:03:30,4106.0,375.0,0.151,0.051,4495.5927,316.0625
2026-05-30 13:04:00,4104.0,372.5,0.151,0.051,4493.8287,315.42291666666665
2026-05-30 13:04:30,4076.0,312.0,0.151,0.051,4491.9975,315.36875
2026-05-30 13:05:00,4085.0,306.0,0.151,0.051,4490.0996,315.00416666666666
2026-05-30 13:05:30,4076.5,296.5,0.151,0.051,4488.1359,314.35833333333335
2026-05-30 13:06:00,4068.0,287.0,0.151,0.051,4486.1069,313.6458333333333
2026-05-30 13:06:30,4115.0,298.0,0.151,0.051,4484.0134,313.27916666666664
2026-05-30 13:07:00,4066.0,299.5,0.151,0.051,4481.856,312.27916666666664
2026-05-30 13:07:30,4115.0,334.0,0.151,0.051,4479.6355,311.89166666666665
2026-05-30 13:08:00,4089.0,314.5,0.151,0.051,4477.3524,311.94166666666666
2026-05-30 13:08:30,4077.0,308.0,0.151,0.051,4475.0076,311.60833333333335
2026-05-30 13:09:00,4096.0,302.5,0.151,0.051,4472.6016,311.1166666666667
2026-05-30 13:09:30,4046.0,316.5,0.151,0.051,4470.1351,310.7708333333333
2026-05-30 13:10:00,4078.0,301.0,0.151,0.051,4467.6089,310.5416666666667
2026-05-30 13:10:30,4108.0,313.0,0.151,0.051,4465.0235,310.125
2026-05-30 13:11:00,4107.0,304.0,0.151,0.051,4462.3798,308.575
2026-05-30 13:11:30,4083.0,320.0,0.151,0.051,4459.6783,310.65
2026-05-30 13:12:00,4061.0,308.0,0.151,0.051,4456.9197,309.77916666666664
2026-05-30 13:12:30,4034.0,335.0,0.151,0.051,4454.1048,309.6791666666667
2026-05-30 13:13:00,4044.0,337.0,0.151,0.051,4451.2342,309.1625
2026-05-30 13:13:30,4052.0,330.0,0.151,0.051,4448.3086,308.525
2026-05-30 13:14:00,4064.0,331.25,0.151,0.051,4445.3286,307.77916666666664
2026-05-30 13:14:30,4056.0,332.5,0.151,0.051,4442.295,307.2625
2026-05-30 13:15:00,4111.0,350.5,0.125,0.025,4439.2085,305.82916666666665
2026-05-30 13:15:30,4082.0,361.0,0.125,0.025,4436.0696,306.675
2026-05-30 13:16:00,4112.0,325.5,0.125,0.025,4432.8791,308.44166666666666
2026-05-30 13:16:30,4040.0,382.0,0.125,0.025,4429.6378,308.45
2026-05-30 13:17:00,4131.0,390.5,0.125,0.025,4426.3461,308.0
2026-05-30 13:17:30,4110.0,249.0,0.125,0.025,4423.0049,307.89166666666665
2026-05-30 13:18:00,4115.0,391.0,0.125,0.025,4419.6148,307.65833333333336
2026-05-30 13:18:30,4104.0,427.5,0.125,0.025,4416.1765,308.2416666666667
2026-05-30 13:19:00,4098.0,466.0,0.125,0.025,4412.6907,309.175
2026-05-30 13:19:30,4058.0,323.0,0.125,0.025,4409.1581,307.5208333333333
2026-05-30 13:20:00,4104.0,232.0,0.125,0.025,4405.5792,307.84583333333336
2026-05-30 13:20:30,4106.0,232.0,0.125,0.025,4401.9549,307.94166666666666
2026-05-30 13:21:00,4104.0,246.5,0.125,0.025,4398.2858,308.12916666666666
2026-05-30 13:21:30,4102.0,278.0,0.125,0.025,4394.5726,305.3875
2026-05-30 13:22:00,4116.0,453.0,0.125,0.025,4390.816,302.04583333333335
2026-05-30 13:22:30,4174.0,421.0,0.125,0.025,4387.0165,301.7291666666667
2026-05-30 13:23:00,4168.0,343.0,0.125,0.025,4383.1751,299.28333333333336
2026-05-30 13:23:30,4155.0,262.0,0.125,0.025,4379.2922,298.35
2026-05-30 13:24:00,4171.0,263.0,0.125,0.025,4375.3686,298.425
2026-05-30 13:24:30,4170.0,270.0,0.125,0.025,4371.4049,297.575
2026-05-30 13:25:00,4117.0,284.0,0.125,0.025,4367.4019,297.2916666666667
2026-05-30 13:25:30,4164.0,276.0,0.125,0.025,4363.3603,297.34166666666664
2026-05-30 13:26:00,4166.0,270.0,0.125,0.025,4359.2806,297.2916666666667
2026-05-30 13:26:30,4138.0,261.0,0.125,0.025,4355.1636,297.3875
2026-05-30 13:27:00,4155.0,277.0,0.125,0.025,4351.01,298.39166666666665
2026-05-30 13:27:30,4167.0,273.5,0.125,0.025,4346.8205,299.35833333333335
2026-05-30 13:28:00,4155.0,211.0,0.125,0.025,4342.5957,298.15
2026-05-30 13:28:30,4137.0,264.0,0.125,0.025,4338.3363,297.7125
2026-05-30 13:29:00,4130.0,276.0,0.125,0.025,4334.043,296.47083333333336
2026-05-30 13:29:30,4100.0,317.0,0.125,0.025,4329.7164,296.6791666666667
2026-05-30 13:30:00,4109.0,285.0,0.1472,0.0472,4325.3573,295.8625
2026-05-30 13:30:30,4063.0,241.0,0.1472,0.0472,4320.9664,295.6041666666667
2026-05-30 13:31:00,4091.0,226.0,0.1472,0.0472,4316.5443,295.275
2026-05-30 13:31:30,4086.0,231.5,0.1472,0.0472,4312.0916,295.9
2026-05-30 13:32:00,4109.0,253.0,0.1472,0.0472,4307.6092,296.1791666666667
2026-05-30 13:32:30,4058.0,234.0,0.1472,0.0472,4303.0975,296.675
2026-05-30 13:33:00,4055.0,256.0,0.1472,0.0472,4298.5575,297.275
2026-05-30 13:33:30,4105.0,231.0,0.1472,0.0472,4293.9896,297.5625
2026-05-30 13:34:00,4051.0,312.0,0.1472,0.0472,4289.3947,297.9291666666667
2026-05-30 13:34:30,4055.0,276.25,0.1472,0.0472,4284.7733,298.54583333333335
2026-05-30 13:35:00,4020.0,240.5,0.1472,0.0472,4280.1262,299.09583333333336
2026-05-30 13:35:30,4051.0,226.0,0.1472,0.0472,4275.4541,300.2291666666667
2026-05-30 13:36:00,4047.0,248.0,0.1472,0.0472,4270.7575,301.775
2026-05-30 13:36:30,4057.0,198.0,0.1472,0.0472,4266.0373,303.73333333333335
2026-05-30 13:37:00,4067.0,266.0,0.1472,0.0472,4261.294,303.59166666666664
2026-05-30 13:37:30,4031.0,311.0,0.1472,0.0472,4256.5285,304.59583333333336
2026-05-30 13:38:00,4047.0,264.0,0.1472,0.0472,4251.7412,304.3041666666667
2026-05-30 13:38:30,3994.0,231.0,0.1472,0.0472,4246.933,304.0875
2026-05-30 13:39:00,3983.0,256.0,0.1472,0.0472,4242.1045,304.1791666666667
2026-05-30 13:39:30,3974.0,289.0,0.1472,0.0472,4237.2564,304.32916666666665
2026-05-30 13:40:00,4002.0,274.0,0.1472,0.0472,4232.3894,304.6983333333334
2026-05-30 13:40:30,4008.0,143.0,0.1472,0.0472,4227.5041,305.5325
2026-05-30 13:41:00,4070.0,249.0,0.1472,0.0472,4222.6012,306.6025
2026-05-30 13:41:30,3997.0,219.0,0.1472,0.0472,4217.6815,308.0833333333333
2026-05-30 13:42:00,4038.0,210.0,0.1472,0.0472,4212.7455,309.76666666666665
2026-05-30 13:42:30,4013.0,241.0,0.1472,0.0472,4207.794,311.4583333333333
2026-05-30 13:43:00,4052.0,227.0,0.1472,0.0472,4202.8277,312.675
2026-05-30 13:43:30,4097.0,213.0,0.1472,0.0472,4197.8472,314.34166666666664
2026-05-30 13:44:00,4099.0,236.0,0.1472,0.0472,4192.8532,314.1666666666667
2026-05-30 13:44:30,4036.0,288.0,0.1472,0.0472,4187.8464,314.88125
2026-05-30 13:45:00,4105.0,391.0,0.1231,0.0231,4182.8275,315.99375
2026-05-30 13:45:30,4095.0,436.0,0.1231,0.0231,4177.7972,316.6979166666667
2026-05-30 13:46:00,4080.5,295.0,0.1231,0.0231,4172.7561,317.70625
2026-05-30 13:46:30,4066.0,242.0,0.1231,0.0231,4167.7049,318.80625
2026-05-30 13:47:00,4091.0,300.0,0.1231,0.0231,4162.6443,319.55625
2026-05-30 13:47:30,4136.0,280.0,0.1231,0.0231,4157.575,319.21875
2026-05-30 13:48:00,4141.0,305.0,0.1231,0.0231,4152.4977,321.6770833333333
2026-05-30 13:48:30,4061.0,274.0,0.1231,0.0231,4147.413,322.60625
2026-05-30 13:49:00,4107.0,124.0,0.1231,0.0231,4142.3216,323.06041666666664
2026-05-30 13:49:30,4132.0,352.0,0.1231,0.0231,4137.2242,321.61041666666665
2026-05-30 13:50:00,4080.0,351.0,0.1231,0.0231,4132.1215,322.49375
2026-05-30 13:50:30,4085.0,353.0,0.1231,0.0231,4127.0142,324.69375
2026-05-30 13:51:00,4134.0,37.0,0.1231,0.0231,4121.9029,326.3020833333333
2026-05-30 13:51:30,4129.0,0.0,0.1231,0.0231,4116.7884,327.88958333333335
2026-05-30 13:52:00,4122.5,360.0,0.1231,0.0231,4111.6712,329.31458333333336
2026-05-30 13:52:30,4116.0,98.0,0.1231,0.0231,4106.5522,329.38125
2026-05-30 13:53:00,4063.0,290.0,0.1231,0.0231,4101.4319,329.74791666666664
2026-05-30 13:53:30,4038.0,373.0,0.1231,0.0231,4096.3111,330.8645833333333
2026-05-30 13:54:00,4055.0,259.0,0.1231,0.0231,4091.1904,332.42291666666665
2026-05-30 13:54:30,4054.0,340.0,0.1231,0.0231,4086.0705,333.72291666666666
2026-05-30 13:55:00,4035.0,376.0,0.1231,0.0231,4080.9521,335.31041666666664
2026-05-30 13:55:30,4057.5,367.0,0.1231,0.0231,4075.8359,336.6354166666667
2026-05-30 13:56:00,4080.0,396.5,0.1231,0.0231,4070.7225,337.73541666666665
2026-05-30 13:56:30,4095.0,510.5,0.1231,0.0231,4065.6127,338.5854166666667
2026-05-30 13:57:00,4067.0,502.0,0.1231,0.0231,4060.507,340.37708333333336
2026-05-30 13:57:30,4073.0,214.0,0.1231,0.0231,4055.4063,340.95208333333335
2026-05-30 13:58:00,4034.0,289.5,0.1231,0.0231,4050.3112,341.2729166666667
2026-05-30 13:58:30,4045.0,208.0,0.1231,0.0231,4045.2223,341.80625
2026-05-30 13:59:00,4041.0,360.0,0.1231,0.0231,4040.1404,342.8229166666667
2026-05-30 13:59:30,4032.0,250.0,0.1231,0.0231,4035.066,343.08125
2026-05-30 14:00:00,4036.0,304.0,0.119,0.019,4030.0,342.9770833333333
2026-05-30 14:00:30,4032.0,327.0,0.119,0.019,4024.9073,343.0229166666667
2026-05-30 14:01:00,4030.0,420.0,0.119,0.019,4019.7529,342.81875
2026-05-30 14:01:30,4042.0,383.0,0.119,0.019,4014.5376,342.57708333333335
2026-05-30 14:02:00,4087.0,417.5,0.119,0.019,4009.2621,342.3645833333333
2026-05-30 14:02:30,4039.0,429.0,0.119,0.019,4003.9273,341.99375
2026-05-30 14:03:00,4012.0,408.5,0.119,0.019,3998.5338,341.86875
2026-05-30 14:03:30,4051.0,419.0,0.119,0.019,3993.0824,341.59375
2026-05-30 14:04:00,4044.0,446.5,0.119,0.019,3987.5739,341.28541666666666
2026-05-30 14:04:30,4037.0,378.0,0.119,0.019,3982.009,340.21875
2026-05-30 14:05:00,3975.0,442.0,0.119,0.019,3976.3885,339.5083333333333
2026-05-30 14:05:30,4034.0,482.0,0.119,0.019,3970.7132,340.42083333333335
2026-05-30 14:06:00,3984.0,522.0,0.119,0.019,3964.9837,340.7125
2026-05-30 14:06:30,4002.0,281.0,0.119,0.019,3959.2009,340.80694416666665
2026-05-30 14:07:00,3971.0,420.0,0.119,0.019,3953.3655,341.3041666666667
2026-05-30 14:07:30,3969.0,299.0,0.119,0.019,3947.4783,341.22083333333336
2026-05-30 14:08:00,3967.0,288.5,0.119,0.019,3941.54,340.75416666666666
2026-05-30 14:08:30,3996.0,319.0,0.119,0.019,3935.5514,340.90416666666664
2026-05-30 14:09:00,4012.0,320.5,0.119,0.019,3929.5133,341.2708333333333
2026-05-30 14:09:30,4019.0,360.8,0.119,0.019,3923.4263,341.15416666666664
2026-05-30 14:10:00,3955.0,401.1,0.119,0.019,3917.2912,341.07916666666665
2026-05-30 14:10:30,4011.0,441.4,0.119,0.019,3911.1089,340.8666666666667
2026-05-30 14:11:00,3973.0,481.7,0.119,0.019,3904.8801,341.95
2026-05-30 14:11:30,3926.0,522.0,0.119,0.019,3898.6054,341.9583333333333
2026-05-30 14:12:00,3924.0,511.0,0.119,0.019,3892.2857,342.0833333333333
2026-05-30 14:12:30,3934.0,481.0,0.119,0.019,3885.9218,342.80833333333334
2026-05-30 14:13:00,3967.0,537.0,0.119,0.019,3879.5143,342.6
2026-05-30 14:13:30,3904.0,309.0,0.119,0.019,3873.0641,342.7916666666667
2026-05-30 14:14:00,3920.0,417.0,0.119,0.019,3866.5719,343.575
2026-05-30 14:14:30,3959.0,466.0,0.119,0.019,3860.0385,344.2083333333333
2026-05-30 14:15:00,3962.0,435.0,0.15,0.05,3853.4646,343.64166666666665
2026-05-30 14:15:30,3814.0,482.0,0.15,0.05,3846.8509,342.8375
2026-05-30 14:16:00,3768.0,457.5,0.15,0.05,3840.1982,341.2375
2026-05-30 14:16:30,3903.0,472.0,0.15,0.05,3833.5074,340.6375
2026-05-30 14:17:00,3911.0,350.0,0.15,0.05,3826.7791,340.39166666666665
2026-05-30 14:17:30,3897.0,544.0,0.15,0.05,3820.014,339.8958333333333
2026-05-30 14:18:00,3906.0,502.5,0.15,0.05,3813.2131,339.57916666666665
2026-05-30 14:18:30,3915.0,482.0,0.15,0.05,3806.3769,339.29583333333335
2026-05-30 14:19:00,3932.0,292.0,0.15,0.05,3799.5063,339.23333333333335
2026-05-30 14:19:30,3900.0,429.0,0.15,0.05,3792.602,340.5833333333333
2026-05-30 14:20:00,3851.0,496.0,0.15,0.05,3785.6648,339.81666666666666
2026-05-30 14:20:30,3900.0,425.0,0.15,0.05,3778.6954,339.175
2026-05-30 14:21:00,3882.0,437.0,0.15,0.05,3771.6946,338.5416666666667
2026-05-30 14:21:30,3806.0,449.0,0.15,0.05,3764.6632,340.28333333333336
2026-05-30 14:22:00,3842.0,461.0,0.15,0.05,3757.6019,342.5833333333333
2026-05-30 14:22:30,3644.0,465.0,0.15,0.05,3750.5114,341.7708333333333
2026-05-30 14:23:00,3692.5,477.0,0.15,0.05,3743.3925,343.02916666666664
2026-05-30 14:23:30,3741.0,449.0,0.15,0.05,3736.246,343.2375
2026-05-30 14:24:00,3736.0,419.0,0.15,0.05,3729.0727,342.15416666666664
2026-05-30 14:24:30,3776.0,460.5,0.15,0.05,3721.8732,342.05833333333334
2026-05-30 14:25:00,3769.0,443.0,0.15,0.05,3714.6483,341.325
2026-05-30 14:25:30,3863.0,408.0,0.15,0.05,3707.3989,340.26666666666665
2026-05-30 14:26:00,3807.0,372.0,0.15,0.05,3700.1256,339.4166666666667
2026-05-30 14:26:30,3834.0,476.0,0.15,0.05,3692.8292,338.7875
2026-05-30 14:27:00,3817.0,346.0,0.15,0.05,3685.5105,336.43333333333334
2026-05-30 14:27:30,3852.0,312.0,0.15,0.05,3678.1702,334.65833333333336
2026-05-30 14:28:00,3917.0,275.0,0.15,0.05,3670.8091,334.9916666666667
2026-05-30 14:28:30,3906.0,386.0,0.15,0.05,3663.4279,334.87916666666666
2026-05-30 14:29:00,3874.0,307.0,0.15,0.05,3656.0274,335.3541666666667
2026-05-30 14:29:30,3824.0,304.5,0.15,0.05,3648.6084,334.5708333333333
2026-05-30 14:30:00,3819.0,290.5,0.1231,0.0231,3641.1716,334.68333333333334
2026-05-30 14:30:30,3809.0,216.5,0.1231,0.0231,3633.7177,334.34166666666664
2026-05-30 14:31:00,3817.0,197.0,0.1231,0.0231,3626.2475,333.6166666666667
2026-05-30 14:31:30,3808.0,206.0,0.1231,0.0231,3618.7618,332.15
2026-05-30 14:32:00,3693.0,208.5,0.1231,0.0231,3611.2614,330.475
2026-05-30 14:32:30,3746.0,219.0,0.1231,0.0231,3603.7469,329.2708333333333
2026-05-30 14:33:00,3714.0,223.0,0.1231,0.0231,3596.2192,327.4625
2026-05-30 14:33:30,3738.0,194.0,0.1231,0.0231,3588.6789,325.9916666666667
2026-05-30 14:34:00,3771.0,184.0,0.1231,0.0231,3581.127,324.925
2026-05-30 14:34:30,3716.0,191.0,0.1231,0.0231,3573.564,323.1125
2026-05-30 14:35:00,3717.0,350.0,0.1231,0.0231,3565.9908,321.65416666666664
2026-05-30 14:35:30,3719.0,261.0,0.1231,0.0231,3558.4081,319.97083333333336
2026-05-30 14:36:00,3717.0,259.3333,0.1231,0.0231,3550.8167,317.87083333333334
2026-05-30 14:36:30,3663.0,257.6667,0.1231,0.0231,3543.2174,314.67083333333335
2026-05-30 14:37:00,3678.0,256.0,0.1231,0.0231,3535.6108,314.57916666666665
2026-05-30 14:37:30,3725.0,255.0,0.1231,0.0231,3527.9978,313.4625
2026-05-30 14:38:00,3721.0,282.0,0.1231,0.0231,3520.3791,313.8375
2026-05-30 14:38:30,3690.5,275.0,0.1231,0.0231,3512.7554,314.78333333333336
2026-05-30 14:39:00,3660.0,242.0,0.1231,0.0231,3505.1276,314.475
2026-05-30 14:39:30,3662.0,280.0,0.1231,0.0231,3497.4963,314.4916666666667
2026-05-30 14:40:00,3629.0,248.5,0.1231,0.0231,3489.8624,314.21416666666664
2026-05-30 14:40:30,3692.0,273.0,0.1231,0.0231,3482.2266,313.755
2026-05-30 14:41:00,3691.0,250.0,0.1231,0.0231,3474.5896,312.8683333333333
2026-05-30 14:41:30,3621.0,234.0,0.1231,0.0231,3466.9522,311.6958333333333
2026-05-30 14:42:00,3614.0,297.0,0.1231,0.0231,3459.3152,310.1958333333333
2026-05-30 14:42:30,3583.0,216.0,0.1231,0.0231,3451.6792,308.7625
2026-05-30 14:43:00,3617.0,250.0,0.1231,0.0231,3444.0452,307.5541666666667
2026-05-30 14:43:30,3642.0,307.0,0.1231,0.0231,3436.4138,305.92083333333335
2026-05-30 14:44:00,3581.0,312.0,0.1231,0.0231,3428.7857,306.09583333333336
2026-05-30 14:44:30,3613.0,220.0,0.1231,0.0231,3421.1618,305.4291666666667
2026-05-30 14:45:00,3593.0,294.5,0.126,0.026,3413.5428,302.70416666666665
2026-05-30 14:45:30,3583.0,244.0,0.126,0.026,3405.9294,301.6125
2026-05-30 14:46:00,3493.0,223.0,0.126,0.026,3398.3225,300.2875
2026-05-30 14:46:30,3544.0,212.5,0.126,0.026,3390.7227,299.12916666666666
2026-05-30 14:47:00,3492.0,240.5,0.126,0.026,3383.1308,297.5541666666667
2026-05-30 14:47:30,3555.0,242.0,0.126,0.026,3375.5476,297.3208333333333
2026-05-30 14:48:00,3430.0,271.0,0.126,0.026,3367.9739,295.2291666666667
2026-05-30 14:48:30,3364.0,266.5,0.126,0.026,3360.4103,293.625
2026-05-30 14:49:00,3525.0,286.0,0.126,0.026,3352.8577,292.30833333333334
2026-05-30 14:49:30,3453.0,260.0,0.126,0.026,3345.3167,292.55
2026-05-30 14:50:00,3491.0,274.0,0.126,0.026,3337.7883,291.775
2026-05-30 14:50:30,3636.0,277.0,0.126,0.026,3330.273,290.275
2026-05-30 14:51:00,3633.0,246.0,0.126,0.026,3322.7717,289.44166666666666
2026-05-30 14:51:30,3613.0,276.0,0.126,0.026,3315.2852,288.39166666666665
2026-05-30 14:52:00,3543.0,262.5,0.126,0.026,3307.8141,287.31666666666666
2026-05-30 14:52:30,3590.0,249.0,0.126,0.026,3300.3593,286.10833333333335
2026-05-30 14:53:00,3654.0,315.0,0.126,0.026,3292.9215,284.9166666666667
2026-05-30 14:53:30,3605.0,243.0,0.126,0.026,3285.5014,283.6
2026-05-30 14:54:00,3603.5,247.5,0.126,0.026,3278.0998,282.4916666666667
2026-05-30 14:54:30,3602.0,252.0,0.126,0.026,3270.7175,281.52916666666664
2026-05-30 14:55:00,3575.0,249.0,0.126,0.026,3263.3552,280.27916666666664
2026-05-30 14:55:30,3579.0,265.0,0.126,0.026,3256.0137,279.21875
2026-05-30 14:56:00,3566.0,321.0,0.126,0.026,3248.6937,278.49375
2026-05-30 14:56:30,3570.0,228.0,0.126,0.026,3241.3961,277.90208333333334
2026-05-30 14:57:00,3556.0,289.0,0.126,0.026,3234.1214,276.57708333333335
2026-05-30 14:57:30,3578.0,254.0,0.126,0.026,3226.8706,276.20208333333335
2026-05-30 14:58:00,3569.0,276.0,0.126,0.026,3219.6443,275.69375
2026-05-30 14:58:30,3524.0,265.0,0.126,0.026,3212.4434,275.45625
2026-05-30 14:59:00,3579.0,266.0,0.126,0.026,3205.2685,274.43541666666664
2026-05-30 14:59:30,3583.0,263.5,0.126,0.026,3198.1205,274.03541666666666
2026-05-30 15:00:00,3589.0,263.0,0.125,0.025,3191.0,273.6479166666667
2026-05-30 15:00:30,3450.0,240.0,0.125,0.025,3183.8869,273.49791666666664
2026-05-30 15:01:00,3435.0,244.0,0.125,0.025,3176.7604,273.81875
2026-05-30 15:01:30,3372.0,182.0,0.125,0.025,3169.6211,274.28541666666666
2026-05-30 15:02:00,3379.0,273.0,0.125,0.025,3162.469,274.71875
2026-05-30 15:02:30,3411.0,212.0,0.125,0.025,3155.3046,275.12708333333336
2026-05-30 15:03:00,3419.0,232.0,0.125,0.025,3148.128,275.31041666666664
2026-05-30 15:03:30,3410.0,291.0,0.125,0.025,3140.9396,275.49375
2026-05-30 15:04:00,3379.0,229.0,0.125,0.025,3133.7397,275.91875
2026-05-30 15:04:30,3440.0,203.0,0.125,0.025,3126.5286,276.56458333333336
2026-05-30 15:05:00,3422.0,240.0,0.125,0.025,3119.3065,277.00625
2026-05-30 15:05:30,3447.0,230.0,0.125,0.025,3112.0738,276.28125
2026-05-30 15:06:00,3443.0,138.0,0.125,0.025,3104.8307,276.25625
2026-05-30 15:06:30,3447.0,270.0,0.125,0.025,3097.5775,276.2284725
2026-05-30 15:07:00,3522.0,286.0,0.125,0.025,3090.3146,276.42291666666665
2026-05-30 15:07:30,3469.0,344.0,0.125,0.025,3083.0421,276.49791666666664
2026-05-30 15:08:00,3458.0,402.0,0.125,0.025,3075.7604,276.46458333333334
2026-05-30 15:08:30,3508.0,282.0,0.125,0.025,3068.4698,276.24791666666664
2026-05-30 15:09:00,3514.0,322.5,0.125,0.025,3061.1706,276.1
2026-05-30 15:09:30,3458.5,327.5,0.125,0.025,3053.863,276.2375
2026-05-30 15:10:00,3403.0,346.0,0.125,0.025,3046.5474,275.97083333333336
2026-05-30 15:10:30,3429.0,335.0,0.125,0.025,3039.224,276.1333333333333
2026-05-30 15:11:00,3482.0,341.0,0.125,0.025,3031.8932,276.06666666666666
2026-05-30 15:11:30,3469.0,342.0,0.125,0.025,3024.5551,275.93333333333334
2026-05-30 15:12:00,3435.0,339.0,0.125,0.025,3017.2102,276.2083333333333
2026-05-30 15:12:30,3454.0,336.0,0.125,0.025,3009.8586,275.75
2026-05-30 15:13:00,3390.0,341.0,0.125,0.025,3002.5008,276.06666666666666
2026-05-30 15:13:30,3355.0,330.0,0.125,0.025,2995.1369,276.28333333333336
2026-05-30 15:14:00,3343.0,337.0,0.125,0.025,2987.7673,275.90833333333336
2026-05-30 15:14:30,3303.0,139.0,0.125,0.025,2980.3922,275.375
2026-05-30 15:15:00,3282.0,304.0,0.135,0.035,2973.012,275.68333333333334
2026-05-30 15:15:30,3261.0,323.0,0.135,0.035,2965.6269,275.4291666666667
2026-05-30 15:16:00,3316.0,318.5,0.135,0.035,2958.2372,275.57916666666665
2026-05-30 15:16:30,3169.0,283.0,0.135,0.035,2950.8432,275.9125
2026-05-30 15:17:00,3182.0,322.0,0.135,0.035,2943.4452,276.34166666666664
2026-05-30 15:17:30,3231.0,293.0,0.135,0.035,2936.0435,276.6041666666667
2026-05-30 15:18:00,3292.0,310.0,0.135,0.035,2928.6384,276.84583333333336
2026-05-30 15:18:30,3303.0,324.0,0.135,0.035,2921.2302,276.8125
2026-05-30 15:19:00,3286.0,321.0,0.135,0.035,2913.8191,276.93333333333334
2026-05-30 15:19:30,3277.0,336.0,0.135,0.035,2906.4054,276.775
2026-05-30 15:20:00,3283.0,316.0,0.135,0.035,2898.9895,276.8875
2026-05-30 15:20:30,3287.0,325.0,0.135,0.035,2891.5716,276.9
2026-05-30 15:21:00,3296.0,311.0,0.135,0.035,2884.1521,276.84166666666664
2026-05-30 15:21:30,3310.0,320.0,0.135,0.035,2876.7311,277.06666666666666
2026-05-30 15:22:00,3338.0,316.0,0.135,0.035,2869.309,276.925
2026-05-30 15:22:30,3330.0,322.0,0.135,0.035,2861.8861,277.04583333333335
2026-05-30 15:23:00,3285.0,319.0,0.135,0.035,2854.4627,277.2625
2026-05-30 15:23:30,3335.0,316.0,0.135,0.035,2847.039,276.79583333333335
2026-05-30 15:24:00,3270.0,303.5,0.135,0.035,2839.6154,277.01458333333335
2026-05-30 15:24:30,3292.0,310.5,0.135,0.035,2832.1921,277.28125
2026-05-30 15:25:00,3322.5,315.75,0.135,0.035,2824.7695,277.38125
2026-05-30 15:25:30,3353.0,321.0,0.135,0.035,2817.3477,277.6479166666667
2026-05-30 15:26:00,1913.0,301.0,0.135,0.035,2809.9272,277.7604166666667
2026-05-30 15:26:30,2915.0,317.0,0.135,0.035,2802.5082,277.5229166666667
2026-05-30 15:27:00,3339.0,301.0,0.135,0.035,2795.0909,277.8520833333333
2026-05-30 15:27:30,3347.0,251.0,0.135,0.035,2787.6757,277.1354166666667
2026-05-30 15:28:00,3190.0,246.5,0.135,0.035,2780.2629,277.2270833333333
2026-05-30 15:28:30,3157.0,263.5,0.135,0.035,2772.8528,277.1479166666667
2026-05-30 15:29:00,3165.0,259.0,0.135,0.035,2765.4456,277.77708333333334
2026-05-30 15:29:30,3130.0,258.0,0.135,0.035,2758.0416,277.62708333333336
2026-05-30 15:30:00,3243.0,272.5,0.136,0.036,2750.6411,277.1979166666667
2026-05-30 15:30:30,3287.0,255.0,0.136,0.036,2743.2445,277.06458333333336
2026-05-30 15:31:00,3279.0,253.0,0.136,0.036,2735.8519,277.26458333333335
2026-05-30 15:31:30,3254.0,258.0,0.136,0.036,2728.4637,277.32708333333335
2026-05-30 15:32:00,3289.0,257.5,0.136,0.036,2721.0803,277.62708333333336
2026-05-30 15:32:30,3239.0,241.0,0.136,0.036,2713.7017,277.32708333333335
2026-05-30 15:33:00,3261.0,245.0,0.136,0.036,2706.3285,278.02708333333334
2026-05-30 15:33:30,3256.0,245.0,0.136,0.036,2698.9608,277.95208333333335
2026-05-30 15:34:00,3089.0,261.5,0.136,0.036,2691.5989,277.66875
2026-05-30 15:34:30,3051.0,244.0,0.136,0.036,2684.2431,277.91041666666666
2026-05-30 15:35:00,2933.0,263.0,0.136,0.036,2676.8938,278.03541666666666
2026-05-30 15:35:30,3042.0,258.0,0.136,0.036,2669.5512,278.09375
2026-05-30 15:36:00,3114.0,256.0,0.136,0.036,2662.2155,278.26875
2026-05-30 15:36:30,3162.0,281.0,0.136,0.036,2654.8872,279.01875
2026-05-30 15:37:00,3112.0,265.0,0.136,0.036,2647.5664,278.56041666666664
2026-05-30 15:37:30,3000.0,251.0,0.136,0.036,2640.2535,278.1020833333333
2026-05-30 15:38:00,3135.0,256.0,0.136,0.036,2632.9487,277.2604166666667
2026-05-30 15:38:30,3172.0,257.25,0.136,0.036,2625.6524,275.98541666666665
2026-05-30 15:39:00,3161.0,258.5,0.136,0.036,2618.3648,275.82708333333335
2026-05-30 15:39:30,2986.0,248.0,0.136,0.036,2611.0862,275.12291666666664
2026-05-30 15:40:00,3025.0,268.0,0.136,0.036,2603.8169,274.36875
2026-05-30 15:40:30,3098.5,265.0,0.136,0.036,2596.5572,273.45208333333335
2026-05-30 15:41:00,3172.0,234.0,0.136,0.036,2589.3074,272.7604166666667
2026-05-30 15:41:30,3229.0,267.0,0.136,0.036,2582.0678,271.9770833333333
2026-05-30 15:42:00,3193.0,242.0,0.136,0.036,2574.8386,271.0104166666667
2026-05-30 15:42:30,3138.0,254.0,0.136,0.036,2567.6203,270.12708333333336
2026-05-30 15:43:00,3173.0,276.0,0.136,0.036,2560.4129,269.53541666666666
2026-05-30 15:43:30,3138.0,262.0,0.136,0.036,2553.2169,268.61875
2026-05-30 15:44:00,3133.0,248.0,0.136,0.036,2546.0325,267.87708333333336
2026-05-30 15:44:30,3165.0,257.0,0.136,0.036,2538.86,267.0520833333333
2026-05-30 15:45:00,3199.0,264.0,0.143,0.043,2531.6997,267.73541666666665
2026-05-30 15:45:30,3167.0,262.0,0.143,0.043,2524.5519,267.41041666666666
2026-05-30 15:46:00,3187.0,263.0,0.143,0.043,2517.4169,266.91041666666666
2026-05-30 15:46:30,3093.0,264.0,0.143,0.043,2510.295,266.37291666666664
2026-05-30 15:47:00,3106.0,272.0,0.143,0.043,2503.1864,266.0104166666667
2026-05-30 15:47:30,3081.0,271.0,0.143,0.043,2496.0914,265.53541666666666
2026-05-30 15:48:00,3073.0,267.0,0.143,0.043,2489.0104,265.3354166666667
2026-05-30 15:48:30,3122.0,281.0,0.143,0.043,2481.9437,264.8020833333333
2026-05-30 15:49:00,3085.0,267.0,0.143,0.043,2474.8914,264.1354166666667
2026-05-30 15:49:30,3165.0,273.5,0.143,0.043,2467.854,263.43541666666664
2026-05-30 15:50:00,3100.0,275.5,0.143,0.043,2460.8316,263.0854166666667
2026-05-30 15:50:30,3086.0,270.0,0.143,0.043,2453.8246,263.14375
2026-05-30 15:51:00,3089.0,273.0,0.143,0.043,2446.8333,263.04375
2026-05-30 15:51:30,3053.0,259.0,0.143,0.043,2439.858,263.02708333333334
2026-05-30 15:52:00,3127.0,277.0,0.143,0.043,2432.8989,262.8020833333333
2026-05-30 15:52:30,3039.0,275.0,0.143,0.043,2425.9564,262.62708333333336
2026-05-30 15:53:00,3075.0,259.0,0.143,0.043,2419.0307,262.36875
2026-05-30 15:53:30,3089.0,269.25,0.143,0.043,2412.1221,262.1770833333333
2026-05-30 15:54:00,3028.0,279.5,0.143,0.043,2405.2309,262.02708333333334
2026-05-30 15:54:30,3054.0,264.0,0.143,0.043,2398.3574,261.92291666666665
2026-05-30 15:55:00,3084.0,281.0,0.143,0.043,2391.5019,261.78125
2026-05-30 15:55:30,3020.0,278.5,0.143,0.043,2384.6647,261.625
2026-05-30 15:56:00,3009.0,292.5,0.143,0.043,2377.8461,261.45416666666665
2026-05-30 15:56:30,2998.0,267.5,0.143,0.043,2371.0463,261.3541666666667
2026-05-30 15:57:00,2992.0,203.0,0.143,0.043,2364.2656,261.1333333333333
2026-05-30 15:57:30,2951.0,265.0,0.143,0.043,2357.5044,260.9916666666667
2026-05-30 15:58:00,2861.0,266.5,0.143,0.043,2350.7629,261.40416666666664
2026-05-30 15:58:30,2742.0,340.5,0.143,0.043,2344.0414,261.975
2026-05-30 15:59:00,2782.0,248.0,0.143,0.043,2337.3403,262.25416666666666
2026-05-30 15:59:30,2802.0,212.0,0.143,0.043,2330.6597,262.50416666666666
2026-05-30 16:00:00,2840.0,247.0,0.1621,0.0621,2324.0,262.73333333333335
2026-05-30 16:00:30,2827.0,264.0,0.1621,0.0621,2317.3528,262.71666666666664
2026-05-30 16:01:00,2850.0,251.5,0.1621,0.0621,2310.7095,262.9
2026-05-30 16:01:30,2729.0,218.0,0.1621,0.0621,2304.0702,263.26666666666665
2026-05-30 16:02:00,2752.0,237.0,0.1621,0.0621,2297.435,263.34583333333336
2026-05-30 16:02:30,2771.0,296.0,0.1621,0.0621,2290.8041,263.51666666666665
2026-05-30 16:03:00,2838.0,223.0,0.1621,0.0621,2284.1776,263.9
2026-05-30 16:03:30,2820.0,257.0,0.1621,0.0621,2277.5556,264.14166666666665
2026-05-30 16:04:00,2705.0,258.0,0.1621,0.0621,2270.9381,264.55833333333334
2026-05-30 16:04:30,2925.0,218.0,0.1621,0.0621,2264.3253,264.72083333333336
2026-05-30 16:05:00,2942.0,247.0,0.1621,0.0621,2257.7173,264.87916666666666
2026-05-30 16:05:30,2998.0,251.0,0.1621,0.0621,2251.1142,264.87916666666666
2026-05-30 16:06:00,3069.0,228.0,0.1621,0.0621,2244.5161,265.0208333333333
2026-05-30 16:06:30,3126.0,215.0,0.1621,0.0621,2237.9231,265.15
2026-05-30 16:07:00,3072.0,231.0,0.1621,0.0621,2231.3354,264.9916666666667
2026-05-30 16:07:30,3057.0,243.0,0.1621,0.0621,2224.753,264.9916666666667
2026-05-30 16:08:00,3095.0,249.0,0.1621,0.0621,2218.1761,265.01666666666665
2026-05-30 16:08:30,3127.0,263.0,0.1621,0.0621,2211.6047,265.0416666666667
2026-05-30 16:09:00,3099.0,238.0,0.1621,0.0621,2205.039,264.99791666666664
2026-05-30 16:09:30,3126.0,237.0,0.1621,0.0621,2198.4791,264.7604166666667
2026-05-30 16:10:00,3065.0,236.0,0.1621,0.0621,2191.9251,264.31875
2026-05-30 16:10:30,3055.0,252.0,0.1621,0.0621,2185.377,263.66875
2026-05-30 16:11:00,3115.0,247.0,0.1621,0.0621,2178.8351,263.08958333333334
2026-05-30 16:11:30,3108.0,226.0,0.1621,0.0621,2172.2994,262.81458333333336
2026-05-30 16:12:00,3101.0,233.0,0.1621,0.0621,2165.77,262.20625
2026-05-30 16:12:30,3074.0,265.0,0.1621,0.0621,2159.247,261.79791666666665
2026-05-30 16:13:00,3063.0,231.0,0.1621,0.0621,2152.7306,261.2395833333333
2026-05-30 16:13:30,3041.0,241.0,0.1621,0.0621,2146.2209,260.31458333333336
2026-05-30 16:14:00,3107.0,238.0,0.1621,0.0621,2139.7179,259.65625
2026-05-30 16:14:30,2791.0,221.0,0.1621,0.0621,2133.2217,259.25625
2026-05-30 16:15:00,2736.0,265.0,0.1466,0.0466,2126.7326,258.65625
2026-05-30 16:15:30,2554.0,263.0,0.1466,0.0466,2120.2505,258.25208333333336
2026-05-30 16:16:00,2693.0,254.0,0.1466,0.0466,2113.7757,257.7104166666667
2026-05-30 16:16:30,2870.0,239.5,0.1466,0.0466,2107.3081,257.09375
2026-05-30 16:17:00,2991.0,265.0,0.1466,0.0466,2100.8479,256.50208333333336
2026-05-30 16:17:30,2986.0,269.0,0.1466,0.0466,2094.3953,255.87708333333333
2026-05-30 16:18:00,3048.0,246.0,0.1466,0.0466,2087.9503,255.31875
2026-05-30 16:18:30,3075.0,244.0,0.1466,0.0466,2081.5131,254.76875
2026-05-30 16:19:00,2917.0,237.0,0.1466,0.0466,2075.0837,254.08541666666667
2026-05-30 16:19:30,2981.0,294.0,0.1466,0.0466,2068.6623,253.43541666666667
2026-05-30 16:20:00,2942.0,323.0,0.1466,0.0466,2062.2489,252.83958333333334
2026-05-30 16:20:30,2940.0,313.0,0.1466,0.0466,2055.8438,252.08541666666667
2026-05-30 16:21:00,2975.0,309.0,0.1466,0.0466,2049.4469,251.58541666666667
2026-05-30 16:21:30,2889.0,293.0,0.1466,0.0466,2043.0584,250.97708333333333
2026-05-30 16:22:00,2808.0,295.0,0.1466,0.0466,2036.6784,250.44375
2026-05-30 16:22:30,2809.0,291.0,0.1466,0.0466,2030.3071,249.81041666666667
2026-05-30 16:23:00,2569.0,296.0,0.1466,0.0466,2023.9444,249.14375
2026-05-30 16:23:30,2700.0,298.0,0.1466,0.0466,2017.5906,248.66875
2026-05-30 16:24:00,2550.0,291.0,0.1466,0.0466,2011.2458,247.975
2026-05-30 16:24:30,2318.0,293.5,0.1466,0.0466,2004.91,247.1625
2026-05-30 16:25:00,2402.0,297.0,0.1466,0.0466,1998.5834,246.37916666666666
2026-05-30 16:25:30,2628.0,300.5,0.1466,0.0466,1992.266,245.50416666666666
2026-05-30 16:26:00,2693.0,289.0,0.1466,0.0466,1985.958,244.68333333333334
2026-05-30 16:26:30,2720.0,290.5,0.1466,0.0466,1979.6595,243.75833333333333
2026-05-30 16:27:00,2784.0,284.0,0.1466,0.0466,1973.3706,243.05416666666667
2026-05-30 16:27:30,2848.0,300.5,0.1466,0.0466,1967.0915,242.92916666666667
2026-05-30 16:28:00,2860.0,315.0,0.1466,0.0466,1960.8221,242.29583333333332
2026-05-30 16:28:30,2682.0,297.0,0.1466,0.0466,1954.5627,241.525
2026-05-30 16:29:00,2674.0,289.0,0.1466,0.0466,1948.3132,240.89583333333334
2026-05-30 16:29:30,2664.0,285.5,0.1466,0.0466,1942.074,240.45416666666668
2026-05-30 16:30:00,2580.0,270.5,0.1712,0.0712,1935.845,239.97916666666666
2026-05-30 16:30:30,2455.0,277.0,0.1712,0.0712,1929.6264,239.29583333333332
2026-05-30 16:31:00,2643.0,297.0,0.1712,0.0712,1923.4182,238.05416666666667
2026-05-30 16:31:30,2607.0,267.5,0.1712,0.0712,1917.2206,237.08333333333334
2026-05-30 16:32:00,2647.0,278.0,0.1712,0.0712,1911.0337,236.55833333333334
2026-05-30 16:32:30,2634.1667,287.0,0.1712,0.0712,1904.8576,236.20833333333334
2026-05-30 16:33:00,2621.3333,274.0,0.1712,0.0712,1898.6925,236.03333333333333
2026-05-30 16:33:30,2608.5,295.0,0.1712,0.0712,1892.5383,235.675
2026-05-30 16:34:00,2595.6667,281.0,0.1712,0.0712,1886.3953,235.05
2026-05-30 16:34:30,2582.8333,263.0,0.1712,0.0712,1880.2635,234.775
2026-05-30 16:35:00,2570.0,263.0,0.1712,0.0712,1874.143,234.16666666666666
2026-05-30 16:35:30,2684.0,275.0,0.1712,0.0712,1868.034,233.23333333333332
2026-05-30 16:36:00,2660.0,271.5,0.1712,0.0712,1861.9366,232.18333333333334
2026-05-30 16:36:30,2742.0,262.0,0.1712,0.0712,1855.8508,230.9125
2026-05-30 16:37:00,2684.0,265.0,0.1712,0.0712,1849.7769,230.00416666666666
2026-05-30 16:37:30,2680.0,254.0,0.1712,0.0712,1843.7148,229.25833333333333
2026-05-30 16:38:00,2716.0,259.0,0.1712,0.0712,1837.6647,228.19166666666666
2026-05-30 16:38:30,2733.0,252.0,0.1712,0.0712,1831.6267,227.99166666666667
2026-05-30 16:39:00,2741.0,230.0,0.1712,0.0712,1825.601,227.375
2026-05-30 16:39:30,2697.0,195.0,0.1712,0.0712,1819.5876,227.43333333333334
2026-05-30 16:40:00,2728.0,190.0,0.1712,0.0712,1813.5866,227.0
2026-05-30 16:40:30,2796.0,195.5,0.1712,0.0712,1807.5982,227.15833333333333
2026-05-30 16:41:00,2743.0,201.0,0.1712,0.0712,1801.6224,226.625
2026-05-30 16:41:30,2726.0,194.0,0.1712,0.0712,1795.6594,226.16666666666666
2026-05-30 16:42:00,2729.0,193.0,0.1712,0.0712,1789.7092,225.87083333333334
2026-05-30 16:42:30,2721.0,187.0,0.1712,0.0712,1783.7721,225.50416666666666
2026-05-30 16:43:00,2713.0,165.0,0.1712,0.0712,1777.848,224.82916666666668
2026-05-30 16:43:30,2717.0,183.0,0.1712,0.0712,1771.9372,224.42916666666667
2026-05-30 16:44:00,2716.0,200.0,0.1712,0.0712,1766.0396,223.95416666666668
2026-05-30 16:44:30,2720.0,185.0,0.1712,0.0712,1760.1555,223.57083333333333
2026-05-30 16:45:00,2767.0,215.5,0.17,0.07,1754.2849,223.39166666666668
2026-05-30 16:45:30,2769.0,197.0,0.17,0.07,1748.428,222.78333333333333
2026-05-30 16:46:00,2718.0,189.0,0.17,0.07,1742.5847,222.23333333333332
2026-05-30 16:46:30,2702.0,193.0,0.17,0.07,1736.7554,221.75416666666666
2026-05-30 16:47:00,2698.0,197.0,0.17,0.07,1730.94,221.39166666666668
2026-05-30 16:47:30,2673.0,204.0,0.17,0.07,1725.1387,220.68333333333334
2026-05-30 16:48:00,2684.0,201.0,0.17,0.07,1719.3516,220.075
2026-05-30 16:48:30,2601.0,199.0,0.17,0.07,1713.5788,219.75
2026-05-30 16:49:00,2589.0,189.0,0.17,0.07,1707.8203,219.15833333333333
2026-05-30 16:49:30,2559.0,202.0,0.17,0.07,1702.0764,218.78333333333333
2026-05-30 16:50:00,2501.0,185.0,0.17,0.07,1696.3471,217.80833333333334
2026-05-30 16:50:30,2439.0,210.0,0.17,0.07,1690.6326,216.77916666666667
2026-05-30 16:51:00,2494.0,200.0,0.17,0.07,1684.9329,215.4625
2026-05-30 16:51:30,2439.0,195.0,0.17,0.07,1679.2481,213.7625
2026-05-30 16:52:00,2443.0,201.0,0.17,0.07,1673.5784,212.74583333333334
2026-05-30 16:52:30,2405.0,195.0,0.17,0.07,1667.9238,211.52083333333334
2026-05-30 16:53:00,2376.0,202.0,0.17,0.07,1662.2846,210.44166666666666
2026-05-30 16:53:30,2356.0,186.0,0.17,0.07,1656.6607,209.35833333333332
2026-05-30 16:54:00,2363.0,182.0,0.17,0.07,1651.0523,208.25
2026-05-30 16:54:30,2332.0,170.0,0.17,0.07,1645.4595,206.95
2026-05-30 16:55:00,2279.0,176.0,0.17,0.07,1639.8824,205.9625
2026-05-30 16:55:30,2232.0,180.0,0.17,0.07,1634.3212,205.02916666666667
2026-05-30 16:56:00,2265.0,181.5,0.17,0.07,1628.7759,203.98333333333332
2026-05-30 16:56:30,2148.0,183.0,0.17,0.07,1623.2466,202.86666666666667
2026-05-30 16:57:00,2143.0,188.0,0.17,0.07,1617.7335,202.07083333333333
2026-05-30 16:57:30,2146.0,189.0,0.17,0.07,1612.2366,201.27361083333332
2026-05-30 16:58:00,2190.0,174.0,0.17,0.07,1606.7561,200.28333333333333
2026-05-30 16:58:30,2234.0,265.0,0.17,0.07,1601.2921,199.11666666666667
2026-05-30 16:59:00,2260.0,195.0,0.17,0.07,1595.8447,198.18541666666667
2026-05-30 16:59:30,2259.5,155.0,0.17,0.07,1590.4139,197.40625
2026-05-30 17:00:00,2259.0,165.0,0.2062,0.1062,1585.0,196.57291666666666
2026-05-30 17:00:30,2197.0,115.0,0.2062,0.1062,1579.6017,196.05104166666666
2026-05-30 17:01:00,2051.0,135.0,0.2062,0.1062,1574.2178,195.66145833333334
2026-05-30 17:01:30,2136.0,155.0,0.2062,0.1062,1568.848,195.29166666666666
2026-05-30 17:02:00,2069.0,195.0,0.2062,0.1062,1563.4924,195.35416666666666
2026-05-30 17:02:30,2007.0,275.0,0.2062,0.1062,1558.1508,195.16666666666666
2026-05-30 17:03:00,1950.0,180.0,0.2062,0.1062,1552.823,194.74166666666667
2026-05-30 17:03:30,2006.0,182.0,0.2062,0.1062,1547.509,194.5
2026-05-30 17:04:00,2030.0,225.0,0.2062,0.1062,1542.2087,194.0
2026-05-30 17:04:30,2114.0,145.0,0.2062,0.1062,1536.9218,193.7
2026-05-30 17:05:00,2146.0,135.0,0.2062,0.1062,1531.6484,193.46666666666667
2026-05-30 17:05:30,2188.0,125.0,0.2062,0.1062,1526.3883,198.65
2026-05-30 17:06:00,2185.0,75.5,0.2062,0.1062,1521.1413,198.10833333333332
2026-05-30 17:06:30,2353.0,106.0,0.2062,0.1062,1515.9074,197.7625
2026-05-30 17:07:00,2293.0,141.5,0.2062,0.1062,1510.6865,197.32916666666668
2026-05-30 17:07:30,2233.0,115.0,0.2062,0.1062,1505.4783,196.7875
2026-05-30 17:08:00,2326.0,225.0,0.2062,0.1062,1500.2829,196.17083333333332
2026-05-30 17:08:30,2384.0,189.0,0.2062,0.1062,1495.1001,195.42916666666667
2026-05-30 17:09:00,2320.0,245.0,0.2062,0.1062,1489.9298,194.9125
2026-05-30 17:09:30,2265.0,185.0,0.2062,0.1062,1484.7718,194.4125
2026-05-30 17:10:00,2320.0,255.0,0.2062,0.1062,1479.6261,194.37083333333334
2026-05-30 17:10:30,2292.0,188.0,0.2062,0.1062,1474.4925,194.5375
2026-05-30 17:11:00,2326.0,192.0,0.2062,0.1062,1469.371,194.74166666666667
2026-05-30 17:11:30,2313.0,190.5,0.2062,0.1062,1464.2613,194.81666666666666
2026-05-30 17:12:00,2286.0,189.0,0.2062,0.1062,1459.1634,194.61666666666667
2026-05-30 17:12:30,2284.0,184.0,0.2062,0.1062,1454.0772,194.59166666666667
2026-05-30 17:13:00,2222.0,183.0,0.2062,0.1062,1449.0026,194.7
2026-05-30 17:13:30,2190.0,184.0,0.2062,0.1062,1443.9394,195.075
2026-05-30 17:14:00,2158.0,192.0,0.2062,0.1062,1438.8875,195.34166666666667
2026-05-30 17:14:30,2137.0,199.5,0.2062,0.1062,1433.8468,195.50833333333333
2026-05-30 17:15:00,2086.0,192.0,0.225,0.125,1428.8172,195.38333333333333
2026-05-30 17:15:30,2112.0,197.0,0.225,0.125,1423.7986,195.0875
2026-05-30 17:16:00,2171.0,196.5,0.225,0.125,1418.7908,194.8625
2026-05-30 17:16:30,2173.0,196.0,0.225,0.125,1413.7938,194.75416666666666
2026-05-30 17:17:00,2083.0,180.0,0.225,0.125,1408.8074,194.6625
2026-05-30 17:17:30,2202.0,196.0,0.225,0.125,1403.8315,194.5875
2026-05-30 17:18:00,2176.0,207.0,0.225,0.125,1398.866,194.50416666666666
2026-05-30 17:18:30,2173.0,173.0,0.225,0.125,1393.9108,194.49583333333334
2026-05-30 17:19:00,2149.0,192.0,0.225,0.125,1388.9657,194.42083333333332
2026-05-30 17:19:30,2112.0,177.0,0.225,0.125,1384.0307,194.5125
2026-05-30 17:20:00,2068.0,199.5,0.225,0.125,1379.1056,194.57916666666668
2026-05-30 17:20:30,2056.0,155.0,0.225,0.125,1374.1904,194.5375
2026-05-30 17:21:00,2103.0,105.0,0.225,0.125,1369.2848,194.20416666666668
2026-05-30 17:21:30,2102.0,171.0,0.225,0.125,1364.3888,193.45416666666668
2026-05-30 17:22:00,2120.0,148.0,0.225,0.125,1359.5023,192.70416666666668
2026-05-30 17:22:30,2043.0,161.5,0.225,0.125,1354.6251,191.8625
2026-05-30 17:23:00,2061.0,166.0,0.225,0.125,1349.7572,191.15416666666667
2026-05-30 17:23:30,2060.0,165.0,0.225,0.125,1344.8983,190.47083333333333
2026-05-30 17:24:00,2113.0,135.0,0.225,0.125,1340.0485,190.0875
2026-05-30 17:24:30,2054.0,175.0,0.225,0.125,1335.2076,189.57083333333333
2026-05-30 17:25:00,2052.0,185.0,0.225,0.125,1330.3754,189.07083333333333
2026-05-30 17:25:30,2027.0,175.0,0.225,0.125,1325.5519,188.6875
2026-05-30 17:26:00,2026.0,155.0,0.225,0.125,1320.7369,188.4375
2026-05-30 17:26:30,1967.0,195.0,0.225,0.125,1315.9304,188.09166666666667
2026-05-30 17:27:00,1940.0,188.3333,0.225,0.125,1311.1321,187.925
2026-05-30 17:27:30,1887.0,181.6667,0.225,0.125,1306.3421,187.7
2026-05-30 17:28:00,1910.0,175.0,0.225,0.125,1301.5601,187.475
2026-05-30 17:28:30,1946.0,185.25,0.225,0.125,1296.7861,187.2875
2026-05-30 17:29:00,1915.5,195.5,0.225,0.125,1292.0199,186.25416666666666
2026-05-30 17:29:30,1885.0,185.5,0.225,0.125,1287.2615,186.0375
2026-05-30 17:30:00,1852.0,207.875,0.2408,0.1408,1282.5106,185.97083333333333
2026-05-30 17:30:30,1788.0,230.25,0.2408,0.1408,1277.7673,185.84166666666667
2026-05-30 17:31:00,1753.0,252.625,0.2408,0.1408,1273.0313,186.15
2026-05-30 17:31:30,1690.0,275.0,0.2408,0.1408,1268.3026,186.375
2026-05-30 17:32:00,1672.0,255.5,0.2408,0.1408,1263.581,186.325
2026-05-30 17:32:30,1761.5,236.0,0.2408,0.1408,1258.8665,186.00833333333333
2026-05-30 17:33:00,1851.0,245.0,0.2408,0.1408,1254.1589,185.05
2026-05-30 17:33:30,1937.0,235.0,0.2408,0.1408,1249.4581,184.78333333333333
2026-05-30 17:34:00,1906.0,245.0,0.2408,0.1408,1244.7639,184.64166666666668
2026-05-30 17:34:30,1877.0,235.0,0.2408,0.1408,1240.0763,184.1
2026-05-30 17:35:00,1846.0,885.0,0.2408,0.1408,1235.3952,184.14166666666668
2026-05-30 17:35:30,1850.0,210.0,0.2408,0.1408,1230.7204,184.425
2026-05-30 17:36:00,1822.0,230.0,0.2408,0.1408,1226.0519,184.63333333333333
2026-05-30 17:36:30,1850.0,210.0,0.2408,0.1408,1221.3894,185.35416666666666
2026-05-30 17:37:00,1851.0,200.0,0.2408,0.1408,1216.7329,185.82916666666668
2026-05-30 17:37:30,1774.0,180.0,0.2408,0.1408,1212.0823,185.93333333333334
2026-05-30 17:38:00,1764.0,170.0,0.2408,0.1408,1207.4375,186.15
2026-05-30 17:38:30,1700.0,190.0,0.2408,0.1408,1202.7982,185.51666666666668
2026-05-30 17:39:00,1682.0,170.0,0.2408,0.1408,1198.1645,185.23333333333332
2026-05-30 17:39:30,1710.0,190.0,0.2408,0.1408,1193.5363,184.35833333333332
2026-05-30 17:40:00,1769.0,210.0,0.2408,0.1408,1188.9133,183.96666666666667
2026-05-30 17:40:30,1801.0,220.0,0.2408,0.1408,1184.2954,182.925
2026-05-30 17:41:00,1800.0,210.0,0.2408,0.1408,1179.6827,182.56666666666666
2026-05-30 17:41:30,1740.0,170.0,0.2408,0.1408,1175.0748,182.0
2026-05-30 17:42:00,1806.0,190.0,0.2408,0.1408,1170.4718,181.79583333333332
2026-05-30 17:42:30,1785.0,200.0,0.2408,0.1408,1165.8736,181.47916666666666
2026-05-30 17:43:00,1808.0,210.0,0.2408,0.1408,1161.2799,181.1375
2026-05-30 17:43:30,1837.0,215.0,0.2408,0.1408,1156.6907,180.87916666666666
2026-05-30 17:44:00,1804.0,220.0,0.2408,0.1408,1152.1058,180.65
2026-05-30 17:44:30,1805.0,170.0,0.2408,0.1408,1147.5252,180.39166666666668
2026-05-30 17:45:00,1806.0,180.0,0.2479,0.1479,1142.9487,180.1125
2026-05-30 17:45:30,1807.0,170.0,0.2479,0.1479,1138.3763,179.7375
2026-05-30 17:46:00,1783.0,176.0,0.2479,0.1479,1133.8077,179.2875
2026-05-30 17:46:30,1767.5,182.0,0.2479,0.1479,1129.2429,178.80833333333334
2026-05-30 17:47:00,1752.0,188.0,0.2479,0.1479,1124.6818,178.425
2026-05-30 17:47:30,1720.0,194.0,0.2479,0.1479,1120.1243,178.225
2026-05-30 17:48:00,1725.0,200.0,0.2479,0.1479,1115.5701,178.08333333333334
2026-05-30 17:48:30,1715.0,190.0,0.2479,0.1479,1111.0193,177.68333333333334
2026-05-30 17:49:00,1747.0,200.0,0.2479,0.1479,1106.4717,177.45833333333334
2026-05-30 17:49:30,1744.0,210.0,0.2479,0.1479,1101.9272,177.09166666666667
2026-05-30 17:50:00,1722.0,180.0,0.2479,0.1479,1097.3857,176.8375
2026-05-30 17:50:30,1748.0,170.0,0.2479,0.1479,1092.847,176.38333333333333
2026-05-30 17:51:00,1693.0,110.0,0.2479,0.1479,1088.311,176.2875
2026-05-30 17:51:30,1696.0,105.0,0.2479,0.1479,1083.7777,176.59583333333333
2026-05-30 17:52:00,1661.0,100.0,0.2479,0.1479,1079.2469,176.34166666666667
2026-05-30 17:52:30,1718.0,110.0,0.2479,0.1479,1074.7184,176.26666666666668
2026-05-30 17:53:00,1707.5,120.0,0.2479,0.1479,1070.1923,176.12083333333334
2026-05-30 17:53:30,1697.0,140.0,0.2479,0.1479,1065.6683,175.92083333333332
2026-05-30 17:54:00,1661.0,120.0,0.2479,0.1479,1061.1463,175.7125
2026-05-30 17:54:30,1694.0,110.0,0.2479,0.1479,1056.6263,175.75
2026-05-30 17:55:00,1695.0,130.0,0.2479,0.1479,1052.1081,175.45
2026-05-30 17:55:30,1691.0,150.0,0.2479,0.1479,1047.5916,175.3
2026-05-30 17:56:00,1696.0,140.0,0.2479,0.1479,1043.0766,175.06666666666666
2026-05-30 17:56:30,1666.0,163.0,0.2479,0.1479,1038.5631,175.03333333333333
2026-05-30 17:57:00,1669.0,161.0,0.2479,0.1479,1034.051,174.70833333333334
2026-05-30 17:57:30,1604.0,162.0,0.2479,0.1479,1029.5401,174.27222250000003
2026-05-30 17:58:00,1660.0,151.5,0.2479,0.1479,1025.0303,174.03333333333333
2026-05-30 17:58:30,1655.0,141.0,0.2479,0.1479,1020.5215,173.80833333333334
2026-05-30 17:59:00,1623.0,169.0,0.2479,0.1479,1016.0136,173.57291666666666
2026-05-30 17:59:30,1613.3333,147.0,0.2479,0.1479,1011.5065,173.23125
2026-05-30 18:00:00,1603.6667,149.5,0.2455,0.1455,1007.0,172.95208333333332
2026-05-30 18:00:30,1594.0,152.0,0.2455,0.1455,1002.4921,172.303125
2026-05-30 18:01:00,1553.0,162.0,0.2455,0.1455,997.981,171.559375
2026-05-30 18:01:30,1555.0,149.0,0.2455,0.1455,993.4669,170.60416666666666
2026-05-30 18:02:00,1552.0,157.0,0.2455,0.1455,988.95,169.47083333333333
2026-05-30 18:02:30,1521.0,160.0,0.2455,0.1455,984.4305,168.44166666666666
2026-05-30 18:03:00,1520.0,148.0,0.2455,0.1455,979.9085,167.6
2026-05-30 18:03:30,1551.0,165.0,0.2455,0.1455,975.3844,166.80833333333334
2026-05-30 18:04:00,1491.0,160.0,0.2455,0.1455,970.8582,165.96666666666667
2026-05-30 18:04:30,1480.0,150.0,0.2455,0.1455,966.3301,164.98333333333332
2026-05-30 18:05:00,1516.0,169.0,0.2455,0.1455,961.8005,164.21666666666667
2026-05-30 18:05:30,1482.0,150.0,0.2455,0.1455,957.2695,157.9
2026-05-30 18:06:00,1479.5,162.0,0.2455,0.1455,952.7372,157.4
2026-05-30 18:06:30,1477.0,163.0,0.2455,0.1455,948.2039,156.525
2026-05-30 18:07:00,1465.0,154.0,0.2455,0.1455,943.6697,156.01666666666668
2026-05-30 18:07:30,1453.0,141.0,0.2455,0.1455,939.135,155.4
2026-05-30 18:08:00,1377.0,149.0,0.2455,0.1455,934.5998,155.04166666666666
2026-05-30 18:08:30,1384.0,155.0,0.2455,0.1455,930.0644,154.71666666666667
2026-05-30 18:09:00,1416.0,140.0,0.2455,0.1455,925.5289,154.21666666666667
2026-05-30 18:09:30,1419.0,138.0,0.2455,0.1455,920.9936,153.9
2026-05-30 18:10:00,1415.0,130.0,0.2455,0.1455,916.4587,153.425
2026-05-30 18:10:30,1365.0,145.0,0.2455,0.1455,911.9244,152.775
2026-05-30 18:11:00,1432.0,124.0,0.2455,0.1455,907.3908,152.15
2026-05-30 18:11:30,1380.0,166.0,0.2455,0.1455,902.8582,151.46666666666667
2026-05-30 18:12:00,1352.0,151.0,0.2455,0.1455,898.3268,151.13333333333333
2026-05-30 18:12:30,1367.0,143.0,0.2455,0.1455,893.7967,150.7
2026-05-30 18:13:00,1348.0,152.0,0.2455,0.1455,889.2682,150.25
2026-05-30 18:13:30,1363.0,156.5,0.2455,0.1455,884.7414,150.04166666666666
2026-05-30 18:14:00,1378.0,161.0,0.2455,0.1455,880.2166,149.85833333333332
2026-05-30 18:14:30,1335.0,166.0,0.2455,0.1455,875.694,149.65
2026-05-30 18:15:00,1333.0,147.0,0.2372,0.1372,871.1737,149.8625
2026-05-30 18:15:30,1341.0,143.0,0.2372,0.1372,866.656,149.99583333333334
2026-05-30 18:16:00,1349.0,139.0,0.2372,0.1372,862.141,150.15416666666667
2026-05-30 18:16:30,1279.0,150.0,0.2372,0.1372,857.629,150.17083333333332
2026-05-30 18:17:00,1348.0,156.0,0.2372,0.1372,853.1201,150.27916666666667
2026-05-30 18:17:30,1287.0,179.0,0.2372,0.1372,848.6146,150.12916666666666
2026-05-30 18:18:00,1286.0,159.0,0.2372,0.1372,844.1127,150.17083333333332
2026-05-30 18:18:30,1306.0,146.0,0.2372,0.1372,839.6145,150.05416666666667
2026-05-30 18:19:00,1305.0,148.0,0.2372,0.1372,835.1202,149.9375
2026-05-30 18:19:30,1311.0,146.5,0.2372,0.1372,830.6301,149.79583333333332
2026-05-30 18:20:00,1258.0,145.0,0.2372,0.1372,826.1444,149.5125
2026-05-30 18:20:30,1246.0,143.5,0.2372,0.1372,821.6632,149.54583333333332
2026-05-30 18:21:00,1244.0,142.0,0.2372,0.1372,817.1867,149.59583333333333
2026-05-30 18:21:30,1243.0,140.5,0.2372,0.1372,812.7152,150.17083333333332
2026-05-30 18:22:00,1268.0,139.0,0.2372,0.1372,808.2489,151.04583333333332
2026-05-30 18:22:30,1287.0,144.0,0.2372,0.1372,803.7879,151.57083333333333
2026-05-30 18:23:00,1257.0,142.0,0.2372,0.1372,799.3324,152.24583333333334
2026-05-30 18:23:30,1226.0,140.0,0.2372,0.1372,794.8826,152.7375
2026-05-30 18:24:00,1204.0,139.5,0.2372,0.1372,790.4389,153.1875
2026-05-30 18:24:30,1212.0,139.0,0.2372,0.1372,786.0012,153.6375
2026-05-30 18:25:00,1226.0,167.0,0.2372,0.1372,781.5699,154.17916666666667
2026-05-30 18:25:30,1182.0,147.0,0.2372,0.1372,777.1451,154.5625
2026-05-30 18:26:00,1025.0,151.0,0.2372,0.1372,772.7271,154.77083333333334
2026-05-30 18:26:30,1023.0,156.0,0.2372,0.1372,768.316,155.1625
2026-05-30 18:27:00,1030.0,136.0,0.2372,0.1372,763.912,155.27916666666667
2026-05-30 18:27:30,1071.0,153.0,0.2372,0.1372,759.5154,155.50416666666666
2026-05-30 18:28:00,1124.0,148.0,0.2372,0.1372,755.1263,155.70416666666668
2026-05-30 18:28:30,1164.0,157.0,0.2372,0.1372,750.7449,156.01666666666668
2026-05-30 18:29:00,1093.0,154.5,0.2372,0.1372,746.3715,156.4125
2026-05-30 18:29:30,1054.0,152.0,0.2372,0.1372,742.0062,156.57083333333333
2026-05-30 18:30:00,1080.0,130.0,0.2408,0.1408,737.6492,157.02916666666667
2026-05-30 18:30:30,1037.0,141.0,0.2408,0.1408,733.3007,157.37916666666666
2026-05-30 18:31:00,1021.5,138.0,0.2408,0.1408,728.961,157.62083333333334
2026-05-30 18:31:30,1006.0,139.0,0.2408,0.1408,724.6302,157.82083333333333
2026-05-30 18:32:00,980.0,132.0,0.2408,0.1408,720.3085,158.2125
2026-05-30 18:32:30,1067.0,135.0,0.2408,0.1408,715.9962,158.4375
2026-05-30 18:33:00,1043.0,150.0,0.2408,0.1408,711.6934,158.82916666666668
2026-05-30 18:33:30,939.0,134.0,0.2408,0.1408,707.4003,158.7125
2026-05-30 18:34:00,1000.0,127.0,0.2408,0.1408,703.1171,158.47916666666666
2026-05-30 18:34:30,1017.0,143.0,0.2408,0.1408,698.844,158.2375
2026-05-30 18:35:00,993.5,127.0,0.2408,0.1408,694.5813,158.10416666666666
2026-05-30 18:35:30,970.0,150.0,0.2408,0.1408,690.3291,157.87083333333334
2026-05-30 18:36:00,910.0,125.0,0.2408,0.1408,686.0876,157.72916666666666
2026-05-30 18:36:30,970.0,149.0,0.2408,0.1408,681.857,157.47083333333333
2026-05-30 18:37:00,939.0,126.0,0.2408,0.1408,677.6375,157.2625
2026-05-30 18:37:30,897.0,137.0,0.2408,0.1408,673.4293,156.87083333333334
2026-05-30 18:38:00,894.0,131.0,0.2408,0.1408,669.2327,156.72916666666666
2026-05-30 18:38:30,841.0,130.0,0.2408,0.1408,665.0478,156.57083333333333
2026-05-30 18:39:00,821.0,132.0,0.2408,0.1408,660.8748,156.3125
2026-05-30 18:39:30,898.0,133.0,0.2408,0.1408,656.7138,156.22916666666666
2026-05-30 18:40:00,896.0,132.0,0.2408,0.1408,652.5652,156.07916666666668
2026-05-30 18:40:30,857.0,145.0,0.2408,0.1408,648.4292,156.02083333333334
2026-05-30 18:41:00,799.0,128.0,0.2408,0.1408,644.3058,155.80416666666667
2026-05-30 18:41:30,748.0,130.0,0.2408,0.1408,640.1953,155.8625
2026-05-30 18:42:00,698.0,138.0,0.2408,0.1408,636.0979,155.55416666666667
2026-05-30 18:42:30,746.0,146.0,0.2408,0.1408,632.0139,155.42083333333332
2026-05-30 18:43:00,765.0,185.0,0.2408,0.1408,627.9433,155.17916666666667
2026-05-30 18:43:30,692.0,193.0,0.2408,0.1408,623.8864,154.97083333333333
2026-05-30 18:44:00,613.0,195.0,0.2408,0.1408,619.8435,154.83333333333334
2026-05-30 18:44:30,537.0,195.5,0.2408,0.1408,615.8146,154.725
2026-05-30 18:45:00,533.0,196.0,0.2506,0.1506,611.8001,154.55833333333334
2026-05-30 18:45:30,487.0,189.0,0.2506,0.1506,607.8,154.53333333333333
2026-05-30 18:46:00,496.0,178.0,0.2506,0.1506,603.8147,154.525
2026-05-30 18:46:30,488.0,195.0,0.2506,0.1506,599.8442,154.53333333333333
2026-05-30 18:47:00,480.0,170.0,0.2506,0.1506,595.8888,154.38333333333333
2026-05-30 18:47:30,423.0,199.0,0.2506,0.1506,591.9488,154.1
2026-05-30 18:48:00,429.0,186.0,0.2506,0.1506,588.0242,153.75
2026-05-30 18:48:30,470.0,176.0,0.2506,0.1506,584.1153,153.50833333333333
2026-05-30 18:49:00,510.0,183.0,0.2506,0.1506,580.2223,153.31666666666666
2026-05-30 18:49:30,517.0,176.0,0.2506,0.1506,576.3454,153.15
2026-05-30 18:50:00,566.0,184.0,0.2506,0.1506,572.4848,153.04583333333332
2026-05-30 18:50:30,582.0,176.0,0.2506,0.1506,568.6407,152.85416666666666
2026-05-30 18:51:00,626.0,179.0,0.2506,0.1506,564.8132,152.80833333333334
2026-05-30 18:51:30,658.0,210.0,0.2506,0.1506,561.0027,152.76666666666668
2026-05-30 18:52:00,564.0,163.0,0.2506,0.1506,557.2092,152.6875
2026-05-30 18:52:30,524.0,191.0,0.2506,0.1506,553.4331,152.75416666666666
2026-05-30 18:53:00,428.0,179.0,0.2506,0.1506,549.6744,152.69583333333333
2026-05-30 18:53:30,366.0,194.0,0.2506,0.1506,545.9334,152.7125
2026-05-30 18:54:00,337.0,174.0,0.2506,0.1506,542.2102,152.8375
2026-05-30 18:54:30,335.0,175.0,0.2506,0.1506,538.5052,152.75
2026-05-30 18:55:00,302.0,176.0,0.2506,0.1506,534.8184,152.71666666666667
2026-05-30 18:55:30,277.0,175.0,0.2506,0.1506,531.1501,152.4
2026-05-30 18:56:00,285.0,187.0,0.2506,0.1506,527.5005,152.34166666666667
2026-05-30 18:56:30,281.0,177.0,0.2506,0.1506,523.8698,152.275
2026-05-30 18:57:00,302.0,188.0,0.2506,0.1506,520.2582,152.125
2026-05-30 18:57:30,281.0,186.0,0.2506,0.1506,516.6658,152.16666666666666
2026-05-30 18:58:00,283.0,189.0,0.2506,0.1506,513.0929,152.89166666666668
2026-05-30 18:58:30,285.0,188.5,0.2506,0.1506,509.5397,152.73333333333332
2026-05-30 18:59:00,330.0,188.0,0.2506,0.1506,506.0063,153.425
2026-05-30 18:59:30,312.0,202.0,0.2506,0.1506,502.493,154.05416666666667
2026-05-30 19:00:00,279.0,191.5,0.2506,0.1506,499.0,154.68333333333334
2026-05-30 19:00:30,269.0,181.0,0.2506,0.1506,495.5202,155.475
2026-05-30 19:01:00,219.0,186.0,0.2506,0.1506,492.0464,156.15416666666667
2026-05-30 19:01:30,215.0,196.0,0.2506,0.1506,488.5787,156.8375
2026-05-30 19:02:00,216.5,184.0,0.2506,0.1506,485.1172,157.42916666666667
2026-05-30 19:02:30,218.0,207.0,0.2506,0.1506,481.6619,158.0375
2026-05-30 19:03:00,277.0,134.0,0.2506,0.1506,478.213,158.57916666666668
2026-05-30 19:03:30,273.0,137.0,0.2506,0.1506,474.7704,158.95416666666668
2026-05-30 19:04:00,287.0,131.0,0.2506,0.1506,471.3343,159.42083333333332
2026-05-30 19:04:30,301.0,134.0,0.2506,0.1506,467.9047,159.9180558333333
2026-05-30 19:05:00,305.0,141.0,0.2506,0.1506,464.4817,160.25416666666666
2026-05-30 19:05:30,330.0,133.0,0.2506,0.1506,461.0653,160.69583333333333
2026-05-30 19:06:00,322.0,131.0,0.2506,0.1506,457.6557,160.9180558333333
2026-05-30 19:06:30,356.0,138.0,0.2506,0.1506,454.2529,161.32083333333333
2026-05-30 19:07:00,374.0,107.0,0.2506,0.1506,450.8569,161.49583333333334
2026-05-30 19:07:30,377.0,124.0,0.2506,0.1506,447.4679,161.83472249999997
2026-05-30 19:08:00,394.0,130.0,0.2506,0.1506,444.0859,162.05416666666667
2026-05-30 19:08:30,372.0,124.0,0.2506,0.1506,440.7109,162.29583333333332
2026-05-30 19:09:00,404.0,130.0,0.2506,0.1506,437.3431,162.50416666666666
2026-05-30 19:09:30,337.0,120.0,0.2506,0.1506,433.9825,162.65416666666667
2026-05-30 19:10:00,358.0,123.0,0.2506,0.1506,430.6292,162.7680558333333
2026-05-30 19:10:30,344.0,119.0,0.2506,0.1506,427.2833,162.8625
2026-05-30 19:11:00,385.0,131.0,0.2506,0.1506,423.9448,162.82083333333333
2026-05-30 19:11:30,349.0,129.0,0.2506,0.1506,420.6137,162.8930558333333
2026-05-30 19:12:00,413.0,135.0,0.2506,0.1506,417.2903,162.92083333333332
2026-05-30 19:12:30,450.0,114.0,0.2506,0.1506,413.9744,162.85416666666666
2026-05-30 19:13:00,403.0,127.0,0.2506,0.1506,410.6663,162.80416666666667
2026-05-30 19:13:30,456.0,140.0,0.2506,0.1506,407.3659,162.34583333333333
2026-05-30 19:14:00,459.0,148.0,0.2506,0.1506,404.0734,161.77916666666667
2026-05-30 19:14:30,417.0,146.0,0.2506,0.1506,400.7887,161.15416666666667
2026-05-30 19:15:00,365.0,144.0,0.2663,0.1663,397.5121,160.50833333333333
2026-05-30 19:15:30,399.0,142.0,0.2663,0.1663,394.2435,159.84166666666667
2026-05-30 19:16:00,379.0,140.0,0.2663,0.1663,390.983,159.21666666666667
2026-05-30 19:16:30,325.0,132.0,0.2663,0.1663,387.7307,158.66666666666666
2026-05-30 19:17:00,345.0,122.0,0.2663,0.1663,384.4867,157.95833333333334
2026-05-30 19:17:30,333.5,137.0,0.2663,0.1663,381.251,157.43055583333333
2026-05-30 19:18:00,322.0,130.0,0.2663,0.1663,378.0236,156.63333333333333
2026-05-30 19:18:30,353.0,123.0,0.2663,0.1663,374.8048,155.91666666666666
2026-05-30 19:19:00,294.0,128.0,0.2663,0.1663,371.5945,155.2625
2026-05-30 19:19:30,292.0,134.0,0.2663,0.1663,368.3927,154.52916666666667
2026-05-30 19:20:00,292.5,122.0,0.2663,0.1663,365.1997,153.83333333333334
2026-05-30 19:20:30,293.0,138.0,0.2663,0.1663,362.0154,153.05
2026-05-30 19:21:00,318.0,137.0,0.2663,0.1663,358.8399,152.3125
2026-05-30 19:21:30,330.0,131.0,0.2663,0.1663,355.6732,151.52916666666667
2026-05-30 19:22:00,271.0,147.0,0.2663,0.1663,352.5156,150.46666666666667
2026-05-30 19:22:30,272.0,137.0,0.2663,0.1663,349.3669,149.775
2026-05-30 19:23:00,299.0,144.0,0.2663,0.1663,346.2274,148.76666666666668
2026-05-30 19:23:30,271.0,155.0,0.2663,0.1663,343.097,147.8027775
2026-05-30 19:24:00,267.0,129.0,0.2663,0.1663,339.9758,146.65833333333333
2026-05-30 19:24:30,266.0,135.0,0.2663,0.1663,336.8639,145.625
2026-05-30 19:25:00,265.0,129.0,0.2663,0.1663,333.7614,144.5
2026-05-30 19:25:30,271.0,140.0,0.2663,0.1663,330.6683,143.28333333333333
2026-05-30 19:26:00,242.0,143.0,0.2663,0.1663,327.5847,142.9
2026-05-30 19:26:30,238.0,138.0,0.2663,0.1663,324.5107,142.99166666666667
2026-05-30 19:27:00,240.0,141.0,0.2663,0.1663,321.4464,143.1
2026-05-30 19:27:30,235.0,240.0,0.2663,0.1663,318.3917,143.03333333333333
2026-05-30 19:28:00,211.0,129.0,0.2663,0.1663,315.3469,143.06666666666666
2026-05-30 19:28:30,209.0,240.0,0.2663,0.1663,312.3118,143.04722249999998
2026-05-30 19:29:00,208.0,230.0,0.2663,0.1663,309.2868,143.00416666666666
2026-05-30 19:29:30,211.0,227.5,0.2663,0.1663,306.2717,142.9375
2026-05-30 19:30:00,185.0,225.0,0.2841,0.1841,303.2666,142.8375
2026-05-30 19:30:30,182.0,222.5,0.2841,0.1841,300.2717,142.78333333333333
2026-05-30 19:31:00,151.0,220.0,0.2841,0.1841,297.287,142.775
2026-05-30 19:31:30,153.0,210.0,0.2841,0.1841,294.3126,142.80833333333334
2026-05-30 19:32:00,151.0,205.0,0.2841,0.1841,291.3485,142.71666666666667
2026-05-30 19:32:30,155.0,200.0,0.2841,0.1841,288.3948,142.68333333333334
2026-05-30 19:33:00,154.5,195.0,0.2841,0.1841,285.4516,142.5
2026-05-30 19:33:30,154.0,190.0,0.2841,0.1841,282.5189,142.96666666666667
2026-05-30 19:34:00,156.0,186.6667,0.2841,0.1841,279.5968,143.61666666666667
2026-05-30 19:34:30,152.0,183.3333,0.2841,0.1841,276.6855,144.525
2026-05-30 19:35:00,147.0,180.0,0.2841,0.1841,273.7848,145.075
2026-05-30 19:35:30,146.6667,176.6667,0.2841,0.1841,270.8951,145.48333333333332
2026-05-30 19:36:00,146.3333,173.3333,0.2841,0.1841,268.0162,145.875
2026-05-30 19:36:30,146.0,170.0,0.2841,0.1841,265.1482,146.45
2026-05-30 19:37:00,148.0,166.6667,0.2841,0.1841,262.2913,146.46666666666667
2026-05-30 19:37:30,147.0,163.3333,0.2841,0.1841,259.4455,147.24166666666667
2026-05-30 19:38:00,117.0,160.0,0.2841,0.1841,256.6109,147.79166666666666
2026-05-30 19:38:30,86.0,155.0,0.2841,0.1841,253.7875,148.26388916666664
2026-05-30 19:39:00,85.0,150.0,0.2841,0.1841,250.9754,148.75833333333333
2026-05-30 19:39:30,86.0,146.6667,0.2841,0.1841,248.1747,149.175
2026-05-30 19:40:00,84.0,143.3333,0.2841,0.1841,245.3854,149.75833333333333
2026-05-30 19:40:30,86.0,140.0,0.2841,0.1841,242.6077,150.35833333333332
2026-05-30 19:41:00,85.0,136.6667,0.2841,0.1841,239.8416,151.03333333333333
2026-05-30 19:41:30,83.0,133.3333,0.2841,0.1841,237.0871,151.65
2026-05-30 19:42:00,86.0,130.0,0.2841,0.1841,234.3443,152.325
2026-05-30 19:42:30,83.0,140.0,0.2841,0.1841,231.6133,152.78333333333333
2026-05-30 19:43:00,80.0,130.0,0.2841,0.1841,228.8942,153.38888916666664
2026-05-30 19:43:30,79.0,125.0,0.2841,0.1841,226.1871,153.85833333333332
2026-05-30 19:44:00,78.0,120.0,0.2841,0.1841,223.4919,154.19166666666666
2026-05-30 19:44:30,76.0,118.0,0.2841,0.1841,220.8088,154.54166666666666
2026-05-30 19:45:00,47.0,116.0,0.2905,0.1905,218.1378,154.76944416666666
2026-05-30 19:45:30,44.0,114.0,0.2905,0.1905,215.4791,154.875
2026-05-30 19:46:00,36.0,112.0,0.2905,0.1905,212.8326,154.85833333333332
2026-05-30 19:46:30,35.875,110.0,0.2905,0.1905,210.1985,154.775
2026-05-30 19:47:00,35.75,106.6667,0.2905,0.1905,207.5769,154.925
2026-05-30 19:47:30,35.625,103.3333,0.2905,0.1905,204.9677,155.075
2026-05-30 19:48:00,35.5,100.0,0.2905,0.1905,202.371,155.01666666666668
2026-05-30 19:48:30,35.375,97.5,0.2905,0.1905,199.787,154.93333333333334
2026-05-30 19:49:00,35.25,95.0,0.2905,0.1905,197.2157,154.92222249999998
2026-05-30 19:49:30,35.125,92.5,0.2905,0.1905,194.6572,154.88333333333333
2026-05-30 19:50:00,35.0,90.0,0.2905,0.1905,192.1115,154.80833333333334
2026-05-30 19:50:30,36.0,87.5,0.2905,0.1905,189.5787,154.8472225
2026-05-30 19:51:00,35.0,85.0,0.2905,0.1905,187.0588,154.76666666666668
2026-05-30 19:51:30,36.0,82.5,0.2905,0.1905,184.5521,154.70833333333334
2026-05-30 19:52:00,35.0,80.0,0.2905,0.1905,182.0584,154.61666666666667
2026-05-30 19:52:30,33.0,70.0,0.2905,0.1905,179.5779,154.475
2026-05-30 19:53:00,31.0,63.3333,0.2905,0.1905,177.1107,154.38888916666664
2026-05-30 19:53:30,29.0,56.6667,0.2905,0.1905,174.6568,154.21666666666667
2026-05-30 19:54:00,27.0,50.0,0.2905,0.1905,172.2163,153.925
2026-05-30 19:54:30,26.0,40.0,0.2905,0.1905,169.7892,153.93333333333334
2026-05-30 19:55:00,25.0,30.0,0.2905,0.1905,167.3757,153.85
2026-05-30 19:55:30,24.3333,129.0,0.2905,0.1905,164.9758,153.775
2026-05-30 19:56:00,23.6667,198.0,0.2905,0.1905,162.5895,153.65
2026-05-30 19:56:30,23.0,190.0,0.2905,0.1905,160.217,153.54166666666666
2026-05-30 19:57:00,22.5,180.0,0.2905,0.1905,157.8583,153.39166666666668
2026-05-30 19:57:30,22.0,190.0,0.2905,0.1905,155.5135,153.3
2026-05-30 19:58:00,0.0,186.6667,0.2905,0.1905,153.1826,152.3
2026-05-30 19:58:30,0.0,183.3333,0.2905,0.1905,150.8658,152.30833333333334
2026-05-30 19:59:00,0.0,180.0,0.2905,0.1905,148.563,151.30833333333334
2026-05-30 19:59:30,0.0,190.0,0.2905,0.1905,146.2744,150.475
2026-05-30 20:00:00,0.0,185.0,0.2629,0.1629,144.0,149.57916666666668
2026-05-30 20:00:30,0.0,180.0,0.2629,0.1629,141.7373,148.74583333333334
2026-05-30 20:01:00,0.0,190.0,0.2629,0.1629,139.4836,147.975
2026-05-30 20:01:30,0.0,185.0,0.2629,0.1629,137.2389,147.14166666666668
2026-05-30 20:02:00,0.0,180.0,0.2629,0.1629,135.0034,146.475
2026-05-30 20:02:30,0.0,185.0,0.2629,0.1629,132.7771,145.76666666666668
2026-05-30 20:03:00,0.0,190.0,0.2629,0.1629,130.56,145.12083333333334
2026-05-30 20:03:30,0.0,215.0,0.2629,0.1629,128.352,144.5375
2026-05-30 20:04:00,0.0,240.0,0.2629,0.1629,126.1534,144.01666666666668
2026-05-30 20:04:30,0.0,200.0,0.2629,0.1629,123.9641,143.5444441666667
2026-05-30 20:05:00,0.0,190.0,0.2629,0.1629,121.7841,143.01666666666668
2026-05-30 20:05:30,0.0,180.0,0.2629,0.1629,119.6135,142.48888916666664
2026-05-30 20:06:00,0.0,200.0,0.2629,0.1629,117.4523,141.96111083333335
2026-05-30 20:06:30,0.0,140.0,0.2629,0.1629,115.3005,141.43333333333334
2026-05-30 20:07:00,0.0,200.0,0.2629,0.1629,113.1583,141.01666666666668
2026-05-30 20:07:30,0.0,190.0,0.2629,0.1629,111.0256,140.5444441666667
2026-05-30 20:08:00,0.0,186.6667,0.2629,0.1629,108.9024,140.18333333333334
2026-05-30 20:08:30,0.0,183.3333,0.2629,0.1629,106.7889,139.87777749999998
2026-05-30 20:09:00,0.0,180.0,0.2629,0.1629,104.685,139.64166666666668
2026-05-30 20:09:30,0.0,190.0,0.2629,0.1629,102.5908,139.475
2026-05-30 20:10:00,0.0,195.0,0.2629,0.1629,100.5063,139.2944441666667
2026-05-30 20:10:30,0.0,200.0,0.2629,0.1629,98.4316,139.1
2026-05-30 20:11:00,0.0,205.0,0.2629,0.1629,96.3666,138.9125
2026-05-30 20:11:30,0.0,210.0,0.2629,0.1629,94.3115,138.7319441666667
2026-05-30 20:12:00,0.0,190.0,0.2629,0.1629,92.2663,138.55833333333334
2026-05-30 20:12:30,0.0,186.6667,0.2629,0.1629,90.231,138.39166666666668
2026-05-30 20:13:00,0.0,183.3333,0.2629,0.1629,88.2056,138.225
2026-05-30 20:13:30,0.0,180.0,0.2629,0.1629,86.1902,138.13240749999997
2026-05-30 20:14:00,0.0,190.0,0.2629,0.1629,84.1848,138.07222249999998
2026-05-30 20:14:30,0.0,173.3333,0.2629,0.1629,82.1894,138.044445
2026-05-30 20:15:00,0.0,156.6667,0.2758,0.1758,80.2042,138.02407499999998
2026-05-30 20:15:30,0.0,140.0,0.2758,0.1758,78.2291,138.01111166666666
2026-05-30 20:16:00,0.0,130.0,0.2758,0.1758,76.2641,138.00555583333332
2026-05-30 20:16:30,0.0,150.0,0.2758,0.1758,74.3094,138.00740749999997
2026-05-30 20:17:00,0.0,140.0,0.2758,0.1758,72.3649,138.01666666666668
2026-05-30 20:17:30,0.0,130.0,0.2758,0.1758,70.4307,138.0444441666667
2026-05-30 20:18:00,0.0,120.0,0.2758,0.1758,68.5068,138.18333333333334
2026-05-30 20:18:30,0.0,121.6667,0.2758,0.1758,66.5933,138.37083333333334
2026-05-30 20:19:00,0.0,123.3333,0.2758,0.1758,64.6901,138.6
2026-05-30 20:19:30,0.0,125.0,0.2758,0.1758,62.7974,138.87083333333334
2026-05-30 20:20:00,0.0,126.6667,0.2758,0.1758,60.9152,139.18333333333334
2026-05-30 20:20:30,0.0,128.3333,0.2758,0.1758,59.0434,139.43333333333334
2026-05-30 20:21:00,0.0,130.0,0.2758,0.1758,57.1822,139.74583333333334
2026-05-30 20:21:30,0.0,120.0,0.2758,0.1758,55.3316,140.12083333333334
2026-05-30 20:22:00,0.0,130.0,0.2758,0.1758,53.4916,140.43333333333334
2026-05-30 20:22:30,0.0,126.6667,0.2758,0.1758,51.6623,140.7858975
2026-05-30 20:23:00,0.0,123.3333,0.2758,0.1758,49.8436,141.24102583333334
2026-05-30 20:23:30,0.0,120.0,0.2758,0.1758,48.0357,141.77094083333336
2026-05-30 20:24:00,0.0,130.0,0.2758,0.1758,46.2385,142.37564166666667
2026-05-30 20:24:30,0.0,125.0,0.2758,0.1758,44.4522,143.05512916666666
2026-05-30 20:25:00,0.0,120.0,0.2758,0.1758,42.6767,143.83718083333332
2026-05-30 20:25:30,0.0,125.0,0.2758,0.1758,40.912,144.72179583333335
2026-05-30 20:26:00,0.0,130.0,0.2758,0.1758,39.1583,144.80064166666668
2026-05-30 20:26:30,0.0,120.0,0.2758,0.1758,37.4156,144.32371833333335
2026-05-30 20:27:00,0.0,130.0,0.2758,0.1758,35.6838,143.9326925
2026-05-30 20:27:30,0.0,120.0,0.2758,0.1758,33.9631,143.64423083333335
2026-05-30 20:28:00,0.0,130.0,0.2758,0.1758,32.2534,143.29166666666666
2026-05-30 20:28:30,0.0,120.0,0.2758,0.1758,30.5548,142.98611083333336
2026-05-30 20:29:00,0.0,130.0,0.2758,0.1758,28.8674,142.79166666666666
2026-05-30 20:29:30,0.0,120.0,0.2758,0.1758,27.1912,142.70833333333334
2026-05-30 20:30:00,0.0,125.0,0.275,0.175,25.5262,142.70833333333334
2026-05-30 20:30:30,0.0,130.0,0.275,0.175,23.8724,142.41666666666666
2026-05-30 20:31:00,0.0,120.0,0.275,0.175,22.2299,142.20833333333334
2026-05-30 20:31:30,0.0,130.0,0.275,0.175,20.5988,141.95833333333334
2026-05-30 20:32:00,0.0,120.0,0.275,0.175,0.0,141.77777749999998
2026-05-30 20:32:30,0.0,122.5,0.275,0.175,0.0,141.66666666666666
2026-05-30 20:33:00,0.0,125.0,0.275,0.175,0.0,141.54166666666666
2026-05-30 20:33:30,0.0,127.5,0.275,0.175,0.0,141.20833333333334
2026-05-30 20:34:00,0.0,130.0,0.275,0.175,0.0,140.70833333333334
2026-05-30 20:34:30,0.0,120.0,0.275,0.175,0.0,140.04166666666666
2026-05-30 20:35:00,0.0,116.6667,0.275,0.175,0.0,139.875
2026-05-30 20:35:30,0.0,113.3333,0.275,0.175,0.0,139.70833333333334
2026-05-30 20:36:00,0.0,110.0,0.275,0.175,0.0,139.66666666666666
2026-05-30 20:36:30,0.0,120.0,0.275,0.175,0.0,139.5
2026-05-30 20:37:00,0.0,110.0,0.275,0.175,0.0,139.75
2026-05-30 20:37:30,0.0,120.0,0.275,0.175,0.0,139.45833333333334
2026-05-30 20:38:00,0.0,123.3333,0.275,0.175,0.0,139.20833333333334
2026-05-30 20:38:30,0.0,126.6667,0.275,0.175,0.0,139.06944416666667
2026-05-30 20:39:00,0.0,130.0,0.275,0.175,0.0,139.20833333333334
2026-05-30 20:39:30,0.0,125.0,0.275,0.175,0.0,139.625
2026-05-30 20:40:00,0.0,120.0,0.275,0.175,0.0,139.875
2026-05-30 20:40:30,0.0,117.5,0.275,0.175,0.0,140.0
2026-05-30 20:41:00,0.0,115.0,0.275,0.175,0.0,140.16666666666666
2026-05-30 20:41:30,0.0,112.5,0.275,0.175,0.0,140.20833333333334
2026-05-30 20:42:00,0.0,110.0,0.275,0.175,0.0,140.375
2026-05-30 20:42:30,0.0,120.0,0.275,0.175,0.0,140.625
2026-05-30 20:43:00,0.0,118.8889,0.275,0.175,0.0,140.92361083333336
2026-05-30 20:43:30,0.0,117.7778,0.275,0.175,0.0,141.27083333333334
2026-05-30 20:44:00,0.0,116.6667,0.275,0.175,0.0,141.66666666666666
2026-05-30 20:44:30,0.0,115.5556,0.275,0.175,0.0,142.0
2026-05-30 20:45:00,0.0,114.4444,0.284,0.184,0.0,142.45555583333334
2026-05-30 20:45:30,0.0,113.3333,0.284,0.184,0.0,143.03333333333333
2026-05-30 20:46:00,0.0,112.2222,0.284,0.184,0.0,143.73333333333332
2026-05-30 20:46:30,0.0,111.1111,0.284,0.184,0.0,144.5
2026-05-30 20:47:00,0.0,110.0,0.284,0.184,0.0,145.08333333333334
2026-05-30 20:47:30,0.0,120.0,0.284,0.184,0.0,145.83333333333334
2026-05-30 20:48:00,0.0,122.5,0.284,0.184,0.0,146.58333333333334
2026-05-30 20:48:30,0.0,125.0,0.284,0.184,0.0,147.5
2026-05-30 20:49:00,0.0,127.5,0.284,0.184,0.0,148.38611083333336
2026-05-30 20:49:30,0.0,130.0,0.284,0.184,0.0,149.24166666666667
2026-05-30 20:50:00,0.0,120.0,0.284,0.184,0.0,150.06666666666666
2026-05-30 20:50:30,0.0,125.0,0.284,0.184,0.0,150.86111083333336
2026-05-30 20:51:00,0.0,130.0,0.284,0.184,0.0,151.625
2026-05-30 20:51:30,0.0,120.0,0.284,0.184,0.0,152.39166666666668
2026-05-30 20:52:00,0.0,122.3077,0.284,0.184,0.0,153.25833333333333
2026-05-30 20:52:30,0.0,124.6154,0.284,0.184,0.0,154.05833333333334
2026-05-30 20:53:00,0.0,126.9231,0.284,0.184,0.0,154.9027775
2026-05-30 20:53:30,0.0,129.2308,0.284,0.184,0.0,155.79166666666666
2026-05-30 20:54:00,0.0,131.5385,0.284,0.184,0.0,156.625
2026-05-30 20:54:30,0.0,133.8462,0.284,0.184,0.0,157.45833333333334
2026-05-30 20:55:00,0.0,136.1538,0.284,0.184,0.0,158.41666666666666
2026-05-30 20:55:30,0.0,138.4615,0.284,0.184,0.0,159.45833333333334
2026-05-30 20:56:00,0.0,140.7692,0.284,0.184,0.0,160.5
2026-05-30 20:56:30,0.0,143.0769,0.284,0.184,0.0,161.41666666666666
2026-05-30 20:57:00,0.0,145.3846,0.284,0.184,0.0,162.45833333333334
2026-05-30 20:57:30,0.0,147.6923,0.284,0.184,0.0,163.45833333333334
2026-05-30 20:58:00,0.0,150.0,0.284,0.184,0.0,164.45833333333334
2026-05-30 20:58:30,0.0,160.0,0.284,0.184,0.0,165.16666666666666
2026-05-30 20:59:00,0.0,170.0,0.284,0.184,0.0,165.75
2026-05-30 20:59:30,0.0,190.0,0.284,0.184,0.0,166.20833333333334
2026-05-30 21:00:00,0.0,150.0,0.29,0.19,0.0,166.70833333333334
2026-05-30 21:00:30,0.0,155.0,0.29,0.19,0.0,167.19444416666664
2026-05-30 21:01:00,0.0,160.0,0.29,0.19,0.0,167.66666666666666
2026-05-30 21:01:30,0.0,163.3333,0.29,0.19,0.0,168.25
2026-05-30 21:02:00,0.0,166.6667,0.29,0.19,0.0,168.66666666666666
2026-05-30 21:02:30,0.0,170.0,0.29,0.19,0.0,169.0
2026-05-30 21:03:00,0.0,150.0,0.29,0.19,0.0,169.35416666666666
2026-05-30 21:03:30,0.0,155.0,0.29,0.19,0.0,169.72916666666666
2026-05-30 21:04:00,0.0,160.0,0.29,0.19,0.0,170.0
2026-05-30 21:04:30,0.0,180.0,0.29,0.19,0.0,170.16666666666666
2026-05-30 21:05:00,0.0,170.0,0.29,0.19,0.0,170.75
2026-05-30 21:05:30,0.0,175.0,0.29,0.19,0.0,171.69444416666667
2026-05-30 21:06:00,0.0,180.0,0.29,0.19,0.0,172.16666666666666
2026-05-30 21:06:30,0.0,170.0,0.29,0.19,0.0,173.0
2026-05-30 21:07:00,0.0,165.0,0.29,0.19,0.0,173.91666666666666
2026-05-30 21:07:30,0.0,160.0,0.29,0.19,0.0,174.83333333333334
2026-05-30 21:08:00,0.0,170.0,0.29,0.19,0.0,175.75
2026-05-30 21:08:30,0.0,200.0,0.29,0.19,0.0,176.55555583333336
2026-05-30 21:09:00,0.0,230.0,0.29,0.19,0.0,177.38888916666664
2026-05-30 21:09:30,0.0,220.0,0.29,0.19,0.0,178.25
2026-05-30 21:10:00,0.0,210.0,0.29,0.19,0.0,179.20833333333334
2026-05-30 21:10:30,0.0,220.0,0.29,0.19,0.0,180.29166666666666
2026-05-30 21:11:00,0.0,210.0,0.29,0.19,0.0,195.89583333333334
2026-05-30 21:11:30,0.0,230.0,0.29,0.19,0.0,212.02083333333334
2026-05-30 21:12:00,0.0,220.0,0.29,0.19,0.0,228.25
2026-05-30 21:12:30,0.0,222.5,0.29,0.19,0.0,230.46666666666667
2026-05-30 21:13:00,0.0,225.0,0.29,0.19,0.0,230.13333333333333
2026-05-30 21:13:30,0.0,227.5,0.29,0.19,0.0,231.22592583333335
2026-05-30 21:14:00,0.0,230.0,0.29,0.19,0.0,232.3
2026-05-30 21:14:30,0.0,228.0,0.29,0.19,0.0,233.355555
2026-05-30 21:15:00,0.0,226.0,0.2725,0.1725,0.0,234.39259166666668
2026-05-30 21:15:30,0.0,224.0,0.2725,0.1725,0.0,235.52222166666667
2026-05-30 21:16:00,0.0,222.0,0.2725,0.1725,0.0,237.03611083333334
2026-05-30 21:16:30,0.0,220.0,0.2725,0.1725,0.0,238.9342591666667
2026-05-30 21:17:00,0.0,230.0,0.2725,0.1725,0.0,240.925
2026-05-30 21:17:30,0.0,220.0,0.2725,0.1725,0.0,243.00833333333333
2026-05-30 21:18:00,0.0,230.0,0.2725,0.1725,0.0,245.0361108333333
2026-05-30 21:18:30,0.0,228.0,0.2725,0.1725,0.0,247.07083333333333
2026-05-30 21:19:00,0.0,226.0,0.2725,0.1725,0.0,249.1125
2026-05-30 21:19:30,0.0,224.0,0.2725,0.1725,0.0,251.3
2026-05-30 21:20:00,0.0,222.0,0.2725,0.1725,0.0,253.45476166666668
2026-05-30 21:20:30,0.0,220.0,0.2725,0.1725,0.0,255.6809525
2026-05-30 21:21:00,0.0,222.0,0.2725,0.1725,0.0,257.85357166666665
2026-05-30 21:21:30,0.0,224.0,0.2725,0.1725,0.0,259.9726191666667
2026-05-30 21:22:00,0.0,226.0,0.2725,0.1725,0.0,262.163095
2026-05-30 21:22:30,0.0,228.0,0.2725,0.1725,0.0,264.3224358333333
2026-05-30 21:23:00,0.0,230.0,0.2725,0.1725,0.0,266.45064083333335
2026-05-30 21:23:30,0.0,220.0,0.2725,0.1725,0.0,268.7262816666667
2026-05-30 21:24:00,0.0,230.0,0.2725,0.1725,0.0,270.89935833333334
2026-05-30 21:24:30,0.0,240.0,0.2725,0.1725,0.0,273.03237083333335
2026-05-30 21:25:00,0.0,245.0,0.2725,0.1725,0.0,275.12531916666666
2026-05-30 21:25:30,0.0,250.0,0.2725,0.1725,0.0,277.17820416666666
2026-05-30 21:26:00,0.0,240.0,0.2725,0.1725,0.0,279.191025
2026-05-30 21:26:30,0.0,245.0,0.2725,0.1725,0.0,281.1637816666667
2026-05-30 21:27:00,0.0,250.0,0.2725,0.1725,0.0,283.09647416666667
2026-05-30 21:27:30,0.0,240.0,0.2725,0.1725,0.0,284.9891025
2026-05-30 21:28:00,0.0,215.0,0.2725,0.1725,0.0,286.84166666666664
2026-05-30 21:28:30,0.0,190.0,0.2725,0.1725,0.0,288.59166666666664
2026-05-30 21:29:00,0.0,185.0,0.2725,0.1725,0.0,290.34166666666664
2026-05-30 21:29:30,0.0,180.0,0.2725,0.1725,0.0,291.925
2026-05-30 21:30:00,0.0,183.3333,0.2837,0.1837,0.0,293.36944416666665
2026-05-30 21:30:30,0.0,186.6667,0.2837,0.1837,0.0,295.175
2026-05-30 21:31:00,0.0,190.0,0.2837,0.1837,0.0,296.96666666666664
2026-05-30 21:31:30,0.0,180.0,0.2837,0.1837,0.0,298.7583333333333
2026-05-30 21:32:00,0.0,160.0,0.2837,0.1837,0.0,300.5638891666667
2026-05-30 21:32:30,0.0,165.0,0.2837,0.1837,0.0,302.2583333333333
2026-05-30 21:33:00,0.0,170.0,0.2837,0.1837,0.0,303.7583333333333
2026-05-30 21:33:30,0.0,160.0,0.2837,0.1837,0.0,305.2583333333333
2026-05-30 21:34:00,0.0,150.0,0.2837,0.1837,0.0,306.55
2026-05-30 21:34:30,0.0,190.0,0.2837,0.1837,0.0,307.8833333333333
2026-05-30 21:35:00,0.0,230.0,0.2837,0.1837,0.0,309.21666666666664
2026-05-30 21:35:30,0.0,170.0,0.2837,0.1837,0.0,310.71666666666664
2026-05-30 21:36:00,0.0,210.0,0.2837,0.1837,0.0,312.09166666666664
2026-05-30 21:36:30,0.0,230.0,0.2837,0.1837,0.0,313.34166666666664
2026-05-30 21:37:00,0.0,220.0,0.2837,0.1837,0.0,314.34166666666664
2026-05-30 21:37:30,0.0,230.0,0.2837,0.1837,0.0,315.3
2026-05-30 21:38:00,0.0,220.0,0.2837,0.1837,0.0,316.3833333333333
2026-05-30 21:38:30,0.0,226.6667,0.2837,0.1837,0.0,317.46666666666664
2026-05-30 21:39:00,0.0,233.3333,0.2837,0.1837,0.0,318.3833333333333
2026-05-30 21:39:30,0.0,240.0,0.2837,0.1837,0.0,318.96666666666664
2026-05-30 21:40:00,0.0,250.0,0.2837,0.1837,0.0,319.71666666666664
2026-05-30 21:40:30,0.0,1990.0,0.2837,0.1837,0.0,320.46666666666664
2026-05-30 21:41:00,0.0,2050.0,0.2837,0.1837,0.0,321.05
2026-05-30 21:41:30,0.0,2060.0,0.2837,0.1837,0.0,321.8
2026-05-30 21:42:00,0.0,376.0,0.2837,0.1837,0.0,322.3
2026-05-30 21:42:30,0.0,80.0,0.2837,0.1837,0.0,322.96666666666664
2026-05-30 21:43:00,0.0,250.0,0.2837,0.1837,0.0,323.52916666666664
2026-05-30 21:43:30,0.0,246.6667,0.2837,0.1837,0.0,324.1125
2026-05-30 21:44:00,0.0,243.3333,0.2837,0.1837,0.0,324.71666666666664
2026-05-30 21:44:30,0.0,240.0,0.2837,0.1837,0.0,325.2583333333333
2026-05-30 21:45:00,0.0,250.0,0.2577,0.1577,0.0,325.775
2026-05-30 21:45:30,0.0,295.0,0.2577,0.1577,0.0,326.325
2026-05-30 21:46:00,0.0,340.0,0.2577,0.1577,0.0,326.90833333333336
2026-05-30 21:46:30,0.0,350.0,0.2577,0.1577,0.0,327.525
2026-05-30 21:47:00,0.0,360.0,0.2577,0.1577,0.0,328.175
2026-05-30 21:47:30,0.0,363.3333,0.2577,0.1577,0.0,328.7583333333333
2026-05-30 21:48:00,0.0,366.6667,0.2577,0.1577,0.0,329.44166666666666
2026-05-30 21:48:30,0.0,370.0,0.2577,0.1577,0.0,330.05833333333334
2026-05-30 21:49:00,0.0,390.0,0.2577,0.1577,0.0,331.15833333333336
2026-05-30 21:49:30,0.0,388.5714,0.2577,0.1577,0.0,332.19166666666666
2026-05-30 21:50:00,0.0,387.1429,0.2577,0.1577,0.0,333.23125
2026-05-30 21:50:30,0.0,385.7143,0.2577,0.1577,0.0,334.27708333333334
2026-05-30 21:51:00,0.0,384.2857,0.2577,0.1577,0.0,335.32916666666665
2026-05-30 21:51:30,0.0,382.8571,0.2577,0.1577,0.0,336.3541666666667
2026-05-30 21:52:00,0.0,381.4286,0.2577,0.1577,0.0,337.3520833333333
2026-05-30 21:52:30,0.0,380.0,0.2577,0.1577,0.0,338.3229166666667
2026-05-30 21:53:00,0.0,400.0,0.2577,0.1577,0.0,339.26666666666665
2026-05-30 21:53:30,0.0,390.0,0.2577,0.1577,0.0,340.18333333333334
2026-05-30 21:54:00,0.0,387.5,0.2577,0.1577,0.0,341.1
2026-05-30 21:54:30,0.0,385.0,0.2577,0.1577,0.0,341.85
2026-05-30 21:55:00,0.0,382.5,0.2577,0.1577,0.0,342.55833333333334
2026-05-30 21:55:30,0.0,380.0,0.2577,0.1577,0.0,343.26666666666665
2026-05-30 21:56:00,0.0,377.5,0.2577,0.1577,0.0,343.89166666666665
2026-05-30 21:56:30,0.0,375.0,0.2577,0.1577,0.0,344.55833333333334
2026-05-30 21:57:00,0.0,372.5,0.2577,0.1577,0.0,345.14166666666665
2026-05-30 21:57:30,0.0,370.0,0.2577,0.1577,0.0,345.64166666666665
2026-05-30 21:58:00,0.0,360.0,0.2577,0.1577,0.0,346.30833333333334
2026-05-30 21:58:30,0.0,370.0,0.2577,0.1577,0.0,347.1
2026-05-30 21:59:00,0.0,360.0,0.2577,0.1577,0.0,348.93333333333334
2026-05-30 21:59:30,0.0,363.3333,0.2577,0.1577,0.0,350.89166666666665
2026-05-30 22:00:00,0.0,366.6667,0.2688,0.1688,0.0,352.975
2026-05-30 22:00:30,0.0,370.0,0.2688,0.1688,0.0,355.1138891666667
2026-05-30 22:01:00,0.0,375.0,0.2688,0.1688,0.0,357.30833333333334
2026-05-30 22:01:30,0.0,380.0,0.2688,0.1688,0.0,359.4583333333333
2026-05-30 22:02:00,0.0,370.0,0.2688,0.1688,0.0,361.675
2026-05-30 22:02:30,0.0,350.0,0.2688,0.1688,0.0,364.0416666666667
2026-05-30 22:03:00,0.0,330.0,0.2688,0.1688,0.0,366.35
2026-05-30 22:03:30,0.0,310.0,0.2688,0.1688,0.0,368.6
2026-05-30 22:04:00,0.0,320.0,0.2688,0.1688,0.0,370.9611108333333
2026-05-30 22:04:30,0.0,340.0,0.2688,0.1688,0.0,373.43333333333334
2026-05-30 22:05:00,0.0,350.0,0.2688,0.1688,0.0,375.6
2026-05-30 22:05:30,0.0,340.0,0.2688,0.1688,0.0,377.3857141666667
2026-05-30 22:06:00,0.0,330.0,0.2688,0.1688,0.0,379.62380916666666
2026-05-30 22:06:30,0.0,290.0,0.2688,0.1688,0.0,381.48095166666667
2026-05-30 22:07:00,0.0,280.0,0.2688,0.1688,0.0,383.12380916666666
2026-05-30 22:07:30,0.0,290.0,0.2688,0.1688,0.0,384.80238083333336
2026-05-30 22:08:00,0.0,300.0,0.2688,0.1688,0.0,386.35
2026-05-30 22:08:30,0.0,310.0,0.2688,0.1688,0.0,387.93333333333334
2026-05-30 22:09:00,0.0,300.0,0.2688,0.1688,0.0,389.475
2026-05-30 22:09:30,0.0,310.0,0.2688,0.1688,0.0,390.975
2026-05-30 22:10:00,0.0,300.0,0.2688,0.1688,0.0,392.43333333333334
2026-05-30 22:10:30,0.0,290.0,0.2688,0.1688,0.0,393.8222225
2026-05-30 22:11:00,0.0,300.0,0.2688,0.1688,0.0,380.725
2026-05-30 22:11:30,0.0,290.0,0.2688,0.1688,0.0,367.14166666666665
2026-05-30 22:12:00,0.0,300.0,0.2688,0.1688,0.0,353.39166666666665
2026-05-30 22:12:30,0.0,290.0,0.2688,0.1688,0.0,353.68194416666665
2026-05-30 22:13:00,0.0,295.0,0.2688,0.1688,0.0,356.4458333333333
2026-05-30 22:13:30,0.0,300.0,0.2688,0.1688,0.0,357.8
2026-05-30 22:14:00,0.0,295.0,0.2688,0.1688,0.0,359.1888883333333
2026-05-30 22:14:30,0.0,290.0,0.2688,0.1688,0.0,360.6125
2026-05-30 22:15:00,0.0,292.0,0.2577,0.1577,0.0,362.0708333333333
2026-05-30 22:15:30,0.0,294.0,0.2577,0.1577,0.0,363.45277749999997
2026-05-30 22:16:00,0.0,296.0,0.2577,0.1577,0.0,364.46666666666664
2026-05-30 22:16:30,0.0,298.0,0.2577,0.1577,0.0,365.1125
2026-05-30 22:17:00,0.0,300.0,0.2577,0.1577,0.0,365.68194416666665
2026-05-30 22:17:30,0.0,302.0,0.2577,0.1577,0.0,366.175
2026-05-30 22:18:00,0.0,304.0,0.2577,0.1577,0.0,366.6472225
2026-05-30 22:18:30,0.0,360.0,0.2577,0.1577,0.0,367.0083333333333
2026-05-30 22:19:00,0.0,350.0,0.2577,0.1577,0.0,368.84166666666664
2026-05-30 22:19:30,0.0,348.75,0.2577,0.1577,0.0,370.425
2026-05-30 22:20:00,0.0,347.5,0.2577,0.1577,0.0,370.85357166666665
2026-05-30 22:20:30,0.0,346.25,0.2577,0.1577,0.0,372.2940475
2026-05-30 22:21:00,0.0,345.0,0.2577,0.1577,0.0,373.3297616666667
2026-05-30 22:21:30,0.0,343.75,0.2577,0.1577,0.0,373.96071416666666
2026-05-30 22:22:00,0.0,342.5,0.2577,0.1577,0.0,374.18690499999997
2026-05-30 22:22:30,0.0,341.25,0.2577,0.1577,0.0,374.8833333333333
2026-05-30 22:23:00,0.0,340.0,0.2577,0.1577,0.0,376.05
2026-05-30 22:23:30,0.0,330.0,0.2577,0.1577,0.0,377.5083333333333
2026-05-30 22:24:00,0.0,320.0,0.2577,0.1577,0.0,379.5083333333333
2026-05-30 22:24:30,0.0,325.0,0.2577,0.1577,0.0,381.6125
2026-05-30 22:25:00,0.0,330.0,0.2577,0.1577,0.0,383.31041666666664
2026-05-30 22:25:30,0.0,325.0,0.2577,0.1577,0.0,384.6020833333333
2026-05-30 22:26:00,0.0,320.0,0.2577,0.1577,0.0,385.4875
2026-05-30 22:26:30,0.0,315.0,0.2577,0.1577,0.0,385.96666666666664
2026-05-30 22:27:00,0.0,310.0,0.2577,0.1577,0.0,387.7583333333333
2026-05-30 22:27:30,0.0,320.0,0.2577,0.1577,0.0,389.8208333333333
2026-05-30 22:28:00,0.0,310.0,0.2577,0.1577,0.0,391.9875
2026-05-30 22:28:30,0.0,410.0,0.2577,0.1577,0.0,394.9375
2026-05-30 22:29:00,0.0,420.0,0.2577,0.1577,0.0,397.1041666666667
2026-05-30 22:29:30,0.0,430.0,0.2577,0.1577,0.0,397.77916666666664
2026-05-30 22:30:00,0.0,440.0,0.255,0.155,0.0,399.8347225
2026-05-30 22:30:30,0.0,450.0,0.255,0.155,0.0,401.9458333333333
2026-05-30 22:31:00,0.0,448.0,0.255,0.155,0.0,403.77916666666664
2026-05-30 22:31:30,0.0,446.0,0.255,0.155,0.0,405.90416666666664
2026-05-30 22:32:00,0.0,444.0,0.255,0.155,0.0,406.1041666666667
2026-05-30 22:32:30,0.0,442.0,0.255,0.155,0.0,408.1875
2026-05-30 22:33:00,0.0,440.0,0.255,0.155,0.0,410.3958333333333
2026-05-30 22:33:30,0.0,443.3333,0.255,0.155,0.0,412.7291666666667
2026-05-30 22:34:00,0.0,446.6667,0.255,0.155,0.0,413.8375
2026-05-30 22:34:30,0.0,450.0,0.255,0.155,0.0,416.00416666666666
2026-05-30 22:35:00,0.0,444.2857,0.255,0.155,0.0,418.25416666666666
2026-05-30 22:35:30,0.0,438.5714,0.255,0.155,0.0,419.5875
2026-05-30 22:36:00,0.0,432.8571,0.255,0.155,0.0,420.4625
2026-05-30 22:36:30,0.0,427.1429,0.255,0.155,0.0,422.4625
2026-05-30 22:37:00,0.0,421.4286,0.255,0.155,0.0,424.87916666666666
2026-05-30 22:37:30,0.0,415.7143,0.255,0.155,0.0,426.87916666666666
2026-05-30 22:38:00,0.0,410.0,0.255,0.155,0.0,428.92083333333335
2026-05-30 22:38:30,0.0,411.6667,0.255,0.155,0.0,431.00416666666666
2026-05-30 22:39:00,0.0,413.3333,0.255,0.155,0.0,432.8375
2026-05-30 22:39:30,0.0,415.0,0.255,0.155,0.0,434.5875
2026-05-30 22:40:00,0.0,416.6667,0.255,0.155,0.0,436.5875
2026-05-30 22:40:30,0.0,418.3333,0.255,0.155,0.0,437.8625
2026-05-30 22:41:00,0.0,420.0,0.255,0.155,0.0,439.9458333333333
2026-05-30 22:41:30,0.0,410.0,0.255,0.155,0.0,441.4458333333333
2026-05-30 22:42:00,0.0,410.8333,0.255,0.155,0.0,443.6125
2026-05-30 22:42:30,0.0,411.6667,0.255,0.155,0.0,444.04583333333335
2026-05-30 22:43:00,0.0,412.5,0.255,0.155,0.0,446.12916666666666
2026-05-30 22:43:30,0.0,413.3333,0.255,0.155,0.0,448.3375
2026-05-30 22:44:00,0.0,414.1667,0.255,0.155,0.0,450.42083333333335
2026-05-30 22:44:30,0.0,415.0,0.255,0.155,0.0,452.12916666666666
2026-05-30 22:45:00,0.0,415.8333,0.2483,0.1483,0.0,454.29583333333335
2026-05-30 22:45:30,0.0,416.6667,0.2483,0.1483,0.0,456.52916666666664
2026-05-30 22:46:00,0.0,417.5,0.2483,0.1483,0.0,458.4125
2026-05-30 22:46:30,0.0,418.3333,0.2483,0.1483,0.0,459.9458333333333
2026-05-30 22:47:00,0.0,419.1667,0.2483,0.1483,0.0,461.9625
2026-05-30 22:47:30,0.0,420.0,0.2483,0.1483,0.0,462.3958333333333
2026-05-30 22:48:00,0.0,410.0,0.2483,0.1483,0.0,464.37916666666666
2026-05-30 22:48:30,0.0,590.0,0.2483,0.1483,0.0,466.59583333333336
2026-05-30 22:49:00,0.0,580.0,0.2483,0.1483,0.0,468.1791666666667
2026-05-30 22:49:30,0.0,440.0,0.2483,0.1483,0.0,468.65416666666664
2026-05-30 22:50:00,0.0,560.0,0.2483,0.1483,0.0,470.24791666666664
2026-05-30 22:50:30,0.0,510.0,0.2483,0.1483,0.0,472.01875
2026-05-30 22:51:00,0.0,460.0,0.2483,0.1483,0.0,473.6333333333333
2026-05-30 22:51:30,0.0,410.0,0.2483,0.1483,0.0,474.925
2026-05-30 22:52:00,0.0,465.0,0.2483,0.1483,0.0,476.56041666666664
2026-05-30 22:52:30,0.0,520.0,0.2483,0.1483,0.0,476.9145833333333
2026-05-30 22:53:00,0.0,575.0,0.2483,0.1483,0.0,479.1958333333333
2026-05-30 22:53:30,0.0,630.0,0.2483,0.1483,0.0,480.6333333333333
2026-05-30 22:54:00,0.0,640.0,0.2483,0.1483,0.0,481.3
2026-05-30 22:54:30,0.0,588.75,0.2483,0.1483,0.0,481.96666666666664
2026-05-30 22:55:00,0.0,537.5,0.2483,0.1483,0.0,482.6125
2026-05-30 22:55:30,0.0,486.25,0.2483,0.1483,0.0,483.2375
2026-05-30 22:56:00,0.0,435.0,0.2483,0.1483,0.0,483.925
2026-05-30 22:56:30,0.0,590.0,0.2483,0.1483,0.0,484.675
2026-05-30 22:57:00,0.0,620.0,0.2483,0.1483,0.0,485.3833333333333
2026-05-30 22:57:30,0.0,630.0,0.2483,0.1483,0.0,486.1125
2026-05-30 22:58:00,0.0,714.0,0.2483,0.1483,0.0,486.7375
2026-05-30 22:58:30,0.0,630.0,0.2483,0.1483,0.0,487.425
2026-05-30 22:59:00,0.0,441.0,0.2483,0.1483,0.0,487.2583333333333
2026-05-30 22:59:30,0.0,610.0,0.2483,0.1483,0.0,487.09166666666664
2026-05-30 23:00:00,0.0,620.0,0.2552,0.1552,0.0,486.8208333333333
2026-05-30 23:00:30,0.0,590.0,0.2552,0.1552,0.0,486.4458333333333
2026-05-30 23:01:00,0.0,630.0,0.2552,0.1552,0.0,485.96666666666664
2026-05-30 23:01:30,0.0,404.0,0.2552,0.1552,0.0,485.48333333333335
2026-05-30 23:02:00,0.0,620.0,0.2552,0.1552,0.0,485.76666666666665
2026-05-30 23:02:30,0.0,615.0,0.2552,0.1552,0.0,485.73333333333335
2026-05-30 23:03:00,0.0,610.0,0.2552,0.1552,0.0,485.6958333333333
2026-05-30 23:03:30,0.0,443.0,0.2552,0.1552,0.0,485.65416666666664
2026-05-30 23:04:00,0.0,580.0,0.2552,0.1552,0.0,485.5638891666667
2026-05-30 23:04:30,0.0,610.0,0.2552,0.1552,0.0,485.425
2026-05-30 23:05:00,0.0,510.0,0.2552,0.1552,0.0,485.34166666666664
2026-05-30 23:05:30,0.0,445.0,0.2552,0.1552,0.0,485.2920633333333
2026-05-30 23:06:00,0.0,570.0,0.2552,0.1552,0.0,485.2761908333333
2026-05-30 23:06:30,0.0,580.0,0.2552,0.1552,0.0,485.2940483333333
2026-05-30 23:07:00,0.0,520.0,0.2552,0.1552,0.0,485.34563499999996
2026-05-30 23:07:30,0.0,535.0,0.2552,0.1552,0.0,485.4309525
2026-05-30 23:08:00,0.0,550.0,0.2552,0.1552,0.0,485.55
2026-05-30 23:08:30,0.0,530.0,0.2552,0.1552,0.0,485.8833333333333
2026-05-30 23:09:00,0.0,510.0,0.2552,0.1552,0.0,486.16111083333334
2026-05-30 23:09:30,0.0,550.0,0.2552,0.1552,0.0,486.3833333333333
2026-05-30 23:10:00,0.0,453.0,0.2552,0.1552,0.0,486.5638891666667
2026-05-30 23:10:30,0.0,540.0,0.2552,0.1552,0.0,486.70277749999997
2026-05-30 23:11:00,0.0,480.0,0.2552,0.1552,0.0,486.8
2026-05-30 23:11:30,0.0,550.0,0.2552,0.1552,0.0,486.96666666666664
2026-05-30 23:12:00,0.0,352.0,0.2552,0.1552,0.0,487.3833333333333
2026-05-30 23:12:30,0.0,540.0,0.2552,0.1552,0.0,487.8763891666667
2026-05-30 23:13:00,0.0,560.0,0.2552,0.1552,0.0,488.27916666666664
2026-05-30 23:13:30,0.0,550.0,0.2552,0.1552,0.0,488.7583333333333
2026-05-30 23:14:00,0.0,500.0,0.2552,0.1552,0.0,489.1472225
2026-05-30 23:14:30,0.0,550.0,0.2552,0.1552,0.0,489.4458333333333
2026-05-30 23:15:00,0.0,560.0,0.2471,0.1471,0.0,489.8208333333333
2026-05-30 23:15:30,0.0,520.0,0.2471,0.1471,0.0,490.23055583333337
2026-05-30 23:16:00,0.0,480.0,0.2471,0.1471,0.0,490.675
2026-05-30 23:16:30,0.0,540.0,0.2471,0.1471,0.0,491.15416666666664
2026-05-30 23:17:00,0.0,352.0,0.2471,0.1471,0.0,491.66805583333337
2026-05-30 23:17:30,0.0,540.0,0.2471,0.1471,0.0,492.0083333333333
2026-05-30 23:18:00,0.0,570.0,0.2471,0.1471,0.0,492.3
2026-05-30 23:18:30,0.0,550.0,0.2471,0.1471,0.0,492.6333333333333
2026-05-30 23:19:00,0.0,407.0,0.2471,0.1471,0.0,491.425
2026-05-30 23:19:30,0.0,540.0,0.2471,0.1471,0.0,490.2583333333333
2026-05-30 23:20:00,0.0,560.0,0.2471,0.1471,0.0,490.15416666666664
2026-05-30 23:20:30,0.0,540.0,0.2471,0.1471,0.0,488.9458333333333
2026-05-30 23:21:00,0.0,500.0,0.2471,0.1471,0.0,488.05
2026-05-30 23:21:30,0.0,540.0,0.2471,0.1471,0.0,487.46666666666664
2026-05-30 23:22:00,0.0,385.0,0.2471,0.1471,0.0,487.21666666666664
2026-05-30 23:22:30,0.0,615.0,0.2471,0.1471,0.0,486.59166666666664
2026-05-30 23:23:00,0.0,512.5,0.2471,0.1471,0.0,485.425
2026-05-30 23:23:30,0.0,410.0,0.2471,0.1471,0.0,483.96666666666664
2026-05-30 23:24:00,0.0,400.0,0.2471,0.1471,0.0,481.96666666666664
2026-05-30 23:24:30,0.0,402.5,0.2471,0.1471,0.0,479.425
2026-05-30 23:25:00,0.0,405.0,0.2471,0.1471,0.0,476.8520833333333
2026-05-30 23:25:30,0.0,407.5,0.2471,0.1471,0.0,474.87291666666664
2026-05-30 23:26:00,0.0,410.0,0.2471,0.1471,0.0,472.90416666666664
2026-05-30 23:26:30,0.0,400.0,0.2471,0.1471,0.0,470.77916666666664
2026-05-30 23:27:00,0.0,397.5,0.2471,0.1471,0.0,467.37916666666666
2026-05-30 23:27:30,0.0,395.0,0.2471,0.1471,0.0,463.74583333333334
2026-05-30 23:28:00,0.0,392.5,0.2471,0.1471,0.0,460.04583333333335
2026-05-30 23:28:30,0.0,390.0,0.2471,0.1471,0.0,455.6625
2026-05-30 23:29:00,0.0,400.0,0.2471,0.1471,0.0,451.99583333333334
2026-05-30 23:29:30,0.0,397.5,0.2471,0.1471,0.0,450.0708333333333
2026-05-30 23:30:00,0.0,395.0,0.2448,0.1448,0.0,446.7583333333333
2026-05-30 23:30:30,0.0,392.5,0.2448,0.1448,0.0,444.0708333333333
2026-05-30 23:31:00,0.0,390.0,0.2448,0.1448,0.0,441.62291666666664
2026-05-30 23:31:30,0.0,480.0,0.2448,0.1448,0.0,438.83125
2026-05-30 23:32:00,0.0,440.0,0.2448,0.1448,0.0,437.9125
2026-05-30 23:32:30,0.0,437.5,0.2448,0.1448,0.0,435.18333333333334
2026-05-30 23:33:00,0.0,435.0,0.2448,0.1448,0.0,432.48541666666665
2026-05-30 23:33:30,0.0,432.5,0.2448,0.1448,0.0,429.81875
2026-05-30 23:34:00,0.0,430.0,0.2448,0.1448,0.0,428.5715275
2026-05-30 23:34:30,0.0,440.0,0.2448,0.1448,0.0,426.2104166666667
2026-05-30 23:35:00,0.0,438.3333,0.2448,0.1448,0.0,423.62708333333336
2026-05-30 23:35:30,0.0,436.6667,0.2448,0.1448,0.0,421.8354166666667
2026-05-30 23:36:00,0.0,435.0,0.2448,0.1448,0.0,420.54375
2026-05-30 23:36:30,0.0,433.3333,0.2448,0.1448,0.0,418.29375
2026-05-30 23:37:00,0.0,431.6667,0.2448,0.1448,0.0,415.91875
2026-05-30 23:37:30,0.0,430.0,0.2448,0.1448,0.0,414.00208333333336
2026-05-30 23:38:00,0.0,450.0,0.2448,0.1448,0.0,411.87708333333336
2026-05-30 23:38:30,0.0,445.0,0.2448,0.1448,0.0,409.54375
2026-05-30 23:39:00,0.0,440.0,0.2448,0.1448,0.0,407.9604166666667
2026-05-30 23:39:30,0.0,436.6667,0.2448,0.1448,0.0,406.50208333333336
2026-05-30 23:40:00,0.0,433.3333,0.2448,0.1448,0.0,404.66875
2026-05-30 23:40:30,0.0,430.0,0.2448,0.1448,0.0,403.7270833333333
2026-05-30 23:41:00,0.0,440.0,0.2448,0.1448,0.0,402.14375
2026-05-30 23:41:30,0.0,460.0,0.2448,0.1448,0.0,401.14375
2026-05-30 23:42:00,0.0,470.0,0.2448,0.1448,0.0,399.58125
2026-05-30 23:42:30,0.0,460.0,0.2448,0.1448,0.0,399.68958333333336
2026-05-30 23:43:00,0.0,470.0,0.2448,0.1448,0.0,398.25208333333336
2026-05-30 23:43:30,0.0,460.0,0.2448,0.1448,0.0,396.66875
2026-05-30 23:44:00,0.0,450.0,0.2448,0.1448,0.0,395.1965275
2026-05-30 23:44:30,0.0,460.0,0.2448,0.1448,0.0,394.16875
2026-05-30 23:45:00,0.0,465.0,0.2428,0.1428,0.0,392.75208333333336
2026-05-30 23:45:30,0.0,470.0,0.2428,0.1428,0.0,391.00208333333336
2026-05-30 23:46:00,0.0,475.0,0.2428,0.1428,0.0,389.8354166666667
2026-05-30 23:46:30,0.0,480.0,0.2428,0.1428,0.0,388.93958333333336
2026-05-30 23:47:00,0.0,460.0,0.2428,0.1428,0.0,387.48125
2026-05-30 23:47:30,0.0,455.0,0.2428,0.1428,0.0,387.52708333333334
2026-05-30 23:48:00,0.0,450.0,0.2428,0.1428,0.0,385.94375
2026-05-30 23:48:30,0.0,445.0,0.2428,0.1428,0.0,384.02708333333334
2026-05-30 23:49:00,0.0,440.0,0.2428,0.1428,0.0,382.3048608333333
2026-05-30 23:49:30,0.0,427.5,0.2428,0.1428,0.0,381.8020833333333
2026-05-30 23:50:00,0.0,415.0,0.2428,0.1428,0.0,380.21875
2026-05-30 23:50:30,0.0,402.5,0.2428,0.1428,0.0,378.3854166666667
2026-05-30 23:51:00,0.0,390.0,0.2428,0.1428,0.0,376.6979166666667
2026-05-30 23:51:30,0.0,380.0,0.2428,0.1428,0.0,375.3229166666667
2026-05-30 23:52:00,0.0,390.0,0.2428,0.1428,0.0,373.59375
2026-05-30 23:52:30,0.0,380.0,0.2428,0.1428,0.0,373.1354166666667
2026-05-30 23:53:00,0.0,400.0,0.2428,0.1428,0.0,370.9270833333333
2026-05-30 23:53:30,0.0,390.0,0.2428,0.1428,0.0,369.40625
2026-05-30 23:54:00,0.0,335.0,0.2428,0.1428,0.0,368.8229166666667
2026-05-30 23:54:30,0.0,280.0,0.2428,0.1428,0.0,368.3645833333333
2026-05-30 23:55:00,0.0,300.0,0.2428,0.1428,0.0,367.9270833333333
2026-05-30 23:55:30,0.0,250.0,0.2428,0.1428,0.0,367.3854166666667
2026-05-30 23:56:00,0.0,180.0,0.2428,0.1428,0.0,366.80625
2026-05-30 23:56:30,0.0,182.0,0.2428,0.1428,0.0,366.18958333333336
2026-05-30 23:57:00,0.0,184.0,0.2428,0.1428,0.0,365.63958333333335
2026-05-30 23:57:30,0.0,186.0,0.2428,0.1428,0.0,365.09375
2026-05-30 23:58:00,0.0,188.0,0.2428,0.1428,0.0,364.5520833333333
2026-05-30 23:58:30,0.0,190.0,0.2428,0.1428,0.0,363.9479166666667
2026-05-30 23:59:00,0.0,210.0,0.2428,0.1428,0.0,363.1145833333333
2026-05-30 23:59:30,0.0,212.5,0.2428,0.1428,0.0,362.1701391666667
2026-05-31 00:00:00,0.0,297.5,0.251,0.151,0.0,361.21875
2026-05-31 00:00:30,0.0,296.25,0.251,0.151,0.0,360.2604166666667
2026-05-31 00:01:00,0.0,295.0,0.251,0.151,0.0,359.34375
2026-05-31 00:01:30,0.0,293.75,0.251,0.151,0.0,358.46875
2026-05-31 00:02:00,0.0,292.5,0.251,0.151,0.0,356.8645833333333
2026-05-31 00:02:30,0.0,291.25,0.251,0.151,0.0,355.6145833333333
2026-05-31 00:03:00,0.0,290.0,0.251,0.151,0.0,354.3576391666667
2026-05-31 00:03:30,0.0,293.3333,0.251,0.151,0.0,353.09375
2026-05-31 00:04:00,0.0,296.6667,0.251,0.151,0.0,351.8229166666667
2026-05-31 00:04:30,0.0,300.0,0.251,0.151,0.0,350.65625
2026-05-31 00:05:00,0.0,295.0,0.251,0.151,0.0,349.4895833333333
2026-05-31 00:05:30,0.0,290.0,0.251,0.151,0.0,348.2534725
2026-05-31 00:06:00,0.0,300.0,0.251,0.151,0.0,347.0034725
2026-05-31 00:06:30,0.0,295.0,0.251,0.151,0.0,345.7395833333333
2026-05-31 00:07:00,0.0,290.0,0.251,0.151,0.0,344.46180583333336
2026-05-31 00:07:30,0.0,280.0,0.251,0.151,0.0,343.28125
2026-05-31 00:08:00,0.0,270.0,0.251,0.151,0.0,342.0729166666667
2026-05-31 00:08:30,0.0,340.0,0.251,0.151,0.0,340.65625
2026-05-31 00:09:00,0.0,335.0,0.251,0.151,0.0,339.3645833333333
2026-05-31 00:09:30,0.0,330.0,0.251,0.151,0.0,338.1383925
2026-05-31 00:10:00,0.0,340.0,0.251,0.151,0.0,336.9637891666667
2026-05-31 00:10:30,0.0,350.0,0.251,0.151,0.0,335.84077333333335
2026-05-31 00:11:00,0.0,360.0,0.251,0.151,0.0,334.769345
2026-05-31 00:11:30,0.0,362.5,0.251,0.151,0.0,333.6383925
2026-05-31 00:12:00,0.0,365.0,0.251,0.151,0.0,332.3645833333333
2026-05-31 00:12:30,0.0,367.5,0.251,0.151,0.0,331.03125
2026-05-31 00:13:00,0.0,370.0,0.251,0.151,0.0,329.6145833333333
2026-05-31 00:13:30,0.0,373.3333,0.251,0.151,0.0,328.3645833333333
2026-05-31 00:14:00,0.0,376.6667,0.251,0.151,0.0,327.15625
2026-05-31 00:14:30,0.0,380.0,0.251,0.151,0.0,325.9895833333333
2026-05-31 00:15:00,0.0,350.0,0.2506,0.1506,0.0,324.8229166666667
2026-05-31 00:15:30,0.0,380.0,0.2506,0.1506,0.0,323.6354166666667
2026-05-31 00:16:00,0.0,372.5,0.2506,0.1506,0.0,322.4270833333333
2026-05-31 00:16:30,0.0,365.0,0.2506,0.1506,0.0,321.1979166666667
2026-05-31 00:17:00,0.0,357.5,0.2506,0.1506,0.0,319.9479166666667
2026-05-31 00:17:30,0.0,350.0,0.2506,0.1506,0.0,318.65625
2026-05-31 00:18:00,0.0,340.0,0.2506,0.1506,0.0,317.1979166666667
2026-05-31 00:18:30,0.0,343.3333,0.2506,0.1506,0.0,315.7673608333333
2026-05-31 00:19:00,0.0,346.6667,0.2506,0.1506,0.0,314.3645833333333
2026-05-31 00:19:30,0.0,350.0,0.2506,0.1506,0.0,312.9895833333333
2026-05-31 00:20:00,0.0,340.0,0.2506,0.1506,0.0,311.7048608333333
2026-05-31 00:20:30,0.0,337.5,0.2506,0.1506,0.0,310.5104166666667
2026-05-31 00:21:00,0.0,335.0,0.2506,0.1506,0.0,309.40625
2026-05-31 00:21:30,0.0,332.5,0.2506,0.1506,0.0,308.3645833333333
2026-05-31 00:22:00,0.0,330.0,0.2506,0.1506,0.0,307.3645833333333
2026-05-31 00:22:30,0.0,350.0,0.2506,0.1506,0.0,306.3229166666667
2026-05-31 00:23:00,0.0,330.0,0.2506,0.1506,0.0,305.40625
2026-05-31 00:23:30,0.0,340.0,0.2506,0.1506,0.0,304.40625
2026-05-31 00:24:00,0.0,345.0,0.2506,0.1506,0.0,303.5014883333333
2026-05-31 00:24:30,0.0,350.0,0.2506,0.1506,0.0,303.06696416666665
2026-05-31 00:25:00,0.0,340.0,0.2506,0.1506,0.0,303.10267833333336
2026-05-31 00:25:30,0.0,338.0,0.2506,0.1506,0.0,302.98363083333334
2026-05-31 00:26:00,0.0,336.0,0.2506,0.1506,0.0,303.293155
2026-05-31 00:26:30,0.0,334.0,0.2506,0.1506,0.0,304.1979166666667
2026-05-31 00:27:00,0.0,332.0,0.2506,0.1506,0.0,305.09791666666666
2026-05-31 00:27:30,0.0,330.0,0.2506,0.1506,0.0,305.8979166666667
2026-05-31 00:28:00,0.0,320.0,0.2506,0.1506,0.0,306.59791666666666
2026-05-31 00:28:30,0.0,290.0,0.2506,0.1506,0.0,307.3645833333333
2026-05-31 00:29:00,0.0,286.6667,0.2506,0.1506,0.0,308.15625
2026-05-31 00:29:30,0.0,283.3333,0.2506,0.1506,0.0,308.8229166666667
2026-05-31 00:30:00,0.0,280.0,0.25,0.15,0.0,309.4270833333333
2026-05-31 00:30:30,0.0,282.5,0.25,0.15,0.0,309.28125
2026-05-31 00:31:00,0.0,285.0,0.25,0.15,0.0,309.2291666666667
2026-05-31 00:31:30,0.0,287.5,0.25,0.15,0.0,309.0208333333333
2026-05-31 00:32:00,0.0,290.0,0.25,0.15,0.0,308.8125
2026-05-31 00:32:30,0.0,286.6667,0.25,0.15,0.0,308.6041666666667
2026-05-31 00:33:00,0.0,283.3333,0.25,0.15,0.0,308.3958333333333
2026-05-31 00:33:30,0.0,280.0,0.25,0.15,0.0,308.1875
2026-05-31 00:34:00,0.0,290.0,0.25,0.15,0.0,307.9409725
2026-05-31 00:34:30,0.0,300.0,0.25,0.15,0.0,307.65625
2026-05-31 00:35:00,0.0,290.0,0.25,0.15,0.0,307.3333333333333
2026-05-31 00:35:30,0.0,286.6667,0.25,0.15,0.0,307.0416666666667
2026-05-31 00:36:00,0.0,283.3333,0.25,0.15,0.0,306.875
2026-05-31 00:36:30,0.0,280.0,0.25,0.15,0.0,306.5416666666667
2026-05-31 00:37:00,0.0,290.0,0.25,0.15,0.0,306.2916666666667
2026-05-31 00:37:30,0.0,285.0,0.25,0.15,0.0,306.125
2026-05-31 00:38:00,0.0,280.0,0.25,0.15,0.0,305.9583333333333
2026-05-31 00:38:30,0.0,290.0,0.25,0.15,0.0,305.9027775
2026-05-31 00:39:00,0.0,292.8571,0.25,0.15,0.0,305.2916666666667
2026-05-31 00:39:30,0.0,295.7143,0.25,0.15,0.0,304.75
2026-05-31 00:40:00,0.0,298.5714,0.25,0.15,0.0,304.4166666666667
2026-05-31 00:40:30,0.0,301.4286,0.25,0.15,0.0,304.0833333333333
2026-05-31 00:41:00,0.0,304.2857,0.25,0.15,0.0,303.75
2026-05-31 00:41:30,0.0,307.1429,0.25,0.15,0.0,303.3611108333333
2026-05-31 00:42:00,0.0,310.0,0.25,0.15,0.0,302.9791666666667
2026-05-31 00:42:30,0.0,290.0,0.25,0.15,0.0,302.6041666666667
2026-05-31 00:43:00,0.0,320.0,0.25,0.15,0.0,302.125
2026-05-31 00:43:30,0.0,315.0,0.25,0.15,0.0,301.5416666666667
2026-05-31 00:44:00,0.0,310.0,0.25,0.15,0.0,300.7638891666667
2026-05-31 00:44:30,0.0,320.0,0.25,0.15,0.0,300.2083333333333
2026-05-31 00:45:00,0.0,322.5,0.2483,0.1483,0.0,299.4583333333333
2026-05-31 00:45:30,0.0,325.0,0.2483,0.1483,0.0,299.0
2026-05-31 00:46:00,0.0,327.5,0.2483,0.1483,0.0,298.3333333333333
2026-05-31 00:46:30,0.0,330.0,0.2483,0.1483,0.0,297.8125
2026-05-31 00:47:00,0.0,305.0,0.2483,0.1483,0.0,297.2291666666667
2026-05-31 00:47:30,0.0,280.0,0.2483,0.1483,0.0,296.5833333333333
2026-05-31 00:48:00,0.0,278.3333,0.2483,0.1483,0.0,296.06481499999995
2026-05-31 00:48:30,0.0,276.6667,0.2483,0.1483,0.0,295.69444500000003
2026-05-31 00:49:00,0.0,275.0,0.2483,0.1483,0.0,295.3611116666667
2026-05-31 00:49:30,0.0,273.3333,0.2483,0.1483,0.0,295.06481499999995
2026-05-31 00:50:00,0.0,271.6667,0.2483,0.1483,0.0,294.80555583333336
2026-05-31 00:50:30,0.0,270.0,0.2483,0.1483,0.0,294.69444500000003
2026-05-31 00:51:00,0.0,265.0,0.2483,0.1483,0.0,294.66898166666664
2026-05-31 00:51:30,0.0,260.0,0.2483,0.1483,0.0,294.7291666666667
2026-05-31 00:52:00,0.0,265.0,0.2483,0.1483,0.0,294.875
2026-05-31 00:52:30,0.0,270.0,0.2483,0.1483,0.0,295.0
2026-05-31 00:53:00,0.0,280.0,0.2483,0.1483,0.0,294.9166666666667
2026-05-31 00:53:30,0.0,281.4286,0.2483,0.1483,0.0,294.9791666666667
2026-05-31 00:54:00,0.0,282.8571,0.2483,0.1483,0.0,294.9375
2026-05-31 00:54:30,0.0,284.2857,0.2483,0.1483,0.0,294.8333333333333
2026-05-31 00:55:00,0.0,285.7143,0.2483,0.1483,0.0,294.6666666666667
2026-05-31 00:55:30,0.0,287.1429,0.2483,0.1483,0.0,294.625
2026-05-31 00:56:00,0.0,288.5714,0.2483,0.1483,0.0,294.64166666666665
2026-05-31 00:56:30,0.0,290.0,0.2483,0.1483,0.0,294.5083333333333
2026-05-31 00:57:00,0.0,280.0,0.2483,0.1483,0.0,294.30833333333334
2026-05-31 00:57:30,0.0,270.0,0.2483,0.1483,0.0,294.0416666666667
2026-05-31 00:58:00,0.0,280.0,0.2483,0.1483,0.0,293.7083333333333
2026-05-31 00:58:30,0.0,285.0,0.2483,0.1483,0.0,293.5416666666667
2026-05-31 00:59:00,0.0,290.0,0.2483,0.1483,0.0,293.7916666666667
2026-05-31 00:59:30,0.0,285.0,0.2483,0.1483,0.0,293.9027775
2026-05-31 01:00:00,0.0,280.0,0.2483,0.1483,0.0,294.2083333333333
2026-05-31 01:00:30,0.0,290.0,0.2483,0.1483,0.0,294.625
2026-05-31 01:01:00,0.0,270.0,0.2483,0.1483,0.0,295.1041666666667
2026-05-31 01:01:30,0.0,268.75,0.2483,0.1483,0.0,295.2291666666667
2026-05-31 01:02:00,0.0,267.5,0.2483,0.1483,0.0,295.5833333333333
2026-05-31 01:02:30,0.0,266.25,0.2483,0.1483,0.0,295.94444416666664
2026-05-31 01:03:00,0.0,265.0,0.2483,0.1483,0.0,296.3611108333333
2026-05-31 01:03:30,0.0,263.75,0.2483,0.1483,0.0,296.8333333333333
2026-05-31 01:04:00,0.0,262.5,0.2483,0.1483,0.0,297.30555583333336
2026-05-31 01:04:30,0.0,261.25,0.2483,0.1483,0.0,297.6666666666667
2026-05-31 01:05:00,0.0,260.0,0.2483,0.1483,0.0,297.9166666666667
2026-05-31 01:05:30,0.0,270.0,0.2483,0.1483,0.0,298.2708333333333
2026-05-31 01:06:00,0.0,260.0,0.2483,0.1483,0.0,298.6736108333333
2026-05-31 01:06:30,0.0,265.0,0.2483,0.1483,0.0,299.125
2026-05-31 01:07:00,0.0,270.0,0.2483,0.1483,0.0,299.625
2026-05-31 01:07:30,0.0,260.0,0.2483,0.1483,0.0,300.0
2026-05-31 01:08:00,0.0,263.3333,0.2483,0.1483,0.0,300.375
2026-05-31 01:08:30,0.0,266.6667,0.2483,0.1483,0.0,300.6666666666667
2026-05-31 01:09:00,0.0,270.0,0.2483,0.1483,0.0,300.75
2026-05-31 01:09:30,0.0,290.0,0.2483,0.1483,0.0,300.8928575
2026-05-31 01:10:00,0.0,300.0,0.2483,0.1483,0.0,301.0952383333333
2026-05-31 01:10:30,0.0,310.0,0.2483,0.1483,0.0,301.02380999999997
2026-05-31 01:11:00,0.0,313.3333,0.2483,0.1483,0.0,300.67857166666664
2026-05-31 01:11:30,0.0,316.6667,0.2483,0.1483,0.0,300.4345241666667
2026-05-31 01:12:00,0.0,320.0,0.2483,0.1483,0.0,300.2916666666667
2026-05-31 01:12:30,0.0,310.0,0.2483,0.1483,0.0,300.375
2026-05-31 01:13:00,0.0,300.0,0.2483,0.1483,0.0,300.5416666666667
2026-05-31 01:13:30,0.0,280.0,0.2483,0.1483,0.0,300.5
2026-05-31 01:14:00,0.0,310.0,0.2483,0.1483,0.0,300.5416666666667
2026-05-31 01:14:30,0.0,290.0,0.2483,0.1483,0.0,300.7083333333333
2026-05-31 01:15:00,0.0,295.0,0.2457,0.1457,0.0,300.7083333333333
2026-05-31 01:15:30,0.0,300.0,0.2457,0.1457,0.0,300.6041666666667
2026-05-31 01:16:00,0.0,310.0,0.2457,0.1457,0.0,300.3958333333333
2026-05-31 01:16:30,0.0,295.0,0.2457,0.1457,0.0,300.0833333333333
2026-05-31 01:17:00,0.0,280.0,0.2457,0.1457,0.0,299.7083333333333
2026-05-31 01:17:30,0.0,287.7778,0.2457,0.1457,0.0,299.5
2026-05-31 01:18:00,0.0,295.5556,0.2457,0.1457,0.0,299.4166666666667
2026-05-31 01:18:30,0.0,303.3333,0.2457,0.1457,0.0,299.375
2026-05-31 01:19:00,0.0,311.1111,0.2457,0.1457,0.0,299.375
2026-05-31 01:19:30,0.0,318.8889,0.2457,0.1457,0.0,299.4166666666667
2026-05-31 01:20:00,0.0,326.6667,0.2457,0.1457,0.0,299.44444500000003
2026-05-31 01:20:30,0.0,334.4444,0.2457,0.1457,0.0,299.4583333333333
2026-05-31 01:21:00,0.0,342.2222,0.2457,0.1457,0.0,299.4583333333333
2026-05-31 01:21:30,0.0,350.0,0.2457,0.1457,0.0,299.5833333333333
2026-05-31 01:22:00,0.0,345.0,0.2457,0.1457,0.0,299.6666666666667
2026-05-31 01:22:30,0.0,340.0,0.2457,0.1457,0.0,299.4583333333333
2026-05-31 01:23:00,0.0,337.5,0.2457,0.1457,0.0,299.2916666666667
2026-05-31 01:23:30,0.0,335.0,0.2457,0.1457,0.0,299.125
2026-05-31 01:24:00,0.0,332.5,0.2457,0.1457,0.0,298.91865083333334
2026-05-31 01:24:30,0.0,330.0,0.2457,0.1457,0.0,298.67261916666666
2026-05-31 01:25:00,0.0,335.0,0.2457,0.1457,0.0,298.386905
2026-05-31 01:25:30,0.0,340.0,0.2457,0.1457,0.0,298.17261916666666
2026-05-31 01:26:00,0.0,320.0,0.2457,0.1457,0.0,298.0297616666667
2026-05-31 01:26:30,0.0,310.0,0.2457,0.1457,0.0,297.7916666666667
2026-05-31 01:27:00,0.0,300.0,0.2457,0.1457,0.0,297.4583333333333
2026-05-31 01:27:30,0.0,290.0,0.2457,0.1457,0.0,297.25
2026-05-31 01:28:00,0.0,300.0,0.2457,0.1457,0.0,297.1666666666667
2026-05-31 01:28:30,0.0,320.0,0.2457,0.1457,0.0,297.0833333333333
2026-05-31 01:29:00,0.0,300.0,0.2457,0.1457,0.0,297.0416666666667
2026-05-31 01:29:30,0.0,320.0,0.2457,0.1457,0.0,296.875
2026-05-31 01:30:00,0.0,330.0,0.2457,0.1457,0.0,296.6666666666667
2026-05-31 01:30:30,0.0,340.0,0.2457,0.1457,0.0,296.51666666666665
2026-05-31 01:31:00,0.0,300.0,0.2457,0.1457,0.0,296.3
2026-05-31 01:31:30,0.0,330.0,0.2457,0.1457,0.0,296.26666666666665
2026-05-31 01:32:00,0.0,333.3333,0.2457,0.1457,0.0,296.2604166666667
2026-05-31 01:32:30,0.0,336.6667,0.2457,0.1457,0.0,296.28125
2026-05-31 01:33:00,0.0,340.0,0.2457,0.1457,0.0,296.3958333333333
2026-05-31 01:33:30,0.0,336.6667,0.2457,0.1457,0.0,296.5486108333333
2026-05-31 01:34:00,0.0,333.3333,0.2457,0.1457,0.0,296.7395833333333
2026-05-31 01:34:30,0.0,330.0,0.2457,0.1457,0.0,296.96875
2026-05-31 01:35:00,0.0,332.5,0.2457,0.1457,0.0,297.18055583333336
2026-05-31 01:35:30,0.0,335.0,0.2457,0.1457,0.0,297.375
2026-05-31 01:36:00,0.0,337.5,0.2457,0.1457,0.0,297.4583333333333
2026-05-31 01:36:30,0.0,340.0,0.2457,0.1457,0.0,297.7083333333333
2026-05-31 01:37:00,0.0,335.0,0.2457,0.1457,0.0,297.93055583333336
2026-05-31 01:37:30,0.0,330.0,0.2457,0.1457,0.0,298.125
2026-05-31 01:38:00,0.0,315.0,0.2457,0.1457,0.0,298.4166666666667
2026-05-31 01:38:30,0.0,300.0,0.2457,0.1457,0.0,298.69444500000003
2026-05-31 01:39:00,0.0,310.0,0.2457,0.1457,0.0,298.9583333333333
2026-05-31 01:39:30,0.0,320.0,0.2457,0.1457,0.0,299.2083333333333
2026-05-31 01:40:00,0.0,290.0,0.2457,0.1457,0.0,299.125
2026-05-31 01:40:30,0.0,260.0,0.2457,0.1457,0.0,298.875
2026-05-31 01:41:00,0.0,275.0,0.2457,0.1457,0.0,298.4583333333333
2026-05-31 01:41:30,0.0,290.0,0.2457,0.1457,0.0,298.05555583333336
2026-05-31 01:42:00,0.0,320.0,0.2457,0.1457,0.0,297.6666666666667
2026-05-31 01:42:30,0.0,310.0,0.2457,0.1457,0.0,297.23333333333335
2026-05-31 01:43:00,0.0,315.0,0.2457,0.1457,0.0,296.8666666666667
2026-05-31 01:43:30,0.0,320.0,0.2457,0.1457,0.0,296.56666666666666
2026-05-31 01:44:00,0.0,330.0,0.2457,0.1457,0.0,296.4166666666667
2026-05-31 01:44:30,0.0,320.0,0.2457,0.1457,0.0,296.0
2026-05-31 01:45:00,0.0,310.0,0.2457,0.1457,0.0,295.9166666666667
2026-05-31 01:45:30,0.0,300.0,0.2457,0.1457,0.0,295.7083333333333
2026-05-31 01:46:00,0.0,290.0,0.2457,0.1457,0.0,295.4513891666667
2026-05-31 01:46:30,0.0,285.0,0.2457,0.1457,0.0,295.1041666666667
2026-05-31 01:47:00,0.0,280.0,0.2457,0.1457,0.0,294.875
2026-05-31 01:47:30,0.0,270.0,0.2457,0.1457,0.0,294.7638891666667
2026-05-31 01:48:00,0.0,273.3333,0.2457,0.1457,0.0,294.58101833333336
2026-05-31 01:48:30,0.0,276.6667,0.2457,0.1457,0.0,294.3263883333333
2026-05-31 01:49:00,0.0,280.0,0.2457,0.1457,0.0,294.0
2026-05-31 01:49:30,0.0,276.6667,0.2457,0.1457,0.0,293.6018516666667
2026-05-31 01:50:00,0.0,273.3333,0.2457,0.1457,0.0,293.13194416666664
2026-05-31 01:50:30,0.0,270.0,0.2457,0.1457,0.0,292.5902775
2026-05-31 01:51:00,0.0,280.0,0.2457,0.1457,0.0,291.9768516666667
2026-05-31 01:51:30,0.0,270.0,0.2457,0.1457,0.0,291.2916666666667
2026-05-31 01:52:00,0.0,240.0,0.2457,0.1457,0.0,290.56944416666664
2026-05-31 01:52:30,0.0,250.0,0.2457,0.1457,0.0,289.9166666666667
2026-05-31 01:53:00,0.0,260.0,0.2457,0.1457,0.0,289.3333333333333
2026-05-31 01:53:30,0.0,256.6667,0.2457,0.1457,0.0,288.6875
2026-05-31 01:54:00,0.0,253.3333,0.2457,0.1457,0.0,288.1458333333333
2026-05-31 01:54:30,0.0,250.0,0.2457,0.1457,0.0,287.5416666666667
2026-05-31 01:55:00,0.0,260.0,0.2457,0.1457,0.0,287.0416666666667
2026-05-31 01:55:30,0.0,270.0,0.2457,0.1457,0.0,286.5572916666667
2026-05-31 01:56:00,0.0,260.0,0.2457,0.1457,0.0,286.0885416666667
2026-05-31 01:56:30,0.0,250.0,0.2457,0.1457,0.0,285.84375
2026-05-31 01:57:00,0.0,255.0,0.2457,0.1457,0.0,285.7395833333333
2026-05-31 01:57:30,0.0,260.0,0.2457,0.1457,0.0,285.7760416666667
2026-05-31 01:58:00,0.0,270.0,0.2457,0.1457,0.0,285.953125
2026-05-31 01:58:30,0.0,280.0,0.2457,0.1457,0.0,286.1041666666667
2026-05-31 01:59:00,0.0,270.0,0.2457,0.1457,0.0,286.1458333333333
2026-05-31 01:59:30,0.0,260.0,0.2457,0.1457,0.0,286.4114583333333
2026-05-31 02:00:00,0.0,262.0,0.2457,0.1457,0.0,286.5677083333333
2026-05-31 02:00:30,0.0,264.0,0.2457,0.1457,0.0,286.6979166666667
2026-05-31 02:01:00,0.0,266.0,0.2457,0.1457,0.0,286.8020833333333
2026-05-31 02:01:30,0.0,268.0,0.2457,0.1457,0.0,287.296875
2026-05-31 02:02:00,0.0,270.0,0.2457,0.1457,0.0,287.5989583333333
2026-05-31 02:02:30,0.0,280.0,0.2457,0.1457,0.0,287.93055583333336
2026-05-31 02:03:00,0.0,283.3333,0.2457,0.1457,0.0,288.2916666666667
2026-05-31 02:03:30,0.0,286.6667,0.2457,0.1457,0.0,288.2083333333333
2026-05-31 02:04:00,0.0,290.0,0.2457,0.1457,0.0,288.06944416666664
2026-05-31 02:04:30,0.0,286.6667,0.2457,0.1457,0.0,288.0
2026-05-31 02:05:00,0.0,283.3333,0.2457,0.1457,0.0,288.0
2026-05-31 02:05:30,0.0,280.0,0.2457,0.1457,0.0,287.9513891666667
2026-05-31 02:06:00,0.0,290.0,0.2457,0.1457,0.0,287.8541666666667
2026-05-31 02:06:30,0.0,291.6667,0.2457,0.1457,0.0,287.7083333333333
2026-05-31 02:07:00,0.0,293.3333,0.2457,0.1457,0.0,287.5833333333333
2026-05-31 02:07:30,0.0,295.0,0.2457,0.1457,0.0,287.5416666666667
2026-05-31 02:08:00,0.0,296.6667,0.2457,0.1457,0.0,287.4583333333333
2026-05-31 02:08:30,0.0,298.3333,0.2457,0.1457,0.0,287.5833333333333
2026-05-31 02:09:00,0.0,300.0,0.2457,0.1457,0.0,287.75
2026-05-31 02:09:30,0.0,280.0,0.2457,0.1457,0.0,287.9166666666667
2026-05-31 02:10:00,0.0,270.0,0.2457,0.1457,0.0,288.0416666666667
2026-05-31 02:10:30,0.0,260.0,0.2457,0.1457,0.0,288.4583333333333
2026-05-31 02:11:00,0.0,265.0,0.2457,0.1457,0.0,289.0416666666667
2026-05-31 02:11:30,0.0,270.0,0.2457,0.1457,0.0,289.4166666666667
2026-05-31 02:12:00,0.0,268.0,0.2457,0.1457,0.0,289.75
2026-05-31 02:12:30,0.0,266.0,0.2457,0.1457,0.0,289.9166666666667
2026-05-31 02:13:00,0.0,264.0,0.2457,0.1457,0.0,290.0833333333333
2026-05-31 02:13:30,0.0,262.0,0.2457,0.1457,0.0,290.1666666666667
2026-05-31 02:14:00,0.0,260.0,0.2457,0.1457,0.0,290.1666666666667
2026-05-31 02:14:30,0.0,280.0,0.2457,0.1457,0.0,290.1111108333333
2026-05-31 02:15:00,0.0,270.0,0.2457,0.1457,0.0,290.1666666666667
2026-05-31 02:15:30,0.0,269.1667,0.2457,0.1457,0.0,290.3333333333333
2026-05-31 02:16:00,0.0,268.3333,0.2457,0.1457,0.0,290.5
2026-05-31 02:16:30,0.0,267.5,0.2457,0.1457,0.0,290.8333333333333
2026-05-31 02:17:00,0.0,266.6667,0.2457,0.1457,0.0,291.125
2026-05-31 02:17:30,0.0,265.8333,0.2457,0.1457,0.0,291.5416666666667
2026-05-31 02:18:00,0.0,265.0,0.2457,0.1457,0.0,291.9583333333333
2026-05-31 02:18:30,0.0,264.1667,0.2457,0.1457,0.0,292.375
2026-05-31 02:19:00,0.0,263.3333,0.2457,0.1457,0.0,292.7916666666667
2026-05-31 02:19:30,0.0,262.5,0.2457,0.1457,0.0,293.2083333333333
2026-05-31 02:20:00,0.0,261.6667,0.2457,0.1457,0.0,293.56944416666664
2026-05-31 02:20:30,0.0,260.8333,0.2457,0.1457,0.0,294.0416666666667
2026-05-31 02:21:00,0.0,260.0,0.2457,0.1457,0.0,294.4583333333333
2026-05-31 02:21:30,0.0,263.3333,0.2457,0.1457,0.0,294.7291666666667
2026-05-31 02:22:00,0.0,266.6667,0.2457,0.1457,0.0,295.0208333333333
2026-05-31 02:22:30,0.0,270.0,0.2457,0.1457,0.0,295.5
2026-05-31 02:23:00,0.0,260.0,0.2457,0.1457,0.0,295.8333333333333
2026-05-31 02:23:30,0.0,270.0,0.2457,0.1457,0.0,295.8333333333333
2026-05-31 02:24:00,0.0,260.0,0.2457,0.1457,0.0,295.7777775
2026-05-31 02:24:30,0.0,270.0,0.2457,0.1457,0.0,295.7916666666667
2026-05-31 02:25:00,0.0,276.875,0.2457,0.1457,0.0,295.875
2026-05-31 02:25:30,0.0,283.75,0.2457,0.1457,0.0,295.625
2026-05-31 02:26:00,0.0,290.625,0.2457,0.1457,0.0,295.2083333333333
2026-05-31 02:26:30,0.0,297.5,0.2457,0.1457,0.0,294.9583333333333
2026-05-31 02:27:00,0.0,304.375,0.2457,0.1457,0.0,294.7708333333333
2026-05-31 02:27:30,0.0,311.25,0.2457,0.1457,0.0,294.5208333333333
2026-05-31 02:28:00,0.0,318.125,0.2457,0.1457,0.0,294.2083333333333
2026-05-31 02:28:30,0.0,325.0,0.2457,0.1457,0.0,293.7916666666667
2026-05-31 02:29:00,0.0,331.875,0.2457,0.1457,0.0,293.4583333333333
2026-05-31 02:29:30,0.0,338.75,0.2457,0.1457,0.0,293.125
2026-05-31 02:30:00,0.0,345.625,0.2457,0.1457,0.0,292.9583333333333
2026-05-31 02:30:30,0.0,352.5,0.2457,0.1457,0.0,292.69166666666666
2026-05-31 02:31:00,0.0,359.375,0.2457,0.1457,0.0,292.39444416666663
2026-05-31 02:31:30,0.0,366.25,0.2457,0.1457,0.0,292.06666666666666
2026-05-31 02:32:00,0.0,373.125,0.2457,0.1457,0.0,291.7083333333333
2026-05-31 02:32:30,0.0,380.0,0.2457,0.1457,0.0,291.31944416666664
2026-05-31 02:33:00,0.0,330.0,0.2457,0.1457,0.0,290.8333333333333
2026-05-31 02:33:30,0.0,320.0,0.2457,0.1457,0.0,290.30555583333336
2026-05-31 02:34:00,0.0,325.0,0.2457,0.1457,0.0,289.8333333333333
2026-05-31 02:34:30,0.0,330.0,0.2457,0.1457,0.0,289.30555583333336
2026-05-31 02:35:00,0.0,326.6667,0.2457,0.1457,0.0,288.7777775
2026-05-31 02:35:30,0.0,323.3333,0.2457,0.1457,0.0,288.25
2026-05-31 02:36:00,0.0,320.0,0.2457,0.1457,0.0,287.8333333333333
2026-05-31 02:36:30,0.0,325.0,0.2457,0.1457,0.0,287.31944416666664
2026-05-31 02:37:00,0.0,330.0,0.2457,0.1457,0.0,286.7777775
2026-05-31 02:37:30,0.0,320.0,0.2457,0.1457,0.0,286.2083333333333
2026-05-31 02:38:00,0.0,330.0,0.2457,0.1457,0.0,285.6111108333333
2026-05-31 02:38:30,0.0,320.0,0.2457,0.1457,0.0,284.9861108333333
2026-05-31 02:39:00,0.0,330.0,0.2457,0.1457,0.0,284.3333333333333
2026-05-31 02:39:30,0.0,335.0,0.2457,0.1457,0.0,283.75
2026-05-31 02:40:00,0.0,340.0,0.2457,0.1457,0.0,283.25
2026-05-31 02:40:30,0.0,330.0,0.2457,0.1457,0.0,282.875
2026-05-31 02:41:00,0.0,320.0,0.2457,0.1457,0.0,282.625
2026-05-31 02:41:30,0.0,330.0,0.2457,0.1457,0.0,282.25
2026-05-31 02:42:00,0.0,340.0,0.2457,0.1457,0.0,281.83510666666666
2026-05-31 02:42:30,0.0,330.0,0.2457,0.1457,0.0,281.4386525
2026-05-31 02:43:00,0.0,325.0,0.2457,0.1457,0.0,281.0606383333333
2026-05-31 02:43:30,0.0,320.0,0.2457,0.1457,0.0,280.70106416666664
2026-05-31 02:44:00,0.0,323.3333,0.2457,0.1457,0.0,280.3599291666667
2026-05-31 02:44:30,0.0,326.6667,0.2457,0.1457,0.0,280.0372341666667
2026-05-31 02:45:00,0.0,330.0,0.2457,0.1457,0.0,279.54964583333333
2026-05-31 02:45:30,0.0,320.0,0.2457,0.1457,0.0,279.1471633333333
2026-05-31 02:46:00,0.0,330.0,0.2457,0.1457,0.0,278.75339833333334
2026-05-31 02:46:30,0.0,320.0,0.2457,0.1457,0.0,278.3683516666667
2026-05-31 02:47:00,0.0,330.0,0.2457,0.1457,0.0,277.9920216666667
2026-05-31 02:47:30,0.0,320.0,0.2457,0.1457,0.0,277.6244091666667
2026-05-31 02:48:00,0.0,323.3333,0.2457,0.1457,0.0,277.265515
2026-05-31 02:48:30,0.0,326.6667,0.2457,0.1457,0.0,276.91533749999996
2026-05-31 02:49:00,0.0,330.0,0.2457,0.1457,0.0,276.5738775
2026-05-31 02:49:30,0.0,320.0,0.2457,0.1457,0.0,276.2411358333333
2026-05-31 02:50:00,0.0,330.0,0.2457,0.1457,0.0,275.9171108333333
2026-05-31 02:50:30,0.0,320.0,0.2457,0.1457,0.0,275.6018033333333
2026-05-31 02:51:00,0.0,312.5,0.2457,0.1457,0.0,275.29521416666665
2026-05-31 02:51:30,0.0,305.0,0.2457,0.1457,0.0,274.9973416666666
2026-05-31 02:52:00,0.0,297.5,0.2457,0.1457,0.0,274.673465
2026-05-31 02:52:30,0.0,290.0,0.2457,0.1457,0.0,274.3235833333334
2026-05-31 02:53:00,0.0,260.0,0.2457,0.1457,0.0,273.9476966666667
2026-05-31 02:53:30,0.0,250.0,0.2457,0.1457,0.0,273.6569166666667
2026-05-31 02:54:00,0.0,255.0,0.2457,0.1457,0.0,273.28457583333335
2026-05-31 02:54:30,0.0,260.0,0.2457,0.1457,0.0,272.99734166666667
2026-05-31 02:55:00,0.0,230.0,0.2457,0.1457,0.0,272.6285475
2026-05-31 02:55:30,0.0,220.0,0.2457,0.1457,0.0,272.20423416666665
2026-05-31 02:56:00,0.0,230.0,0.2457,0.1457,0.0,271.7244025
2026-05-31 02:56:30,0.0,227.5,0.2457,0.1457,0.0,271.1890525
2026-05-31 02:57:00,0.0,225.0,0.2457,0.1457,0.0,270.59818333333334
2026-05-31 02:57:30,0.0,222.5,0.2457,0.1457,0.0,269.95179583333334
2026-05-31 02:58:00,0.0,220.0,0.2457,0.1457,0.0,269.24989
2026-05-31 02:58:30,0.0,240.0,0.2457,0.1457,0.0,268.492465
2026-05-31 02:59:00,0.0,230.0,0.2457,0.1457,0.0,267.6795216666667
2026-05-31 02:59:30,0.0,240.0,0.2457,0.1457,0.0,266.81106
2026-05-31 03:00:00,0.0,230.0,0.245,0.145,0.0,265.88707916666664
2026-05-31 03:00:30,0.0,228.3333,0.245,0.145,0.0,264.90758
2026-05-31 03:01:00,0.0,226.6667,0.245,0.145,0.0,263.8725625
2026-05-31 03:01:30,0.0,225.0,0.245,0.145,0.0,262.7820258333333
2026-05-31 03:02:00,0.0,223.3333,0.245,0.145,0.0,261.6359708333333
2026-05-31 03:02:30,0.0,221.6667,0.245,0.145,0.0,260.4343975
2026-05-31 03:03:00,0.0,220.0,0.245,0.145,0.0,259.177305
2026-05-31 03:03:30,0.0,230.0,0.245,0.145,0.0,258.33865249999997
2026-05-31 03:04:00,0.0,226.6667,0.245,0.145,0.0,257.58510666666666
2026-05-31 03:04:30,0.0,223.3333,0.245,0.145,0.0,256.7916666666667
2026-05-31 03:05:00,0.0,220.0,0.245,0.145,0.0,255.95833333333334
2026-05-31 03:05:30,0.0,230.0,0.245,0.145,0.0,255.06944416666667
2026-05-31 03:06:00,0.0,228.3333,0.245,0.145,0.0,254.2175925
2026-05-31 03:06:30,0.0,226.6667,0.245,0.145,0.0,253.40277749999998
2026-05-31 03:07:00,0.0,225.0,0.245,0.145,0.0,252.555555
2026-05-31 03:07:30,0.0,223.3333,0.245,0.145,0.0,251.675925
2026-05-31 03:08:00,0.0,221.6667,0.245,0.145,0.0,250.88888833333334
2026-05-31 03:08:30,0.0,220.0,0.245,0.145,0.0,250.02777749999998
2026-05-31 03:09:00,0.0,230.0,0.245,0.145,0.0,249.25925916666665
2026-05-31 03:09:30,0.0,220.0,0.245,0.145,0.0,248.41666666666666
2026-05-31 03:10:00,0.0,225.0,0.245,0.145,0.0,247.54166666666666
2026-05-31 03:10:30,0.0,230.0,0.245,0.145,0.0,246.54166666666666
2026-05-31 03:11:00,0.0,220.0,0.245,0.145,0.0,245.7
2026-05-31 03:11:30,0.0,220.2128,0.245,0.145,0.0,245.01666666666668
2026-05-31 03:12:00,0.0,220.4255,0.245,0.145,0.0,244.325
2026-05-31 03:12:30,0.0,220.6383,0.245,0.145,0.0,243.625
2026-05-31 03:13:00,0.0,220.8511,0.245,0.145,0.0,243.08333333333334
2026-05-31 03:13:30,0.0,221.0638,0.245,0.145,0.0,242.65833333333333
2026-05-31 03:14:00,0.0,221.2766,0.245,0.145,0.0,242.35
2026-05-31 03:14:30,0.0,221.4894,0.245,0.145,0.0,242.0888891666667
2026-05-31 03:15:00,0.0,221.7021,0.2395,0.1395,0.0,241.875
2026-05-31 03:15:30,0.0,221.9149,0.2395,0.1395,0.0,241.70833333333334
2026-05-31 03:16:00,0.0,222.1277,0.2395,0.1395,0.0,241.375
2026-05-31 03:16:30,0.0,222.3404,0.2395,0.1395,0.0,240.91666666666666
2026-05-31 03:17:00,0.0,222.5532,0.2395,0.1395,0.0,240.5
2026-05-31 03:17:30,0.0,222.766,0.2395,0.1395,0.0,240.08333333333334
2026-05-31 03:18:00,0.0,222.9787,0.2395,0.1395,0.0,239.72916666666666
2026-05-31 03:18:30,0.0,223.1915,0.2395,0.1395,0.0,239.32638916666667
2026-05-31 03:19:00,0.0,223.4043,0.2395,0.1395,0.0,238.875
2026-05-31 03:19:30,0.0,223.617,0.2395,0.1395,0.0,238.375
2026-05-31 03:20:00,0.0,223.8298,0.2395,0.1395,0.0,238.04166666666666
2026-05-31 03:20:30,0.0,224.0426,0.2395,0.1395,0.0,237.54166666666666
2026-05-31 03:21:00,0.0,224.2553,0.2395,0.1395,0.0,237.20833333333334
2026-05-31 03:21:30,0.0,224.4681,0.2395,0.1395,0.0,236.92824083333332
2026-05-31 03:22:00,0.0,224.6809,0.2395,0.1395,0.0,236.70138916666664
2026-05-31 03:22:30,0.0,224.8936,0.2395,0.1395,0.0,236.52777833333332
2026-05-31 03:23:00,0.0,225.1064,0.2395,0.1395,0.0,236.40740833333334
2026-05-31 03:23:30,0.0,225.3191,0.2395,0.1395,0.0,236.52777833333332
2026-05-31 03:24:00,0.0,225.5319,0.2395,0.1395,0.0,236.7222225
2026-05-31 03:24:30,0.0,225.7447,0.2395,0.1395,0.0,236.86574083333332
2026-05-31 03:25:00,0.0,225.9574,0.2395,0.1395,0.0,236.95833333333334
2026-05-31 03:25:30,0.0,226.1702,0.2395,0.1395,0.0,237.29166666666666
2026-05-31 03:26:00,0.0,226.383,0.2395,0.1395,0.0,237.79166666666666
2026-05-31 03:26:30,0.0,226.5957,0.2395,0.1395,0.0,238.125
2026-05-31 03:27:00,0.0,226.8085,0.2395,0.1395,0.0,238.64583333333334
2026-05-31 03:27:30,0.0,227.0213,0.2395,0.1395,0.0,239.10416666666666
2026-05-31 03:28:00,0.0,227.234,0.2395,0.1395,0.0,239.5925925
2026-05-31 03:28:30,0.0,227.4468,0.2395,0.1395,0.0,240.11111083333333
2026-05-31 03:29:00,0.0,227.6596,0.2395,0.1395,0.0,240.47222166666668
2026-05-31 03:29:30,0.0,227.8723,0.2395,0.1395,0.0,240.925925
2026-05-31 03:30:00,0.0,228.0851,0.234,0.134,0.0,241.305555
2026-05-31 03:30:30,0.0,228.2979,0.234,0.134,0.0,241.77777749999998
2026-05-31 03:31:00,0.0,228.5106,0.234,0.134,0.0,242.27314833333332
2026-05-31 03:31:30,0.0,228.7234,0.234,0.134,0.0,242.79166666666666
2026-05-31 03:32:00,0.0,228.9362,0.234,0.134,0.0,243.33333333333334
2026-05-31 03:32:30,0.0,229.1489,0.234,0.134,0.0,243.97222250000002
2026-05-31 03:33:00,0.0,229.3617,0.234,0.134,0.0,244.54166666666666
2026-05-31 03:33:30,0.0,229.5745,0.234,0.134,0.0,245.04166666666666
2026-05-31 03:34:00,0.0,229.7872,0.234,0.134,0.0,245.375
2026-05-31 03:34:30,0.0,230.0,0.234,0.134,0.0,245.6527775
2026-05-31 03:35:00,0.0,220.0,0.234,0.134,0.0,245.875
2026-05-31 03:35:30,0.0,221.1111,0.234,0.134,0.0,246.04166666666666
2026-05-31 03:36:00,0.0,222.2222,0.234,0.134,0.0,246.14583333333334
2026-05-31 03:36:30,0.0,223.3333,0.234,0.134,0.0,246.28472250000002
2026-05-31 03:37:00,0.0,224.4444,0.234,0.134,0.0,246.45833333333334
2026-05-31 03:37:30,0.0,225.5556,0.234,0.134,0.0,246.66666666666666
2026-05-31 03:38:00,0.0,226.6667,0.234,0.134,0.0,246.80555583333336
2026-05-31 03:38:30,0.0,227.7778,0.234,0.134,0.0,246.94166666666666
2026-05-31 03:39:00,0.0,228.8889,0.234,0.134,0.0,247.075
2026-05-31 03:39:30,0.0,230.0,0.234,0.134,0.0,247.10833333333332
2026-05-31 03:40:00,0.0,220.0,0.234,0.134,0.0,247.20833333333334
2026-05-31 03:40:30,0.0,229.0,0.234,0.134,0.0,247.25
2026-05-31 03:41:00,0.0,238.0,0.234,0.134,0.0,247.16666666666666
2026-05-31 03:41:30,0.0,247.0,0.234,0.134,0.0,247.2222225
2026-05-31 03:42:00,0.0,256.0,0.234,0.134,0.0,247.33156
2026-05-31 03:42:30,0.0,265.0,0.234,0.134,0.0,247.49468083333335
2026-05-31 03:43:00,0.0,274.0,0.234,0.134,0.0,247.73936166666667
2026-05-31 03:43:30,0.0,283.0,0.234,0.134,0.0,248.14893583333333
2026-05-31 03:44:00,0.0,292.0,0.234,0.134,0.0,248.64007083333334
2026-05-31 03:44:30,0.0,301.0,0.234,0.134,0.0,249.21276583333335
2026-05-31 03:45:00,0.0,310.0,0.2371,0.1371,0.0,249.74202083333333
2026-05-31 03:45:30,0.0,280.0,0.2371,0.1371,0.0,250.22783666666666
2026-05-31 03:46:00,0.0,275.0,0.2371,0.1371,0.0,250.79521250000002
2026-05-31 03:46:30,0.0,270.0,0.2371,0.1371,0.0,251.44414833333335
2026-05-31 03:47:00,0.0,280.0,0.2371,0.1371,0.0,252.13297833333334
2026-05-31 03:47:30,0.0,277.5,0.2371,0.1371,0.0,252.86170166666668
2026-05-31 03:48:00,0.0,275.0,0.2371,0.1371,0.0,253.421985
2026-05-31 03:48:30,0.0,272.5,0.2371,0.1371,0.0,253.8138291666667
2026-05-31 03:49:00,0.0,270.0,0.2371,0.1371,0.0,254.28723333333335
2026-05-31 03:49:30,0.0,280.0,0.2371,0.1371,0.0,254.6755308333333
2026-05-31 03:50:00,0.0,270.0,0.2371,0.1371,0.0,255.14538916666666
2026-05-31 03:50:30,0.0,280.0,0.2371,0.1371,0.0,255.6968075
2026-05-31 03:51:00,0.0,278.8889,0.2371,0.1371,0.0,256.32978583333335
2026-05-31 03:51:30,0.0,277.7778,0.2371,0.1371,0.0,256.87765833333333
2026-05-31 03:52:00,0.0,276.6667,0.2371,0.1371,0.0,257.44459083333334
2026-05-31 03:52:30,0.0,275.5556,0.2371,0.1371,0.0,258.03058333333337
2026-05-31 03:53:00,0.0,274.4444,0.2371,0.1371,0.0,258.63563666666664
2026-05-31 03:53:30,0.0,273.3333,0.2371,0.1371,0.0,259.25975
2026-05-31 03:54:00,0.0,272.2222,0.2371,0.1371,0.0,259.63209083333334
2026-05-31 03:54:30,0.0,271.1111,0.2371,0.1371,0.0,259.919325
2026-05-31 03:55:00,0.0,270.0,0.2371,0.1371,0.0,260.1214525
2026-05-31 03:55:30,0.0,280.0,0.2371,0.1371,0.0,260.40514083333335
2026-05-31 03:56:00,0.0,270.0,0.2371,0.1371,0.0,260.6037225
2026-05-31 03:56:30,0.0,290.0,0.2371,0.1371,0.0,260.8838641666667
2026-05-31 03:57:00,0.0,280.0,0.2371,0.1371,0.0,261.07890000000003
2026-05-31 03:57:30,0.0,281.1111,0.2371,0.1371,0.0,261.29994
2026-05-31 03:58:00,0.0,282.2222,0.2371,0.1371,0.0,261.546985
2026-05-31 03:58:30,0.0,283.3333,0.2371,0.1371,0.0,261.820035
2026-05-31 03:59:00,0.0,284.4444,0.2371,0.1371,0.0,262.11908916666664
2026-05-31 03:59:30,0.0,285.5556,0.2371,0.1371,0.0,262.4441483333333
2026-05-31 04:00:00,0.0,286.6667,0.2382,0.1382,0.0,262.7952125
2026-05-31 04:00:30,0.0,287.7778,0.2382,0.1382,0.0,263.1167258333333
2026-05-31 04:01:00,0.0,288.8889,0.2382,0.1382,0.0,263.4086875
2026-05-31 04:01:30,0.0,290.0,0.2382,0.1382,0.0,263.6710991666667
2026-05-31 04:02:00,0.0,300.0,0.2382,0.1382,0.0,264.0150708333333
2026-05-31 04:02:30,0.0,290.0,0.2382,0.1382,0.0,264.3156025
2026-05-31 04:03:00,0.0,280.0,0.2382,0.1382,0.0,264.572695
2026-05-31 04:03:30,0.0,270.0,0.2382,0.1382,0.0,264.91134750000003
2026-05-31 04:04:00,0.0,260.0,0.2382,0.1382,0.0,265.22044916666664
2026-05-31 04:04:30,0.0,250.0,0.2382,0.1382,0.0,265.5
2026-05-31 04:05:00,0.0,240.0,0.2382,0.1382,0.0,265.75
2026-05-31 04:05:30,0.0,242.5,0.2382,0.1382,0.0,266.1666666666667
2026-05-31 04:06:00,0.0,245.0,0.2382,0.1382,0.0,266.49074083333335
2026-05-31 04:06:30,0.0,247.5,0.2382,0.1382,0.0,266.8138891666667
2026-05-31 04:07:00,0.0,250.0,0.2382,0.1382,0.0,267.13611166666664
2026-05-31 04:07:30,0.0,240.0,0.2382,0.1382,0.0,267.4574083333333
2026-05-31 04:08:00,0.0,238.0,0.2382,0.1382,0.0,267.77777833333334
2026-05-31 04:08:30,0.0,236.0,0.2382,0.1382,0.0,268.0972225
2026-05-31 04:09:00,0.0,234.0,0.2382,0.1382,0.0,268.41574083333336
2026-05-31 04:09:30,0.0,232.0,0.2382,0.1382,0.0,268.73333333333335
2026-05-31 04:10:00,0.0,230.0,0.2382,0.1382,0.0,269.05
2026-05-31 04:10:30,0.0,220.0,0.2382,0.1382,0.0,269.4583333333333
2026-05-31 04:11:00,0.0,226.6667,0.2382,0.1382,0.0,269.8
2026-05-31 04:11:30,0.0,233.3333,0.2382,0.1382,0.0,270.025
2026-05-31 04:12:00,0.0,240.0,0.2382,0.1382,0.0,270.1333333333333
2026-05-31 04:12:30,0.0,250.0,0.2382,0.1382,0.0,270.4166666666667
2026-05-31 04:13:00,0.0,270.0,0.2382,0.1382,0.0,270.7916666666667
2026-05-31 04:13:30,0.0,280.0,0.2382,0.1382,0.0,271.03611083333334
2026-05-31 04:14:00,0.0,290.0,0.2382,0.1382,0.0,271.15
2026-05-31 04:14:30,0.0,285.0,0.2382,0.1382,0.0,271.1333333333333
2026-05-31 04:15:00,0.0,280.0,0.2373,0.1373,0.0,271.0625
2026-05-31 04:15:30,0.0,290.0,0.2373,0.1373,0.0,270.9375
2026-05-31 04:16:00,0.0,300.0,0.2373,0.1373,0.0,271.0833333333333
2026-05-31 04:16:30,0.0,305.0,0.2373,0.1373,0.0,271.2916666666667
2026-05-31 04:17:00,0.0,310.0,0.2373,0.1373,0.0,271.4583333333333
2026-05-31 04:17:30,0.0,290.0,0.2373,0.1373,0.0,271.625
2026-05-31 04:18:00,0.0,270.0,0.2373,0.1373,0.0,271.6875
2026-05-31 04:18:30,0.0,280.0,0.2373,0.1373,0.0,271.6458333333333
2026-05-31 04:19:00,0.0,270.0,0.2373,0.1373,0.0,271.5972225
2026-05-31 04:19:30,0.0,280.0,0.2373,0.1373,0.0,271.5416666666667
2026-05-31 04:20:00,0.0,290.0,0.2373,0.1373,0.0,271.375
2026-05-31 04:20:30,0.0,300.0,0.2373,0.1373,0.0,271.375
2026-05-31 04:21:00,0.0,290.0,0.2373,0.1373,0.0,271.2083333333333
2026-05-31 04:21:30,0.0,292.5,0.2373,0.1373,0.0,271.0925925
2026-05-31 04:22:00,0.0,295.0,0.2373,0.1373,0.0,271.0277775
2026-05-31 04:22:30,0.0,297.5,0.2373,0.1373,0.0,270.930555
2026-05-31 04:23:00,0.0,300.0,0.2373,0.1373,0.0,270.800925
2026-05-31 04:23:30,0.0,270.0,0.2373,0.1373,0.0,270.7411608333333
2026-05-31 04:24:00,0.0,260.0,0.2373,0.1373,0.0,270.7512625
2026-05-31 04:24:30,0.0,250.0,0.2373,0.1373,0.0,270.8312291666667
2026-05-31 04:25:00,0.0,260.0,0.2373,0.1373,0.0,270.98106083333334
2026-05-31 04:25:30,0.0,250.0,0.2373,0.1373,0.0,271.2007575
2026-05-31 04:26:00,0.0,260.0,0.2373,0.1373,0.0,271.3977275
2026-05-31 04:26:30,0.0,250.0,0.2373,0.1373,0.0,271.73863666666665
2026-05-31 04:27:00,0.0,253.3333,0.2373,0.1373,0.0,271.973485
2026-05-31 04:27:30,0.0,256.6667,0.2373,0.1373,0.0,272.3522725
2026-05-31 04:28:00,0.0,260.0,0.2373,0.1373,0.0,272.78240750000003
2026-05-31 04:28:30,0.0,263.3333,0.2373,0.1373,0.0,273.2638891666667
2026-05-31 04:29:00,0.0,266.6667,0.2373,0.1373,0.0,273.569445
2026-05-31 04:29:30,0.0,270.0,0.2373,0.1373,0.0,273.82407499999994
2026-05-31 04:30:00,0.0,266.6667,0.245,0.145,0.0,274.0277783333333
2026-05-31 04:30:30,0.0,263.3333,0.245,0.145,0.0,274.30555583333336
2026-05-31 04:31:00,0.0,260.0,0.245,0.145,0.0,274.4907408333333
2026-05-31 04:31:30,0.0,270.0,0.245,0.145,0.0,274.5833333333333
2026-05-31 04:32:00,0.0,265.0,0.245,0.145,0.0,274.6875
2026-05-31 04:32:30,0.0,260.0,0.245,0.145,0.0,274.7291666666667
2026-05-31 04:33:00,0.0,270.0,0.245,0.145,0.0,274.875
2026-05-31 04:33:30,0.0,266.6667,0.245,0.145,0.0,275.125
2026-05-31 04:34:00,0.0,263.3333,0.245,0.145,0.0,275.5416666666667
2026-05-31 04:34:30,0.0,260.0,0.245,0.145,0.0,276.0277775
2026-05-31 04:35:00,0.0,270.0,0.245,0.145,0.0,276.5833333333333
2026-05-31 04:35:30,0.0,260.0,0.245,0.145,0.0,277.2083333333333
2026-05-31 04:36:00,0.0,261.0,0.245,0.145,0.0,277.7986108333333
2026-05-31 04:36:30,0.0,262.0,0.245,0.145,0.0,278.3541666666667
2026-05-31 04:37:00,0.0,263.0,0.245,0.145,0.0,278.875
2026-05-31 04:37:30,0.0,264.0,0.245,0.145,0.0,279.4166666666667
2026-05-31 04:38:00,0.0,265.0,0.245,0.145,0.0,280.0833333333333
2026-05-31 04:38:30,0.0,266.0,0.245,0.145,0.0,280.68333333333334
2026-05-31 04:39:00,0.0,267.0,0.245,0.145,0.0,281.34166666666664
2026-05-31 04:39:30,0.0,268.0,0.245,0.145,0.0,282.05833333333334
2026-05-31 04:40:00,0.0,269.0,0.245,0.145,0.0,282.7777775
2026-05-31 04:40:30,0.0,270.0,0.245,0.145,0.0,283.5
2026-05-31 04:41:00,0.0,265.0,0.245,0.145,0.0,284.2916666666667
2026-05-31 04:41:30,0.0,260.0,0.245,0.145,0.0,285.0138883333333
2026-05-31 04:42:00,0.0,290.0,0.245,0.145,0.0,285.6666666666667
2026-05-31 04:42:30,0.0,310.0,0.245,0.145,0.0,286.25
2026-05-31 04:43:00,0.0,303.3333,0.245,0.145,0.0,286.7916666666667
2026-05-31 04:43:30,0.0,296.6667,0.245,0.145,0.0,287.2083333333333
2026-05-31 04:44:00,0.0,290.0,0.245,0.145,0.0,287.4583333333333
2026-05-31 04:44:30,0.0,292.5,0.245,0.145,0.0,287.7083333333333
2026-05-31 04:45:00,0.0,295.0,0.2359,0.1359,0.0,287.9166666666667
2026-05-31 04:45:30,0.0,297.5,0.2359,0.1359,0.0,288.2083333333333
2026-05-31 04:46:00,0.0,300.0,0.2359,0.1359,0.0,288.4583333333333
2026-05-31 04:46:30,0.0,290.0,0.2359,0.1359,0.0,288.5833333333333
2026-05-31 04:47:00,0.0,300.0,0.2359,0.1359,0.0,288.625
2026-05-31 04:47:30,0.0,285.0,0.2359,0.1359,0.0,288.4166666666667
2026-05-31 04:48:00,0.0,270.0,0.2359,0.1359,0.0,288.1666666666667
2026-05-31 04:48:30,0.0,266.6667,0.2359,0.1359,0.0,288.0
2026-05-31 04:49:00,0.0,263.3333,0.2359,0.1359,0.0,287.7916666666667
2026-05-31 04:49:30,0.0,260.0,0.2359,0.1359,0.0,287.7083333333333
2026-05-31 04:50:00,0.0,270.0,0.2359,0.1359,0.0,287.4583333333333
2026-05-31 04:50:30,0.0,260.0,0.2359,0.1359,0.0,287.2083333333333
2026-05-31 04:51:00,0.0,265.0,0.2359,0.1359,0.0,286.7916666666667
2026-05-31 04:51:30,0.0,270.0,0.2359,0.1359,0.0,286.5
2026-05-31 04:52:00,0.0,265.0,0.2359,0.1359,0.0,286.2291666666667
2026-05-31 04:52:30,0.0,260.0,0.2359,0.1359,0.0,285.8958333333333
2026-05-31 04:53:00,0.0,267.2727,0.2359,0.1359,0.0,285.5
2026-05-31 04:53:30,0.0,274.5455,0.2359,0.1359,0.0,285.1666666666667
2026-05-31 04:54:00,0.0,281.8182,0.2359,0.1359,0.0,285.0
2026-05-31 04:54:30,0.0,289.0909,0.2359,0.1359,0.0,284.8888891666667
2026-05-31 04:55:00,0.0,296.3636,0.2359,0.1359,0.0,284.8333333333333
2026-05-31 04:55:30,0.0,303.6364,0.2359,0.1359,0.0,284.6666666666667
2026-05-31 04:56:00,0.0,310.9091,0.2359,0.1359,0.0,284.6666666666667
2026-05-31 04:56:30,0.0,318.1818,0.2359,0.1359,0.0,284.55555583333336
2026-05-31 04:57:00,0.0,325.4545,0.2359,0.1359,0.0,284.5
2026-05-31 04:57:30,0.0,332.7273,0.2359,0.1359,0.0,284.3888891666667
2026-05-31 04:58:00,0.0,340.0,0.2359,0.1359,0.0,284.2638891666667
2026-05-31 04:58:30,0.0,320.0,0.2359,0.1359,0.0,284.125
2026-05-31 04:59:00,0.0,315.0,0.2359,0.1359,0.0,283.9722225
2026-05-31 04:59:30,0.0,310.0,0.2359,0.1359,0.0,283.80555583333336
2026-05-31 05:00:00,0.0,320.0,0.2397,0.1397,0.0,283.625
2026-05-31 05:00:30,0.0,310.0,0.2397,0.1397,0.0,283.4861108333333
2026-05-31 05:01:00,0.0,300.0,0.2397,0.1397,0.0,283.2916666666667
2026-05-31 05:01:30,0.0,302.5,0.2397,0.1397,0.0,283.1325758333333
2026-05-31 05:02:00,0.0,305.0,0.2397,0.1397,0.0,282.8977275
2026-05-31 05:02:30,0.0,307.5,0.2397,0.1397,0.0,282.71212166666663
2026-05-31 05:03:00,0.0,310.0,0.2397,0.1397,0.0,282.57575833333334
2026-05-31 05:03:30,0.0,320.0,0.2397,0.1397,0.0,282.3636375
2026-05-31 05:04:00,0.0,318.3333,0.2397,0.1397,0.0,282.18686916666667
2026-05-31 05:04:30,0.0,316.6667,0.2397,0.1397,0.0,282.045455
2026-05-31 05:05:00,0.0,315.0,0.2397,0.1397,0.0,281.93939416666666
2026-05-31 05:05:30,0.0,313.3333,0.2397,0.1397,0.0,281.7575758333333
2026-05-31 05:06:00,0.0,311.6667,0.2397,0.1397,0.0,281.6666666666667
2026-05-31 05:06:30,0.0,310.0,0.2397,0.1397,0.0,281.575
2026-05-31 05:07:00,0.0,315.0,0.2397,0.1397,0.0,281.39166666666665
2026-05-31 05:07:30,0.0,320.0,0.2397,0.1397,0.0,281.18809500000003
2026-05-31 05:08:00,0.0,310.0,0.2397,0.1397,0.0,280.96428583333335
2026-05-31 05:08:30,0.0,315.0,0.2397,0.1397,0.0,280.7202383333333
2026-05-31 05:09:00,0.0,320.0,0.2397,0.1397,0.0,280.4559525
2026-05-31 05:09:30,0.0,318.3333,0.2397,0.1397,0.0,280.1714283333333
2026-05-31 05:10:00,0.0,316.6667,0.2397,0.1397,0.0,279.8666666666667
2026-05-31 05:10:30,0.0,315.0,0.2397,0.1397,0.0,279.5416666666667
2026-05-31 05:11:00,0.0,313.3333,0.2397,0.1397,0.0,279.2916666666667
2026-05-31 05:11:30,0.0,311.6667,0.2397,0.1397,0.0,279.0769233333333
2026-05-31 05:12:00,0.0,310.0,0.2397,0.1397,0.0,278.89743583333336
2026-05-31 05:12:30,0.0,315.0,0.2397,0.1397,0.0,278.4615383333333
2026-05-31 05:13:00,0.0,320.0,0.2397,0.1397,0.0,277.85256416666664
2026-05-31 05:13:30,0.0,310.0,0.2397,0.1397,0.0,277.292735
2026-05-31 05:14:00,0.0,320.0,0.2397,0.1397,0.0,276.78205083333336
2026-05-31 05:14:30,0.0,310.0,0.2397,0.1397,0.0,276.3205125
2026-05-31 05:15:00,0.0,315.0,0.2341,0.1341,0.0,275.8317308333333
2026-05-31 05:15:30,0.0,320.0,0.2341,0.1341,0.0,275.315705
2026-05-31 05:16:00,0.0,315.0,0.2341,0.1341,0.0,274.77243583333336
2026-05-31 05:16:30,0.0,310.0,0.2341,0.1341,0.0,274.2019233333333
2026-05-31 05:17:00,0.0,285.0,0.2341,0.1341,0.0,273.7083333333333
2026-05-31 05:17:30,0.0,260.0,0.2341,0.1341,0.0,273.125
2026-05-31 05:18:00,0.0,250.0,0.2341,0.1341,0.0,272.75
2026-05-31 05:18:30,0.0,255.0,0.2341,0.1341,0.0,272.625
2026-05-31 05:19:00,0.0,260.0,0.2341,0.1341,0.0,272.6527775
2026-05-31 05:19:30,0.0,250.0,0.2341,0.1341,0.0,272.8333333333333
2026-05-31 05:20:00,0.0,260.0,0.2341,0.1341,0.0,273.1666666666667
2026-05-31 05:20:30,0.0,250.0,0.2341,0.1341,0.0,272.9166666666667
2026-05-31 05:21:00,0.0,255.0,0.2341,0.1341,0.0,272.7291666666667
2026-05-31 05:21:30,0.0,260.0,0.2341,0.1341,0.0,272.4791666666667
2026-05-31 05:22:00,0.0,255.0,0.2341,0.1341,0.0,272.1666666666667
2026-05-31 05:22:30,0.0,250.0,0.2341,0.1341,0.0,271.875
2026-05-31 05:23:00,0.0,260.0,0.2341,0.1341,0.0,271.7083333333333
2026-05-31 05:23:30,0.0,250.0,0.2341,0.1341,0.0,271.23106083333334
2026-05-31 05:24:00,0.0,246.6667,0.2341,0.1341,0.0,270.4431816666667
2026-05-31 05:24:30,0.0,243.3333,0.2341,0.1341,0.0,269.34469666666666
2026-05-31 05:25:00,0.0,240.0,0.2341,0.1341,0.0,268.14393916666666
2026-05-31 05:25:30,0.0,250.0,0.2341,0.1341,0.0,266.8409091666667
2026-05-31 05:26:00,0.0,246.6667,0.2341,0.1341,0.0,265.56060583333334
2026-05-31 05:26:30,0.0,243.3333,0.2341,0.1341,0.0,264.13636333333335
2026-05-31 05:27:00,0.0,240.0,0.2341,0.1341,0.0,262.73484833333333
2026-05-31 05:27:30,0.0,241.6667,0.2341,0.1341,0.0,261.24494999999996
2026-05-31 05:28:00,0.0,243.3333,0.2341,0.1341,0.0,259.6666666666667
2026-05-31 05:28:30,0.0,245.0,0.2341,0.1341,0.0,258.0
2026-05-31 05:29:00,0.0,246.6667,0.2341,0.1341,0.0,256.5833333333333
2026-05-31 05:29:30,0.0,248.3333,0.2341,0.1341,0.0,255.20075749999998
2026-05-31 05:30:00,0.0,250.0,0.2327,0.1327,0.0,253.8522725
2026-05-31 05:30:30,0.0,240.0,0.2327,0.1327,0.0,252.41287833333334
2026-05-31 05:31:00,0.0,240.9091,0.2327,0.1327,0.0,251.04924166666666
2026-05-31 05:31:30,0.0,241.8182,0.2327,0.1327,0.0,249.7613625
2026-05-31 05:32:00,0.0,242.7273,0.2327,0.1327,0.0,248.445075
2026-05-31 05:32:30,0.0,243.6364,0.2327,0.1327,23.288,247.10037833333334
2026-05-31 05:33:00,0.0,244.5455,0.2327,0.1327,28.1034,245.7272725
2026-05-31 05:33:30,0.0,245.4545,0.2327,0.1327,32.9178,244.32575749999998
2026-05-31 05:34:00,0.0,246.3636,0.2327,0.1327,37.7311,242.83333333333334
2026-05-31 05:34:30,0.0,247.2727,0.2327,0.1327,42.5434,241.34722250000002
2026-05-31 05:35:00,0.0,248.1818,0.2327,0.1327,47.3546,239.95833333333334
2026-05-31 05:35:30,0.0,249.0909,0.2327,0.1327,52.1647,238.54166666666666
2026-05-31 05:36:00,0.0,250.0,0.2327,0.1327,56.9737,237.09722250000002
2026-05-31 05:36:30,0.0,240.0,0.2327,0.1327,61.7815,235.65
2026-05-31 05:37:00,0.0,238.5714,0.2327,0.1327,66.5881,234.2
2026-05-31 05:37:30,0.0,237.1429,0.2327,0.1327,71.3936,232.69166666666666
2026-05-31 05:38:00,0.0,235.7143,0.2327,0.1327,76.1977,231.125
2026-05-31 05:38:30,0.0,234.2857,0.2327,0.1327,81.0007,229.625
2026-05-31 05:39:00,0.0,232.8571,0.2327,0.1327,85.8023,228.0
2026-05-31 05:39:30,0.0,231.4286,0.2327,0.1327,90.6027,226.36111083333333
2026-05-31 05:40:00,0.0,230.0,0.2327,0.1327,95.4017,224.76388916666667
2026-05-31 05:40:30,0.0,240.0,0.2327,0.1327,100.1994,223.20833333333334
2026-05-31 05:41:00,0.0,239.2308,0.2327,0.1327,104.9957,222.25
2026-05-31 05:41:30,0.0,238.4615,0.2327,0.1327,109.7906,221.22222250000002
2026-05-31 05:42:00,0.0,237.6923,0.2327,0.1327,114.5841,220.125
2026-05-31 05:42:30,0.0,236.9231,0.2327,0.1327,119.3762,219.02777749999998
2026-05-31 05:43:00,0.0,236.1538,0.2327,0.1327,124.1667,217.875
2026-05-31 05:43:30,0.0,235.3846,0.2327,0.1327,128.9558,216.66666666666666
2026-05-31 05:44:00,0.0,234.6154,0.2327,0.1327,133.7434,215.52777749999998
2026-05-31 05:44:30,0.0,233.8462,0.2327,0.1327,138.5294,214.29166666666666
2026-05-31 05:45:00,0.0,233.0769,0.2245,0.1245,143.3138,213.125
2026-05-31 05:45:30,0.0,232.3077,0.2245,0.1245,148.0967,212.0
2026-05-31 05:46:00,0.0,231.5385,0.2245,0.1245,152.8779,210.81944416666664
2026-05-31 05:46:30,0.0,230.7692,0.2245,0.1245,157.6576,209.66666666666666
2026-05-31 05:47:00,0.0,230.0,0.2245,0.1245,162.4355,208.54166666666666
2026-05-31 05:47:30,0.0,240.0,0.2245,0.1245,167.2118,207.61111083333333
2026-05-31 05:48:00,0.0,255.0,0.2245,0.1245,171.9863,206.875
2026-05-31 05:48:30,0.0,270.0,0.2245,0.1245,176.7591,206.20833333333334
2026-05-31 05:49:00,0.0,285.0,0.2245,0.1245,181.5302,205.58333333333334
2026-05-31 05:49:30,0.0,300.0,0.2245,0.1245,186.2995,204.83333333333334
2026-05-31 05:50:00,0.0,240.0,0.2245,0.1245,191.0669,204.25
2026-05-31 05:50:30,0.0,237.5,0.2245,0.1245,195.8326,203.41666666666666
2026-05-31 05:51:00,0.0,235.0,0.2245,0.1245,200.5964,202.83333333333334
2026-05-31 05:51:30,0.0,232.5,0.2245,0.1245,205.3583,202.225
2026-05-31 05:52:00,0.0,230.0,0.2245,0.1245,210.1183,201.59166666666667
2026-05-31 05:52:30,0.0,240.0,0.2245,0.1245,214.8764,201.01666666666668
2026-05-31 05:53:00,0.0,210.0,0.2245,0.1245,219.6325,200.5
2026-05-31 05:53:30,0.0,180.0,0.2245,0.1245,224.3866,199.91666666666666
2026-05-31 05:54:00,0.0,150.0,0.2245,0.1245,229.1388,199.33333333333334
2026-05-31 05:54:30,0.0,145.0,0.2245,0.1245,233.8889,198.805555
2026-05-31 05:55:00,0.0,140.0,0.2245,0.1245,238.637,198.33333333333334
2026-05-31 05:55:30,0.0,150.0,0.2245,0.1245,243.383,197.91666666666666
2026-05-31 05:56:00,0.0,140.0,0.2245,0.1245,248.1269,197.40625
2026-05-31 05:56:30,0.0,150.0,0.2245,0.1245,252.8687,196.91319416666667
2026-05-31 05:57:00,0.0,146.6667,0.2245,0.1245,257.6084,196.4375
2026-05-31 05:57:30,25.0,143.3333,0.2245,0.1245,262.3459,195.97916666666666
2026-05-31 05:58:00,26.0,140.0,0.2245,0.1245,267.0812,195.4965275
2026-05-31 05:58:30,27.0,150.0,0.2245,0.1245,271.8143,194.98958333333334
2026-05-31 05:59:00,28.0,149.0909,0.2245,0.1245,276.5451,194.45833333333334
2026-05-31 05:59:30,29.0,148.1818,0.2245,0.1245,281.2737,193.9027775
2026-05-31 06:00:00,29.1667,147.2727,0.229,0.129,286.0,193.41666666666666
2026-05-31 06:00:30,29.3333,146.3636,0.229,0.129,290.7196,192.70833333333334
2026-05-31 06:01:00,29.5,145.4545,0.229,0.129,295.4282,191.875
2026-05-31 06:01:30,29.6667,144.5455,0.229,0.129,300.1262,190.95075749999998
2026-05-31 06:02:00,29.8333,143.6364,0.229,0.129,304.8137,190.1022725
2026-05-31 06:02:30,30.0,142.7273,0.229,0.129,309.491,189.204545
2026-05-31 06:03:00,31.0,141.8182,0.229,0.129,314.1584,188.257575
2026-05-31 06:03:30,39.0,140.9091,0.229,0.129,318.8162,187.34469583333333
2026-05-31 06:04:00,47.0,140.0,0.229,0.129,323.4644,186.46590833333332
2026-05-31 06:04:30,55.0,150.0,0.229,0.129,328.1035,185.49621166666665
2026-05-31 06:05:00,53.0,145.0,0.229,0.129,332.7337,184.6022725
2026-05-31 06:05:30,83.0,140.0,0.229,0.129,337.3552,183.61742416666667
2026-05-31 06:06:00,84.0,138.0,0.229,0.129,341.9683,182.70833333333334
2026-05-31 06:06:30,83.0,136.0,0.229,0.129,346.5732,181.70833333333334
2026-05-31 06:07:00,86.0,134.0,0.229,0.129,351.1702,180.79761916666666
2026-05-31 06:07:30,86.5,132.0,0.229,0.129,355.7595,179.90476249999998
2026-05-31 06:08:00,87.0,130.0,0.229,0.129,360.3414,179.02976249999998
2026-05-31 06:08:30,86.0,120.0,0.229,0.129,364.9162,178.17261916666666
2026-05-31 06:09:00,88.0,123.3333,0.229,0.129,369.484,177.33333333333334
2026-05-31 06:09:30,97.3333,126.6667,0.229,0.129,374.0452,176.51190499999998
2026-05-31 06:10:00,106.6667,130.0,0.229,0.129,378.6,175.70833333333334
2026-05-31 06:10:30,116.0,200.0,0.229,0.129,383.1486,174.92261916666666
2026-05-31 06:11:00,102.5,190.0,0.229,0.129,387.6913,174.05952416666665
2026-05-31 06:11:30,89.0,180.0,0.229,0.129,392.2284,173.20879166666663
2026-05-31 06:12:00,119.0,178.3333,0.229,0.129,396.7601,172.37042166666666
2026-05-31 06:12:30,118.0,176.6667,0.229,0.129,401.2866,171.54441416666666
2026-05-31 06:13:00,116.0,175.0,0.229,0.129,405.8082,170.73076916666665
2026-05-31 06:13:30,145.0,173.3333,0.229,0.129,410.3252,169.9294875
2026-05-31 06:14:00,119.0,171.6667,0.229,0.129,414.8378,169.09294916666667
2026-05-31 06:14:30,153.0,170.0,0.229,0.129,419.3462,168.22115416666665
2026-05-31 06:15:00,152.0,180.0,0.2274,0.1274,423.8508,167.3766025
2026-05-31 06:15:30,147.0,178.3333,0.2274,0.1274,428.3518,166.559295
2026-05-31 06:16:00,146.0,176.6667,0.2274,0.1274,432.8493,165.76923083333335
2026-05-31 06:16:30,157.0,175.0,0.2274,0.1274,437.3437,165.00641
2026-05-31 06:17:00,159.0,173.3333,0.2274,0.1274,441.8353,164.16666666666666
2026-05-31 06:17:30,161.0,171.6667,0.2274,0.1274,446.3242,163.41666666666666
2026-05-31 06:18:00,193.0,170.0,0.2274,0.1274,450.8108,162.5
2026-05-31 06:18:30,192.0,180.0,0.2274,0.1274,455.2952,161.54166666666666
2026-05-31 06:19:00,193.3333,170.0,0.2274,0.1274,459.7778,160.4722225
2026-05-31 06:19:30,194.6667,180.0,0.2274,0.1274,464.2587,159.29166666666666
2026-05-31 06:20:00,196.0,160.0,0.2274,0.1274,468.7383,158.0
2026-05-31 06:20:30,195.0,180.0,0.2274,0.1274,473.2167,157.2222225
2026-05-31 06:21:00,192.0,182.0,0.2274,0.1274,477.6943,156.47916666666666
2026-05-31 06:21:30,194.0,184.0,0.2274,0.1274,482.1713,155.77083333333334
2026-05-31 06:22:00,196.0,186.0,0.2274,0.1274,486.648,155.16666666666666
2026-05-31 06:22:30,201.0,188.0,0.2274,0.1274,491.1245,154.33333333333334
2026-05-31 06:23:00,200.0,190.0,0.2274,0.1274,495.6012,153.5
2026-05-31 06:23:30,198.0,180.0,0.2274,0.1274,500.0783,152.93055583333333
2026-05-31 06:24:00,202.0,183.3333,0.2274,0.1274,504.556,152.625
2026-05-31 06:24:30,234.0,186.6667,0.2274,0.1274,509.0346,152.58333333333334
2026-05-31 06:25:00,230.0,190.0,0.2274,0.1274,513.5144,152.5972225
2026-05-31 06:25:30,265.0,188.75,0.2274,0.1274,517.9956,152.66666666666666
2026-05-31 06:26:00,263.0,187.5,0.2274,0.1274,522.4784,152.66666666666666
2026-05-31 06:26:30,266.0,186.25,0.2274,0.1274,526.9632,152.625
2026-05-31 06:27:00,267.0,185.0,0.2274,0.1274,531.4501,152.375
2026-05-31 06:27:30,266.0,183.75,0.2274,0.1274,535.9394,152.31944416666667
2026-05-31 06:28:00,265.0,182.5,0.2274,0.1274,540.4314,152.125
2026-05-31 06:28:30,302.0,181.25,0.2274,0.1274,544.9264,152.125
2026-05-31 06:29:00,265.0,180.0,0.2274,0.1274,549.4245,151.98611083333333
2026-05-31 06:29:30,280.0,190.0,0.2274,0.1274,553.926,151.79924250000002
2026-05-31 06:30:00,295.0,165.0,0.2165,0.1165,558.4312,151.56439416666666
2026-05-31 06:30:30,264.0,140.0,0.2165,0.1165,562.9403,151.25378833333335
2026-05-31 06:31:00,325.0,130.0,0.2165,0.1165,567.4536,151.117425
2026-05-31 06:31:30,329.0,140.0,0.2165,0.1165,571.9713,150.82197083333332
2026-05-31 06:32:00,320.0,135.0,0.2165,0.1165,576.4937,150.617425
2026-05-31 06:32:30,321.0,130.0,0.2165,0.1165,581.0211,150.25378833333335
2026-05-31 06:33:00,325.0,135.0,0.2165,0.1165,585.5536,149.98106083333332
2026-05-31 06:33:30,330.0,140.0,0.2165,0.1165,590.0916,149.79924250000002
2026-05-31 06:34:00,367.0,130.0,0.2165,0.1165,594.6353,149.875
2026-05-31 06:34:30,372.0,140.0,0.2165,0.1165,599.1849,149.70833333333334
2026-05-31 06:35:00,383.0,130.0,0.2165,0.1165,603.7407,149.29166666666666
2026-05-31 06:35:30,394.0,140.0,0.2165,0.1165,608.3029,149.08333333333334
2026-05-31 06:36:00,393.0,130.0,0.2165,0.1165,612.8719,148.75
2026-05-31 06:36:30,386.0,130.7143,0.2165,0.1165,617.4478,148.45416666666668
2026-05-31 06:37:00,388.0,131.4286,0.2165,0.1165,622.0309,148.19583333333333
2026-05-31 06:37:30,390.0,132.1429,0.2165,0.1165,626.6214,147.975
2026-05-31 06:38:00,398.0,132.8571,0.2165,0.1165,631.2197,147.79166666666666
2026-05-31 06:38:30,393.0,133.5714,0.2165,0.1165,635.8259,147.45833333333334
2026-05-31 06:39:00,399.0,134.2857,0.2165,0.1165,640.4404,147.625
2026-05-31 06:39:30,428.0,135.0,0.2165,0.1165,645.0633,147.68055583333336
2026-05-31 06:40:00,425.0,135.7143,0.2165,0.1165,649.6949,147.625
2026-05-31 06:40:30,402.0,136.4286,0.2165,0.1165,654.3355,147.375
2026-05-31 06:41:00,398.0,137.1429,0.2165,0.1165,658.9853,146.79166666666666
2026-05-31 06:41:30,457.0,137.8571,0.2165,0.1165,663.6446,146.26388916666664
2026-05-31 06:42:00,427.0,138.5714,0.2165,0.1165,668.3136,145.79166666666666
2026-05-31 06:42:30,456.0,139.2857,0.2165,0.1165,672.9926,145.30555583333336
2026-05-31 06:43:00,462.0,140.0,0.2165,0.1165,677.6818,144.80555583333333
2026-05-31 06:43:30,467.0,135.0,0.2165,0.1165,682.3815,144.29166666666666
2026-05-31 06:44:00,474.0,130.0,0.2165,0.1165,687.0919,143.76388916666667
2026-05-31 06:44:30,469.0,132.5,0.2165,0.1165,691.8133,143.5
2026-05-31 06:45:00,459.0,135.0,0.2125,0.1125,696.5459,143.20833333333334
2026-05-31 06:45:30,465.0,137.5,0.2125,0.1125,701.2901,142.79166666666666
2026-05-31 06:46:00,472.0,140.0,0.2125,0.1125,706.0459,142.47222250000002
2026-05-31 06:46:30,511.0,130.0,0.2125,0.1125,710.8138,142.125
2026-05-31 06:47:00,491.0,140.0,0.2125,0.1125,715.5939,141.75
2026-05-31 06:47:30,514.0,130.0,0.2125,0.1125,720.3865,141.34722250000002
2026-05-31 06:48:00,491.0,140.0,0.2125,0.1125,725.1918,140.91666666666666
2026-05-31 06:48:30,514.0,141.6667,0.2125,0.1125,730.0102,140.41666666666666
2026-05-31 06:49:00,523.0,143.3333,0.2125,0.1125,734.8418,139.85
2026-05-31 06:49:30,519.0,145.0,0.2125,0.1125,739.6869,139.38333333333333
2026-05-31 06:50:00,518.6667,146.6667,0.2125,0.1125,744.5458,138.85
2026-05-31 06:50:30,518.3333,148.3333,0.2125,0.1125,749.4186,138.5
2026-05-31 06:51:00,518.0,150.0,0.2125,0.1125,754.3058,138.0
2026-05-31 06:51:30,551.0,160.0,0.2125,0.1125,759.2074,137.56666666666666
2026-05-31 06:52:00,518.0,130.0,0.2125,0.1125,764.1238,137.08888916666666
2026-05-31 06:52:30,540.0,140.0,0.2125,0.1125,769.0553,136.56666666666666
2026-05-31 06:53:00,583.0,141.6667,0.2125,0.1125,774.0019,136.0
2026-05-31 06:53:30,549.0,143.3333,0.2125,0.1125,778.9642,135.5
2026-05-31 06:54:00,566.0,145.0,0.2125,0.1125,783.9421,135.5
2026-05-31 06:54:30,583.0,146.6667,0.2125,0.1125,788.9362,135.43055583333333
2026-05-31 06:55:00,616.0,148.3333,0.2125,0.1125,793.9464,135.29166666666666
2026-05-31 06:55:30,589.0,150.0,0.2125,0.1125,798.9733,135.16666666666666
2026-05-31 06:56:00,582.0,135.0,0.2125,0.1125,804.0169,135.09375
2026-05-31 06:56:30,616.0,120.0,0.2125,0.1125,809.0775,135.07291666666666
2026-05-31 06:57:00,607.0,140.0,0.2125,0.1125,814.1554,135.10416666666666
2026-05-31 06:57:30,639.0,120.0,0.2125,0.1125,819.2509,135.22916666666666
2026-05-31 06:58:00,635.0,140.0,0.2125,0.1125,824.3641,135.40625
2026-05-31 06:58:30,648.0,133.3333,0.2125,0.1125,829.4954,135.63541666666666
2026-05-31 06:59:00,667.0,126.6667,0.2125,0.1125,834.645,135.83333333333334
2026-05-31 06:59:30,637.0,120.0,0.2125,0.1125,839.8131,136.0
2026-05-31 07:00:00,673.0,110.0,0.2155,0.1155,845.0,136.0
2026-05-31 07:00:30,685.0,130.0,0.2155,0.1155,850.2042,136.25
2026-05-31 07:01:00,674.0,110.0,0.2155,0.1155,855.4238,136.75
2026-05-31 07:01:30,681.0,120.0,0.2155,0.1155,860.6589,137.08333333333334
2026-05-31 07:02:00,689.0,100.0,0.2155,0.1155,865.9092,137.5
2026-05-31 07:02:30,686.0,110.0,0.2155,0.1155,871.1747,137.79166666666666
2026-05-31 07:03:00,719.0,120.0,0.2155,0.1155,876.4552,137.95833333333334
2026-05-31 07:03:30,694.0,150.0,0.2155,0.1155,881.7507,138.41666666666666
2026-05-31 07:04:00,727.0,120.0,0.2155,0.1155,887.0611,138.75
2026-05-31 07:04:30,725.0,100.0,0.2155,0.1155,892.3861,139.25
2026-05-31 07:05:00,721.0,120.0,0.2155,0.1155,897.7258,139.58333333333334
2026-05-31 07:05:30,728.0,100.0,0.2155,0.1155,903.0801,147.58333333333334
2026-05-31 07:06:00,724.5,102.5,0.2155,0.1155,908.4487,163.08333333333334
2026-05-31 07:06:30,721.0,105.0,0.2155,0.1155,913.8317,165.88333333333333
2026-05-31 07:07:00,734.0,107.5,0.2155,0.1155,919.2288,165.5690475
2026-05-31 07:07:30,760.0,110.0,0.2155,0.1155,924.6401,166.0571425
2026-05-31 07:08:00,728.0,90.0,0.2155,0.1155,930.0653,164.9559516666667
2026-05-31 07:08:30,793.0,140.0,0.2155,0.1155,935.5044,166.1821425
2026-05-31 07:09:00,759.0,130.0,0.2155,0.1155,940.9573,166.48571416666667
2026-05-31 07:09:30,782.0,120.0,0.2155,0.1155,946.4238,168.95
2026-05-31 07:10:00,779.0,100.0,0.2155,0.1155,951.904,169.325
2026-05-31 07:10:30,776.0,130.0,0.2155,0.1155,957.3975,169.5690475
2026-05-31 07:11:00,773.0,126.6667,0.2155,0.1155,962.9044,169.6821425
2026-05-31 07:11:30,790.0,123.3333,0.2155,0.1155,968.4246,170.039285
2026-05-31 07:12:00,865.0,120.0,0.2155,0.1155,973.9579,170.3071425
2026-05-31 07:12:30,823.0,116.6667,0.2155,0.1155,979.5042,170.65238083333332
2026-05-31 07:13:00,855.0,113.3333,0.2155,0.1155,985.0634,171.15833333333333
2026-05-31 07:13:30,864.0,110.0,0.2155,0.1155,990.6354,171.24166666666667
2026-05-31 07:14:00,851.0,140.0,0.2155,0.1155,996.2201,171.40833333333333
2026-05-31 07:14:30,838.0,135.0,0.2155,0.1155,1001.8174,171.65833333333333
2026-05-31 07:15:00,859.0,130.0,0.2119,0.1119,1007.4273,170.55416666666667
2026-05-31 07:15:30,895.0,140.0,0.2119,0.1119,1013.0495,170.92916666666667
2026-05-31 07:16:00,854.0,135.0,0.2119,0.1119,1018.6839,171.25555583333332
2026-05-31 07:16:30,852.0,130.0,0.2119,0.1119,1024.3306,171.53333333333333
2026-05-31 07:17:00,898.0,125.0,0.2119,0.1119,1029.9892,171.86666666666667
2026-05-31 07:17:30,881.0,120.0,0.2119,0.1119,1035.6599,172.03333333333333
2026-05-31 07:18:00,896.0,110.0,0.2119,0.1119,1041.3424,172.36666666666667
2026-05-31 07:18:30,910.0,112.0,0.2119,0.1119,1047.0366,172.28333333333333
2026-05-31 07:19:00,911.0,114.0,0.2119,0.1119,1052.7425,172.35277750000003
2026-05-31 07:19:30,894.0,116.0,0.2119,0.1119,1058.4599,172.24166666666667
2026-05-31 07:20:00,935.0,118.0,0.2119,0.1119,1064.1887,172.36666666666667
2026-05-31 07:20:30,950.0,120.0,0.2119,0.1119,1069.9288,172.31111083333334
2026-05-31 07:21:00,922.0,130.0,0.2119,0.1119,1075.6801,172.49166666666667
2026-05-31 07:21:30,938.5,126.6667,0.2119,0.1119,1081.4425,172.74166666666667
2026-05-31 07:22:00,955.0,123.3333,0.2119,0.1119,1087.2159,172.49166666666667
2026-05-31 07:22:30,959.0,120.0,0.2119,0.1119,1093.0002,172.74166666666667
2026-05-31 07:23:00,938.0,130.0,0.2119,0.1119,1098.7952,172.65833333333333
2026-05-31 07:23:30,947.0,180.0,0.2119,0.1119,1104.601,172.7694441666667
2026-05-31 07:24:00,966.0,175.0,0.2119,0.1119,1110.4172,172.65833333333333
2026-05-31 07:24:30,987.0,170.0,0.2119,0.1119,1116.244,172.61666666666667
2026-05-31 07:25:00,998.0,175.0,0.2119,0.1119,1122.0811,171.97777750000003
2026-05-31 07:25:30,992.0,180.0,0.2119,0.1119,1127.9284,171.825
2026-05-31 07:26:00,1003.5,185.0,0.2119,0.1119,1133.7858,171.575
2026-05-31 07:26:30,1015.0,190.0,0.2119,0.1119,1139.6533,171.11666666666667
2026-05-31 07:27:00,1035.0,200.0,0.2119,0.1119,1145.5307,174.825
2026-05-31 07:27:30,990.0,205.0,0.2119,0.1119,1151.4179,174.65
2026-05-31 07:28:00,1024.0,210.0,0.2119,0.1119,1157.3148,174.48333333333332
2026-05-31 07:28:30,1066.0,205.0,0.2119,0.1119,1163.2213,174.48333333333332
2026-05-31 07:29:00,1082.0,200.0,0.2119,0.1119,1169.1373,174.87222250000002
2026-05-31 07:29:30,1089.0,190.0,0.2119,0.1119,1175.0627,175.23333333333332
2026-05-31 07:30:00,1088.0,195.0,0.245,0.145,1180.9974,175.56666666666666
2026-05-31 07:30:30,1054.0,200.0,0.245,0.145,1186.9412,175.65
2026-05-31 07:31:00,1086.0,170.0,0.245,0.145,1192.8941,175.48333333333332
2026-05-31 07:31:30,1077.0,190.0,0.245,0.145,1198.8559,175.4
2026-05-31 07:32:00,1068.0,170.0,0.245,0.145,1204.8266,175.65
2026-05-31 07:32:30,1103.0,150.0,0.245,0.145,1210.806,175.98333333333332
2026-05-31 07:33:00,1115.0,190.0,0.245,0.145,1216.7941,176.15
2026-05-31 07:33:30,1121.0,180.0,0.245,0.145,1222.7906,176.15
2026-05-31 07:34:00,1135.0,190.0,0.245,0.145,1228.7956,175.94166666666666
2026-05-31 07:34:30,1136.0,180.0,0.245,0.145,1234.809,176.025
2026-05-31 07:35:00,1148.0,1090.0,0.245,0.145,1240.8305,176.35833333333332
2026-05-31 07:35:30,1153.0,2000.0,0.245,0.145,1246.8601,176.19166666666666
2026-05-31 07:36:00,1176.0,466.0,0.245,0.145,1252.8977,176.44166666666666
2026-05-31 07:36:30,1176.75,93.0,0.245,0.145,1258.9432,176.5875
2026-05-31 07:37:00,1177.5,190.0,0.245,0.145,1264.9964,176.4625
2026-05-31 07:37:30,1178.25,0.0,0.245,0.145,1271.0574,176.48333333333332
2026-05-31 07:38:00,1179.0,280.0,0.245,0.145,1277.1259,176.56666666666666
2026-05-31 07:38:30,1189.0,170.0,0.245,0.145,1283.2018,176.9
2026-05-31 07:39:00,1198.0,430.0,0.245,0.145,1289.2851,176.73333333333332
2026-05-31 07:39:30,1212.0,180.0,0.245,0.145,1295.3756,176.48333333333332
2026-05-31 07:40:00,1252.0,165.0,0.245,0.145,1301.4733,176.4
2026-05-31 07:40:30,1244.0,150.0,0.245,0.145,1307.578,176.73333333333332
2026-05-31 07:41:00,1276.0,180.0,0.245,0.145,1313.6896,177.06666666666666
2026-05-31 07:41:30,1227.0,170.0,0.245,0.145,1319.808,177.01111083333336
2026-05-31 07:42:00,1292.0,180.0,0.245,0.145,1325.9332,176.9
2026-05-31 07:42:30,1245.0,200.0,0.245,0.145,1332.0649,177.15
2026-05-31 07:43:00,1295.0,150.0,0.245,0.145,1338.2031,184.48611083333336
2026-05-31 07:43:30,1290.0,155.0,0.245,0.145,1344.3477,200.625
2026-05-31 07:44:00,1344.0,160.0,0.245,0.145,1350.4986,216.375
2026-05-31 07:44:30,1310.0,0.0,0.245,0.145,1356.6557,216.29166666666666
2026-05-31 07:45:00,1276.0,180.0,0.225,0.125,1362.8188,216.58333333333334
2026-05-31 07:45:30,1367.0,176.6667,0.225,0.125,1368.9878,215.5
2026-05-31 07:46:00,1333.0,173.3333,0.225,0.125,1375.1628,215.66666666666666
2026-05-31 07:46:30,1335.0,170.0,0.225,0.125,1381.3434,215.70833333333334
2026-05-31 07:47:00,1418.0,160.0,0.225,0.125,1387.5297,215.83333333333334
2026-05-31 07:47:30,1374.0,170.0,0.225,0.125,1393.7215,216.04166666666666
2026-05-31 07:48:00,1359.0,130.0,0.225,0.125,1399.9188,216.04166666666666
2026-05-31 07:48:30,1395.0,150.0,0.225,0.125,1406.1213,216.54166666666666
2026-05-31 07:49:00,1408.0,130.0,0.225,0.125,1412.3291,215.60833333333332
2026-05-31 07:49:30,1409.0,160.0,0.225,0.125,1418.5419,215.65833333333333
2026-05-31 07:50:00,1407.0,140.0,0.225,0.125,1424.7598,215.85833333333332
2026-05-31 07:50:30,1408.0,170.0,0.225,0.125,1430.9825,215.99166666666667
2026-05-31 07:51:00,1459.0,180.0,0.225,0.125,1437.21,216.05833333333334
2026-05-31 07:51:30,1451.0,130.0,0.225,0.125,1443.4422,215.99166666666667
2026-05-31 07:52:00,1444.0,160.0,0.225,0.125,1449.6789,215.9027775
2026-05-31 07:52:30,1452.0,130.0,0.225,0.125,1455.9201,215.79166666666666
2026-05-31 07:53:00,1460.0,155.0,0.225,0.125,1462.1657,215.68055583333333
2026-05-31 07:53:30,1478.0,130.0,0.225,0.125,1468.4155,215.45833333333334
2026-05-31 07:54:00,1489.0,140.0,0.225,0.125,1474.6694,214.79166666666666
2026-05-31 07:54:30,1522.0,70.0,0.225,0.125,1480.9273,214.5
2026-05-31 07:55:00,1534.0,130.0,0.225,0.125,1487.1892,214.33333333333334
2026-05-31 07:55:30,1548.0,120.0,0.225,0.125,1493.4549,213.95833333333334
2026-05-31 07:56:00,1553.0,80.0,0.225,0.125,1499.7243,213.625
2026-05-31 07:56:30,1510.0,565.0,0.225,0.125,1505.9973,213.0
2026-05-31 07:57:00,1556.0,119.0,0.225,0.125,1512.2738,212.5
2026-05-31 07:57:30,1555.0,100.0,0.225,0.125,1518.5536,211.75
2026-05-31 07:58:00,1542.0,140.0,0.225,0.125,1524.8368,211.0
2026-05-31 07:58:30,1603.0,180.0,0.225,0.125,1531.1231,210.25
2026-05-31 07:59:00,1567.0,170.0,0.225,0.125,1537.4125,209.79166666666666
2026-05-31 07:59:30,1543.0,160.0,0.225,0.125,1543.7048,209.125
2026-05-31 08:00:00,1632.0,120.0,0.2243,0.1243,1550.0,208.29166666666666
2026-05-31 08:00:30,1630.0,110.0,0.2243,0.1243,1556.3081,207.66666666666666
2026-05-31 08:01:00,1583.0,100.0,0.2243,0.1243,1562.6388,206.91666666666666
2026-05-31 08:01:30,1616.0,150.0,0.2243,0.1243,1568.9919,206.33333333333334
2026-05-31 08:02:00,1596.0,140.0,0.2243,0.1243,1575.3669,205.66666666666666
2026-05-31 08:02:30,1630.0,130.0,0.2243,0.1243,1581.7635,205.25
2026-05-31 08:03:00,1660.0,120.0,0.2243,0.1243,1588.1813,204.91666666666666
2026-05-31 08:03:30,1682.0,125.0,0.2243,0.1243,1594.62,204.16666666666666
2026-05-31 08:04:00,1649.0,130.0,0.2243,0.1243,1601.0791,203.08333333333334
2026-05-31 08:04:30,1627.0,140.0,0.2243,0.1243,1607.5583,202.33333333333334
2026-05-31 08:05:00,1694.0,100.0,0.2243,0.1243,1614.0572,201.91666666666666
2026-05-31 08:05:30,1663.0,130.0,0.2243,0.1243,1620.5754,194.16666666666666
2026-05-31 08:06:00,1657.0,120.0,0.2243,0.1243,1627.1126,178.25
2026-05-31 08:06:30,1728.0,90.0,0.2243,0.1243,1633.6684,175.45
2026-05-31 08:07:00,1718.0,110.0,0.2243,0.1243,1640.2423,179.63333333333333
2026-05-31 08:07:30,1683.0,120.0,0.2243,0.1243,1646.8342,179.46666666666667
2026-05-31 08:08:00,1682.5,130.0,0.2243,0.1243,1653.4435,181.05
2026-05-31 08:08:30,1682.0,120.0,0.2243,0.1243,1660.0698,180.175
2026-05-31 08:09:00,1715.0,100.0,0.2243,0.1243,1666.7129,180.09166666666667
2026-05-31 08:09:30,1680.0,110.0,0.2243,0.1243,1673.3724,178.09166666666667
2026-05-31 08:10:00,1726.0,140.0,0.2243,0.1243,1680.0478,178.13333333333333
2026-05-31 08:10:30,1727.0,170.0,0.2243,0.1243,1686.7388,178.25833333333333
2026-05-31 08:11:00,1755.0,120.0,0.2243,0.1243,1693.445,178.38333333333333
2026-05-31 08:11:30,1758.0,110.0,0.2243,0.1243,1700.166,178.13333333333333
2026-05-31 08:12:00,1791.0,150.0,0.2243,0.1243,1706.9016,178.13333333333333
2026-05-31 08:12:30,1802.5,997.0,0.2243,0.1243,1713.6512,177.96666666666667
2026-05-31 08:13:00,1814.0,2050.0,0.2243,0.1243,1720.4146,177.96666666666667
2026-05-31 08:13:30,1817.5,2000.0,0.2243,0.1243,1727.1913,178.05
2026-05-31 08:14:00,1821.0,130.0,0.2243,0.1243,1733.9809,178.59166666666667
2026-05-31 08:14:30,1848.0,170.0,0.2243,0.1243,1740.7832,179.00833333333333
2026-05-31 08:15:00,1792.0,0.0,0.2457,0.1457,1747.5977,180.675
2026-05-31 08:15:30,1826.0,160.0,0.2457,0.1457,1754.4241,180.88333333333333
2026-05-31 08:16:00,1855.0,140.0,0.2457,0.1457,1761.2619,181.16111083333334
2026-05-31 08:16:30,1861.0,145.0,0.2457,0.1457,1768.1109,181.13333333333333
2026-05-31 08:17:00,1870.0,150.0,0.2457,0.1457,1774.9706,181.21666666666667
2026-05-31 08:17:30,1836.0,120.0,0.2457,0.1457,1781.8406,181.46666666666667
2026-05-31 08:18:00,1881.0,170.0,0.2457,0.1457,1788.7206,181.71666666666667
2026-05-31 08:18:30,1884.0,0.0,0.2457,0.1457,1795.6102,182.25833333333333
2026-05-31 08:19:00,1848.0,120.0,0.2457,0.1457,1802.5091,182.59166666666667
2026-05-31 08:19:30,1926.0,140.0,0.2457,0.1457,1809.4168,183.34166666666667
2026-05-31 08:20:00,1895.0,134.0,0.2457,0.1457,1816.333,183.8
2026-05-31 08:20:30,1892.0,128.0,0.2457,0.1457,1823.2573,184.38333333333333
2026-05-31 08:21:00,1903.0,122.0,0.2457,0.1457,1830.1894,184.88333333333333
2026-05-31 08:21:30,1914.0,116.0,0.2457,0.1457,1837.1288,185.21666666666667
2026-05-31 08:22:00,1912.0,110.0,0.2457,0.1457,1844.0752,186.13333333333333
2026-05-31 08:22:30,1915.0,106.6667,0.2457,0.1457,1851.0283,186.71666666666667
2026-05-31 08:23:00,1949.0,103.3333,0.2457,0.1457,1857.9875,187.38333333333333
2026-05-31 08:23:30,1932.0,100.0,0.2457,0.1457,1864.9527,188.00833333333333
2026-05-31 08:24:00,1915.0,140.0,0.2457,0.1457,1871.9233,188.75833333333333
2026-05-31 08:24:30,1976.0,150.0,0.2457,0.1457,1878.8991,189.50833333333333
2026-05-31 08:25:00,1991.0,130.0,0.2457,0.1457,1885.8796,190.925
2026-05-31 08:25:30,1969.0,140.0,0.2457,0.1457,1892.8644,191.71666666666667
2026-05-31 08:26:00,1968.0,110.0,0.2457,0.1457,1899.8533,192.46666666666667
2026-05-31 08:26:30,1967.0,130.0,0.2457,0.1457,1906.8458,193.8
2026-05-31 08:27:00,2000.0,110.0,0.2457,0.1457,1913.8415,190.34166666666667
2026-05-31 08:27:30,2002.0,115.0,0.2457,0.1457,1920.8402,190.76666666666668
2026-05-31 08:28:00,2004.0,120.0,0.2457,0.1457,1927.8413,190.85
2026-05-31 08:28:30,2044.0,150.0,0.2457,0.1457,1934.8445,190.76666666666668
2026-05-31 08:29:00,2081.0,120.0,0.2457,0.1457,1941.8495,190.51666666666668
2026-05-31 08:29:30,2071.0,90.0,0.2457,0.1457,1948.8559,190.51666666666668
2026-05-31 08:30:00,2072.0,120.0,0.2309,0.1309,1955.8633,190.43333333333334
2026-05-31 08:30:30,2078.0,110.0,0.2309,0.1309,1962.8713,191.01666666666668
2026-05-31 08:31:00,2045.0,100.0,0.2309,0.1309,1969.8796,191.51666666666668
2026-05-31 08:31:30,2068.0,110.0,0.2309,0.1309,1976.8878,191.85
2026-05-31 08:32:00,2079.0,120.0,0.2309,0.1309,1983.8954,192.01666666666668
2026-05-31 08:32:30,2107.0,110.0,0.2309,0.1309,1990.9022,192.01666666666668
2026-05-31 08:33:00,2103.0,100.0,0.2309,0.1309,1997.9078,192.14166666666668
2026-05-31 08:33:30,2098.0,50.0,0.2309,0.1309,2004.9118,192.39166666666668
2026-05-31 08:34:00,2097.0,100.0,0.2309,0.1309,2011.9137,192.43333333333334
2026-05-31 08:34:30,2146.0,130.0,0.2309,0.1309,2018.9133,192.51666666666668
2026-05-31 08:35:00,2143.0,160.0,0.2309,0.1309,2025.9102,192.43333333333334
2026-05-31 08:35:30,2178.0,90.0,0.2309,0.1309,2032.904,192.6
2026-05-31 08:36:00,2168.0,130.0,0.2309,0.1309,2039.8942,192.68333333333334
2026-05-31 08:36:30,2195.0,595.0,0.2309,0.1309,2046.8807,193.01666666666668
2026-05-31 08:37:00,2163.0,170.0,0.2309,0.1309,2053.8629,193.55833333333334
2026-05-31 08:37:30,2171.0,190.0,0.2309,0.1309,2060.8404,193.89166666666668
2026-05-31 08:38:00,2179.0,175.0,0.2309,0.1309,2067.8131,194.05833333333334
2026-05-31 08:38:30,2175.0,160.0,0.2309,0.1309,2074.7803,194.475
2026-05-31 08:39:00,2197.5,190.0,0.2309,0.1309,2081.7418,194.725
2026-05-31 08:39:30,2220.0,185.0,0.2309,0.1309,2088.6973,195.16944416666666
2026-05-31 08:40:00,2194.0,180.0,0.2309,0.1309,2095.6462,195.55833333333334
2026-05-31 08:40:30,2271.0,165.0,0.2309,0.1309,2102.5883,195.725
2026-05-31 08:41:00,2221.0,150.0,0.2309,0.1309,2109.5232,195.55833333333334
2026-05-31 08:41:30,2243.0,170.0,0.2309,0.1309,2116.4505,195.725
2026-05-31 08:42:00,2235.0,160.0,0.2309,0.1309,2123.3698,196.225
2026-05-31 08:42:30,2228.0,200.0,0.2309,0.1309,2130.2807,196.30833333333334
2026-05-31 08:43:00,2250.0,160.0,0.2309,0.1309,2137.183,189.25
2026-05-31 08:43:30,2272.0,220.0,0.2309,0.1309,2144.0761,173.5
2026-05-31 08:44:00,2250.0,210.0,0.2309,0.1309,2150.9598,158.33333333333334
2026-05-31 08:44:30,2281.0,200.0,0.2309,0.1309,2157.8336,158.66666666666666
2026-05-31 08:45:00,2300.0,205.0,0.2195,0.1195,2164.6972,158.58333333333334
2026-05-31 08:45:30,2305.0,210.0,0.2195,0.1195,2171.5503,160.0
2026-05-31 08:46:00,2314.0,170.0,0.2195,0.1195,2178.3923,159.66666666666666
2026-05-31 08:46:30,2343.0,180.0,0.2195,0.1195,2185.2231,159.58333333333334
2026-05-31 08:47:00,2314.0,190.0,0.2195,0.1195,2192.0421,159.54166666666666
2026-05-31 08:47:30,2302.0,200.0,0.2195,0.1195,2198.849,159.375
2026-05-31 08:48:00,2325.0,195.0,0.2195,0.1195,2205.6435,160.875
2026-05-31 08:48:30,2335.0,190.0,0.2195,0.1195,2212.4251,160.70833333333334
2026-05-31 08:49:00,2312.0,220.0,0.2195,0.1195,2219.1935,160.70833333333334
2026-05-31 08:49:30,2313.0,215.0,0.2195,0.1195,2225.9484,160.875
2026-05-31 08:50:00,2375.0,210.0,0.2195,0.1195,2232.6892,161.20833333333334
2026-05-31 08:50:30,2369.0,230.0,0.2195,0.1195,2239.4158,161.25833333333333
2026-05-31 08:51:00,2420.0,220.0,0.2195,0.1195,2246.1277,161.44166666666666
2026-05-31 08:51:30,2425.0,240.0,0.2195,0.1195,2252.8244,161.59166666666667
2026-05-31 08:52:00,2427.0,230.0,0.2195,0.1195,2259.5057,161.875
2026-05-31 08:52:30,2453.0,210.0,0.2195,0.1195,2266.1712,162.29166666666666
2026-05-31 08:53:00,2490.0,230.0,0.2195,0.1195,2272.8205,162.9027775
2026-05-31 08:53:30,2460.0,220.0,0.2195,0.1195,2279.4532,163.20833333333334
2026-05-31 08:54:00,2422.0,230.0,0.2195,0.1195,2286.069,163.625
2026-05-31 08:54:30,2440.0,240.0,0.2195,0.1195,2292.6674,163.83333333333334
2026-05-31 08:55:00,2458.0,225.0,0.2195,0.1195,2299.2482,164.08333333333334
2026-05-31 08:55:30,2488.0,210.0,0.2195,0.1195,2305.8109,163.91666666666666
2026-05-31 08:56:00,2453.0,240.0,0.2195,0.1195,2312.3551,164.08333333333334
2026-05-31 08:56:30,2534.0,150.0,0.2195,0.1195,2318.8805,164.25
2026-05-31 08:57:00,2499.0,170.0,0.2195,0.1195,2325.3867,164.33333333333334
2026-05-31 08:57:30,2519.0,110.0,0.2195,0.1195,2331.8734,164.41666666666666
2026-05-31 08:58:00,2501.0,130.0,0.2195,0.1195,2338.3401,164.54166666666666
2026-05-31 08:58:30,2519.0,150.0,0.2195,0.1195,2344.7865,164.68055583333333
2026-05-31 08:59:00,2578.0,170.0,0.2195,0.1195,2351.2122,164.625
2026-05-31 08:59:30,2546.0,150.0,0.2195,0.1195,2357.6168,164.875
2026-05-31 09:00:00,2542.0,190.0,0.245,0.145,2364.0,165.125
2026-05-31 09:00:30,2584.0,170.0,0.245,0.145,2370.3887,164.125
2026-05-31 09:01:00,2562.0,140.0,0.245,0.145,2376.8094,163.20833333333334
2026-05-31 09:01:30,2574.0,170.0,0.245,0.145,2383.2612,162.45625
2026-05-31 09:02:00,2611.0,140.0,0.245,0.145,2389.743,162.175
2026-05-31 09:02:30,2581.0,145.0,0.245,0.145,2396.2539,162.25208333333333
2026-05-31 09:03:00,2583.0,150.0,0.245,0.145,2402.793,162.49375
2026-05-31 09:03:30,2613.0,130.0,0.245,0.145,2409.3591,163.09166666666667
2026-05-31 09:04:00,2658.0,140.0,0.245,0.145,2415.9515,163.56666666666666
2026-05-31 09:04:30,2644.0,130.0,0.245,0.145,2422.569,164.48611083333333
2026-05-31 09:05:00,2646.0,120.0,0.245,0.145,2429.2107,164.68333333333334
2026-05-31 09:05:30,2650.0,140.0,0.245,0.145,2435.8757,164.525
2026-05-31 09:06:00,2649.0,160.0,0.245,0.145,2442.5629,165.16666666666666
2026-05-31 09:06:30,2647.0,155.0,0.245,0.145,2449.2714,165.4
2026-05-31 09:07:00,2644.0,150.0,0.245,0.145,2456.0002,161.68333333333334
2026-05-31 09:07:30,2680.0,140.0,0.245,0.145,2462.7484,161.45
2026-05-31 09:08:00,2681.0,180.0,0.245,0.145,2469.5148,161.025
2026-05-31 09:08:30,2700.0,150.0,0.245,0.145,2476.2987,160.64166666666668
2026-05-31 09:09:00,2679.0,153.3333,0.245,0.145,2483.0989,160.34166666666667
2026-05-31 09:09:30,2712.0,156.6667,0.245,0.145,2489.9146,160.18333333333334
2026-05-31 09:10:00,2715.5,160.0,0.245,0.145,2496.7447,160.1
2026-05-31 09:10:30,2719.0,150.0,0.245,0.145,2503.5883,159.725
2026-05-31 09:11:00,2713.0,140.0,0.245,0.145,2510.4443,159.53333333333333
2026-05-31 09:11:30,2694.0,170.0,0.245,0.145,2517.3119,159.60833333333332
2026-05-31 09:12:00,2689.0,160.0,0.245,0.145,2524.19,159.42083333333332
2026-05-31 09:12:30,2749.0,150.0,0.245,0.145,2531.0777,159.47083333333333
2026-05-31 09:13:00,2715.0,160.0,0.245,0.145,2537.974,159.12916666666666
2026-05-31 09:13:30,2765.0,180.0,0.245,0.145,2544.8778,159.3125
2026-05-31 09:14:00,2714.0,170.0,0.245,0.145,2551.7883,159.375
2026-05-31 09:14:30,2746.0,160.0,0.245,0.145,2558.7045,159.50625
2026-05-31 09:15:00,2754.0,170.0,0.2174,0.1174,2565.6253,159.70625
2026-05-31 09:15:30,2749.0,120.0,0.2174,0.1174,2572.5498,159.77291666666667
2026-05-31 09:16:00,2750.0,130.0,0.2174,0.1174,2579.477,159.61875
2026-05-31 09:16:30,2763.0,140.0,0.2174,0.1174,2586.406,159.74375
2026-05-31 09:17:00,2780.0,130.0,0.2174,0.1174,2593.3358,159.76041666666666
2026-05-31 09:17:30,2744.0,300.0,0.2174,0.1174,2600.2653,159.87708333333333
2026-05-31 09:18:00,2810.0,150.0,0.2174,0.1174,2607.1937,158.21041666666667
2026-05-31 09:18:30,2753.0,0.0,0.2174,0.1174,2614.1199,157.83541666666667
2026-05-31 09:19:00,2745.0,140.0,0.2174,0.1174,2621.043,157.16875
2026-05-31 09:19:30,2777.0,180.0,0.2174,0.1174,2627.9619,156.33541666666667
2026-05-31 09:20:00,2810.0,140.0,0.2174,0.1174,2634.8758,155.62708333333333
2026-05-31 09:20:30,2809.0,150.0,0.2174,0.1174,2641.7836,154.79375
2026-05-31 09:21:00,2829.0,140.0,0.2174,0.1174,2648.6843,154.29375
2026-05-31 09:21:30,2813.0,150.0,0.2174,0.1174,2655.5771,153.96041666666667
2026-05-31 09:22:00,2828.0,160.0,0.2174,0.1174,2662.4608,153.54375
2026-05-31 09:22:30,2812.0,180.0,0.2174,0.1174,2669.3346,153.29375
2026-05-31 09:23:00,2845.0,140.0,0.2174,0.1174,2676.1974,153.12708333333333
2026-05-31 09:23:30,2842.0,150.0,0.2174,0.1174,2683.0483,152.71041666666667
2026-05-31 09:24:00,2844.0,165.0,0.2174,0.1174,2689.8863,152.54375
2026-05-31 09:24:30,2860.0,180.0,0.2174,0.1174,2696.7104,152.04375
2026-05-31 09:25:00,2849.0,110.0,0.2174,0.1174,2703.5196,151.62708333333333
2026-05-31 09:25:30,2845.0,160.0,0.2174,0.1174,2710.313,151.41875
2026-05-31 09:26:00,2841.0,130.0,0.2174,0.1174,2717.0896,151.00208333333333
2026-05-31 09:26:30,2858.0,140.0,0.2174,0.1174,2723.8484,150.37708333333333
2026-05-31 09:27:00,2877.0,120.0,0.2174,0.1174,2730.5885,150.54375
2026-05-31 09:27:30,2880.0,130.0,0.2174,0.1174,2737.3088,150.46041666666667
2026-05-31 09:28:00,2891.0,136.6667,0.2174,0.1174,2744.0084,151.12708333333333
2026-05-31 09:28:30,2903.0,143.3333,0.2174,0.1174,2750.6863,151.21041666666667
2026-05-31 09:29:00,2878.0,150.0,0.2174,0.1174,2757.3415,151.21041666666667
2026-05-31 09:29:30,2910.0,120.0,0.2174,0.1174,2763.9731,150.96041666666667
2026-05-31 09:30:00,2945.0,0.0,0.2144,0.1144,2770.5801,151.12708333333333
2026-05-31 09:30:30,2889.0,0.0,0.2144,0.1144,2777.1614,151.04375
2026-05-31 09:31:00,2976.0,9.75,0.2144,0.1144,2783.7162,151.21041666666667
2026-05-31 09:31:30,2943.0,76.25,0.2144,0.1144,2790.2434,151.46041666666667
2026-05-31 09:32:00,2941.0,129.25,0.2144,0.1144,2796.7421,151.21041666666667
2026-05-31 09:32:30,3000.0,139.0,0.2144,0.1144,2803.2113,151.37708333333333
2026-05-31 09:33:00,2992.0,171.75,0.2144,0.1144,2809.65,151.58541666666667
2026-05-31 09:33:30,3001.0,107.0,0.2144,0.1144,2816.0573,151.83541666666667
2026-05-31 09:34:00,2981.0,210.3333,0.2144,0.1144,2822.4321,151.91875
2026-05-31 09:34:30,3005.0,153.6667,0.2144,0.1144,2828.7735,152.08541666666667
2026-05-31 09:35:00,3002.0,141.0,0.2144,0.1144,2835.0805,152.37708333333333
2026-05-31 09:35:30,2987.0,167.0,0.2144,0.1144,2841.3522,152.79375
2026-05-31 09:36:00,2972.0,158.0,0.2144,0.1144,2847.5875,152.87708333333333
2026-05-31 09:36:30,2995.0,149.0,0.2144,0.1144,2853.7854,152.96041666666667
2026-05-31 09:37:00,3005.0,142.0,0.2144,0.1144,2859.9451,153.33541666666667
2026-05-31 09:37:30,2998.0,139.0,0.2144,0.1144,2866.0655,153.25208333333333
2026-05-31 09:38:00,3066.0,129.0,0.2144,0.1144,2872.1457,153.50208333333333
2026-05-31 09:38:30,3054.0,124.0,0.2144,0.1144,2878.1846,153.25208333333333
2026-05-31 09:39:00,3041.0,171.0,0.2144,0.1144,2884.1814,153.16875
2026-05-31 09:39:30,3057.0,175.0,0.2144,0.1144,2890.1349,153.47430583333335
2026-05-31 09:40:00,3062.0,135.0,0.2144,0.1144,2896.0443,153.46041666666667
2026-05-31 09:40:30,3059.0,142.0,0.2144,0.1144,2901.9086,153.12708333333333
2026-05-31 09:41:00,3065.0,159.0,0.2144,0.1144,2907.7267,152.62708333333333
2026-05-31 09:41:30,3071.0,147.5,0.2144,0.1144,2913.4978,152.37708333333333
2026-05-31 09:42:00,3062.0,166.0,0.2144,0.1144,2919.2208,151.96041666666667
2026-05-31 09:42:30,3057.0,159.0,0.2144,0.1144,2924.8948,151.46041666666667
2026-05-31 09:43:00,3084.0,182.0,0.2144,0.1144,2930.5187,151.12708333333333
2026-05-31 09:43:30,3094.0,227.5,0.2144,0.1144,2936.0917,150.96041666666667
2026-05-31 09:44:00,3096.0,225.75,0.2144,0.1144,2941.6127,150.41875
2026-05-31 09:44:30,3071.0,224.0,0.2144,0.1144,2947.0807,149.75208333333333
2026-05-31 09:45:00,3083.0,213.0,0.2,0.1,2952.4948,149.41875
2026-05-31 09:45:30,3084.0,191.5,0.2,0.1,2957.854,148.66875
2026-05-31 09:46:00,3079.0,185.0,0.2,0.1,2963.1574,148.41875
2026-05-31 09:46:30,3089.0,182.0,0.2,0.1,2968.4039,148.21041666666667
2026-05-31 09:47:00,3095.0,204.0,0.2,0.1,2973.5925,148.04375
2026-05-31 09:47:30,3096.0,0.0,0.2,0.1,2978.7224,147.87708333333333
2026-05-31 09:48:00,3123.0,150.0,0.2,0.1,2983.7924,146.21041666666667
2026-05-31 09:48:30,3118.0,110.0,0.2,0.1,2988.8017,145.71041666666667
2026-05-31 09:49:00,3133.0,120.0,0.2,0.1,2993.7493,146.62708333333333
2026-05-31 09:49:30,3148.0,130.0,0.2,0.1,2998.6342,146.29375
2026-05-31 09:50:00,3142.0,110.0,0.2,0.1,3003.4554,145.71041666666667
2026-05-31 09:50:30,3149.0,170.0,0.2,0.1,3008.2119,145.37708333333333
2026-05-31 09:51:00,3150.0,180.0,0.2,0.1,3012.9027,144.87708333333333
2026-05-31 09:51:30,3174.0,190.0,0.2,0.1,3017.527,144.37708333333333
2026-05-31 09:52:00,3159.0,200.0,0.2,0.1,3022.0836,143.96041666666667
2026-05-31 09:52:30,3158.0,190.0,0.2,0.1,3026.5717,143.54375
2026-05-31 09:53:00,3170.0,180.0,0.2,0.1,3030.9902,143.04375
2026-05-31 09:53:30,3180.0,200.0,0.2,0.1,3035.3382,142.90486083333332
2026-05-31 09:54:00,3236.0,170.0,0.2,0.1,3039.6147,142.71041666666667
2026-05-31 09:54:30,3175.0,190.0,0.2,0.1,3043.8187,142.41875
2026-05-31 09:55:00,3226.0,200.0,0.2,0.1,3047.9493,141.97430583333332
2026-05-31 09:55:30,3197.5,160.0,0.2,0.1,3052.0054,142.08541666666667
2026-05-31 09:56:00,3169.0,165.0,0.2,0.1,3055.9862,141.75208333333333
2026-05-31 09:56:30,3243.0,170.0,0.2,0.1,3059.8905,141.58541666666667
2026-05-31 09:57:00,3219.0,160.0,0.2,0.1,3063.7175,141.25208333333333
2026-05-31 09:57:30,3215.0,190.0,0.2,0.1,3067.4661,141.00208333333333
2026-05-31 09:58:00,3217.0,140.0,0.2,0.1,3071.1354,141.00208333333333
2026-05-31 09:58:30,3230.0,150.0,0.2,0.1,3074.7244,139.8631941666667
2026-05-31 09:59:00,3217.0,140.0,0.2,0.1,3078.2322,138.66875
2026-05-31 09:59:30,3235.0,170.0,0.2,0.1,3081.6577,137.41875
2026-05-31 10:00:00,3215.0,180.0,0.162,0.062,3085.0,136.41875
2026-05-31 10:00:30,3230.0,190.0,0.162,0.062,3088.3009,136.41875
2026-05-31 10:01:00,3245.0,170.0,0.162,0.062,3091.6027,136.41875
2026-05-31 10:01:30,3237.0,140.0,0.162,0.062,3094.9049,136.99166666666667
2026-05-31 10:02:00,3239.0,160.0,0.162,0.062,3098.207,136.72708333333333
2026-05-31 10:02:30,3260.0,170.0,0.162,0.062,3101.5086,136.9875
2026-05-31 10:03:00,3307.0,180.0,0.162,0.062,3104.8093,137.28125
2026-05-31 10:03:30,3244.0,140.0,0.162,0.062,3108.1084,137.625
2026-05-31 10:04:00,3303.0,160.0,0.162,0.062,3111.4057,138.025
2026-05-31 10:04:30,3305.0,165.0,0.162,0.062,3114.7006,137.594445
2026-05-31 10:05:00,3311.0,170.0,0.162,0.062,3117.9927,137.64722249999997
2026-05-31 10:05:30,3320.0,150.0,0.162,0.062,3121.2815,137.73888916666664
2026-05-31 10:06:00,3310.0,170.0,0.162,0.062,3124.5666,137.51388916666664
2026-05-31 10:06:30,3325.0,200.0,0.162,0.062,3127.8474,137.78888916666665
2026-05-31 10:07:00,3353.0,140.0,0.162,0.062,3131.1236,137.7472225
2026-05-31 10:07:30,3310.0,170.0,0.162,0.062,3134.3947,138.32222249999998
2026-05-31 10:08:00,3323.0,150.0,0.162,0.062,3137.6602,138.67222249999998
2026-05-31 10:08:30,3359.0,140.0,0.162,0.062,3140.9196,139.1847225
2026-05-31 10:09:00,3345.0,190.0,0.162,0.062,3144.1726,139.1680558333333
2026-05-31 10:09:30,3359.0,155.0,0.162,0.062,3147.4185,138.46388916666666
2026-05-31 10:10:00,3368.0,120.0,0.162,0.062,3150.6571,138.01388916666664
2026-05-31 10:10:30,3300.0,90.0,0.162,0.062,3153.8877,138.03888916666665
2026-05-31 10:11:00,3320.5,110.0,0.162,0.062,3157.11,138.3472225
2026-05-31 10:11:30,3341.0,120.0,0.162,0.062,3160.3236,138.76388916666664
2026-05-31 10:12:00,3344.0,100.0,0.162,0.062,3163.5278,138.82638916666664
2026-05-31 10:12:30,3374.0,110.0,0.162,0.062,3166.7223,138.55138916666664
2026-05-31 10:13:00,3395.0,140.0,0.162,0.062,3169.9066,138.21805583333332
2026-05-31 10:13:30,3377.0,115.0,0.162,0.062,3173.0803,137.68055583333333
2026-05-31 10:14:00,3416.0,90.0,0.162,0.062,3176.2429,137.3472225
2026-05-31 10:14:30,3395.0,120.0,0.162,0.062,3179.3939,136.45763916666667
2026-05-31 10:15:00,3394.0,80.0,0.159,0.059,3182.5329,135.8909725
2026-05-31 10:15:30,3421.0,90.0,0.159,0.059,3185.6594,135.52430583333333
2026-05-31 10:16:00,3422.0,105.0,0.159,0.059,3188.7729,135.55763916666666
2026-05-31 10:16:30,3403.0,120.0,0.159,0.059,3191.873,135.40763916666666
2026-05-31 10:17:00,3407.0,110.0,0.159,0.059,3194.9593,135.0659725
2026-05-31 10:17:30,3400.0,100.0,0.159,0.059,3198.0313,134.89930583333333
2026-05-31 10:18:00,3393.0,90.0,0.159,0.059,3201.0884,136.13263916666668
2026-05-31 10:18:30,3424.0,110.0,0.159,0.059,3204.1303,136.16180583333332
2026-05-31 10:19:00,3428.0,100.0,0.159,0.059,3207.1565,136.57013916666665
2026-05-31 10:19:30,3419.0,110.0,0.159,0.059,3210.1665,136.67013916666664
2026-05-31 10:20:00,3409.0,100.0,0.159,0.059,3213.1599,136.70347249999998
2026-05-31 10:20:30,3471.0,90.0,0.159,0.059,3216.1362,137.1534725
2026-05-31 10:21:00,3411.0,80.0,0.159,0.059,3219.095,137.2618058333333
2026-05-31 10:21:30,3417.0,100.0,0.159,0.059,3222.0357,137.53680583333332
2026-05-31 10:22:00,3474.0,110.0,0.159,0.059,3224.958,137.64513916666664
2026-05-31 10:22:30,3485.0,120.0,0.159,0.059,3227.8614,137.4868058333333
2026-05-31 10:23:00,3462.0,123.3333,0.159,0.059,3230.7453,138.78680583333332
2026-05-31 10:23:30,3521.0,126.6667,0.159,0.059,3233.6094,138.7993058333333
2026-05-31 10:24:00,3508.0,130.0,0.159,0.059,3236.4532,137.9493058333333
2026-05-31 10:24:30,3520.0,126.6667,0.159,0.059,3239.2763,137.92013916666664
2026-05-31 10:25:00,3488.0,123.3333,0.159,0.059,3242.0781,136.97430583333332
2026-05-31 10:25:30,3512.0,120.0,0.159,0.059,3244.8582,136.6993058333333
2026-05-31 10:26:00,3489.0,110.0,0.159,0.059,3247.6161,136.66597249999998
2026-05-31 10:26:30,3475.5,100.0,0.159,0.059,3250.3515,136.53263916666666
2026-05-31 10:27:00,3462.0,90.0,0.159,0.059,3253.0637,136.59513916666666
2026-05-31 10:27:30,3505.0,130.0,0.159,0.059,3255.7525,136.9034725
2026-05-31 10:28:00,3496.0,0.0,0.159,0.059,3258.4172,137.72013916666666
2026-05-31 10:28:30,3538.0,0.0,0.159,0.059,3261.0575,138.1743058333333
2026-05-31 10:29:00,3520.0,0.0,0.159,0.059,3263.6729,138.8409725
2026-05-31 10:29:30,3536.0,0.0,0.159,0.059,3266.2629,138.9243058333333
2026-05-31 10:30:00,3524.5,0.0,0.144,0.044,3268.8271,138.97430583333332
2026-05-31 10:30:30,3513.0,0.0,0.144,0.044,3271.365,139.00763916666665
2026-05-31 10:31:00,3511.0,78.5,0.144,0.044,3273.8761,138.34513916666666
2026-05-31 10:31:30,3539.0,44.5,0.144,0.044,3276.36,137.9868058333333
2026-05-31 10:32:00,3491.0,160.5,0.144,0.044,3278.8163,138.02013916666664
2026-05-31 10:32:30,3465.0,174.25,0.144,0.044,3281.2444,137.92013916666664
2026-05-31 10:33:00,3481.0,213.0,0.144,0.044,3283.6439,137.64513916666664
2026-05-31 10:33:30,3482.0,155.0,0.144,0.044,3286.0144,142.67013916666664
2026-05-31 10:34:00,3510.0,158.6667,0.144,0.044,3288.3553,145.68263916666666
2026-05-31 10:34:30,3488.0,160.0,0.144,0.044,3290.6663,146.12430583333332
2026-05-31 10:35:00,3478.0,152.0,0.144,0.044,3292.9468,146.5493058333333
2026-05-31 10:35:30,3481.0,140.0,0.144,0.044,3295.1965,146.59930583333332
2026-05-31 10:36:00,3475.0,191.0,0.144,0.044,3297.4148,147.03541666666666
2026-05-31 10:36:30,3494.0,144.0,0.144,0.044,3299.6013,147.61041666666668
2026-05-31 10:37:00,3518.0,211.0,0.144,0.044,3301.7555,147.81458333333333
2026-05-31 10:37:30,3575.0,181.0,0.144,0.044,3303.8769,148.39791666666667
2026-05-31 10:38:00,3580.0,190.5,0.144,0.044,3305.9652,148.81041666666667
2026-05-31 10:38:30,3622.0,122.0,0.144,0.044,3308.0198,149.56458333333333
2026-05-31 10:39:00,3648.0,86.5,0.144,0.044,3310.0403,150.46458333333334
2026-05-31 10:39:30,3655.0,121.0,0.144,0.044,3312.0262,150.88541666666666
2026-05-31 10:40:00,3671.0,138.0,0.144,0.044,3313.9771,151.34791666666666
2026-05-31 10:40:30,3645.0,179.0,0.144,0.044,3315.8925,152.41458333333333
2026-05-31 10:41:00,3631.0,209.0,0.144,0.044,3317.772,153.67291666666668
2026-05-31 10:41:30,3672.0,155.0,0.144,0.044,3319.615,154.39791666666667
2026-05-31 10:42:00,3700.0,133.0,0.144,0.044,3321.4211,155.11875
2026-05-31 10:42:30,3728.0,119.0,0.144,0.044,3323.1899,155.91041666666666
2026-05-31 10:43:00,3701.0,117.5,0.144,0.044,3324.9209,156.72708333333333
2026-05-31 10:43:30,3679.0,187.5,0.144,0.044,3326.6137,157.28541666666666
2026-05-31 10:44:00,3709.0,119.0,0.144,0.044,3328.2677,157.96875
2026-05-31 10:44:30,3679.0,156.0,0.144,0.044,3329.8826,159.03541666666666
2026-05-31 10:45:00,3704.0,169.0,0.135,0.035,3331.4578,159.87708333333333
2026-05-31 10:45:30,3681.0,195.5,0.135,0.035,3332.9929,161.11875
2026-05-31 10:46:00,3677.0,167.0,0.135,0.035,3334.4874,162.17708333333334
2026-05-31 10:46:30,3678.0,141.0,0.135,0.035,3335.941,163.19375
2026-05-31 10:47:00,3677.0,184.0,0.135,0.035,3337.353,164.10208333333333
2026-05-31 10:47:30,3717.0,148.0,0.135,0.035,3338.7232,165.11041666666668
2026-05-31 10:48:00,3671.0,153.5,0.135,0.035,3340.0509,166.34375
2026-05-31 10:48:30,3659.0,159.0,0.135,0.035,3341.3357,167.24375
2026-05-31 10:49:00,3740.0,132.0,0.135,0.035,3342.5773,168.09375
2026-05-31 10:49:30,3719.0,134.0,0.135,0.035,3343.7751,174.42708333333334
2026-05-31 10:50:00,3728.0,164.0,0.135,0.035,3344.9286,174.92708333333334
2026-05-31 10:50:30,3737.0,183.0,0.135,0.035,3346.0374,175.42708333333334
2026-05-31 10:51:00,3781.0,213.0,0.135,0.035,3347.1011,176.34375
2026-05-31 10:51:30,3717.0,203.0,0.135,0.035,3348.1191,177.21875
2026-05-31 10:52:00,3721.0,181.0,0.135,0.035,3349.0911,177.80208333333334
2026-05-31 10:52:30,3793.0,346.0,0.135,0.035,3350.0165,178.35763916666664
2026-05-31 10:53:00,3788.0,181.5,0.135,0.035,3350.8949,178.88541666666666
2026-05-31 10:53:30,3793.0,98.0,0.135,0.035,3351.7259,179.44097250000002
2026-05-31 10:54:00,3795.0,166.5,0.135,0.035,3352.5089,179.55208333333334
2026-05-31 10:54:30,3786.0,76.5,0.135,0.035,3353.2436,179.55208333333334
2026-05-31 10:55:00,3787.0,167.0,0.135,0.035,3353.9294,179.53819416666667
2026-05-31 10:55:30,3763.0,156.0,0.135,0.035,3354.5659,179.51041666666666
2026-05-31 10:56:00,3847.0,149.0,0.135,0.035,3355.1526,179.59375
2026-05-31 10:56:30,3846.0,177.5,0.135,0.035,3355.6892,179.71875
2026-05-31 10:57:00,3820.0,197.0,0.135,0.035,3356.175,179.88541666666666
2026-05-31 10:57:30,3808.5,288.0,0.135,0.035,3356.6097,180.21875
2026-05-31 10:58:00,3797.0,194.5,0.135,0.035,3356.9928,180.13541666666666
2026-05-31 10:58:30,3784.0,230.0,0.135,0.035,3357.3239,181.21875
2026-05-31 10:59:00,3794.0,150.0,0.135,0.035,3357.6024,182.21875
2026-05-31 10:59:30,3779.0,176.0,0.135,0.035,3357.8279,183.30208333333334
2026-05-31 11:00:00,3760.5,184.0,0.133,0.033,3358.0,184.42708333333334
2026-05-31 11:00:30,3742.0,110.5,0.133,0.033,3358.1437,185.59375
2026-05-31 11:01:00,3753.0,127.0,0.133,0.033,3358.2844,186.59375
2026-05-31 11:01:30,3808.0,144.0,0.133,0.033,3358.4222,187.02291666666667
2026-05-31 11:02:00,3803.0,148.0,0.133,0.033,3358.5571,187.69375
2026-05-31 11:02:30,3814.0,137.0,0.133,0.033,3358.6892,187.35625
2026-05-31 11:03:00,3787.0,783.0,0.133,0.033,3358.8184,186.9875
2026-05-31 11:03:30,3797.0,501.5,0.133,0.033,3358.945,186.3375
2026-05-31 11:04:00,3786.0,213.0,0.133,0.033,3359.0688,186.2125
2026-05-31 11:04:30,3821.0,216.0,0.133,0.033,3359.1899,186.01527750000002
2026-05-31 11:05:00,3789.0,176.0,0.133,0.033,3359.3085,185.76527750000002
2026-05-31 11:05:30,3769.0,202.3333,0.133,0.033,3359.4245,185.55416666666667
2026-05-31 11:06:00,3822.0,239.0,0.133,0.033,3359.5379,185.41527750000003
2026-05-31 11:06:30,3771.0,224.5,0.133,0.033,3359.6489,184.82361083333336
2026-05-31 11:07:00,3789.0,210.0,0.133,0.033,3359.7575,184.7069441666667
2026-05-31 11:07:30,3780.0,219.5,0.133,0.033,3359.8637,184.19861083333336
2026-05-31 11:08:00,3851.0,240.5,0.133,0.033,3359.9675,183.8569441666667
2026-05-31 11:08:30,3810.0,248.0,0.133,0.033,3360.0691,183.35277750000003
2026-05-31 11:09:00,3797.0,240.5,0.133,0.033,3360.1684,183.33611083333335
2026-05-31 11:09:30,3792.0,210.5,0.133,0.033,3360.2656,183.69861083333336
2026-05-31 11:10:00,3808.0,248.0,0.133,0.033,3360.3606,183.8569441666667
2026-05-31 11:10:30,3865.0,241.0,0.133,0.033,3360.4535,183.79027750000003
2026-05-31 11:11:00,3774.0,197.0,0.133,0.033,3360.5443,183.4652775
2026-05-31 11:11:30,3805.0,206.5,0.133,0.033,3360.6332,182.72361083333334
2026-05-31 11:12:00,3804.0,195.0,0.133,0.033,3360.7201,182.51527750000002
2026-05-31 11:12:30,3816.0,208.0,0.133,0.033,3360.805,182.40694416666668
2026-05-31 11:13:00,3846.5,207.0,0.133,0.033,3360.8881,182.5819441666667
2026-05-31 11:13:30,3877.0,197.0,0.133,0.033,3360.9694,182.68611083333334
2026-05-31 11:14:00,3854.0,218.0,0.133,0.033,3361.0489,182.37361083333334
2026-05-31 11:14:30,3888.0,221.0,0.133,0.033,3361.1267,182.54861083333336
2026-05-31 11:15:00,3873.0,229.0,0.143,0.043,3361.2028,182.5819441666667
2026-05-31 11:15:30,3876.0,217.0,0.143,0.043,3361.2773,182.0902775
2026-05-31 11:16:00,3877.0,227.0,0.143,0.043,3361.3502,181.43333333333334
2026-05-31 11:16:30,3863.0,229.0,0.143,0.043,3361.4215,181.06944416666667
2026-05-31 11:17:00,3872.0,231.0,0.143,0.043,3361.4913,180.97777750000003
2026-05-31 11:17:30,3907.0,248.0,0.143,0.043,3361.5597,180.69444416666667
2026-05-31 11:18:00,3894.0,198.0,0.143,0.043,3361.6267,180.5444441666667
2026-05-31 11:18:30,3925.0,212.0,0.143,0.043,3361.6923,180.30694416666668
2026-05-31 11:19:00,3917.0,860.0,0.143,0.043,3361.7567,179.9819441666667
2026-05-31 11:19:30,3865.0,170.0,0.143,0.043,3361.8197,179.8402775
2026-05-31 11:20:00,3864.0,160.0,0.143,0.043,3361.8816,179.64027750000002
2026-05-31 11:20:30,3849.0,200.0,0.143,0.043,3361.9422,179.3569441666667
2026-05-31 11:21:00,3866.0,185.0,0.143,0.043,3362.0018,178.74861083333334
2026-05-31 11:21:30,3890.0,170.0,0.143,0.043,3362.0603,178.39027750000002
2026-05-31 11:22:00,3910.0,176.6667,0.143,0.043,3362.1177,177.74027750000002
2026-05-31 11:22:30,3872.0,183.3333,0.143,0.043,3362.1742,176.89861083333335
2026-05-31 11:23:00,3884.0,190.0,0.143,0.043,3362.2297,174.76527750000002
2026-05-31 11:23:30,3874.0,140.0,0.143,0.043,3362.2843,174.1694441666667
2026-05-31 11:24:00,3871.0,130.0,0.143,0.043,3362.3381,174.43611083333334
2026-05-31 11:24:30,3929.0,125.0,0.143,0.043,3362.3911,173.88194416666667
2026-05-31 11:25:00,3856.0,120.0,0.143,0.043,3362.4433,173.91111083333334
2026-05-31 11:25:30,3928.0,130.0,0.143,0.043,3362.4948,173.0194441666667
2026-05-31 11:26:00,3832.0,125.0,0.143,0.043,3362.5457,172.55277750000002
2026-05-31 11:26:30,3933.0,120.0,0.143,0.043,3362.5959,172.31111083333334
2026-05-31 11:27:00,3870.0,130.0,0.143,0.043,3362.6456,171.79027750000003
2026-05-31 11:27:30,3885.0,120.0,0.143,0.043,3362.6948,171.0652775
2026-05-31 11:28:00,3889.0,130.0,0.143,0.043,3362.7435,169.49861083333334
2026-05-31 11:28:30,3898.5,120.0,0.143,0.043,3362.7917,168.6277775
2026-05-31 11:29:00,3908.0,130.0,0.143,0.043,3362.8396,167.5444441666667
2026-05-31 11:29:30,3883.0,135.0,0.143,0.043,3362.8872,167.21111083333335
2026-05-31 11:30:00,3910.0,140.0,0.1394,0.0394,3362.9344,166.41111083333334
2026-05-31 11:30:30,3928.0,120.0,0.1394,0.0394,3362.9815,165.6277775
2026-05-31 11:31:00,3935.0,130.0,0.1394,0.0394,3363.0283,165.37361083333334
2026-05-31 11:31:30,3922.0,125.0,0.1394,0.0394,3363.075,165.14861083333335
2026-05-31 11:32:00,3911.0,120.0,0.1394,0.0394,3363.1215,164.94861083333336
2026-05-31 11:32:30,3900.0,130.0,0.1394,0.0394,3363.1681,164.88194416666667
2026-05-31 11:33:00,3889.0,135.0,0.1394,0.0394,3363.2146,164.99027750000002
2026-05-31 11:33:30,3925.0,140.0,0.1394,0.0394,3363.2611,159.63194416666667
2026-05-31 11:34:00,3955.0,135.0,0.1394,0.0394,3363.3078,156.28611083333334
2026-05-31 11:34:30,3960.0,130.0,0.1394,0.0394,3363.3545,155.67777750000002
2026-05-31 11:35:00,3947.0,126.6667,0.1394,0.0394,3363.4015,154.96111083333335
2026-05-31 11:35:30,3925.0,123.3333,0.1394,0.0394,3363.4486,154.66111083333334
2026-05-31 11:36:00,3940.0,120.0,0.1394,0.0394,3363.4961,154.05833333333334
2026-05-31 11:36:30,3929.0,130.0,0.1394,0.0394,3363.5438,152.9
2026-05-31 11:37:00,3918.0,150.0,0.1394,0.0394,3363.5919,152.27916666666667
2026-05-31 11:37:30,3923.0,140.0,0.1394,0.0394,3363.6404,151.8625
2026-05-31 11:38:00,3917.5,130.0,0.1394,0.0394,3363.6894,151.28333333333333
2026-05-31 11:38:30,3912.0,120.0,0.1394,0.0394,3363.7389,150.44583333333333
2026-05-31 11:39:00,3980.0,130.0,0.1394,0.0394,3363.7889,149.5875
2026-05-31 11:39:30,4008.0,140.0,0.1394,0.0394,3363.8395,148.83333333333334
2026-05-31 11:40:00,4006.0,130.0,0.1394,0.0394,3363.8908,148.07916666666668
2026-05-31 11:40:30,3957.0,140.0,0.1394,0.0394,3363.9427,146.7625
2026-05-31 11:41:00,3983.0,120.0,0.1394,0.0394,3363.9954,145.92083333333332
2026-05-31 11:41:30,3959.0,130.0,0.1394,0.0394,3364.0489,145.27916666666667
2026-05-31 11:42:00,3985.0,120.0,0.1394,0.0394,3364.1032,144.39166666666668
2026-05-31 11:42:30,3987.0,140.0,0.1394,0.0394,3364.1583,143.55833333333334
2026-05-31 11:43:00,3996.0,130.0,0.1394,0.0394,3364.2144,142.575
2026-05-31 11:43:30,3972.0,150.0,0.1394,0.0394,3364.2714,141.68333333333334
2026-05-31 11:44:00,3982.0,140.0,0.1394,0.0394,3364.3295,140.91666666666666
2026-05-31 11:44:30,3992.0,160.0,0.1394,0.0394,3364.3886,140.01666666666668
2026-05-31 11:45:00,3989.0,110.0,0.135,0.035,3364.4489,139.175
2026-05-31 11:45:30,3987.0,116.6667,0.135,0.035,3364.5102,138.18333333333334
2026-05-31 11:46:00,4010.0,123.3333,0.135,0.035,3364.5728,137.25
2026-05-31 11:46:30,4016.0,130.0,0.135,0.035,3364.6366,136.19166666666666
2026-05-31 11:47:00,4010.0,150.0,0.135,0.035,3364.7017,135.61666666666667
2026-05-31 11:47:30,4005.0,130.0,0.135,0.035,3364.7682,135.10833333333332
2026-05-31 11:48:00,4073.0,125.0,0.135,0.035,3364.836,134.375
2026-05-31 11:48:30,4066.0,120.0,0.135,0.035,3364.9053,133.975
2026-05-31 11:49:00,4014.0,115.0,0.135,0.035,3364.976,133.79166666666666
2026-05-31 11:49:30,3996.0,110.0,0.135,0.035,3365.0483,128.29166666666666
2026-05-31 11:50:00,4063.0,130.0,0.135,0.035,3365.1221,128.125
2026-05-31 11:50:30,4034.0,110.0,0.135,0.035,3365.1976,128.20833333333334
2026-05-31 11:51:00,4022.0,170.0,0.135,0.035,3365.2747,127.93055583333333
2026-05-31 11:51:30,3998.0,125.0,0.135,0.035,3365.3535,127.75
2026-05-31 11:52:00,4015.0,80.0,0.135,0.035,3365.4341,127.66666666666667
2026-05-31 11:52:30,4029.0,90.0,0.135,0.035,3365.5165,127.61111083333334
2026-05-31 11:53:00,4014.0,110.0,0.135,0.035,3365.6007,127.66666666666667
2026-05-31 11:53:30,4067.0,130.0,0.135,0.035,3365.6868,127.25
2026-05-31 11:54:00,4048.0,100.0,0.135,0.035,3365.7749,127.58333333333333
2026-05-31 11:54:30,4074.0,80.0,0.135,0.035,3365.8649,127.91666666666667
2026-05-31 11:55:00,4024.0,60.0,0.135,0.035,3365.957,128.20833333333334
2026-05-31 11:55:30,4065.0,100.0,0.135,0.035,3366.0512,128.70833333333334
2026-05-31 11:56:00,4062.0,120.0,0.135,0.035,3366.1475,129.16666666666666
2026-05-31 11:56:30,4065.0,115.0,0.135,0.035,3366.246,129.70833333333334
2026-05-31 11:57:00,4061.0,110.0,0.135,0.035,3366.3466,130.20833333333334
2026-05-31 11:57:30,4065.0,100.0,0.135,0.035,3366.4496,130.70833333333334
2026-05-31 11:58:00,4043.0,90.0,0.135,0.035,3366.5549,130.95833333333334
2026-05-31 11:58:30,4012.0,100.0,0.135,0.035,3366.6625,131.29166666666666
2026-05-31 11:59:00,3995.0,110.0,0.135,0.035,3366.7725,131.66666666666666
2026-05-31 11:59:30,4021.0,80.0,0.135,0.035,3366.885,131.91666666666666
2026-05-31 12:00:00,4047.0,90.0,0.1383,0.0382,3367.0,132.04166666666666
2026-05-31 12:00:30,4033.0,80.0,0.1383,0.0382,3367.1207,132.20833333333334
2026-05-31 12:01:00,4004.0,100.0,0.1383,0.0382,3367.2504,132.875
2026-05-31 12:01:30,3999.0,120.0,0.1383,0.0382,3367.3887,133.33333333333334
2026-05-31 12:02:00,4022.0,140.0,0.1383,0.0382,3367.5356,133.70833333333334
2026-05-31 12:02:30,4027.0,150.0,0.1383,0.0382,3367.6908,134.29166666666666
2026-05-31 12:03:00,4030.0,140.0,0.1383,0.0382,3367.8542,134.625
2026-05-31 12:03:30,4004.0,100.0,0.1383,0.0382,3368.0257,135.16666666666666
2026-05-31 12:04:00,4065.0,140.0,0.1383,0.0382,3368.2051,135.5
2026-05-31 12:04:30,3994.0,130.0,0.1383,0.0382,3368.3922,136.04166666666666
2026-05-31 12:05:00,4073.0,140.0,0.1383,0.0382,3368.5868,136.5
2026-05-31 12:05:30,4014.0,130.0,0.1383,0.0382,3368.7888,136.86111083333333
2026-05-31 12:06:00,4069.0,100.0,0.1383,0.0382,3368.998,137.08333333333334
2026-05-31 12:06:30,4071.0,150.0,0.1383,0.0382,3369.2142,137.16666666666666
2026-05-31 12:07:00,4021.0,160.0,0.1383,0.0382,3369.4373,137.08333333333334
2026-05-31 12:07:30,3999.0,150.0,0.1383,0.0382,3369.6671,137.0
2026-05-31 12:08:00,4037.0,140.0,0.1383,0.0382,3369.9034,136.91666666666666
2026-05-31 12:08:30,4027.0,145.0,0.1383,0.0382,3370.1462,136.75
2026-05-31 12:09:00,4042.0,150.0,0.1383,0.0382,3370.3951,136.75
2026-05-31 12:09:30,4070.0,120.0,0.1383,0.0382,3370.65,136.63888916666664
2026-05-31 12:10:00,4072.0,90.0,0.1383,0.0382,3370.9109,136.41666666666666
2026-05-31 12:10:30,4112.0,140.0,0.1383,0.0382,3371.1774,136.25
2026-05-31 12:11:00,4061.0,120.0,0.1383,0.0382,3371.4495,136.16666666666666
2026-05-31 12:11:30,4104.0,100.0,0.1383,0.0382,3371.7269,136.0
2026-05-31 12:12:00,4063.0,95.0,0.1383,0.0382,3372.0096,135.83333333333334
2026-05-31 12:12:30,4053.0,90.0,0.1383,0.0382,3372.2973,135.83333333333334
2026-05-31 12:13:00,4067.0,100.0,0.1383,0.0382,3372.5899,135.75
2026-05-31 12:13:30,4077.0,105.0,0.1383,0.0382,3372.8871,135.83333333333334
2026-05-31 12:14:00,4068.0,110.0,0.1383,0.0382,3373.1889,135.83333333333334
2026-05-31 12:14:30,4102.0,120.0,0.1383,0.0382,3373.4951,136.0
2026-05-31 12:15:00,4099.0,110.0,0.1378,0.0378,3373.8055,136.16666666666666
2026-05-31 12:15:30,4096.0,105.0,0.1378,0.0378,3374.1199,136.91666666666666
2026-05-31 12:16:00,4102.0,100.0,0.1378,0.0378,3374.4382,137.81944416666664
2026-05-31 12:16:30,4091.0,160.0,0.1378,0.0378,3374.7601,138.875
2026-05-31 12:17:00,4120.0,170.0,0.1378,0.0378,3375.0857,138.95833333333334
2026-05-31 12:17:30,4128.0,160.0,0.1378,0.0378,3375.4146,138.8
2026-05-31 12:18:00,4099.0,150.0,0.1378,0.0378,3375.7466,137.99166666666667
2026-05-31 12:18:30,4128.0,190.0,0.1378,0.0378,3376.0818,138.01666666666668
2026-05-31 12:19:00,4103.0,200.0,0.1378,0.0378,3376.4198,138.18333333333334
2026-05-31 12:19:30,4160.0,150.0,0.1378,0.0378,3376.7605,137.225
2026-05-31 12:20:00,4093.0,170.0,0.1378,0.0378,3377.1037,136.93333333333334
2026-05-31 12:20:30,4108.0,166.6667,0.1378,0.0378,3377.4493,137.1
2026-05-31 12:21:00,4103.0,163.3333,0.1378,0.0378,3377.7971,136.43333333333334
2026-05-31 12:21:30,4106.0,160.0,0.1378,0.0378,3378.1469,136.1
2026-05-31 12:22:00,4127.0,170.0,0.1378,0.0378,3378.4986,135.55833333333334
2026-05-31 12:22:30,4104.0,190.0,0.1378,0.0378,3378.8521,136.05833333333334
2026-05-31 12:23:00,4062.0,140.0,0.1378,0.0378,3379.207,137.30833333333334
2026-05-31 12:23:30,4050.0,180.0,0.1378,0.0378,3379.5633,137.21666666666667
2026-05-31 12:24:00,4091.0,170.0,0.1378,0.0378,3379.9208,137.35833333333332
2026-05-31 12:24:30,4107.0,160.0,0.1378,0.0378,3380.2793,137.81666666666666
2026-05-31 12:25:00,4108.0,180.0,0.1378,0.0378,3380.6387,138.75
2026-05-31 12:25:30,4102.0,185.0,0.1378,0.0378,3380.9988,139.62083333333334
2026-05-31 12:26:00,4039.0,190.0,0.1378,0.0378,3381.3595,139.92916666666667
2026-05-31 12:26:30,4072.0,180.0,0.1378,0.0378,3381.7205,140.22083333333333
2026-05-31 12:27:00,4069.0,190.0,0.1378,0.0378,3382.0817,140.17083333333332
2026-05-31 12:27:30,4095.0,150.0,0.1378,0.0378,3382.4429,140.45416666666668
2026-05-31 12:28:00,4023.0,170.0,0.1378,0.0378,3382.804,140.59583333333333
2026-05-31 12:28:30,4040.0,165.0,0.1378,0.0378,3383.1648,141.5125
2026-05-31 12:29:00,4123.0,160.0,0.1378,0.0378,3383.5252,141.84583333333333
2026-05-31 12:29:30,4110.0,150.0,0.1378,0.0378,3383.8849,141.67916666666667
2026-05-31 12:30:00,4107.0,160.0,0.1375,0.0375,3384.2438,141.42916666666667
2026-05-31 12:30:30,4057.0,200.0,0.1375,0.0375,3384.6017,141.82083333333333
2026-05-31 12:31:00,4078.5,185.0,0.1375,0.0375,3384.9585,142.2861108333333
2026-05-31 12:31:30,4100.0,170.0,0.1375,0.0375,3385.314,142.575
2026-05-31 12:32:00,4071.0,190.0,0.1375,0.0375,3385.668,142.6875
2026-05-31 12:32:30,4083.0,170.0,0.1375,0.0375,3386.0204,142.62361083333332
2026-05-31 12:33:00,4054.0,200.0,0.1375,0.0375,3386.3709,142.46666666666667
2026-05-31 12:33:30,4087.0,180.0,0.1375,0.0375,3386.7195,142.38333333333333
2026-05-31 12:34:00,4082.0,200.0,0.1375,0.0375,3387.066,142.65
2026-05-31 12:34:30,4088.0,185.0,0.1375,0.0375,3387.4102,142.6
2026-05-31 12:35:00,4042.0,170.0,0.1375,0.0375,3387.7519,142.65
2026-05-31 12:35:30,4102.0,150.0,0.1375,0.0375,3388.0909,142.63333333333333
2026-05-31 12:36:00,4060.0,130.0,0.1375,0.0375,3388.4272,142.71666666666667
2026-05-31 12:36:30,4095.0,120.0,0.1375,0.0375,3388.7605,142.88333333333333
2026-05-31 12:37:00,4100.0,140.0,0.1375,0.0375,3389.0906,142.71666666666667
2026-05-31 12:37:30,4114.0,130.0,0.1375,0.0375,3389.4175,142.38333333333333
2026-05-31 12:38:00,4128.0,110.0,0.1375,0.0375,3389.7409,142.21666666666667
2026-05-31 12:38:30,4093.0,120.0,0.1375,0.0375,3390.0606,141.96666666666667
2026-05-31 12:39:00,4089.0,116.6667,0.1375,0.0375,3390.3765,141.84166666666667
2026-05-31 12:39:30,4150.0,113.3333,0.1375,0.0375,3390.6885,141.59166666666667
2026-05-31 12:40:00,4085.0,110.0,0.1375,0.0375,3390.9963,141.75833333333333
2026-05-31 12:40:30,4098.0,130.0,0.1375,0.0375,3391.2998,142.15416666666667
2026-05-31 12:41:00,4084.0,100.0,0.1375,0.0375,3391.5989,142.1125
2026-05-31 12:41:30,4113.0,110.0,0.1375,0.0375,3391.8933,142.21666666666667
2026-05-31 12:42:00,4104.0,120.0,0.1375,0.0375,3392.1828,142.46666666666667
2026-05-31 12:42:30,4151.0,130.0,0.1375,0.0375,3392.4675,142.7375
2026-05-31 12:43:00,4109.0,140.0,0.1375,0.0375,3392.747,143.02916666666667
2026-05-31 12:43:30,4110.0,150.0,0.1375,0.0375,3393.0211,143.21666666666667
2026-05-31 12:44:00,4070.0,160.0,0.1375,0.0375,3393.2898,143.34166666666667
2026-05-31 12:44:30,4103.0,180.0,0.1375,0.0375,3393.5529,143.675
2026-05-31 12:45:00,4129.0,200.0,0.1368,0.0368,3393.8102,144.00833333333333
2026-05-31 12:45:30,4116.0,225.0,0.1368,0.0368,3394.0614,144.4805558333333
2026-05-31 12:46:00,4093.0,250.0,0.1368,0.0368,3394.3066,145.05
2026-05-31 12:46:30,4095.0,140.0,0.1368,0.0368,3394.5454,145.71666666666667
2026-05-31 12:47:00,4097.0,131.0,0.1368,0.0368,3394.7778,145.38333333333333
2026-05-31 12:47:30,4100.0,33.0,0.1368,0.0368,3395.0035,145.38333333333333
2026-05-31 12:48:00,4111.0,128.0,0.1368,0.0368,3395.2224,145.3
2026-05-31 12:48:30,4092.0,140.0,0.1368,0.0368,3395.4343,145.25833333333333
2026-05-31 12:49:00,4105.0,0.0,0.1368,0.0368,3395.6391,144.84166666666667
2026-05-31 12:49:30,4160.0,75.0,0.1368,0.0368,3395.8366,144.425
2026-05-31 12:50:00,4104.0,150.0,0.1368,0.0368,3396.0266,144.50833333333333
2026-05-31 12:50:30,4152.0,30.0,0.1368,0.0368,3396.209,144.38333333333333
2026-05-31 12:51:00,4114.0,130.0,0.1368,0.0368,3396.3835,144.24444416666668
2026-05-31 12:51:30,4113.0,60.0,0.1368,0.0368,3396.5501,144.21666666666667
2026-05-31 12:52:00,4100.0,140.0,0.1368,0.0368,3396.7086,144.3
2026-05-31 12:52:30,4112.0,240.0,0.1368,0.0368,3396.8587,144.38333333333333
2026-05-31 12:53:00,4109.0,99.0,0.1368,0.0368,3397.0003,144.21666666666667
2026-05-31 12:53:30,4136.0,147.0,0.1368,0.0368,3397.1334,144.38333333333333
2026-05-31 12:54:00,4160.0,155.0,0.1368,0.0368,3397.2576,144.13333333333333
2026-05-31 12:54:30,4158.0,192.0,0.1368,0.0368,3397.3728,144.05
2026-05-31 12:55:00,4159.0,164.5,0.1368,0.0368,3397.4788,143.88333333333333
2026-05-31 12:55:30,4137.0,137.0,0.1368,0.0368,3397.5756,143.63333333333333
2026-05-31 12:56:00,4138.0,155.0,0.1368,0.0368,3397.6629,143.425
2026-05-31 12:56:30,4149.0,109.0,0.1368,0.0368,3397.7405,143.13333333333333
2026-05-31 12:57:00,4155.0,144.0,0.1368,0.0368,3397.8084,142.88333333333333
2026-05-31 12:57:30,4099.0,117.0,0.1368,0.0368,3397.8662,142.63333333333333
2026-05-31 12:58:00,4132.0,200.0,0.1368,0.0368,3397.9139,142.63333333333333
2026-05-31 12:58:30,4083.0,140.0,0.1368,0.0368,3397.9513,142.71666666666667
2026-05-31 12:59:00,4095.0,90.0,0.1368,0.0368,3397.9783,142.75833333333333
2026-05-31 12:59:30,4098.0,50.0,0.1368,0.0368,3397.9945,142.75833333333333
2026-05-31 13:00:00,4163.0,137.0,0.138,0.038,3398.0,142.75833333333333
2026-05-31 13:00:30,4144.0,135.8333,0.138,0.038,3397.973,143.50833333333333
2026-05-31 13:01:00,4114.0,134.6667,0.138,0.038,3397.8923,143.675
2026-05-31 13:01:30,4101.0,133.5,0.138,0.038,3397.7586,143.8
2026-05-31 13:02:00,4101.5,132.3333,0.138,0.038,3397.5724,144.21666666666667
2026-05-31 13:02:30,4102.0,131.1667,0.138,0.038,3397.3343,144.38333333333333
2026-05-31 13:03:00,4118.0,130.0,0.138,0.038,3397.045,144.8
2026-05-31 13:03:30,4102.0,132.0,0.138,0.038,3396.705,145.05
2026-05-31 13:04:00,4092.0,134.0,0.138,0.038,3396.3149,145.55
2026-05-31 13:04:30,4113.0,136.0,0.138,0.038,3395.8753,145.71666666666667
2026-05-31 13:05:00,4164.0,138.0,0.138,0.038,3395.3868,146.35
2026-05-31 13:05:30,4137.0,140.0,0.138,0.038,3394.8501,147.08333333333334
2026-05-31 13:06:00,4158.0,120.0,0.138,0.038,3394.2656,147.84166666666667
2026-05-31 13:06:30,4113.0,130.0,0.138,0.038,3393.6341,148.75833333333333
2026-05-31 13:07:00,4114.0,120.0,0.138,0.038,3392.956,149.69166666666666
2026-05-31 13:07:30,4093.0,130.0,0.138,0.038,3392.2321,150.46666666666667
2026-05-31 13:08:00,4133.0,110.0,0.138,0.038,3391.4628,151.29166666666666
2026-05-31 13:08:30,4159.0,130.0,0.138,0.038,3390.6488,155.4
2026-05-31 13:09:00,4091.0,120.0,0.138,0.038,3389.7907,156.94166666666666
2026-05-31 13:09:30,4111.0,140.0,0.138,0.038,3388.8891,158.7777775
2026-05-31 13:10:00,4157.0,137.5,0.138,0.038,3387.9445,160.63333333333333
2026-05-31 13:10:30,4135.0,135.0,0.138,0.038,3386.9577,162.825
2026-05-31 13:11:00,4106.0,132.5,0.138,0.038,3385.929,165.4
2026-05-31 13:11:30,4100.0,130.0,0.138,0.038,3384.8593,167.78333333333333
2026-05-31 13:12:00,4156.0,127.5,0.138,0.038,3383.7489,169.9
2026-05-31 13:12:30,4068.0,125.0,0.138,0.038,3382.5987,171.9375
2026-05-31 13:13:00,4085.0,122.5,0.138,0.038,3381.4091,173.89583333333334
2026-05-31 13:13:30,4132.0,120.0,0.138,0.038,3380.1807,175.8625
2026-05-31 13:14:00,4113.0,150.0,0.138,0.038,3378.9141,177.87916666666666
2026-05-31 13:14:30,4129.0,160.0,0.138,0.038,3377.61,179.87916666666666
2026-05-31 13:15:00,4135.0,166.6667,0.1368,0.0368,3376.269,181.52916666666667
2026-05-31 13:15:30,4103.0,173.3333,0.1368,0.0368,3374.8915,183.1125
2026-05-31 13:16:00,4129.0,180.0,0.1368,0.0368,3373.4783,184.57916666666668
2026-05-31 13:16:30,4131.0,120.0,0.1368,0.0368,3372.0299,185.7625
2026-05-31 13:17:00,4097.5,170.0,0.1368,0.0368,3370.5469,187.87083333333334
2026-05-31 13:17:30,4064.0,150.0,0.1368,0.0368,3369.0299,190.0375
2026-05-31 13:18:00,4086.0,145.0,0.1368,0.0368,3367.4795,192.80416666666667
2026-05-31 13:18:30,4108.0,140.0,0.1368,0.0368,3365.8963,194.78333333333333
2026-05-31 13:19:00,4099.0,150.0,0.1368,0.0368,3364.2809,196.66666666666666
2026-05-31 13:19:30,4137.0,160.0,0.1368,0.0368,3362.6339,199.74166666666667
2026-05-31 13:20:00,4156.0,155.0,0.1368,0.0368,3360.9559,201.825
2026-05-31 13:20:30,4134.5,150.0,0.1368,0.0368,3359.2474,203.21666666666667
2026-05-31 13:21:00,4113.0,160.0,0.1368,0.0368,3357.5092,205.55833333333334
2026-05-31 13:21:30,4102.0,170.0,0.1368,0.0368,3355.7417,207.1
2026-05-31 13:22:00,4157.0,180.0,0.1368,0.0368,3353.9456,209.48333333333332
2026-05-31 13:22:30,4093.0,170.0,0.1368,0.0368,3352.1215,210.96666666666667
2026-05-31 13:23:00,4089.0,160.0,0.1368,0.0368,3350.2699,211.75
2026-05-31 13:23:30,4074.0,150.0,0.1368,0.0368,3348.3915,213.53333333333333
2026-05-31 13:24:00,4059.0,160.0,0.1368,0.0368,3346.4868,214.80833333333334
2026-05-31 13:24:30,4098.0,140.0,0.1368,0.0368,3344.5565,216.03333333333333
2026-05-31 13:25:00,4126.0,150.0,0.1368,0.0368,3342.6011,216.98333333333332
2026-05-31 13:25:30,4086.0,160.0,0.1368,0.0368,3340.6213,218.37083333333334
2026-05-31 13:26:00,4099.0,155.0,0.1368,0.0368,3338.6176,219.8625
2026-05-31 13:26:30,4091.0,150.0,0.1368,0.0368,3336.5907,221.27916666666667
2026-05-31 13:27:00,4093.0,160.0,0.1368,0.0368,3334.541,223.04583333333332
2026-05-31 13:27:30,4121.0,150.0,0.1368,0.0368,3332.4693,224.6875
2026-05-31 13:28:00,4096.0,180.0,0.1368,0.0368,3330.3761,226.70416666666668
2026-05-31 13:28:30,4107.0,170.0,0.1368,0.0368,3328.2621,228.17916666666667
2026-05-31 13:29:00,4064.0,160.0,0.1368,0.0368,3326.1277,229.89583333333334
2026-05-31 13:29:30,4076.0,150.0,0.1368,0.0368,3323.9737,237.1125
2026-05-31 13:30:00,4069.0,250.0,0.1378,0.0378,3321.8005,245.0375
2026-05-31 13:30:30,4068.0,220.0,0.1378,0.0378,3319.6089,252.47083333333333
2026-05-31 13:31:00,4050.0,200.0,0.1378,0.0378,3317.3993,259.18055583333336
2026-05-31 13:31:30,4069.0,220.0,0.1378,0.0378,3315.1725,264.0833333333333
2026-05-31 13:32:00,4083.5,210.0,0.1378,0.0378,3312.9289,267.24583333333334
2026-05-31 13:32:30,4098.0,220.0,0.1378,0.0378,3310.6692,267.2513891666667
2026-05-31 13:33:00,4086.0,230.0,0.1378,0.0378,3308.394,267.725
2026-05-31 13:33:30,4091.0,240.0,0.1378,0.0378,3306.1039,268.64166666666665
2026-05-31 13:34:00,4096.0,220.0,0.1378,0.0378,3303.7994,272.025
2026-05-31 13:34:30,4097.0,261.0,0.1378,0.0378,3301.4812,272.21666666666664
2026-05-31 13:35:00,4124.0,258.0,0.1378,0.0378,3299.1499,272.76666666666665
2026-05-31 13:35:30,4087.0,241.0,0.1378,0.0378,3296.806,274.2083333333333
2026-05-31 13:36:00,4088.0,240.0,0.1378,0.0378,3294.4502,274.65
2026-05-31 13:36:30,4031.0,232.0,0.1378,0.0378,3292.083,277.325
2026-05-31 13:37:00,4099.0,233.0,0.1378,0.0378,3289.7051,278.675
2026-05-31 13:37:30,4093.0,229.0,0.1378,0.0378,3287.317,280.23333333333335
2026-05-31 13:38:00,4067.0,603.0,0.1378,0.0378,3284.9194,281.71666666666664
2026-05-31 13:38:30,4088.0,305.0,0.1378,0.0378,3282.5128,283.39166666666665
2026-05-31 13:39:00,4030.0,337.0,0.1378,0.0378,3280.0978,296.1
2026-05-31 13:39:30,4100.0,336.0,0.1378,0.0378,3277.675,306.9916666666667
2026-05-31 13:40:00,4037.0,373.0,0.1378,0.0378,3275.2451,308.3666666666667
2026-05-31 13:40:30,4097.0,439.0,0.1378,0.0378,3272.8086,309.7375
2026-05-31 13:41:00,4038.0,386.0,0.1378,0.0378,3270.366,311.0125
2026-05-31 13:41:30,4030.0,364.0,0.1378,0.0378,3267.9181,312.26666666666665
2026-05-31 13:42:00,4029.0,364.5,0.1378,0.0378,3265.4654,313.68333333333334
2026-05-31 13:42:30,4031.0,365.0,0.1378,0.0378,3263.0085,315.0208333333333
2026-05-31 13:43:00,4000.0,376.0,0.1378,0.0378,3260.548,316.3375
2026-05-31 13:43:30,4064.0,392.0,0.1378,0.0378,3258.0845,317.6875
2026-05-31 13:44:00,4087.0,400.0,0.1378,0.0378,3255.6186,319.0708333333333
2026-05-31 13:44:30,4060.0,378.0,0.1378,0.0378,3253.1508,320.5875
2026-05-31 13:45:00,3991.0,390.0,0.1362,0.0362,3250.6819,333.72083333333336
2026-05-31 13:45:30,4007.0,401.0,0.1362,0.0362,3248.2123,335.1736108333333
2026-05-31 13:46:00,3989.0,392.0,0.1362,0.0362,3245.7426,336.3625
2026-05-31 13:46:30,3997.8,393.0,0.1362,0.0362,3243.2736,337.9875
2026-05-31 13:47:00,4006.6,391.0,0.1362,0.0362,3240.8057,336.9875
2026-05-31 13:47:30,4015.4,365.0,0.1362,0.0362,3238.3395,349.4291666666667
2026-05-31 13:48:00,4024.2,365.5,0.1362,0.0362,3235.8757,349.84583333333336
2026-05-31 13:48:30,4033.0,366.0,0.1362,0.0362,3233.4149,350.95416666666665
2026-05-31 13:49:00,4024.0,369.0,0.1362,0.0362,3230.9576,350.87083333333334
2026-05-31 13:49:30,4015.0,325.0,0.1362,0.0362,3228.5045,351.3625
2026-05-31 13:50:00,4028.5,317.0,0.1362,0.0362,3226.0561,350.02916666666664
2026-05-31 13:50:30,4042.0,311.0,0.1362,0.0362,3223.613,351.30625
2026-05-31 13:51:00,4020.0,315.0,0.1362,0.0362,3221.1758,355.19375
2026-05-31 13:51:30,4001.0,346.0,0.1362,0.0362,3218.7452,361.56666666666666
2026-05-31 13:52:00,3990.0,318.0,0.1362,0.0362,3216.3217,370.425
2026-05-31 13:52:30,3895.0,334.0,0.1362,0.0362,3213.9059,370.175
2026-05-31 13:53:00,4035.0,313.0,0.1362,0.0362,3211.4984,370.02333333333337
2026-05-31 13:53:30,4008.0,300.0,0.1362,0.0362,3209.0998,369.97
2026-05-31 13:54:00,4019.0,302.0,0.1362,0.0362,3206.7107,370.01500000000004
2026-05-31 13:54:30,4037.0,306.0,0.1362,0.0362,3204.3318,369.9916666666667
2026-05-31 13:55:00,3993.0,331.0,0.1362,0.0362,3201.9635,370.15
2026-05-31 13:55:30,3992.0,316.0,0.1362,0.0362,3199.6065,370.3833333333333
2026-05-31 13:56:00,4022.0,325.0,0.1362,0.0362,3197.2614,370.44166666666666
2026-05-31 13:56:30,4012.0,321.0,0.1362,0.0362,3194.9288,370.525
2026-05-31 13:57:00,4021.0,341.0,0.1362,0.0362,3192.6092,370.68333333333334
2026-05-31 13:57:30,4019.0,359.0,0.1362,0.0362,3190.3034,370.5833333333333
2026-05-31 13:58:00,4006.0,377.0,0.1362,0.0362,3188.0118,370.6333333333333
2026-05-31 13:58:30,3993.0,346.0,0.1362,0.0362,3185.735,372.2416666666667
2026-05-31 13:59:00,3962.0,956.0,0.1362,0.0362,3183.4738,373.02916666666664
2026-05-31 13:59:30,4003.0,1001.0,0.1362,0.0362,3181.2286,372.99583333333334
2026-05-31 14:00:00,3923.0,1029.0,0.134,0.034,3179.0,372.92083333333335
2026-05-31 14:00:30,3922.0,941.0,0.134,0.034,3176.7743,372.2375
2026-05-31 14:01:00,3975.0,723.0,0.134,0.034,3174.5374,371.7375
2026-05-31 14:01:30,3964.0,513.0,0.134,0.034,3172.2893,371.3208333333333
2026-05-31 14:02:00,3963.0,133.0,0.134,0.034,3170.03,370.9125
2026-05-31 14:02:30,3970.0,188.0,0.134,0.034,3167.7595,371.1958333333333
2026-05-31 14:03:00,3940.0,240.0,0.134,0.034,3165.4779,371.07916666666665
2026-05-31 14:03:30,3895.0,538.0,0.134,0.034,3163.1852,369.47083333333336
2026-05-31 14:04:00,3965.0,157.0,0.134,0.034,3160.8814,367.47083333333336
2026-05-31 14:04:30,3962.5,202.0,0.134,0.034,3158.5665,366.87083333333334
2026-05-31 14:05:00,3960.0,311.0,0.134,0.034,3156.2406,366.0208333333333
2026-05-31 14:05:30,3938.0,193.0,0.134,0.034,3153.9037,365.29583333333335
2026-05-31 14:06:00,3927.0,441.0,0.134,0.034,3151.5558,364.65416666666664
2026-05-31 14:06:30,3965.0,292.0,0.134,0.034,3149.197,364.17083333333335
2026-05-31 14:07:00,4007.0,307.0,0.134,0.034,3146.8273,363.74583333333334
2026-05-31 14:07:30,3990.0,308.0,0.134,0.034,3144.4466,363.42083333333335
2026-05-31 14:08:00,3935.0,311.0,0.134,0.034,3142.0551,363.2625
2026-05-31 14:08:30,3903.0,1655.0,0.134,0.034,3139.6527,359.97083333333336
2026-05-31 14:09:00,3957.0,1427.0,0.134,0.034,3137.2395,359.1791666666667
2026-05-31 14:09:30,3952.0,305.0,0.134,0.034,3134.8154,358.4458333333333
2026-05-31 14:10:00,4015.0,302.0,0.134,0.034,3132.3807,355.6458333333333
2026-05-31 14:10:30,3986.0,288.0,0.134,0.034,3129.9351,353.7625
2026-05-31 14:11:00,3953.0,283.0,0.134,0.034,3127.4789,354.72083333333336
2026-05-31 14:11:30,3920.0,300.0,0.134,0.034,3125.012,353.29583333333335
2026-05-31 14:12:00,3926.0,288.0,0.134,0.034,3122.5344,353.47083333333336
2026-05-31 14:12:30,3960.0,283.0,0.134,0.034,3120.0461,360.1166666666667
2026-05-31 14:13:00,3900.0,284.5,0.134,0.034,3117.5473,361.84166666666664
2026-05-31 14:13:30,3890.0,286.0,0.134,0.034,3115.0378,361.0416666666667
2026-05-31 14:14:00,3892.0,332.0,0.134,0.034,3112.5178,365.6
2026-05-31 14:14:30,3905.0,1736.0,0.134,0.034,3109.9873,367.47083333333336
2026-05-31 14:15:00,3897.0,341.0,0.1355,0.0355,3107.4463,366.90416666666664
2026-05-31 14:15:30,3863.0,316.0,0.1355,0.0355,3104.8947,367.7625
2026-05-31 14:16:00,3923.0,375.0,0.1355,0.0355,3102.3327,367.0541666666667
2026-05-31 14:16:30,3862.0,0.0,0.1355,0.0355,3099.7603,365.6958333333333
2026-05-31 14:17:00,3881.0,1663.0,0.1355,0.0355,3097.1775,364.7125
2026-05-31 14:17:30,3885.0,200.0,0.1355,0.0355,3094.5843,363.7125
2026-05-31 14:18:00,3811.0,278.0,0.1355,0.0355,3091.9807,362.87916666666666
2026-05-31 14:18:30,3888.0,130.0,0.1355,0.0355,3089.3669,362.1166666666667
2026-05-31 14:19:00,3835.0,209.0,0.1355,0.0355,3086.7427,361.34166666666664
2026-05-31 14:19:30,3877.0,0.0,0.1355,0.0355,3084.1082,360.51666666666665
2026-05-31 14:20:00,3895.0,308.25,0.1355,0.0355,3081.4635,360.2083333333333
2026-05-31 14:20:30,3913.0,616.5,0.1355,0.0355,3078.8086,359.4583333333333
2026-05-31 14:21:00,3854.0,924.75,0.1355,0.0355,3076.1435,358.80833333333334
2026-05-31 14:21:30,3861.0,1233.0,0.1355,0.0355,3073.4682,358.175
2026-05-31 14:22:00,3881.0,150.0,0.1355,0.0355,3070.7828,357.18333333333334
2026-05-31 14:22:30,3863.0,151.8,0.1355,0.0355,3068.0872,356.4916666666667
2026-05-31 14:23:00,3853.0,153.6,0.1355,0.0355,3065.3816,355.5083333333333
2026-05-31 14:23:30,3915.0,155.4,0.1355,0.0355,3062.6659,354.73333333333335
2026-05-31 14:24:00,3863.0,157.2,0.1355,0.0355,3059.9402,354.1166666666667
2026-05-31 14:24:30,3922.0,159.0,0.1355,0.0355,3057.2044,353.4125
2026-05-31 14:25:00,3865.0,178.0,0.1355,0.0355,3054.4587,352.6041666666667
2026-05-31 14:25:30,3869.0,167.0,0.1355,0.0355,3051.703,351.6875
2026-05-31 14:26:00,3868.0,165.0,0.1355,0.0355,3048.9373,350.74583333333334
2026-05-31 14:26:30,3852.0,169.0,0.1355,0.0355,3046.1618,349.8041666666667
2026-05-31 14:27:00,3872.0,148.0,0.1355,0.0355,3043.3764,348.7375
2026-05-31 14:27:30,3849.0,156.0,0.1355,0.0355,3040.5811,347.6625
2026-05-31 14:28:00,3813.0,373.0,0.1355,0.0355,3037.776,346.3041666666667
2026-05-31 14:28:30,3825.0,264.5,0.1355,0.0355,3034.9611,344.7708333333333
2026-05-31 14:29:00,3787.0,156.0,0.1355,0.0355,3032.1364,343.45
2026-05-31 14:29:30,3835.0,141.0,0.1355,0.0355,3029.3019,337.0
2026-05-31 14:30:00,3764.0,168.0,0.135,0.035,3026.4578,330.12916666666666
2026-05-31 14:30:30,3772.0,160.0,0.135,0.035,3023.6039,322.9791666666667
2026-05-31 14:31:00,3805.0,150.0,0.135,0.035,3020.7404,316.7708333333333
2026-05-31 14:31:30,3779.0,171.0,0.135,0.035,3017.8672,312.3208333333333
2026-05-31 14:32:00,3714.0,244.0,0.135,0.035,3014.9844,309.575
2026-05-31 14:32:30,3746.0,206.0,0.135,0.035,3012.092,309.95
2026-05-31 14:33:00,3701.0,37.0,0.135,0.035,3009.19,309.8208333333333
2026-05-31 14:33:30,3747.0,0.0,0.135,0.035,3006.2785,309.2125
2026-05-31 14:34:00,3744.0,148.0,0.135,0.035,3003.3575,306.075
2026-05-31 14:34:30,3719.5,159.0,0.135,0.035,3000.427,306.06666666666666
2026-05-31 14:35:00,3695.0,171.0,0.135,0.035,2997.487,305.6958333333333
2026-05-31 14:35:30,3692.0,164.0,0.135,0.035,2994.5376,304.4291666666667
2026-05-31 14:36:00,3689.0,182.0,0.135,0.035,2991.5787,304.1375
2026-05-31 14:36:30,3739.0,181.0,0.135,0.035,2988.6105,301.7708333333333
2026-05-31 14:37:00,3664.0,194.0,0.135,0.035,2985.633,300.6375
2026-05-31 14:37:30,3682.0,210.0,0.135,0.035,2982.6461,299.37083333333334
2026-05-31 14:38:00,3690.0,208.0,0.135,0.035,2979.6499,298.0875
2026-05-31 14:38:30,3699.0,210.0,0.135,0.035,2976.6444,296.7708333333333
2026-05-31 14:39:00,3696.0,249.0,0.135,0.035,2973.6296,284.27916666666664
2026-05-31 14:39:30,3670.0,0.0,0.135,0.035,2970.6056,273.6458333333333
2026-05-31 14:40:00,3633.0,147.0,0.135,0.035,2967.5725,272.4291666666667
2026-05-31 14:40:30,3675.0,554.0,0.135,0.035,2964.5301,271.12916666666666
2026-05-31 14:41:00,3707.0,215.0,0.135,0.035,2961.4786,270.0208333333333
2026-05-31 14:41:30,3631.0,385.0,0.135,0.035,2958.418,268.9508333333333
2026-05-31 14:42:00,3646.0,1162.0,0.135,0.035,2955.3483,267.73583333333335
2026-05-31 14:42:30,3673.0,572.0,0.135,0.035,2952.2695,266.6175
2026-05-31 14:43:00,3601.0,280.0,0.135,0.035,2949.1817,265.5375
2026-05-31 14:43:30,3632.0,939.0,0.135,0.035,2946.0848,264.44166666666666
2026-05-31 14:44:00,3613.0,624.5,0.135,0.035,2942.979,263.2916666666667
2026-05-31 14:44:30,3591.0,310.0,0.135,0.035,2939.8641,261.8833333333333
2026-05-31 14:45:00,3620.0,493.0,0.135,0.035,2936.7404,248.73333333333332
2026-05-31 14:45:30,3541.0,316.0,0.135,0.035,2933.6077,247.19166666666666
2026-05-31 14:46:00,3571.0,229.0,0.135,0.035,2930.4662,245.84166666666667
2026-05-31 14:46:30,3591.0,275.0,0.135,0.035,2927.3157,244.03333333333333
2026-05-31 14:47:00,3522.0,271.0,0.135,0.035,2924.1565,245.28333333333333
2026-05-31 14:47:30,3574.0,265.0,0.135,0.035,2920.9884,232.6
2026-05-31 14:48:00,3525.0,274.0,0.135,0.035,2917.8116,232.20833333333334
2026-05-31 14:48:30,3504.0,273.0,0.135,0.035,2914.6259,231.2
2026-05-31 14:49:00,3505.0,270.0,0.135,0.035,2911.4316,231.26666666666668
2026-05-31 14:49:30,3510.0,288.0,0.135,0.035,2908.2286,230.6
2026-05-31 14:50:00,3569.0,227.0,0.135,0.035,2905.0168,231.71666666666667
2026-05-31 14:50:30,3568.0,233.0,0.135,0.035,2901.7965,230.23958333333334
2026-05-31 14:51:00,3564.5,239.0,0.135,0.035,2898.5675,226.42708333333334
2026-05-31 14:51:30,3561.0,227.0,0.135,0.035,2895.3299,219.94583333333333
2026-05-31 14:52:00,3569.0,235.0,0.135,0.035,2892.0837,210.80416666666667
2026-05-31 14:52:30,3576.0,216.0,0.135,0.035,2888.8289,210.87083333333334
2026-05-31 14:53:00,3564.0,220.0,0.135,0.035,2885.5657,210.76416666666668
2026-05-31 14:53:30,3576.0,226.0,0.135,0.035,2882.294,210.70916666666668
2026-05-31 14:54:00,3581.0,217.5,0.135,0.035,2879.0137,210.58916666666667
2026-05-31 14:54:30,3562.0,209.0,0.135,0.035,2875.7251,210.4875
2026-05-31 14:55:00,3623.0,221.0,0.135,0.035,2872.428,210.41666666666666
2026-05-31 14:55:30,3624.5,203.0,0.135,0.035,2869.1225,210.23333333333332
2026-05-31 14:56:00,3626.0,212.0,0.135,0.035,2865.8087,210.075
2026-05-31 14:56:30,3633.0,193.0,0.135,0.035,2862.4865,209.75833333333333
2026-05-31 14:57:00,3623.0,212.0,0.135,0.035,2859.156,209.4
2026-05-31 14:57:30,3604.0,196.0,0.135,0.035,2855.8173,209.35
2026-05-31 14:58:00,3576.0,193.0,0.135,0.035,2852.4702,209.29166666666666
2026-05-31 14:58:30,3566.0,187.5,0.135,0.035,2849.115,207.36666666666667
2026-05-31 14:59:00,3556.0,182.0,0.135,0.035,2845.7515,206.20416666666668
2026-05-31 14:59:30,3520.0,176.5,0.135,0.035,2842.3798,205.97083333333333
2026-05-31 15:00:00,3525.0,171.0,0.1145,0.0145,2839.0,205.9625
2026-05-31 15:00:30,3464.0,196.0,0.1145,0.0145,2835.606,205.47083333333333
2026-05-31 15:01:00,3552.0,189.0,0.1145,0.0145,2832.192,205.19166666666666
2026-05-31 15:01:30,3507.0,183.5,0.1145,0.0145,2828.7582,205.14166666666668
2026-05-31 15:02:00,3563.0,178.0,0.1145,0.0145,2825.3046,204.80833333333334
2026-05-31 15:02:30,3567.0,172.5,0.1145,0.0145,2821.8315,203.84166666666667
2026-05-31 15:03:00,3503.0,167.0,0.1145,0.0145,2818.339,203.125
2026-05-31 15:03:30,3566.0,161.5,0.1145,0.0145,2814.8272,203.85833333333332
2026-05-31 15:04:00,3496.0,156.0,0.1145,0.0145,2811.2965,204.78333333333333
2026-05-31 15:04:30,3492.0,157.5,0.1145,0.0145,2807.7468,204.66666666666666
2026-05-31 15:05:00,3503.0,159.0,0.1145,0.0145,2804.1785,204.4902775
2026-05-31 15:05:30,3499.0,158.0,0.1145,0.0145,2800.5915,204.24583333333334
2026-05-31 15:06:00,3504.0,157.0,0.1145,0.0145,2796.9862,204.09166666666667
2026-05-31 15:06:30,3505.6667,156.0,0.1145,0.0145,2793.3627,203.81944416666664
2026-05-31 15:07:00,3507.3333,155.0,0.1145,0.0145,2789.7211,203.5875
2026-05-31 15:07:30,3509.0,154.0,0.1145,0.0145,2786.0616,203.27916666666667
2026-05-31 15:08:00,3492.0,153.0,0.1145,0.0145,2782.3844,202.7625
2026-05-31 15:08:30,3505.0,156.0,0.1145,0.0145,2778.6896,202.14583333333334
2026-05-31 15:09:00,3500.0,151.0,0.1145,0.0145,2774.9775,201.67083333333332
2026-05-31 15:09:30,3506.5,159.0,0.1145,0.0145,2771.2481,200.91666666666666
2026-05-31 15:10:00,3513.0,146.0,0.1145,0.0145,2767.5016,202.28333333333333
2026-05-31 15:10:30,3485.0,155.0,0.1145,0.0145,2763.7382,202.30833333333334
2026-05-31 15:11:00,3499.0,154.6,0.1145,0.0145,2759.9581,199.03333333333333
2026-05-31 15:11:30,3497.0,154.2,0.1145,0.0145,2756.1614,198.48333333333332
2026-05-31 15:12:00,3488.0,153.8,0.1145,0.0145,2752.3483,196.59166666666667
2026-05-31 15:12:30,3453.0,153.4,0.1145,0.0145,2748.519,188.20833333333334
2026-05-31 15:13:00,3452.0,153.0,0.1145,0.0145,2744.6736,184.7
2026-05-31 15:13:30,3419.0,148.0,0.1145,0.0145,2740.8122,183.7
2026-05-31 15:14:00,3453.0,163.0,0.1145,0.0145,2736.9352,177.26666666666668
2026-05-31 15:14:30,3404.0,158.0,0.1145,0.0145,2733.0425,173.2875
2026-05-31 15:15:00,3351.0,156.0,0.1145,0.0145,2729.1344,171.99583333333334
2026-05-31 15:15:30,3402.0,154.0,0.1145,0.0145,2725.2111,169.24583333333334
2026-05-31 15:16:00,3341.0,158.0,0.1145,0.0145,2721.2727,168.1125
2026-05-31 15:16:30,3365.0,150.0,0.1145,0.0145,2717.3193,167.74166666666667
2026-05-31 15:17:00,3311.0,141.0,0.1145,0.0145,2713.3512,167.025
2026-05-31 15:17:30,3334.0,153.0,0.1145,0.0145,2709.3686,167.26666666666668
2026-05-31 15:18:00,3316.0,157.0,0.1145,0.0145,2705.3714,166.8
2026-05-31 15:18:30,3290.0,138.0,0.1145,0.0145,2701.3601,169.05
2026-05-31 15:19:00,3319.0,129.0,0.1145,0.0145,2697.3346,170.5527775
2026-05-31 15:19:30,3342.0,134.0,0.1145,0.0145,2693.2952,171.325
2026-05-31 15:20:00,3324.0,131.0,0.1145,0.0145,2689.242,171.19166666666666
2026-05-31 15:20:30,3323.0,159.0,0.1145,0.0145,2685.1752,170.81111083333332
2026-05-31 15:21:00,3290.0,147.0,0.1145,0.0145,2681.095,169.625
2026-05-31 15:21:30,3346.0,136.0,0.1145,0.0145,2677.0016,167.63333333333333
2026-05-31 15:22:00,3357.0,158.0,0.1145,0.0145,2672.895,167.4
2026-05-31 15:22:30,3368.0,139.0,0.1145,0.0145,2668.7754,167.19166666666666
2026-05-31 15:23:00,3326.0,147.0,0.1145,0.0145,2664.6431,166.14166666666668
2026-05-31 15:23:30,3314.0,141.0,0.1145,0.0145,2660.4982,168.1
2026-05-31 15:24:00,3306.0,145.0,0.1145,0.0145,2656.3408,171.35833333333332
2026-05-31 15:24:30,3309.0,150.5,0.1145,0.0145,2652.1712,170.9125
2026-05-31 15:25:00,3369.0,156.0,0.1145,0.0145,2647.9894,170.6625
2026-05-31 15:25:30,3364.0,148.0,0.1145,0.0145,2643.7957,170.7875
2026-05-31 15:26:00,3339.0,127.0,0.1145,0.0145,2639.5902,172.02916666666667
2026-05-31 15:26:30,3287.0,126.0,0.1145,0.0145,2635.3731,172.1375
2026-05-31 15:27:00,3304.0,142.0,0.1145,0.0145,2631.1445,172.4375
2026-05-31 15:27:30,3322.0,149.0,0.1145,0.0145,2626.9046,173.40416666666667
2026-05-31 15:28:00,3314.0,142.0,0.1145,0.0145,2622.6537,173.12083333333334
2026-05-31 15:28:30,3303.0,125.0,0.1145,0.0145,2618.3917,173.05416666666667
2026-05-31 15:29:00,3337.0,128.0,0.1145,0.0145,2614.1189,173.025
2026-05-31 15:29:30,3365.0,140.0,0.1145,0.0145,2609.8356,172.45
2026-05-31 15:30:00,3359.9176,109.0,0.116,0.016,2605.5417,174.24583333333334
2026-05-31 15:30:30,3354.8353,126.5,0.116,0.016,2601.2376,176.07083333333333
2026-05-31 15:31:00,3349.7529,144.0,0.116,0.016,2596.9233,180.47083333333333
2026-05-31 15:31:30,3344.6706,131.0,0.116,0.016,2592.599,180.8875
2026-05-31 15:32:00,3339.5882,128.0,0.116,0.016,2588.2649,181.3277775
2026-05-31 15:32:30,3334.5059,120.0,0.116,0.016,2583.9212,181.79166666666666
2026-05-31 15:33:00,3329.4235,125.0,0.116,0.016,2579.5681,182.27916666666667
2026-05-31 15:33:30,3324.3412,111.0,0.116,0.016,2575.2056,182.79027749999997
2026-05-31 15:34:00,3319.2588,134.0,0.116,0.016,2570.8339,183.325
2026-05-31 15:34:30,3314.1765,137.8333,0.116,0.016,2566.4533,183.88333333333333
2026-05-31 15:35:00,3309.0941,141.6667,0.116,0.016,2562.0639,185.90416666666667
2026-05-31 15:35:30,3304.0118,145.5,0.116,0.016,2557.6658,186.69583333333333
2026-05-31 15:36:00,3298.9294,149.3333,0.116,0.016,2553.2592,187.82916666666668
2026-05-31 15:36:30,3293.8471,153.1667,0.116,0.016,2548.8443,188.67083333333332
2026-05-31 15:37:00,3288.7647,157.0,0.116,0.016,2544.4213,190.62083333333334
2026-05-31 15:37:30,3283.6824,148.0,0.116,0.016,2539.9903,191.2625
2026-05-31 15:38:00,3278.6,134.0,0.116,0.016,2535.5514,191.54583333333332
2026-05-31 15:38:30,3273.5176,153.0,0.116,0.016,2531.1049,192.22083333333333
2026-05-31 15:39:00,3268.4353,158.5,0.116,0.016,2526.6509,193.2625
2026-05-31 15:39:30,3263.3529,164.0,0.116,0.016,2522.1895,194.47083333333333
2026-05-31 15:40:00,3258.2706,150.0,0.116,0.016,2517.721,194.94583333333333
2026-05-31 15:40:30,3253.1882,161.0,0.116,0.016,2513.2455,194.6625
2026-05-31 15:41:00,3248.1059,149.0,0.116,0.016,2508.7632,194.54166666666666
2026-05-31 15:41:30,3243.0235,158.0,0.116,0.016,2504.2741,194.6616666666667
2026-05-31 15:42:00,3237.9412,156.0,0.116,0.016,2499.7786,195.0225
2026-05-31 15:42:30,3232.8588,151.0,0.116,0.016,2495.2768,195.62416666666667
2026-05-31 15:43:00,3227.7765,160.0,0.116,0.016,2490.7687,196.46666666666667
2026-05-31 15:43:30,3222.6941,167.0,0.116,0.016,2486.2547,197.55
2026-05-31 15:44:00,3217.6118,147.0,0.116,0.016,2481.7348,199.00833333333333
2026-05-31 15:44:30,3212.5294,155.0,0.116,0.016,2477.2092,200.7
2026-05-31 15:45:00,3207.4471,163.0,0.119,0.019,2472.6781,200.73333333333332
2026-05-31 15:45:30,3202.3647,180.0,0.119,0.019,2468.1417,201.225
2026-05-31 15:46:00,3197.2824,184.5,0.119,0.019,2463.6001,203.19166666666666
2026-05-31 15:46:30,3192.2,189.0,0.119,0.019,2459.0535,203.85833333333332
2026-05-31 15:47:00,3187.1176,300.0,0.119,0.019,2454.502,204.18333333333334
2026-05-31 15:47:30,3182.0353,209.0,0.119,0.019,2449.9458,204.59583333333333
2026-05-31 15:48:00,3176.9529,544.0,0.119,0.019,2445.3851,204.92083333333332
2026-05-31 15:48:30,3171.8706,453.3333,0.119,0.019,2440.82,205.27916666666667
2026-05-31 15:49:00,3166.7882,362.6667,0.119,0.019,2436.2508,205.8625
2026-05-31 15:49:30,3161.7059,272.0,0.119,0.019,2431.6775,206.72083333333333
2026-05-31 15:50:00,3156.6235,181.3333,0.119,0.019,2427.1003,207.42083333333332
2026-05-31 15:50:30,3151.5412,90.6667,0.119,0.019,2422.5195,207.49583333333334
2026-05-31 15:51:00,3146.4588,0.0,0.119,0.019,2417.9351,207.42083333333332
2026-05-31 15:51:30,3141.3765,199.0,0.119,0.019,2413.3473,207.5125
2026-05-31 15:52:00,3136.2941,210.0,0.119,0.019,2408.7564,207.71666666666667
2026-05-31 15:52:30,3131.2118,90.0,0.119,0.019,2404.1624,207.75833333333333
2026-05-31 15:53:00,3126.1294,455.0,0.119,0.019,2399.5655,207.875
2026-05-31 15:53:30,3121.0471,617.0,0.119,0.019,2394.9659,207.8
2026-05-31 15:54:00,3115.9647,164.0,0.119,0.019,2390.3638,207.83333333333334
2026-05-31 15:54:30,3110.8824,179.0,0.119,0.019,2385.7593,207.79166666666666
2026-05-31 15:55:00,3105.8,236.0,0.119,0.019,2381.1526,207.75416666666666
2026-05-31 15:55:30,3100.7176,352.0,0.119,0.019,2376.5438,207.72916666666666
2026-05-31 15:56:00,3095.6353,225.0,0.119,0.019,2371.9332,207.7375
2026-05-31 15:56:30,3090.5529,229.0,0.119,0.019,2367.3208,207.90416666666667
2026-05-31 15:57:00,3085.4706,328.0,0.119,0.019,2362.7069,208.0625
2026-05-31 15:57:30,3080.3882,162.0,0.119,0.019,2358.0916,208.1125
2026-05-31 15:58:00,3075.3059,185.0,0.119,0.019,2353.4751,208.12916666666666
2026-05-31 15:58:30,3070.2235,184.0,0.119,0.019,2348.8575,208.22916666666666
2026-05-31 15:59:00,3065.1412,113.0,0.119,0.019,2344.239,208.49583333333334
2026-05-31 15:59:30,3060.0588,392.0,0.119,0.019,2339.6198,208.7625
2026-05-31 16:00:00,3054.9765,390.0,0.14,0.04,2335.0,208.95416666666668
2026-05-31 16:00:30,3049.8941,724.0,0.14,0.04,2330.3725,209.39583333333334
2026-05-31 16:01:00,3044.8118,239.0,0.14,0.04,2325.7302,209.58333333333334
2026-05-31 16:01:30,3039.7294,236.3333,0.14,0.04,2321.0732,209.59166666666667
2026-05-31 16:02:00,3034.6471,233.6667,0.14,0.04,2316.4016,209.64166666666668
2026-05-31 16:02:30,3029.5647,231.0,0.14,0.04,2311.7157,209.70833333333334
2026-05-31 16:03:00,3024.4824,228.3333,0.14,0.04,2307.0156,209.85833333333332
2026-05-31 16:03:30,3019.4,225.6667,0.14,0.04,2302.3015,209.98333333333332
2026-05-31 16:04:00,3014.3176,223.0,0.14,0.04,2297.5734,210.22083333333333
2026-05-31 16:04:30,3009.2353,400.0,0.14,0.04,2292.8317,210.2625
2026-05-31 16:05:00,3004.1529,254.0,0.14,0.04,2288.0763,210.34722250000002
2026-05-31 16:05:30,2999.0706,294.0,0.14,0.04,2283.3076,210.34166666666667
2026-05-31 16:06:00,2993.9882,258.0,0.14,0.04,2278.5257,210.40416666666667
2026-05-31 16:06:30,2988.9059,390.0,0.14,0.04,2273.7307,210.33472250000003
2026-05-31 16:07:00,2983.8235,232.0,0.14,0.04,2268.9227,210.25833333333333
2026-05-31 16:07:30,2978.7412,188.0,0.14,0.04,2264.102,210.13333333333333
2026-05-31 16:08:00,2973.6588,234.0,0.14,0.04,2259.2687,210.05
2026-05-31 16:08:30,2968.5765,281.0,0.14,0.04,2254.423,210.16666666666666
2026-05-31 16:09:00,2963.4941,296.0,0.14,0.04,2249.5651,210.175
2026-05-31 16:09:30,2958.4118,216.0,0.14,0.04,2244.695,209.97916666666666
2026-05-31 16:10:00,2953.3294,112.0,0.14,0.04,2239.813,209.7875
2026-05-31 16:10:30,2948.2471,140.5,0.14,0.04,2234.9191,209.72916666666666
2026-05-31 16:11:00,2943.1647,169.0,0.14,0.04,2230.0137,209.70416666666668
2026-05-31 16:11:30,2938.0824,197.5,0.14,0.04,2225.0968,209.67083333333332
2026-05-31 16:12:00,2933.0,226.0,0.14,0.04,2220.1686,209.60416666666666
2026-05-31 16:12:30,2947.0,254.5,0.14,0.04,2215.2293,209.57916666666668
2026-05-31 16:13:00,2941.75,283.0,0.14,0.04,2210.279,209.62083333333334
2026-05-31 16:13:30,2936.5,323.0,0.14,0.04,2205.3179,209.47083333333333
2026-05-31 16:14:00,2931.25,366.0,0.14,0.04,2200.3461,209.3875
2026-05-31 16:14:30,2926.0,162.0,0.14,0.04,2195.3638,209.59583333333333
2026-05-31 16:15:00,2849.0,215.0,0.135,0.035,2190.3712,209.75416666666666
2026-05-31 16:15:30,2847.0,390.0,0.135,0.035,2185.3685,209.92916666666667
2026-05-31 16:16:00,2845.0,238.0,0.135,0.035,2180.3557,209.92916666666667
2026-05-31 16:16:30,2843.0,189.0,0.135,0.035,2175.3331,210.0
2026-05-31 16:17:00,2841.0,190.5,0.135,0.035,2170.3008,209.975
2026-05-31 16:17:30,2839.0,192.0,0.135,0.035,2165.2589,209.09166666666667
2026-05-31 16:18:00,2820.0,200.0,0.135,0.035,2160.2077,208.98333333333332
2026-05-31 16:18:30,2851.0,208.0,0.135,0.035,2155.1473,205.9375
2026-05-31 16:19:00,2825.0,232.0,0.135,0.035,2150.0779,203.50138916666668
2026-05-31 16:19:30,2840.0,218.0,0.135,0.035,2144.9996,201.83333333333334
2026-05-31 16:20:00,2826.0,140.0,0.135,0.035,2139.9126,200.93333333333334
2026-05-31 16:20:30,2863.0,150.0,0.135,0.035,2134.817,200.87222250000002
2026-05-31 16:21:00,2808.0,158.0,0.135,0.035,2129.713,201.34166666666667
2026-05-31 16:21:30,2807.3333,160.5,0.135,0.035,2124.6008,202.64166666666668
2026-05-31 16:22:00,2806.6667,163.0,0.135,0.035,2119.4805,202.175
2026-05-31 16:22:30,2806.0,153.0,0.135,0.035,2114.3523,201.65833333333333
2026-05-31 16:23:00,2816.0,138.0,0.135,0.035,2109.2164,202.1
2026-05-31 16:23:30,2826.0,145.0,0.135,0.035,2104.0728,199.55
2026-05-31 16:24:00,2816.0,140.0,0.135,0.035,2098.9219,195.50833333333333
2026-05-31 16:24:30,2806.0,146.0,0.135,0.035,2093.7637,195.48333333333332
2026-05-31 16:25:00,2803.0,153.0,0.135,0.035,2088.5983,195.175
2026-05-31 16:25:30,2798.0,149.0,0.135,0.035,2083.4261,194.475
2026-05-31 16:26:00,2799.0,147.0,0.135,0.035,2078.247,192.79166666666666
2026-05-31 16:26:30,2792.0,145.0,0.135,0.035,2073.0614,192.15833333333333
2026-05-31 16:27:00,2798.0,148.0,0.135,0.035,2067.8692,191.55833333333334
2026-05-31 16:27:30,2805.0,151.0,0.135,0.035,2062.6708,190.06666666666666
2026-05-31 16:28:00,2842.0,154.0,0.135,0.035,2057.4663,189.83333333333334
2026-05-31 16:28:30,2805.0,157.0,0.135,0.035,2052.2557,189.5
2026-05-31 16:29:00,2669.0,160.0,0.135,0.035,2047.0394,189.3
2026-05-31 16:29:30,2450.0,163.0,0.135,0.035,2041.8174,189.49166666666667
2026-05-31 16:30:00,2693.0,162.0,0.155,0.055,2036.5899,187.425
2026-05-31 16:30:30,2795.0,149.0,0.155,0.055,2031.3571,185.5
2026-05-31 16:31:00,2768.0,145.0,0.155,0.055,2026.1192,180.81833333333333
2026-05-31 16:31:30,2773.0,137.0,0.155,0.055,2020.8762,180.20499999999998
2026-05-31 16:32:00,2760.0,136.0,0.155,0.055,2015.6284,179.64055583333337
2026-05-31 16:32:30,2754.0,138.0,0.155,0.055,2010.3759,179.125
2026-05-31 16:33:00,2719.0,140.0,0.155,0.055,2005.1188,178.65833333333333
2026-05-31 16:33:30,2722.0,139.5,0.155,0.055,1999.8575,177.84722250000002
2026-05-31 16:34:00,2745.0,139.0,0.155,0.055,1994.5919,177.14583333333334
2026-05-31 16:34:30,2699.0,148.0,0.155,0.055,1989.3223,176.55416666666667
2026-05-31 16:35:00,2722.0,141.0,0.155,0.055,1984.0488,174.47916666666666
2026-05-31 16:35:30,2718.0,153.0,0.155,0.055,1978.7716,173.52916666666667
2026-05-31 16:36:00,2722.0,141.0,0.155,0.055,1973.4908,172.37083333333334
2026-05-31 16:36:30,2698.0,144.0,0.155,0.055,1968.2067,171.40416666666667
2026-05-31 16:37:00,2679.0,142.0,0.155,0.055,1962.9193,169.57916666666668
2026-05-31 16:37:30,2675.0,138.0,0.155,0.055,1957.6288,168.95416666666668
2026-05-31 16:38:00,2644.0,148.0,0.155,0.055,1952.3355,168.80416666666667
2026-05-31 16:38:30,2672.0,154.0,0.155,0.055,1947.0394,168.05416666666667
2026-05-31 16:39:00,2663.6667,135.0,0.155,0.055,1941.7407,167.49583333333334
2026-05-31 16:39:30,2655.3333,141.0,0.155,0.055,1936.4396,166.7375
2026-05-31 16:40:00,2647.0,143.0,0.155,0.055,1931.1362,166.62916666666666
2026-05-31 16:40:30,2617.0,158.0,0.155,0.055,1925.8308,167.5875
2026-05-31 16:41:00,2637.0,145.0,0.155,0.055,1920.5234,168.68333333333334
2026-05-31 16:41:30,2582.0,150.0,0.155,0.055,1915.2142,169.41666666666666
2026-05-31 16:42:00,2606.0,153.0,0.155,0.055,1909.9034,169.10416666666666
2026-05-31 16:42:30,2599.0,156.0,0.155,0.055,1904.5911,169.2125
2026-05-31 16:43:00,2572.0,142.0,0.155,0.055,1899.2776,168.83333333333334
2026-05-31 16:43:30,2576.0,157.0,0.155,0.055,1893.9629,169.06666666666666
2026-05-31 16:44:00,2573.0,172.0,0.155,0.055,1888.6472,168.84166666666667
2026-05-31 16:44:30,2537.0,174.0,0.155,0.055,1883.3308,170.675
2026-05-31 16:45:00,2572.0,184.0,0.17,0.07,1878.0137,171.30833333333334
2026-05-31 16:45:30,2539.0,180.0,0.17,0.07,1872.6961,174.41666666666666
2026-05-31 16:46:00,2573.0,193.0,0.17,0.07,1867.3782,173.50833333333333
2026-05-31 16:46:30,2513.0,186.0,0.17,0.07,1862.0601,173.31666666666666
2026-05-31 16:47:00,2497.0,194.0,0.17,0.07,1856.742,172.98333333333332
2026-05-31 16:47:30,2504.0,196.0,0.17,0.07,1851.4241,173.4625
2026-05-31 16:48:00,2513.3333,178.5,0.17,0.07,1846.1065,174.09583333333333
2026-05-31 16:48:30,2522.6667,161.0,0.17,0.07,1840.7894,174.68035749999999
2026-05-31 16:49:00,2532.0,162.5,0.17,0.07,1835.4729,175.21607166666666
2026-05-31 16:49:30,2502.0,164.0,0.17,0.07,1830.1572,175.56964333333332
2026-05-31 16:50:00,2512.0,174.0,0.17,0.07,1824.8425,176.05773833333333
2026-05-31 16:50:30,2513.0,147.0,0.17,0.07,1819.529,177.21369083333332
2026-05-31 16:51:00,2486.0,156.0,0.17,0.07,1814.2167,178.30416666666667
2026-05-31 16:51:30,2478.5,143.0,0.17,0.07,1808.9058,179.34583333333333
2026-05-31 16:52:00,2471.0,148.0,0.17,0.07,1803.5966,180.35833333333332
2026-05-31 16:52:30,2442.0,143.0,0.17,0.07,1798.2892,180.50833333333333
2026-05-31 16:53:00,2508.0,149.0,0.17,0.07,1792.9837,181.86666666666667
2026-05-31 16:53:30,2452.0,132.0,0.17,0.07,1787.6802,182.54166666666666
2026-05-31 16:54:00,2435.0,161.0,0.17,0.07,1782.3791,183.13333333333333
2026-05-31 16:54:30,2447.0,142.0,0.17,0.07,1777.0803,183.825
2026-05-31 16:55:00,2445.5,152.0,0.17,0.07,1771.7842,185.0
2026-05-31 16:55:30,2444.0,150.0,0.17,0.07,1766.4908,185.725
2026-05-31 16:56:00,2412.0,149.0,0.17,0.07,1761.2002,186.36666666666667
2026-05-31 16:56:30,2427.0,157.0,0.17,0.07,1755.9128,188.09166666666667
2026-05-31 16:57:00,2390.0,149.0,0.17,0.07,1750.6286,188.70833333333334
2026-05-31 16:57:30,2428.0,134.0,0.17,0.07,1745.3477,189.19166666666666
2026-05-31 16:58:00,2392.0,145.0,0.17,0.07,1740.0704,189.73333333333332
2026-05-31 16:58:30,2425.0,160.0,0.17,0.07,1734.7969,189.8
2026-05-31 16:59:00,2428.0,136.0,0.17,0.07,1729.5272,189.89166666666668
2026-05-31 16:59:30,2399.0,144.0,0.17,0.07,1724.2615,190.9
2026-05-31 17:00:00,2395.0,159.0,0.1762,0.0762,1719.0,190.975
2026-05-31 17:00:30,2410.0,162.2,0.1762,0.0762,1713.7352,191.15
2026-05-31 17:01:00,2376.0,165.4,0.1762,0.0762,1708.4595,192.575
2026-05-31 17:01:30,2399.0,168.6,0.1762,0.0762,1703.1733,192.99166666666667
2026-05-31 17:02:00,2374.0,171.8,0.1762,0.0762,1697.8767,193.15
2026-05-31 17:02:30,2366.0,175.0,0.1762,0.0762,1692.5699,193.26666666666668
2026-05-31 17:03:00,2370.0,131.0,0.1762,0.0762,1687.2531,193.38333333333333
2026-05-31 17:03:30,2337.0,141.5,0.1762,0.0762,1681.9266,193.5
2026-05-31 17:04:00,2336.0,152.0,0.1762,0.0762,1676.5907,193.60416666666666
2026-05-31 17:04:30,2302.0,151.0,0.1762,0.0762,1671.2454,193.7875
2026-05-31 17:05:00,2276.0,140.0,0.1762,0.0762,1665.8911,193.85416666666666
2026-05-31 17:05:30,2336.0,155.0,0.1762,0.0762,1660.528,193.9375
2026-05-31 17:06:00,2276.0,142.0,0.1762,0.0762,1655.1562,194.0375
2026-05-31 17:06:30,2315.0,171.0,0.1762,0.0762,1649.7761,195.4875
2026-05-31 17:07:00,2304.0,157.0,0.1762,0.0762,1644.3878,195.1125
2026-05-31 17:07:30,2293.0,170.0,0.1762,0.0762,1638.9915,195.32083333333333
2026-05-31 17:08:00,2227.0,144.0,0.1762,0.0762,1633.5875,197.37916666666666
2026-05-31 17:08:30,2266.0,214.0,0.1762,0.0762,1628.1759,197.4125
2026-05-31 17:09:00,2234.0,205.0,0.1762,0.0762,1622.7571,197.34583333333333
2026-05-31 17:09:30,2276.0,203.0,0.1762,0.0762,1617.3312,197.65416666666667
2026-05-31 17:10:00,2256.6667,227.0,0.1762,0.0762,1611.8985,197.8875
2026-05-31 17:10:30,2237.3333,272.0,0.1762,0.0762,1606.4591,198.04583333333332
2026-05-31 17:11:00,2218.0,257.0,0.1762,0.0762,1601.0134,198.0875
2026-05-31 17:11:30,2219.0,160.0,0.1762,0.0762,1595.5614,198.1625
2026-05-31 17:12:00,2218.0,239.0,0.1762,0.0762,1590.1035,198.30416666666667
2026-05-31 17:12:30,2203.0,209.0,0.1762,0.0762,1584.6399,198.30416666666667
2026-05-31 17:13:00,2214.0,311.0,0.1762,0.0762,1579.1707,198.37083333333334
2026-05-31 17:13:30,2206.0,296.0,0.1762,0.0762,1573.6962,198.5125
2026-05-31 17:14:00,2199.3125,586.0,0.1762,0.0762,1568.2167,198.4875
2026-05-31 17:14:30,2192.625,238.0,0.1762,0.0762,1562.7322,198.24583333333334
2026-05-31 17:15:00,2185.9375,588.0,0.2002,0.1002,1557.2432,198.2375
2026-05-31 17:15:30,2179.25,281.0,0.2002,0.1002,1551.7497,198.1875
2026-05-31 17:16:00,2172.5625,215.0,0.2002,0.1002,1546.2521,198.20416666666668
2026-05-31 17:16:30,2165.875,149.0,0.2002,0.1002,1540.7504,197.8625
2026-05-31 17:17:00,2159.1875,248.0,0.2002,0.1002,1535.245,197.62916666666666
2026-05-31 17:17:30,2152.5,268.0,0.2002,0.1002,1529.7361,197.4625
2026-05-31 17:18:00,2145.8125,270.1429,0.2002,0.1002,1524.2239,197.17916666666667
2026-05-31 17:18:30,2139.125,272.2857,0.2002,0.1002,1518.7085,197.06666666666666
2026-05-31 17:19:00,2132.4375,274.4286,0.2002,0.1002,1513.1903,197.125
2026-05-31 17:19:30,2125.75,276.5714,0.2002,0.1002,1507.6695,197.3125
2026-05-31 17:20:00,2119.0625,278.7143,0.2002,0.1002,1502.1462,197.92083333333332
2026-05-31 17:20:30,2112.375,280.8571,0.2002,0.1002,1496.6208,198.51666666666668
2026-05-31 17:21:00,2105.6875,283.0,0.2002,0.1002,1491.0933,199.40833333333333
2026-05-31 17:21:30,2099.0,282.0,0.2002,0.1002,1485.5641,200.43333333333334
2026-05-31 17:22:00,2097.3333,181.0,0.2002,0.1002,1480.0333,201.28333333333333
2026-05-31 17:22:30,2095.6667,316.0,0.2002,0.1002,1474.5012,202.16666666666666
2026-05-31 17:23:00,2094.0,219.0,0.2002,0.1002,1468.968,202.91666666666666
2026-05-31 17:23:30,2063.0,216.0,0.2002,0.1002,1463.434,203.49166666666667
2026-05-31 17:24:00,2066.0,223.0,0.2002,0.1002,1457.8993,204.225
2026-05-31 17:24:30,2024.0,287.0,0.2002,0.1002,1452.3641,204.81666666666666
2026-05-31 17:25:00,2017.0,240.0,0.2002,0.1002,1446.8287,205.70833333333334
2026-05-31 17:25:30,2010.0,226.0,0.2002,0.1002,1441.2934,206.46666666666667
2026-05-31 17:26:00,2008.5,354.0,0.2002,0.1002,1435.7582,207.20833333333334
2026-05-31 17:26:30,2007.0,219.0,0.2002,0.1002,1430.2235,208.04166666666666
2026-05-31 17:27:00,2009.0,206.0,0.2002,0.1002,1424.6895,208.78333333333333
2026-05-31 17:27:30,1946.0,216.0,0.2002,0.1002,1419.1563,209.58333333333334
2026-05-31 17:28:00,1962.5,162.0,0.2002,0.1002,1413.6243,209.475
2026-05-31 17:28:30,1979.0,168.0,0.2002,0.1002,1408.0936,210.23333333333332
2026-05-31 17:29:00,1977.0,281.0,0.2002,0.1002,1402.5645,210.625
2026-05-31 17:29:30,1950.0,172.0,0.2002,0.1002,1397.0371,211.26666666666668
2026-05-31 17:30:00,1944.0,183.0,0.2076,0.1076,1391.5117,211.85
2026-05-31 17:30:30,1977.0,320.0,0.2076,0.1076,1385.9886,211.75
2026-05-31 17:31:00,1931.0,195.0,0.2076,0.1076,1380.4678,211.73666666666665
2026-05-31 17:31:30,1930.5,156.0,0.2076,0.1076,1374.9498,211.81
2026-05-31 17:32:00,1930.0,150.0,0.2076,0.1076,1369.4346,211.96999999999997
2026-05-31 17:32:30,1915.0,152.0,0.2076,0.1076,1363.9225,212.21666666666667
2026-05-31 17:33:00,1928.0,154.0,0.2076,0.1076,1358.4137,212.55
2026-05-31 17:33:30,1917.0,152.0,0.2076,0.1076,1352.9085,213.50833333333333
2026-05-31 17:34:00,1888.0,161.0,0.2076,0.1076,1347.407,214.02916666666667
2026-05-31 17:34:30,1881.0,156.0,0.2076,0.1076,1341.9096,213.59583333333333
2026-05-31 17:35:00,1859.0,151.0,0.2076,0.1076,1336.4163,213.87083333333334
2026-05-31 17:35:30,1914.0,165.0,0.2076,0.1076,1330.9274,214.3625
2026-05-31 17:36:00,1862.0,315.0,0.2076,0.1076,1325.4432,214.49166666666667
2026-05-31 17:36:30,1889.0,99.0,0.2076,0.1076,1319.9639,214.49166666666667
2026-05-31 17:37:00,1859.5,167.0,0.2076,0.1076,1314.4897,214.63333333333333
2026-05-31 17:37:30,1830.0,385.0,0.2076,0.1076,1309.0207,215.00833333333333
2026-05-31 17:38:00,1800.0,152.0,0.2076,0.1076,1303.5573,213.59166666666667
2026-05-31 17:38:30,1812.0,146.0,0.2076,0.1076,1298.0997,215.09166666666667
2026-05-31 17:39:00,1844.0,172.0,0.2076,0.1076,1292.648,214.5
2026-05-31 17:39:30,1834.0,169.0,0.2076,0.1076,1287.2025,213.71666666666667
2026-05-31 17:40:00,1824.0,162.0,0.2076,0.1076,1281.7635,213.29166666666666
2026-05-31 17:40:30,1822.0,163.0,0.2076,0.1076,1276.3311,212.45
2026-05-31 17:41:00,1828.0,154.0,0.2076,0.1076,1270.9055,211.24166666666667
2026-05-31 17:41:30,1806.0,167.0,0.2076,0.1076,1265.487,210.23333333333332
2026-05-31 17:42:00,1784.0,153.0,0.2076,0.1076,1260.0758,210.05
2026-05-31 17:42:30,1781.0,164.0,0.2076,0.1076,1254.6722,210.54166666666666
2026-05-31 17:43:00,1784.0,159.0,0.2076,0.1076,1249.2762,210.24166666666667
2026-05-31 17:43:30,1756.0,154.0,0.2076,0.1076,1243.8883,209.74166666666667
2026-05-31 17:44:00,1753.0,143.0,0.2076,0.1076,1238.5085,208.98333333333332
2026-05-31 17:44:30,1754.0,173.0,0.2076,0.1076,1233.1371,205.71666666666667
2026-05-31 17:45:00,1755.0,178.0,0.216,0.116,1227.7744,205.7
2026-05-31 17:45:30,1749.0,182.0,0.216,0.116,1222.4205,200.8
2026-05-31 17:46:00,1755.0,152.0,0.216,0.116,1217.0757,200.38333333333333
2026-05-31 17:46:30,1691.0,158.0,0.216,0.116,1211.7401,201.025
2026-05-31 17:47:00,1725.0,174.0,0.216,0.116,1206.4141,201.53333333333333
2026-05-31 17:47:30,1734.0,162.0,0.216,0.116,1201.0978,201.10833333333332
2026-05-31 17:48:00,1704.0,165.0,0.216,0.116,1195.7915,200.56666666666666
2026-05-31 17:48:30,1707.0,168.0,0.216,0.116,1190.4953,199.96547583333333
2026-05-31 17:49:00,1705.0,185.0,0.216,0.116,1185.2095,198.84642833333334
2026-05-31 17:49:30,1706.0,237.0,0.216,0.116,1179.9344,198.55119000000002
2026-05-31 17:50:00,1676.0,245.5,0.216,0.116,1174.6701,198.04642833333335
2026-05-31 17:50:30,1641.0,254.0,0.216,0.116,1169.4168,197.26547583333334
2026-05-31 17:51:00,1642.0,279.0,0.216,0.116,1164.1748,196.425
2026-05-31 17:51:30,1666.0,245.0,0.216,0.116,1158.9443,195.55416666666667
2026-05-31 17:52:00,1685.0,254.0,0.216,0.116,1153.7256,194.67916666666667
2026-05-31 17:52:30,1643.0,233.0,0.216,0.116,1148.5188,195.2375
2026-05-31 17:53:00,1610.0,218.0,0.216,0.116,1143.3241,194.64583333333334
2026-05-31 17:53:30,1646.0,220.0,0.216,0.116,1138.1419,194.82916666666668
2026-05-31 17:54:00,1612.0,232.0,0.216,0.116,1132.9722,194.9875
2026-05-31 17:54:30,1664.0,249.0,0.216,0.116,1127.8154,195.17083333333332
2026-05-31 17:55:00,1648.0,243.0,0.216,0.116,1122.6716,194.70416666666668
2026-05-31 17:55:30,1615.0,239.0,0.216,0.116,1117.5411,194.84583333333333
2026-05-31 17:56:00,1604.0,249.0,0.216,0.116,1112.424,194.8375
2026-05-31 17:56:30,1584.0,246.0,0.216,0.116,1107.3207,193.7375
2026-05-31 17:57:00,1585.5,245.0,0.216,0.116,1102.2313,193.79583333333332
2026-05-31 17:57:30,1587.0,121.0,0.216,0.116,1097.1561,193.97916666666666
2026-05-31 17:58:00,1553.0,236.0,0.216,0.116,1092.0953,194.19583333333333
2026-05-31 17:58:30,1550.0,207.0,0.216,0.116,1087.049,194.79583333333332
2026-05-31 17:59:00,1552.0,213.0,0.216,0.116,1082.0176,195.37083333333334
2026-05-31 17:59:30,1518.0,214.0,0.216,0.116,1077.0011,194.94583333333333
2026-05-31 18:00:00,1552.0,147.0,0.2137,0.1137,1072.0,195.32916666666668
2026-05-31 18:00:30,1521.0,160.6,0.2137,0.1137,1067.0043,195.7375
2026-05-31 18:01:00,1524.0,174.2,0.2137,0.1137,1062.0043,195.0375
2026-05-31 18:01:30,1513.6667,187.8,0.2137,0.1137,1057.0003,195.3625
2026-05-31 18:02:00,1503.3333,201.4,0.2137,0.1137,1051.9925,196.04583333333332
2026-05-31 18:02:30,1493.0,215.0,0.2137,0.1137,1046.9812,196.62083333333334
2026-05-31 18:03:00,1484.0,246.0,0.2137,0.1137,1041.9666,197.32083333333333
2026-05-31 18:03:30,1475.0,204.0,0.2137,0.1137,1036.949,197.87083333333334
2026-05-31 18:04:00,1466.0,100.0,0.2137,0.1137,1031.9286,198.60416666666666
2026-05-31 18:04:30,1457.0,184.0,0.2137,0.1137,1026.9058,199.1875
2026-05-31 18:05:00,1448.0,199.0,0.2137,0.1137,1021.8807,199.8375
2026-05-31 18:05:30,1437.0,170.5,0.2137,0.1137,1016.8536,200.47916666666666
2026-05-31 18:06:00,1428.5,142.0,0.2137,0.1137,1011.8247,201.0625
2026-05-31 18:06:30,1420.0,188.0,0.2137,0.1137,1006.7945,200.2625
2026-05-31 18:07:00,1405.0,202.0,0.2137,0.1137,1001.763,201.25
2026-05-31 18:07:30,1401.8,0.0,0.2137,0.1137,996.7305,201.65833333333333
2026-05-31 18:08:00,1398.6,324.0,0.2137,0.1137,991.6973,200.31666666666666
2026-05-31 18:08:30,1395.4,143.0,0.2137,0.1137,986.6637,200.98333333333332
2026-05-31 18:09:00,1392.2,111.0,0.2137,0.1137,981.6299,201.68333333333334
2026-05-31 18:09:30,1389.0,152.0,0.2137,0.1137,976.5962,202.18333333333334
2026-05-31 18:10:00,1373.0,126.0,0.2137,0.1137,971.5628,202.55833333333334
2026-05-31 18:10:30,1341.0,127.0,0.2137,0.1137,966.53,203.11666666666667
2026-05-31 18:11:00,1339.0,136.0,0.2137,0.1137,961.4981,203.57083333333333
2026-05-31 18:11:30,1323.0,138.0,0.2137,0.1137,956.4672,204.00416666666666
2026-05-31 18:12:00,1298.0,298.0,0.2137,0.1137,951.4377,204.23333333333332
2026-05-31 18:12:30,1297.5,173.0,0.2137,0.1137,946.4098,204.48333333333332
2026-05-31 18:13:00,1297.0,251.0,0.2137,0.1137,941.3838,204.54583333333332
2026-05-31 18:13:30,1262.0,205.0,0.2137,0.1137,936.3598,204.55416666666667
2026-05-31 18:14:00,1305.0,194.0,0.2137,0.1137,931.3383,204.92083333333332
2026-05-31 18:14:30,1293.0,236.0,0.2137,0.1137,926.3195,205.4125
2026-05-31 18:15:00,1281.0,0.0,0.2217,0.1217,921.3035,205.84583333333333
2026-05-31 18:15:30,1263.0,231.0,0.2217,0.1217,916.2906,206.22916666666666
2026-05-31 18:16:00,1188.0,292.0,0.2217,0.1217,911.2812,206.32916666666668
2026-05-31 18:16:30,1276.0,210.0,0.2217,0.1217,906.2755,206.72083333333333
2026-05-31 18:17:00,1236.0,197.0,0.2217,0.1217,901.2737,207.1375
2026-05-31 18:17:30,1232.0,203.0,0.2217,0.1217,896.276,207.34583333333333
2026-05-31 18:18:00,1217.5,198.0,0.2217,0.1217,891.2828,207.72083333333333
2026-05-31 18:18:30,1203.0,138.0,0.2217,0.1217,886.2943,208.05416666666667
2026-05-31 18:19:00,1254.0,239.0,0.2217,0.1217,881.3108,208.1375
2026-05-31 18:19:30,1197.0,216.0,0.2217,0.1217,876.3324,208.0625
2026-05-31 18:20:00,1202.0,185.0,0.2217,0.1217,871.3596,207.52083333333334
2026-05-31 18:20:30,1194.0,180.0,0.2217,0.1217,866.3924,207.05833333333334
2026-05-31 18:21:00,1192.0,178.5,0.2217,0.1217,861.4312,206.46666666666667
2026-05-31 18:21:30,1154.0,177.0,0.2217,0.1217,856.4763,205.64166666666668
2026-05-31 18:22:00,1194.0,248.0,0.2217,0.1217,851.5279,205.20833333333334
2026-05-31 18:22:30,1157.0,245.0,0.2217,0.1217,846.5862,204.69583333333333
2026-05-31 18:23:00,1136.0,241.0,0.2217,0.1217,841.6515,204.35416666666666
2026-05-31 18:23:30,1134.0,235.0,0.2217,0.1217,836.7241,204.24583333333334
2026-05-31 18:24:00,1111.0,245.0,0.2217,0.1217,831.8042,204.02916666666667
2026-05-31 18:24:30,1096.0,231.0,0.2217,0.1217,826.8921,205.35416666666666
2026-05-31 18:25:00,1102.0,257.0,0.2217,0.1217,821.988,206.12083333333334
2026-05-31 18:25:30,1108.0,225.0,0.2217,0.1217,817.0923,207.12083333333334
2026-05-31 18:26:00,1115.0,222.0,0.2217,0.1217,812.205,208.17916666666667
2026-05-31 18:26:30,1110.0,226.0,0.2217,0.1217,807.3266,209.22916666666666
2026-05-31 18:27:00,1094.0,228.0,0.2217,0.1217,802.4573,210.3625
2026-05-31 18:27:30,1114.0,242.0,0.2217,0.1217,797.5972,211.55416666666667
2026-05-31 18:28:00,1104.5,234.0,0.2217,0.1217,792.7468,214.2375
2026-05-31 18:28:30,1095.0,237.0,0.2217,0.1217,787.9062,216.6125
2026-05-31 18:29:00,1063.0,230.0,0.2217,0.1217,783.0757,219.32083333333333
2026-05-31 18:29:30,1060.0,218.0,0.2217,0.1217,778.2555,221.9875
2026-05-31 18:30:00,1087.0,232.0,0.2457,0.1457,773.4459,224.65416666666667
2026-05-31 18:30:30,1032.0,236.0,0.2457,0.1457,768.6472,227.45416666666668
2026-05-31 18:31:00,1044.0,234.0,0.2457,0.1457,763.8596,241.17416666666668
2026-05-31 18:31:30,1014.0,238.0,0.2457,0.1457,759.0834,252.30583333333334
2026-05-31 18:32:00,991.0,219.0,0.2457,0.1457,754.3188,262.6575
2026-05-31 18:32:30,972.0,236.0,0.2457,0.1457,749.5662,273.9791666666667
2026-05-31 18:33:00,990.0,220.0,0.2457,0.1457,744.8256,285.4375
2026-05-31 18:33:30,974.0,240.0,0.2457,0.1457,740.0975,296.47083333333336
2026-05-31 18:34:00,993.0,231.0,0.2457,0.1457,735.382,308.5208333333333
2026-05-31 18:34:30,989.0,234.0,0.2457,0.1457,730.6795,321.5208333333333
2026-05-31 18:35:00,926.0,228.0,0.2457,0.1457,725.9901,334.65416666666664
2026-05-31 18:35:30,955.0,235.0,0.2457,0.1457,721.3142,347.9125
2026-05-31 18:36:00,944.0,219.0,0.2457,0.1457,716.6519,362.325
2026-05-31 18:36:30,978.0,217.5,0.2457,0.1457,712.0036,377.30833333333334
2026-05-31 18:37:00,931.0,216.0,0.2457,0.1457,707.3695,392.65833333333336
2026-05-31 18:37:30,929.0,224.0,0.2457,0.1457,702.7499,408.225
2026-05-31 18:38:00,927.0,232.0,0.2457,0.1457,698.145,425.93333333333334
2026-05-31 18:38:30,901.0,230.0,0.2457,0.1457,693.555,441.4
2026-05-31 18:39:00,916.0,232.0,0.2457,0.1457,688.9803,459.125
2026-05-31 18:39:30,931.0,214.0,0.2457,0.1457,684.4211,477.7
2026-05-31 18:40:00,885.0,229.0,0.2457,0.1457,679.8776,496.6
2026-05-31 18:40:30,890.0,217.5,0.2457,0.1457,675.3501,516.3
2026-05-31 18:41:00,861.0,206.0,0.2457,0.1457,670.8389,537.075
2026-05-31 18:41:30,819.0,194.5,0.2457,0.1457,666.3442,558.3583333333333
2026-05-31 18:42:00,810.5,183.0,0.2457,0.1457,661.8663,579.9583333333334
2026-05-31 18:42:30,802.0,171.5,0.2457,0.1457,657.4054,601.0583333333333
2026-05-31 18:43:00,807.6667,160.0,0.2457,0.1457,652.9618,623.7833333333333
2026-05-31 18:43:30,813.3333,198.0,0.2457,0.1457,648.5357,646.4416666666667
2026-05-31 18:44:00,819.0,202.0,0.2457,0.1457,644.1275,670.9
2026-05-31 18:44:30,818.0,225.0,0.2457,0.1457,639.7373,695.5333333333333
2026-05-31 18:45:00,747.0,224.0,0.2483,0.1483,635.3654,720.8166666666667
2026-05-31 18:45:30,765.0,194.0,0.2483,0.1483,631.0121,748.5666666666667
2026-05-31 18:46:00,766.0,199.0,0.2483,0.1483,626.6776,775.6416666666667
2026-05-31 18:46:30,755.0,208.0,0.2483,0.1483,622.3622,802.4583333333334
2026-05-31 18:47:00,682.0,199.0,0.2483,0.1483,618.0661,830.625
2026-05-31 18:47:30,766.0,207.0,0.2483,0.1483,613.7897,859.0666666666667
2026-05-31 18:48:00,712.0,205.0,0.2483,0.1483,609.5331,887.625
2026-05-31 18:48:30,739.0,178.0,0.2483,0.1483,605.2966,916.8083333333333
2026-05-31 18:49:00,747.0,176.0,0.2483,0.1483,601.0805,946.7416666666667
2026-05-31 18:49:30,759.0,172.0,0.2483,0.1483,596.885,976.0
2026-05-31 18:50:00,715.0,190.0,0.2483,0.1483,592.7104,1005.6166666666667
2026-05-31 18:50:30,758.0,183.0,0.2483,0.1483,588.5569,1035.7416666666666
2026-05-31 18:51:00,735.0,180.0,0.2483,0.1483,584.4249,1066.2416666666666
2026-05-31 18:51:30,722.0,193.0,0.2483,0.1483,580.3145,1096.9208333333333
2026-05-31 18:52:00,720.0,192.5,0.2483,0.1483,576.226,1127.7791666666667
2026-05-31 18:52:30,749.0,192.0,0.2483,0.1483,572.1597,1157.9625
2026-05-31 18:53:00,711.0,205.0,0.2483,0.1483,568.1158,1188.4229166666667
2026-05-31 18:53:30,697.0,194.0,0.2483,0.1483,564.0946,1219.16875
2026-05-31 18:54:00,768.0,391.0,0.2483,0.1483,560.0963,1250.2166666666667
2026-05-31 18:54:30,689.0,341.0,0.2483,0.1483,556.1212,1281.4333333333334
2026-05-31 18:55:00,711.0,363.0,0.2483,0.1483,552.1696,1312.9666666666667
2026-05-31 18:55:30,729.0,366.0,0.2483,0.1483,548.2417,1344.2583333333334
2026-05-31 18:56:00,654.0,375.0,0.2483,0.1483,544.3378,1376.1666666666667
2026-05-31 18:56:30,708.0,382.0,0.2483,0.1483,540.4581,1406.5666666666666
2026-05-31 18:57:00,651.0,388.0,0.2483,0.1483,536.6028,1434.8208333333334
2026-05-31 18:57:30,664.0,443.0,0.2483,0.1483,532.7724,1460.9458333333334
2026-05-31 18:58:00,688.0,521.0,0.2483,0.1483,528.9669,1488.0125
2026-05-31 18:58:30,675.0,532.0,0.2483,0.1483,525.1866,1512.9791666666667
2026-05-31 18:59:00,662.5,533.0,0.2483,0.1483,521.4319,1537.6708333333333
2026-05-31 18:59:30,650.0,534.0,0.2483,0.1483,517.7029,1538.6708333333333
2026-05-31 19:00:00,634.0,483.0,0.2457,0.1457,514.0,1539.5208333333333
2026-05-31 19:00:30,625.0,1807.0,0.2457,0.1457,510.3143,1540.3375
2026-05-31 19:01:00,643.0,1510.0,0.2457,0.1457,506.637,1541.0791666666667
2026-05-31 19:01:30,596.0,1430.0,0.2457,0.1457,502.9682,1541.7958333333333
2026-05-31 19:02:00,615.0,1560.0,0.2457,0.1457,499.3078,1542.5625
2026-05-31 19:02:30,600.0,1590.0,0.2457,0.1457,495.6559,1543.4041666666667
2026-05-31 19:03:00,621.0,1570.0,0.2457,0.1457,492.0126,1544.1875
2026-05-31 19:03:30,604.5,1650.0,0.2457,0.1457,488.378,1545.0208333333333
2026-05-31 19:04:00,588.0,1660.0,0.2457,0.1457,484.7521,1545.7708333333333
2026-05-31 19:04:30,596.0,1760.0,0.2457,0.1457,481.1349,1546.7208333333333
2026-05-31 19:05:00,579.0,1790.0,0.2457,0.1457,477.5266,1547.7708333333333
2026-05-31 19:05:30,570.0,1900.0,0.2457,0.1457,473.9271,1548.9958333333334
2026-05-31 19:06:00,549.0,1940.0,0.2457,0.1457,470.3365,1550.2875
2026-05-31 19:06:30,566.0,2030.0,0.2457,0.1457,466.7549,1551.6291666666666
2026-05-31 19:07:00,545.0,2070.0,0.2457,0.1457,463.1824,1553.0666666666666
2026-05-31 19:07:30,532.0,2125.0,0.2457,0.1457,459.6189,1554.4333333333334
2026-05-31 19:08:00,539.0,2180.0,0.2457,0.1457,456.0646,1555.65
2026-05-31 19:08:30,538.0,2270.0,0.2457,0.1457,452.5195,1556.8833333333334
2026-05-31 19:09:00,495.0,2340.0,0.2457,0.1457,448.9836,1558.1055558333333
2026-05-31 19:09:30,531.0,2420.0,0.2457,0.1457,445.4571,1559.2833333333333
2026-05-31 19:10:00,482.0,2490.0,0.2457,0.1457,441.9399,1560.5833333333333
2026-05-31 19:10:30,519.0,2620.0,0.2457,0.1457,438.4321,1561.775
2026-05-31 19:11:00,465.0,2690.0,0.2457,0.1457,434.9338,1563.0791666666667
2026-05-31 19:11:30,467.0,2730.0,0.2457,0.1457,431.4451,1564.4958333333334
2026-05-31 19:12:00,417.0,2830.0,0.2457,0.1457,427.9659,1566.025
2026-05-31 19:12:30,424.0,2900.0,0.2457,0.1457,424.4963,1567.6666666666667
2026-05-31 19:13:00,418.5,2970.0,0.2457,0.1457,421.0365,1569.3965908333334
2026-05-31 19:13:30,413.0,3140.0,0.2457,0.1457,417.5864,1571.2147725
2026-05-31 19:14:00,373.0,3150.0,0.2457,0.1457,414.1461,1572.7087116666667
2026-05-31 19:14:30,370.0,3270.0,0.2457,0.1457,410.7157,1574.1617416666666
2026-05-31 19:15:00,367.0,3330.0,0.2495,0.1495,407.2952,1575.4155291666668
2026-05-31 19:15:30,344.25,3480.0,0.2495,0.1495,403.8847,1576.6700749999998
2026-05-31 19:16:00,321.5,3510.0,0.2495,0.1495,400.4842,1578.167045
2026-05-31 19:16:30,298.75,3590.0,0.2495,0.1495,397.0937,1579.6147725
2026-05-31 19:17:00,276.0,3610.0,0.2495,0.1495,393.7135,1580.9799241666667
2026-05-31 19:17:30,282.0,3630.0,0.2495,0.1495,390.3434,1582.4125
2026-05-31 19:18:00,241.0,3700.0,0.2495,0.1495,386.9835,1583.7708333333333
2026-05-31 19:18:30,261.0,3730.0,0.2495,0.1495,383.634,1585.2291666666667
2026-05-31 19:19:00,244.0,3750.0,0.2495,0.1495,380.2948,1586.9958333333334
2026-05-31 19:19:30,240.5,3770.0,0.2495,0.1495,376.9661,1588.6958333333334
2026-05-31 19:20:00,237.0,3800.0,0.2495,0.1495,373.6478,1590.6791666666666
2026-05-31 19:20:30,226.0,3840.0,0.2495,0.1495,370.34,1596.5958333333333
2026-05-31 19:21:00,224.0,3860.0,0.2495,0.1495,367.0428,1602.4875
2026-05-31 19:21:30,228.0,3880.0,0.2495,0.1495,363.7563,1608.3208333333334
2026-05-31 19:22:00,203.0,3870.0,0.2495,0.1495,360.4804,1613.9625
2026-05-31 19:22:30,229.0,3900.25,0.2495,0.1495,357.2153,1619.6916666666666
2026-05-31 19:23:00,206.0,3930.5,0.2495,0.1495,353.961,1625.3416666666667
2026-05-31 19:23:30,228.0,3960.75,0.2495,0.1495,350.7175,1630.7166666666667
2026-05-31 19:24:00,200.0,3991.0,0.2495,0.1495,347.485,1636.2666666666667
2026-05-31 19:24:30,200.5,4015.0,0.2495,0.1495,344.2634,1640.1273808333333
2026-05-31 19:25:00,201.0,4012.0,0.2495,0.1495,341.0528,1644.3571425
2026-05-31 19:25:30,203.0,4054.0,0.2495,0.1495,337.8534,1648.3559516666667
2026-05-31 19:26:00,176.0,3870.0,0.2495,0.1495,334.665,1652.2821425
2026-05-31 19:26:30,175.0,3616.5,0.2495,0.1495,331.4879,1656.0857141666668
2026-05-31 19:27:00,173.0,3363.0,0.2495,0.1495,328.322,1659.7833333333333
2026-05-31 19:27:30,174.0,3490.0,0.2495,0.1495,325.1673,1663.3833333333334
2026-05-31 19:28:00,175.0,3230.0,0.2495,0.1495,322.0241,1668.3583333333333
2026-05-31 19:28:30,174.0,3200.0,0.2495,0.1495,318.8922,1673.0166666666667
2026-05-31 19:29:00,176.0,350.0,0.2495,0.1495,315.7718,1677.5
2026-05-31 19:29:30,173.0,320.0,0.2495,0.1495,312.663,1682.9620366666668
2026-05-31 19:30:00,159.5,330.0,0.2557,0.1557,309.5657,1689.4027775
2026-05-31 19:30:30,146.0,325.0,0.2557,0.1557,306.48,1697.255555
2026-05-31 19:31:00,149.0,320.0,0.2557,0.1557,303.406,1695.0620366666667
2026-05-31 19:31:30,167.0,330.0,0.2557,0.1557,300.3438,1696.330555
2026-05-31 19:32:00,131.0,320.0,0.2557,0.1557,297.2934,1699.2527775
2026-05-31 19:32:30,163.0,330.0,0.2557,0.1557,294.2548,1702.0787033333334
2026-05-31 19:33:00,129.0,320.0,0.2557,0.1557,291.2281,1705.6416666666667
2026-05-31 19:33:30,132.0,330.0,0.2557,0.1557,288.2134,1710.3583333333333
2026-05-31 19:34:00,131.6667,345.0,0.2557,0.1557,285.2107,1719.025
2026-05-31 19:34:30,131.3333,360.0,0.2557,0.1557,282.22,1709.6083333333333
2026-05-31 19:35:00,131.0,375.0,0.2557,0.1557,279.2415,1716.8333333333333
2026-05-31 19:35:30,130.0,390.0,0.2557,0.1557,276.2752,1708.3166666666666
2026-05-31 19:36:00,128.0,380.0,0.2557,0.1557,273.3211,1701.6033333333332
2026-05-31 19:36:30,127.0,390.0,0.2557,0.1557,270.3793,1697.2766666666669
2026-05-31 19:37:00,126.0,380.0,0.2557,0.1557,267.4499,1694.9199999999998
2026-05-31 19:37:30,104.0,370.0,0.2557,0.1557,264.5329,1694.95
2026-05-31 19:38:00,125.0,380.0,0.2557,0.1557,261.6283,1697.2416666666666
2026-05-31 19:38:30,98.0,376.6667,0.2557,0.1557,258.7362,1699.45
2026-05-31 19:39:00,98.5,373.3333,0.2557,0.1557,255.8567,1701.2833333333333
2026-05-31 19:39:30,99.0,370.0,0.2557,0.1557,252.9898,1701.3791666666666
2026-05-31 19:40:00,96.0,372.0,0.2557,0.1557,250.1357,1699.6541666666667
2026-05-31 19:40:30,93.0,374.0,0.2557,0.1557,247.2942,1698.6541666666667
2026-05-31 19:41:00,94.0,376.0,0.2557,0.1557,244.4655,1682.1625
2026-05-31 19:41:30,87.5,378.0,0.2557,0.1557,241.6497,1677.9125
2026-05-31 19:42:00,81.0,380.0,0.2557,0.1557,238.8468,1658.1625
2026-05-31 19:42:30,86.0,379.0909,0.2557,0.1557,236.0568,1637.1625
2026-05-31 19:43:00,85.0,378.1818,0.2557,0.1557,233.2799,1615.6625
2026-05-31 19:43:30,84.5,377.2727,0.2557,0.1557,230.516,1593.5652775
2026-05-31 19:44:00,84.0,376.3636,0.2557,0.1557,227.7652,1570.0375
2026-05-31 19:44:30,83.0,375.4545,0.2557,0.1557,225.0277,1546.4125
2026-05-31 19:45:00,82.0,374.5455,0.2609,0.1609,222.3033,1521.7736108333334
2026-05-31 19:45:30,82.5,373.6364,0.2609,0.1609,219.5923,1496.6208333333334
2026-05-31 19:46:00,83.0,372.7273,0.2609,0.1609,216.8945,1470.2041666666667
2026-05-31 19:46:30,86.0,371.8182,0.2609,0.1609,214.2102,1443.6208333333334
2026-05-31 19:47:00,85.5,370.9091,0.2609,0.1609,211.5393,1416.3615741666665
2026-05-31 19:47:30,85.0,370.0,0.2609,0.1609,208.882,1388.9263891666667
2026-05-31 19:48:00,86.0,380.0,0.2609,0.1609,206.2382,1361.3152783333333
2026-05-31 19:48:30,84.0,390.0,0.2609,0.1609,203.608,1333.111575
2026-05-31 19:49:00,84.2,380.0,0.2609,0.1609,200.9915,1304.6486116666667
2026-05-31 19:49:30,84.4,410.0,0.2609,0.1609,198.3887,1276.0097225
2026-05-31 19:50:00,84.6,900.0,0.2609,0.1609,195.7998,1247.1949075
2026-05-31 19:50:30,84.8,890.0,0.2609,0.1609,193.2246,1218.1208333333334
2026-05-31 19:51:00,85.0,880.0,0.2609,0.1609,190.6634,1188.7041666666667
2026-05-31 19:51:30,83.0,870.0,0.2609,0.1609,188.1161,1159.2041666666667
2026-05-31 19:52:00,82.0,880.0,0.2609,0.1609,185.5828,1129.5291666666667
2026-05-31 19:52:30,81.0,870.0,0.2609,0.1609,183.0635,1099.9291666666666
2026-05-31 19:53:00,79.0,850.0,0.2609,0.1609,180.5584,1070.06875
2026-05-31 19:53:30,78.0,860.0,0.2609,0.1609,178.0675,1039.9479166666667
2026-05-31 19:54:00,80.0,854.2857,0.2609,0.1609,175.5908,1009.5666666666667
2026-05-31 19:54:30,77.0,848.5714,0.2609,0.1609,173.1283,978.925
2026-05-31 19:55:00,75.0,842.8571,0.2609,0.1609,170.6802,948.075
2026-05-31 19:55:30,74.0,837.1429,0.2609,0.1609,168.2465,917.2416666666667
2026-05-31 19:56:00,42.0,831.4286,0.2609,0.1609,165.8273,886.05
2026-05-31 19:56:30,70.0,825.7143,0.2609,0.1609,163.4225,856.3833333333333
2026-05-31 19:57:00,40.0,820.0,0.2609,0.1609,161.0323,828.9958333333333
2026-05-31 19:57:30,35.0,1040.0,0.2609,0.1609,158.6567,803.6375
2026-05-31 19:58:00,35.1667,1080.0,0.2609,0.1609,156.2958,791.6208333333333
2026-05-31 19:58:30,35.3333,1070.0,0.2609,0.1609,153.9497,766.5958333333333
2026-05-31 19:59:00,35.5,1188.4444,0.2609,0.1609,151.6183,742.6791666666667
2026-05-31 19:59:30,35.6667,1306.8889,0.2609,0.1609,149.3017,742.6791666666667
2026-05-31 20:00:00,35.8333,1425.3333,0.256,0.156,147.0,742.6791666666667
2026-05-31 20:00:30,36.0,1543.7778,0.256,0.156,144.7104,742.7208333333333
2026-05-31 20:01:00,35.0,1662.2222,0.256,0.156,142.4299,742.9291666666667
2026-05-31 20:01:30,36.0,1780.6667,0.256,0.156,140.1586,742.0458333333333
2026-05-31 20:02:00,37.0,1899.1111,0.256,0.156,137.8967,742.0458333333333
2026-05-31 20:02:30,36.5,2017.5556,0.256,0.156,135.6441,759.1291666666667
2026-05-31 20:03:00,36.0,2136.0,0.256,0.156,133.4008,759.2958333333333
2026-05-31 20:03:30,35.5,2690.0,0.256,0.156,131.167,759.7958333333333
2026-05-31 20:04:00,35.0,530.0,0.256,0.156,128.9427,760.1291666666667
2026-05-31 20:04:30,32.3333,2627.0,0.256,0.156,126.7279,759.9208333333333
2026-05-31 20:05:00,29.6667,768.0,0.256,0.156,124.5227,759.9208333333333
2026-05-31 20:05:30,27.0,1094.4,0.256,0.156,122.3272,759.4625
2026-05-31 20:06:00,26.0,1420.8,0.256,0.156,120.1414,758.9625
2026-05-31 20:06:30,25.5,1747.2,0.256,0.156,117.9653,758.5041666666667
2026-05-31 20:07:00,25.0,2073.6,0.256,0.156,115.799,757.9208333333333
2026-05-31 20:07:30,27.0,2400.0,0.256,0.156,113.6426,757.5041666666667
2026-05-31 20:08:00,26.0,2445.0,0.256,0.156,111.4961,757.0875
2026-05-31 20:08:30,24.0,2490.0,0.256,0.156,109.3596,756.6708333333333
2026-05-31 20:09:00,23.0,2351.5,0.256,0.156,107.2331,756.1986108333333
2026-05-31 20:09:30,20.0,2213.0,0.256,0.156,105.1166,756.0041666666667
2026-05-31 20:10:00,0.0,2370.0,0.256,0.156,103.0103,755.6708333333333
2026-05-31 20:10:30,0.0,641.0,0.256,0.156,100.9141,755.2930558333334
2026-05-31 20:11:00,0.0,2180.0,0.256,0.156,98.8281,754.8708333333333
2026-05-31 20:11:30,0.0,360.0,0.256,0.156,96.7525,754.4041666666667
2026-05-31 20:12:00,0.0,310.0,0.256,0.156,94.6871,754.0875
2026-05-31 20:12:30,0.0,320.0,0.256,0.156,92.6322,753.9208333333333
2026-05-31 20:13:00,0.0,318.3333,0.256,0.156,90.5877,753.9284091666667
2026-05-31 20:13:30,0.0,316.6667,0.256,0.156,88.5536,754.1102275
2026-05-31 20:14:00,0.0,315.0,0.256,0.156,86.5302,754.4662883333333
2026-05-31 20:14:30,0.0,313.3333,0.256,0.156,84.5173,754.9132583333334
2026-05-31 20:15:00,0.0,311.6667,0.2577,0.1577,82.515,755.7844708333333
2026-05-31 20:15:30,0.0,310.0,0.2577,0.1577,80.5234,755.9132583333334
2026-05-31 20:16:00,0.0,320.0,0.2577,0.1577,78.5426,756.2996216666667
2026-05-31 20:16:30,0.0,318.8889,0.2577,0.1577,76.5726,756.6102275
2026-05-31 20:17:00,0.0,317.7778,0.2577,0.1577,74.6135,756.5950758333333
2026-05-31 20:17:30,0.0,316.6667,0.2577,0.1577,72.6652,756.8375
2026-05-31 20:18:00,0.0,315.5556,0.2577,0.1577,70.7279,757.1541666666667
2026-05-31 20:18:30,0.0,314.4444,0.2577,0.1577,68.8017,757.4541666666667
2026-05-31 20:19:00,0.0,313.3333,0.2577,0.1577,66.8864,757.7375
2026-05-31 20:19:30,0.0,312.2222,0.2577,0.1577,64.9823,758.1708333333333
2026-05-31 20:20:00,0.0,311.1111,0.2577,0.1577,63.0894,758.4208333333333
2026-05-31 20:20:30,0.0,310.0,0.2577,0.1577,61.2077,754.2541666666667
2026-05-31 20:21:00,0.0,320.0,0.2577,0.1577,59.3373,750.0041666666667
2026-05-31 20:21:30,0.0,319.0,0.2577,0.1577,57.4782,745.9208333333333
2026-05-31 20:22:00,0.0,318.0,0.2577,0.1577,55.6305,744.2291666666666
2026-05-31 20:22:30,0.0,317.0,0.2577,0.1577,53.7942,740.1458333333334
2026-05-31 20:23:00,0.0,316.0,0.2577,0.1577,51.9693,736.3541666666666
2026-05-31 20:23:30,0.0,315.0,0.2577,0.1577,50.1561,732.9375
2026-05-31 20:24:00,0.0,314.0,0.2577,0.1577,48.3544,729.0208333333334
2026-05-31 20:24:30,0.0,313.0,0.2577,0.1577,46.5643,725.2351191666668
2026-05-31 20:25:00,0.0,312.0,0.2577,0.1577,44.786,727.0636908333333
2026-05-31 20:25:30,0.0,311.0,0.2577,0.1577,43.0194,723.5398816666667
2026-05-31 20:26:00,0.0,310.0,0.2577,0.1577,41.2646,720.1470241666667
2026-05-31 20:26:30,0.0,330.0,0.2577,0.1577,39.5216,716.8851191666668
2026-05-31 20:27:00,0.0,320.0,0.2577,0.1577,37.7905,713.4208333333333
2026-05-31 20:27:30,0.0,2048.0,0.2577,0.1577,36.0714,713.9208333333333
2026-05-31 20:28:00,0.0,227.0,0.2577,0.1577,34.3644,708.5875
2026-05-31 20:28:30,0.0,330.0,0.2577,0.1577,32.6693,702.8375
2026-05-31 20:29:00,0.0,350.0,0.2577,0.1577,30.9864,697.5041666666667
2026-05-31 20:29:30,0.0,320.0,0.2577,0.1577,29.3157,690.8504633333334
2026-05-31 20:30:00,0.0,335.0,0.267,0.167,27.6571,683.2930558333334
2026-05-31 20:30:30,0.0,350.0,0.267,0.167,26.0109,675.081945
2026-05-31 20:31:00,0.0,214.0,0.267,0.167,24.3769,665.5504633333334
2026-05-31 20:31:30,0.0,330.0,0.267,0.167,22.7553,654.9902783333333
2026-05-31 20:32:00,0.0,2370.0,0.267,0.167,21.1462,643.4013891666667
2026-05-31 20:32:30,0.0,350.0,0.267,0.167,0.0,630.9921300000001
2026-05-31 20:33:00,0.0,380.0,0.267,0.167,0.0,617.4291666666667
2026-05-31 20:33:30,0.0,370.0,0.267,0.167,0.0,602.7958333333333
2026-05-31 20:34:00,0.0,320.0,0.267,0.167,0.0,583.7125
2026-05-31 20:34:30,0.0,360.0,0.267,0.167,0.0,582.4625
2026-05-31 20:35:00,0.0,320.0,0.267,0.167,0.0,563.7097225
2026-05-31 20:35:30,0.0,330.0,0.267,0.167,0.0,560.4208333333333
2026-05-31 20:36:00,0.0,325.0,0.267,0.167,0.0,554.3841666666667
2026-05-31 20:36:30,0.0,320.0,0.267,0.167,0.0,545.6441666666667
2026-05-31 20:37:00,0.0,330.0,0.267,0.167,0.0,534.2008333333333
2026-05-31 20:37:30,0.0,320.0,0.267,0.167,0.0,520.0541666666667
2026-05-31 20:38:00,0.0,330.0,0.267,0.167,0.0,503.20416666666665
2026-05-31 20:38:30,0.0,320.0,0.267,0.167,0.0,485.99583333333334
2026-05-31 20:39:00,0.0,350.0,0.267,0.167,0.0,468.32916666666665
2026-05-31 20:39:30,0.0,330.0,0.267,0.167,0.0,451.4
2026-05-31 20:40:00,0.0,326.6667,0.267,0.167,0.0,435.60833333333335
2026-05-31 20:40:30,0.0,323.3333,0.267,0.167,0.0,418.4916666666667
2026-05-31 20:41:00,0.0,320.0,0.267,0.167,0.0,415.76666666666665
2026-05-31 20:41:30,0.0,340.0,0.267,0.167,0.0,400.2
2026-05-31 20:42:00,0.0,360.0,0.267,0.167,0.0,399.78333333333336
2026-05-31 20:42:30,0.0,380.0,0.267,0.167,0.0,399.8041666666667
2026-05-31 20:43:00,0.0,400.0,0.267,0.167,0.0,399.7625
2026-05-31 20:43:30,0.0,420.0,0.267,0.167,0.0,399.75555583333335
2026-05-31 20:44:00,0.0,430.0,0.267,0.167,0.0,399.78333333333336
2026-05-31 20:44:30,0.0,480.0,0.267,0.167,0.0,399.78333333333336
2026-05-31 20:45:00,0.0,390.0,0.2692,0.1692,0.0,399.75555583333335
2026-05-31 20:45:30,0.0,420.0,0.2692,0.1692,0.0,399.78333333333336
2026-05-31 20:46:00,0.0,410.0,0.2692,0.1692,0.0,399.8666666666667
2026-05-31 20:46:30,0.0,370.0,0.2692,0.1692,0.0,399.78333333333336
2026-05-31 20:47:00,0.0,400.0,0.2692,0.1692,0.0,399.7028491666667
2026-05-31 20:47:30,0.0,408.0,0.2692,0.1692,0.0,399.62521333333336
2026-05-31 20:48:00,0.0,416.0,0.2692,0.1692,0.0,399.5504266666667
2026-05-31 20:48:30,0.0,424.0,0.2692,0.1692,0.0,399.47848916666663
2026-05-31 20:49:00,0.0,432.0,0.2692,0.1692,0.0,399.40940083333334
2026-05-31 20:49:30,0.0,440.0,0.2692,0.1692,0.0,399.3431616666667
2026-05-31 20:50:00,0.0,400.0,0.2692,0.1692,0.0,399.27977166666665
2026-05-31 20:50:30,0.0,380.0,0.2692,0.1692,0.0,399.2192308333333
2026-05-31 20:51:00,0.0,390.0,0.2692,0.1692,0.0,399.16153833333334
2026-05-31 20:51:30,0.0,667.0,0.2692,0.1692,0.0,399.01410250000004
2026-05-31 20:52:00,0.0,390.0,0.2692,0.1692,0.0,398.86859
2026-05-31 20:52:30,0.0,415.0,0.2692,0.1692,0.0,398.725
2026-05-31 20:53:00,0.0,440.0,0.2692,0.1692,0.0,398.5833333333333
2026-05-31 20:53:30,0.0,390.0,0.2692,0.1692,0.0,398.4592591666667
2026-05-31 20:54:00,0.0,400.0,0.2692,0.1692,0.0,398.3527775
2026-05-31 20:54:30,0.0,1068.0,0.2692,0.1692,0.0,398.2638883333333
2026-05-31 20:55:00,0.0,420.0,0.2692,0.1692,0.0,398.19259166666666
2026-05-31 20:55:30,0.0,430.0,0.2692,0.1692,0.0,398.1388883333333
2026-05-31 20:56:00,0.0,440.0,0.2692,0.1692,0.0,398.1027775
2026-05-31 20:56:30,0.0,410.0,0.2692,0.1692,0.0,398.0842591666667
2026-05-31 20:57:00,0.0,880.0,0.2692,0.1692,0.0,397.90833333333336
2026-05-31 20:57:30,0.0,400.0,0.2692,0.1692,0.0,397.825
2026-05-31 20:58:00,0.0,390.0,0.2692,0.1692,0.0,383.3
2026-05-31 20:58:30,0.0,430.0,0.2692,0.1692,0.0,383.90833333333336
2026-05-31 20:59:00,0.0,390.0,0.2692,0.1692,0.0,383.7416666666667
2026-05-31 20:59:30,0.0,400.0,0.2692,0.1692,0.0,383.325
2026-05-31 21:00:00,0.0,440.0,0.2657,0.1657,0.0,383.1861108333333
2026-05-31 21:00:30,0.0,400.0,0.2657,0.1657,0.0,382.95
2026-05-31 21:01:00,0.0,395.0,0.2657,0.1657,0.0,382.6166666666667
2026-05-31 21:01:30,0.0,390.0,0.2657,0.1657,0.0,383.5
2026-05-31 21:02:00,0.0,410.0,0.2657,0.1657,0.0,383.3888891666667
2026-05-31 21:02:30,0.0,390.0,0.2657,0.1657,0.0,366.25
2026-05-31 21:03:00,0.0,380.0,0.2657,0.1657,0.0,365.9166666666667
2026-05-31 21:03:30,0.0,400.0,0.2657,0.1657,0.0,365.4166666666667
2026-05-31 21:04:00,0.0,380.0,0.2657,0.1657,0.0,365.0416666666667
2026-05-31 21:04:30,0.0,376.6667,0.2657,0.1657,0.0,365.125
2026-05-31 21:05:00,0.0,373.3333,0.2657,0.1657,0.0,365.0416666666667
2026-05-31 21:05:30,0.0,370.0,0.2657,0.1657,0.0,365.7083333333333
2026-05-31 21:06:00,0.0,372.0,0.2657,0.1657,0.0,366.2083333333333
2026-05-31 21:06:30,0.0,374.0,0.2657,0.1657,0.0,366.8333333333333
2026-05-31 21:07:00,0.0,376.0,0.2657,0.1657,0.0,367.4722225
2026-05-31 21:07:30,0.0,378.0,0.2657,0.1657,0.0,368.0
2026-05-31 21:08:00,0.0,380.0,0.2657,0.1657,0.0,368.5833333333333
2026-05-31 21:08:30,0.0,370.0,0.2657,0.1657,0.0,369.1666666666667
2026-05-31 21:09:00,0.0,320.0,0.2657,0.1657,0.0,369.9166666666667
2026-05-31 21:09:30,0.0,318.0,0.2657,0.1657,0.0,370.4375
2026-05-31 21:10:00,0.0,316.0,0.2657,0.1657,0.0,371.1458333333333
2026-05-31 21:10:30,0.0,314.0,0.2657,0.1657,0.0,371.9027775
2026-05-31 21:11:00,0.0,312.0,0.2657,0.1657,0.0,372.7083333333333
2026-05-31 21:11:30,0.0,310.0,0.2657,0.1657,0.0,373.5178575
2026-05-31 21:12:00,0.0,312.5,0.2657,0.1657,0.0,374.136905
2026-05-31 21:12:30,0.0,315.0,0.2657,0.1657,0.0,374.56547666666665
2026-05-31 21:13:00,0.0,317.5,0.2657,0.1657,0.0,374.80357166666664
2026-05-31 21:13:30,0.0,320.0,0.2657,0.1657,0.0,374.8511908333333
2026-05-31 21:14:00,0.0,315.0,0.2657,0.1657,0.0,374.7083333333333
2026-05-31 21:14:30,0.0,310.0,0.2657,0.1657,0.0,374.4583333333333
2026-05-31 21:15:00,0.0,315.0,0.263,0.163,0.0,373.375
2026-05-31 21:15:30,0.0,320.0,0.263,0.163,0.0,373.0
2026-05-31 21:16:00,0.0,310.0,0.263,0.163,0.0,372.3333333333333
2026-05-31 21:16:30,0.0,309.2308,0.263,0.163,0.0,371.8333333333333
2026-05-31 21:17:00,0.0,308.4615,0.263,0.163,0.0,371.5
2026-05-31 21:17:30,0.0,307.6923,0.263,0.163,0.0,371.6666666666667
2026-05-31 21:18:00,0.0,306.9231,0.263,0.163,0.0,372.68333333333334
2026-05-31 21:18:30,0.0,306.1538,0.263,0.163,0.0,373.8833333333333
2026-05-31 21:19:00,0.0,305.3846,0.263,0.163,0.0,374.26666666666665
2026-05-31 21:19:30,0.0,304.6154,0.263,0.163,0.0,374.0833333333333
2026-05-31 21:20:00,0.0,303.8462,0.263,0.163,0.0,373.75
2026-05-31 21:20:30,0.0,303.0769,0.263,0.163,0.0,372.9166666666667
2026-05-31 21:21:00,0.0,302.3077,0.263,0.163,0.0,372.3333333333333
2026-05-31 21:21:30,0.0,301.5385,0.263,0.163,0.0,371.5
2026-05-31 21:22:00,0.0,300.7692,0.263,0.163,0.0,368.44166666666666
2026-05-31 21:22:30,0.0,300.0,0.263,0.163,0.0,367.60833333333335
2026-05-31 21:23:00,0.0,301.1111,0.263,0.163,0.0,366.55
2026-05-31 21:23:30,0.0,302.2222,0.263,0.163,0.0,365.26666666666665
2026-05-31 21:24:00,0.0,303.3333,0.263,0.163,0.0,364.3833333333333
2026-05-31 21:24:30,0.0,304.4444,0.263,0.163,0.0,363.4
2026-05-31 21:25:00,0.0,305.5556,0.263,0.163,0.0,356.8333333333333
2026-05-31 21:25:30,0.0,306.6667,0.263,0.163,0.0,355.75
2026-05-31 21:26:00,0.0,307.7778,0.263,0.163,0.0,354.5
2026-05-31 21:26:30,0.0,308.8889,0.263,0.163,0.0,353.1458333333333
2026-05-31 21:27:00,0.0,310.0,0.263,0.163,0.0,352.0208333333333
2026-05-31 21:27:30,0.0,305.0,0.263,0.163,0.0,346.9583333333333
2026-05-31 21:28:00,0.0,300.0,0.263,0.163,0.0,345.875
2026-05-31 21:28:30,0.0,310.0,0.263,0.163,0.0,345.0416666666667
2026-05-31 21:29:00,0.0,300.0,0.263,0.163,0.0,343.7916666666667
2026-05-31 21:29:30,0.0,303.3333,0.263,0.163,0.0,342.85833333333335
2026-05-31 21:30:00,0.0,306.6667,0.261,0.161,0.0,341.825
2026-05-31 21:30:30,0.0,310.0,0.261,0.161,0.0,340.44166666666666
2026-05-31 21:31:00,0.0,320.0,0.261,0.161,0.0,339.375
2026-05-31 21:31:30,0.0,316.6667,0.261,0.161,0.0,338.3333333333333
2026-05-31 21:32:00,0.0,313.3333,0.261,0.161,0.0,337.4166666666667
2026-05-31 21:32:30,0.0,310.0,0.261,0.161,0.0,337.1041666666667
2026-05-31 21:33:00,0.0,320.0,0.261,0.161,0.0,337.7291666666667
2026-05-31 21:33:30,0.0,325.0,0.261,0.161,0.0,339.2083333333333
2026-05-31 21:34:00,0.0,330.0,0.261,0.161,0.0,341.2916666666667
2026-05-31 21:34:30,0.0,350.0,0.261,0.161,0.0,340.9583333333333
2026-05-31 21:35:00,0.0,400.0,0.261,0.161,0.0,340.625
2026-05-31 21:35:30,0.0,390.0,0.261,0.161,0.0,340.2916666666667
2026-05-31 21:36:00,0.0,400.0,0.261,0.161,0.0,339.9583333333333
2026-05-31 21:36:30,0.0,396.6667,0.261,0.161,0.0,339.65
2026-05-31 21:37:00,0.0,393.3333,0.261,0.161,0.0,339.3666666666667
2026-05-31 21:37:30,0.0,390.0,0.261,0.161,0.0,339.025
2026-05-31 21:38:00,0.0,400.0,0.261,0.161,0.0,338.625
2026-05-31 21:38:30,0.0,410.0,0.261,0.161,0.0,338.2291666666667
2026-05-31 21:39:00,0.0,412.5,0.261,0.161,0.0,337.9375
2026-05-31 21:39:30,0.0,415.0,0.261,0.161,0.0,338.0833333333333
2026-05-31 21:40:00,0.0,417.5,0.261,0.161,0.0,338.26666666666665
2026-05-31 21:40:30,0.0,420.0,0.261,0.161,0.0,338.59166666666664
2026-05-31 21:41:00,0.0,417.1429,0.261,0.161,0.0,339.05833333333334
2026-05-31 21:41:30,0.0,414.2857,0.261,0.161,0.0,339.625
2026-05-31 21:42:00,0.0,411.4286,0.261,0.161,0.0,340.18055583333336
2026-05-31 21:42:30,0.0,408.5714,0.261,0.161,0.0,340.6875
2026-05-31 21:43:00,0.0,405.7143,0.261,0.161,0.0,341.1458333333333
2026-05-31 21:43:30,0.0,402.8571,0.261,0.161,0.0,341.55555583333336
2026-05-31 21:44:00,0.0,400.0,0.261,0.161,0.0,341.9166666666667
2026-05-31 21:44:30,0.0,350.0,0.261,0.161,0.0,342.2916666666667
2026-05-31 21:45:00,0.0,345.0,0.2557,0.1557,0.0,342.75
2026-05-31 21:45:30,0.0,340.0,0.2557,0.1557,0.0,343.2083333333333
2026-05-31 21:46:00,0.0,350.0,0.2557,0.1557,0.0,343.6666666666667
2026-05-31 21:46:30,0.0,330.0,0.2557,0.1557,0.0,344.25
2026-05-31 21:47:00,0.0,420.0,0.2557,0.1557,0.0,344.75641
2026-05-31 21:47:30,0.0,530.0,0.2557,0.1557,0.0,345.22756416666664
2026-05-31 21:48:00,0.0,560.0,0.2557,0.1557,0.0,345.6634616666667
2026-05-31 21:48:30,0.0,470.0,0.2557,0.1557,0.0,346.18910250000005
2026-05-31 21:49:00,0.0,410.0,0.2557,0.1557,0.0,346.63782083333336
2026-05-31 21:49:30,0.0,400.0,0.2557,0.1557,0.0,347.17628249999996
2026-05-31 21:50:00,0.0,300.0,0.2557,0.1557,0.0,347.63782083333336
2026-05-31 21:50:30,0.0,310.0,0.2557,0.1557,0.0,348.02243583333336
2026-05-31 21:51:00,0.0,290.0,0.2557,0.1557,0.0,348.246795
2026-05-31 21:51:30,0.0,300.0,0.2557,0.1557,0.0,348.3942308333333
2026-05-31 21:52:00,0.0,290.0,0.2557,0.1557,0.0,348.4855766666667
2026-05-31 21:52:30,0.0,288.0,0.2557,0.1557,0.0,348.5208333333333
2026-05-31 21:53:00,0.0,286.0,0.2557,0.1557,0.0,348.5
2026-05-31 21:53:30,0.0,284.0,0.2557,0.1557,0.0,348.4074075
2026-05-31 21:54:00,0.0,282.0,0.2557,0.1557,0.0,348.2222225
2026-05-31 21:54:30,0.0,280.0,0.2557,0.1557,0.0,348.1111116666667
2026-05-31 21:55:00,0.0,290.0,0.2557,0.1557,0.0,347.90740833333336
2026-05-31 21:55:30,0.0,280.0,0.2557,0.1557,0.0,347.77777833333334
2026-05-31 21:56:00,0.0,277.5,0.2557,0.1557,0.0,347.7222225
2026-05-31 21:56:30,0.0,275.0,0.2557,0.1557,0.0,347.7824075
2026-05-31 21:57:00,0.0,272.5,0.2557,0.1557,0.0,347.9583333333333
2026-05-31 21:57:30,0.0,270.0,0.2557,0.1557,0.0,348.0416666666667
2026-05-31 21:58:00,0.0,290.0,0.2557,0.1557,0.0,348.0833333333333
2026-05-31 21:58:30,0.0,280.0,0.2557,0.1557,0.0,348.2083333333333
2026-05-31 21:59:00,0.0,278.0,0.2557,0.1557,0.0,348.2916666666667
2026-05-31 21:59:30,0.0,276.0,0.2557,0.1557,0.0,348.5
2026-05-31 22:00:00,0.0,274.0,0.2685,0.1685,0.0,348.7222225
2026-05-31 22:00:30,0.0,272.0,0.2685,0.1685,0.0,349.0
2026-05-31 22:01:00,0.0,270.0,0.2685,0.1685,0.0,349.2777775
2026-05-31 22:01:30,0.0,280.0,0.2685,0.1685,0.0,349.5
2026-05-31 22:02:00,0.0,372.5,0.2685,0.1685,0.0,349.7777775
2026-05-31 22:02:30,0.0,465.0,0.2685,0.1685,0.0,350.0
2026-05-31 22:03:00,0.0,557.5,0.2685,0.1685,0.0,350.2083333333333
2026-05-31 22:03:30,0.0,650.0,0.2685,0.1685,0.0,350.2916666666667
2026-05-31 22:04:00,0.0,340.0,0.2685,0.1685,0.0,350.6666666666667
2026-05-31 22:04:30,0.0,336.6667,0.2685,0.1685,0.0,350.5833333333333
2026-05-31 22:05:00,0.0,333.3333,0.2685,0.1685,0.0,358.5833333333333
2026-05-31 22:05:30,0.0,330.0,0.2685,0.1685,0.0,374.4166666666667
2026-05-31 22:06:00,0.0,335.0,0.2685,0.1685,0.0,390.5
2026-05-31 22:06:30,0.0,340.0,0.2685,0.1685,0.0,406.5416666666667
2026-05-31 22:07:00,0.0,335.0,0.2685,0.1685,0.0,422.6527775
2026-05-31 22:07:30,0.0,330.0,0.2685,0.1685,0.0,438.7083333333333
2026-05-31 22:08:00,0.0,332.5,0.2685,0.1685,0.0,454.7083333333333
2026-05-31 22:08:30,0.0,335.0,0.2685,0.1685,0.0,470.6666666666667
2026-05-31 22:09:00,0.0,337.5,0.2685,0.1685,0.0,486.5833333333333
2026-05-31 22:09:30,0.0,340.0,0.2685,0.1685,0.0,486.2291666666667
2026-05-31 22:10:00,0.0,355.0,0.2685,0.1685,0.0,485.5208333333333
2026-05-31 22:10:30,0.0,370.0,0.2685,0.1685,0.0,484.75
2026-05-31 22:11:00,0.0,380.0,0.2685,0.1685,0.0,483.9166666666667
2026-05-31 22:11:30,0.0,376.6667,0.2685,0.1685,0.0,483.1904758333333
2026-05-31 22:12:00,0.0,373.3333,0.2685,0.1685,0.0,482.44642833333336
2026-05-31 22:12:30,0.0,370.0,0.2685,0.1685,0.0,481.68452333333335
2026-05-31 22:13:00,0.0,366.6667,0.2685,0.1685,0.0,480.863095
2026-05-31 22:13:30,0.0,363.3333,0.2685,0.1685,0.0,480.1488091666667
2026-05-31 22:14:00,0.0,360.0,0.2685,0.1685,0.0,479.45
2026-05-31 22:14:30,0.0,365.0,0.2685,0.1685,0.0,478.76666666666665
2026-05-31 22:15:00,0.0,370.0,0.2605,0.1605,0.0,478.4916666666667
2026-05-31 22:15:30,0.0,375.0,0.2605,0.1605,0.0,478.25
2026-05-31 22:16:00,0.0,380.0,0.2605,0.1605,0.0,478.0416666666667
2026-05-31 22:16:30,0.0,370.0,0.2605,0.1605,0.0,477.7416666666667
2026-05-31 22:17:00,0.0,365.0,0.2605,0.1605,0.0,477.6
2026-05-31 22:17:30,0.0,360.0,0.2605,0.1605,0.0,476.7
2026-05-31 22:18:00,0.0,370.0,0.2605,0.1605,0.0,474.875
2026-05-31 22:18:30,0.0,360.0,0.2605,0.1605,0.0,472.7916666666667
2026-05-31 22:19:00,0.0,370.0,0.2605,0.1605,0.0,471.2083333333333
2026-05-31 22:19:30,0.0,360.0,0.2605,0.1605,0.0,470.0416666666667
2026-05-31 22:20:00,0.0,350.0,0.2605,0.1605,0.0,469.0416666666667
2026-05-31 22:20:30,0.0,330.0,0.2605,0.1605,0.0,468.7916666666667
2026-05-31 22:21:00,0.0,320.0,0.2605,0.1605,0.0,468.5416666666667
2026-05-31 22:21:30,0.0,312.5,0.2605,0.1605,0.0,468.5416666666667
2026-05-31 22:22:00,0.0,305.0,0.2605,0.1605,0.0,468.4166666666667
2026-05-31 22:22:30,0.0,297.5,0.2605,0.1605,0.0,468.3333333333333
2026-05-31 22:23:00,0.0,290.0,0.2605,0.1605,0.0,468.25
2026-05-31 22:23:30,0.0,280.0,0.2605,0.1605,0.0,468.1666666666667
2026-05-31 22:24:00,0.0,290.0,0.2605,0.1605,0.0,468.0833333333333
2026-05-31 22:24:30,0.0,280.0,0.2605,0.1605,0.0,468.0
2026-05-31 22:25:00,0.0,290.0,0.2605,0.1605,0.0,467.9166666666667
2026-05-31 22:25:30,0.0,300.0,0.2605,0.1605,0.0,467.7777775
2026-05-31 22:26:00,0.0,315.0,0.2605,0.1605,0.0,467.75
2026-05-31 22:26:30,0.0,330.0,0.2605,0.1605,0.0,467.7708333333333
2026-05-31 22:27:00,0.0,320.0,0.2605,0.1605,0.0,467.7916666666667
2026-05-31 22:27:30,0.0,310.0,0.2605,0.1605,0.0,467.8125
2026-05-31 22:28:00,0.0,315.0,0.2605,0.1605,0.0,467.8333333333333
2026-05-31 22:28:30,0.0,320.0,0.2605,0.1605,0.0,467.6666666666667
2026-05-31 22:29:00,0.0,325.0,0.2605,0.1605,0.0,467.6666666666667
2026-05-31 22:29:30,0.0,330.0,0.2605,0.1605,0.0,467.64166666666665
2026-05-31 22:30:00,0.0,340.0,0.2557,0.1557,0.0,467.59166666666664
2026-05-31 22:30:30,0.0,343.3333,0.2557,0.1557,0.0,467.64166666666665
2026-05-31 22:31:00,0.0,346.6667,0.2557,0.1557,0.0,467.625
2026-05-31 22:31:30,0.0,350.0,0.2557,0.1557,0.0,467.5416666666667
2026-05-31 22:32:00,0.0,340.0,0.2557,0.1557,0.0,467.2916666666667
2026-05-31 22:32:30,0.0,335.0,0.2557,0.1557,0.0,466.1875
2026-05-31 22:33:00,0.0,330.0,0.2557,0.1557,0.0,464.2291666666667
2026-05-31 22:33:30,0.0,370.0,0.2557,0.1557,0.0,461.4166666666667
2026-05-31 22:34:00,0.0,320.0,0.2557,0.1557,0.0,457.75
2026-05-31 22:34:30,0.0,1310.0,0.2557,0.1557,0.0,456.7291666666667
2026-05-31 22:35:00,0.0,2300.0,0.2557,0.1557,0.0,455.7986108333333
2026-05-31 22:35:30,0.0,2320.0,0.2557,0.1557,0.0,454.9583333333333
2026-05-31 22:36:00,0.0,2325.0,0.2557,0.1557,0.0,454.2083333333333
2026-05-31 22:36:30,0.0,2330.0,0.2557,0.1557,0.0,453.4791666666667
2026-05-31 22:37:00,0.0,2320.0,0.2557,0.1557,0.0,452.7708333333333
2026-05-31 22:37:30,0.0,2310.0,0.2557,0.1557,0.0,452.1666666666667
2026-05-31 22:38:00,0.0,2315.0,0.2557,0.1557,0.0,451.6666666666667
2026-05-31 22:38:30,0.0,2320.0,0.2557,0.1557,0.0,451.4791666666667
2026-05-31 22:39:00,0.0,370.0,0.2557,0.1557,0.0,451.3541666666667
2026-05-31 22:39:30,0.0,330.0,0.2557,0.1557,0.0,451.1875
2026-05-31 22:40:00,0.0,325.0,0.2557,0.1557,0.0,450.9791666666667
2026-05-31 22:40:30,0.0,320.0,0.2557,0.1557,0.0,450.625
2026-05-31 22:41:00,0.0,330.0,0.2557,0.1557,0.0,450.125
2026-05-31 22:41:30,0.0,325.0,0.2557,0.1557,0.0,449.625
2026-05-31 22:42:00,0.0,320.0,0.2557,0.1557,0.0,449.13194416666664
2026-05-31 22:42:30,0.0,310.0,0.2557,0.1557,0.0,448.6458333333333
2026-05-31 22:43:00,0.0,320.0,0.2557,0.1557,0.0,448.1666666666667
2026-05-31 22:43:30,0.0,319.0,0.2557,0.1557,0.0,447.69444416666664
2026-05-31 22:44:00,0.0,318.0,0.2557,0.1557,0.0,447.2777775
2026-05-31 22:44:30,0.0,317.0,0.2557,0.1557,0.0,446.9166666666667
2026-05-31 22:45:00,0.0,316.0,0.2491,0.1491,0.0,446.5416666666667
2026-05-31 22:45:30,0.0,315.0,0.2491,0.1491,0.0,446.0416666666667
2026-05-31 22:46:00,0.0,314.0,0.2491,0.1491,0.0,445.5416666666667
2026-05-31 22:46:30,0.0,313.0,0.2491,0.1491,0.0,445.0416666666667
2026-05-31 22:47:00,0.0,312.0,0.2491,0.1491,0.0,444.7083333333333
2026-05-31 22:47:30,0.0,311.0,0.2491,0.1491,0.0,444.6666666666667
2026-05-31 22:48:00,0.0,310.0,0.2491,0.1491,0.0,444.5833333333333
2026-05-31 22:48:30,0.0,280.0,0.2491,0.1491,0.0,444.5
2026-05-31 22:49:00,0.0,270.0,0.2491,0.1491,0.0,445.0833333333333
2026-05-31 22:49:30,0.0,280.0,0.2491,0.1491,0.0,445.5
2026-05-31 22:50:00,0.0,270.0,0.2491,0.1491,0.0,445.75
2026-05-31 22:50:30,0.0,280.0,0.2491,0.1491,0.0,446.4166666666667
2026-05-31 22:51:00,0.0,290.0,0.2491,0.1491,0.0,447.3333333333333
2026-05-31 22:51:30,0.0,285.0,0.2491,0.1491,0.0,448.0
2026-05-31 22:52:00,0.0,280.0,0.2491,0.1491,0.0,448.6458333333333
2026-05-31 22:52:30,0.0,278.0,0.2491,0.1491,0.0,449.4375
2026-05-31 22:53:00,0.0,276.0,0.2491,0.1491,0.0,450.0416666666667
2026-05-31 22:53:30,0.0,274.0,0.2491,0.1491,0.0,450.4583333333333
2026-05-31 22:54:00,0.0,272.0,0.2491,0.1491,0.0,450.7083333333333
2026-05-31 22:54:30,0.0,270.0,0.2491,0.1491,0.0,450.7916666666667
2026-05-31 22:55:00,0.0,273.3333,0.2491,0.1491,0.0,450.875
2026-05-31 22:55:30,0.0,276.6667,0.2491,0.1491,0.0,450.9166666666667
2026-05-31 22:56:00,0.0,280.0,0.2491,0.1491,0.0,450.9166666666667
2026-05-31 22:56:30,0.0,277.5,0.2491,0.1491,0.0,450.7638891666667
2026-05-31 22:57:00,0.0,275.0,0.2491,0.1491,0.0,450.4583333333333
2026-05-31 22:57:30,0.0,272.5,0.2491,0.1491,0.0,450.2083333333333
2026-05-31 22:58:00,0.0,270.0,0.2491,0.1491,0.0,450.06944416666664
2026-05-31 22:58:30,0.0,280.0,0.2491,0.1491,0.0,449.9166666666667
2026-05-31 22:59:00,0.0,275.0,0.2491,0.1491,0.0,449.75
2026-05-31 22:59:30,0.0,270.0,0.2491,0.1491,0.0,449.375
2026-05-31 23:00:00,0.0,280.0,0.2565,0.1565,0.0,449.0416666666667
2026-05-31 23:00:30,0.0,270.0,0.2565,0.1565,0.0,448.7083333333333
2026-05-31 23:01:00,0.0,260.0,0.2565,0.1565,0.0,448.43055583333336
2026-05-31 23:01:30,0.0,250.0,0.2565,0.1565,0.0,448.2083333333333
2026-05-31 23:02:00,0.0,240.0,0.2565,0.1565,0.0,448.0416666666667
2026-05-31 23:02:30,0.0,230.0,0.2565,0.1565,0.0,448.0416666666667
2026-05-31 23:03:00,0.0,220.0,0.2565,0.1565,0.0,448.1666666666667
2026-05-31 23:03:30,0.0,210.0,0.2565,0.1565,0.0,448.4166666666667
2026-05-31 23:04:00,0.0,217.5,0.2565,0.1565,0.0,448.2916666666667
2026-05-31 23:04:30,0.0,225.0,0.2565,0.1565,0.0,448.5416666666667
2026-05-31 23:05:00,0.0,232.5,0.2565,0.1565,0.0,440.625
2026-05-31 23:05:30,0.0,240.0,0.2565,0.1565,0.0,424.386905
2026-05-31 23:06:00,0.0,247.5,0.2565,0.1565,0.0,407.91071416666665
2026-05-31 23:06:30,0.0,255.0,0.2565,0.1565,0.0,391.32142833333336
2026-05-31 23:07:00,0.0,262.5,0.2565,0.1565,0.0,374.6190475
2026-05-31 23:07:30,0.0,270.0,0.2565,0.1565,0.0,357.92857166666664
2026-05-31 23:08:00,0.0,310.0,0.2565,0.1565,0.0,341.25
2026-05-31 23:08:30,0.0,320.0,0.2565,0.1565,0.0,324.4583333333333
2026-05-31 23:09:00,0.0,317.5,0.2565,0.1565,0.0,307.5416666666667
2026-05-31 23:09:30,0.0,315.0,0.2565,0.1565,0.0,306.9583333333333
2026-05-31 23:10:00,0.0,312.5,0.2565,0.1565,0.0,306.6875
2026-05-31 23:10:30,0.0,310.0,0.2565,0.1565,0.0,306.4375
2026-05-31 23:11:00,0.0,320.0,0.2565,0.1565,0.0,306.2083333333333
2026-05-31 23:11:30,0.0,317.5,0.2565,0.1565,0.0,305.875
2026-05-31 23:12:00,0.0,315.0,0.2565,0.1565,0.0,305.6666666666667
2026-05-31 23:12:30,0.0,312.5,0.2565,0.1565,0.0,305.4722225
2026-05-31 23:13:00,0.0,310.0,0.2565,0.1565,0.0,305.3333333333333
2026-05-31 23:13:30,0.0,313.3333,0.2565,0.1565,0.0,305.0833333333333
2026-05-31 23:14:00,0.0,316.6667,0.2565,0.1565,0.0,304.8138891666667
2026-05-31 23:14:30,0.0,320.0,0.2565,0.1565,0.0,304.525
2026-05-31 23:15:00,0.0,310.0,0.2523,0.1523,0.0,304.21666666666664
2026-05-31 23:15:30,0.0,315.0,0.2523,0.1523,0.0,303.93333333333334
2026-05-31 23:16:00,0.0,320.0,0.2523,0.1523,0.0,303.675
2026-05-31 23:16:30,0.0,330.0,0.2523,0.1523,0.0,303.44166666666666
2026-05-31 23:17:00,0.0,360.0,0.2523,0.1523,0.0,303.23333333333335
2026-05-31 23:17:30,0.0,350.0,0.2523,0.1523,0.0,303.05
2026-05-31 23:18:00,0.0,360.0,0.2523,0.1523,0.0,302.886905
2026-05-31 23:18:30,0.0,430.0,0.2523,0.1523,0.0,302.7440475
2026-05-31 23:19:00,0.0,420.0,0.2523,0.1523,0.0,302.863095
2026-05-31 23:19:30,0.0,390.0,0.2523,0.1523,0.0,303.07738083333334
2026-05-31 23:20:00,0.0,430.0,0.2523,0.1523,0.0,303.2202383333333
2026-05-31 23:20:30,0.0,440.0,0.2523,0.1523,0.0,303.4583333333333
2026-05-31 23:21:00,0.0,400.0,0.2523,0.1523,0.0,303.625
2026-05-31 23:21:30,0.0,390.0,0.2523,0.1523,0.0,303.5416666666667
2026-05-31 23:22:00,0.0,400.0,0.2523,0.1523,0.0,303.5833333333333
2026-05-31 23:22:30,0.0,370.0,0.2523,0.1523,0.0,303.5833333333333
2026-05-31 23:23:00,0.0,340.0,0.2523,0.1523,0.0,303.68333333333334
2026-05-31 23:23:30,0.0,310.0,0.2523,0.1523,0.0,303.7722225
2026-05-31 23:24:00,0.0,300.0,0.2523,0.1523,0.0,303.85
2026-05-31 23:24:30,0.0,290.0,0.2523,0.1523,0.0,303.9166666666667
2026-05-31 23:25:00,0.0,295.0,0.2523,0.1523,0.0,303.9166666666667
2026-05-31 23:25:30,0.0,300.0,0.2523,0.1523,0.0,303.80555583333336
2026-05-31 23:26:00,0.0,296.6667,0.2523,0.1523,0.0,303.68055583333336
2026-05-31 23:26:30,0.0,293.3333,0.2523,0.1523,0.0,303.5416666666667
2026-05-31 23:27:00,0.0,290.0,0.2523,0.1523,0.0,303.4375
2026-05-31 23:27:30,0.0,293.3333,0.2523,0.1523,0.0,303.36805583333336
2026-05-31 23:28:00,0.0,296.6667,0.2523,0.1523,0.0,303.3333333333333
2026-05-31 23:28:30,0.0,300.0,0.2523,0.1523,0.0,303.3333333333333
2026-05-31 23:29:00,0.0,280.0,0.2523,0.1523,0.0,303.1666666666667
2026-05-31 23:29:30,0.0,290.0,0.2523,0.1523,0.0,303.0833333333333
2026-05-31 23:30:00,0.0,300.0,0.2483,0.1483,0.0,303.0833333333333
2026-05-31 23:30:30,0.0,310.0,0.2483,0.1483,0.0,303.2773109243698
2026-05-31 23:31:00,0.0,320.0,0.2483,0.1483,0.0,303.5593220338983
2026-05-31 23:31:30,0.0,330.0,0.2483,0.1483,0.0,303.9316239316239
2026-05-31 23:32:00,0.0,340.0,0.2483,0.1483,0.0,304.3965517241379
2026-05-31 23:32:30,0.0,350.0,0.2483,0.1483,0.0,304.95652173913044
2026-05-31 23:33:00,0.0,360.0,0.2483,0.1483,0.0,305.6140350877193
2026-05-31 23:33:30,0.0,355.0,0.2483,0.1483,0.0,306.37168141592923
2026-05-31 23:34:00,0.0,350.0,0.2483,0.1483,0.0,307.23214285714283
2026-05-31 23:34:30,0.0,360.0,0.2483,0.1483,0.0,308.0405405405405
2026-05-31 23:35:00,0.0,351.4286,0.2483,0.1483,0.0,308.79545454545456
2026-05-31 23:35:30,0.0,342.8571,0.2483,0.1483,0.0,309.4954128440367
2026-05-31 23:36:00,0.0,334.2857,0.2483,0.1483,0.0,310.1388888888889
2026-05-31 23:36:30,0.0,325.7143,0.2483,0.1483,0.0,310.72429906542055
2026-05-31 23:37:00,0.0,317.1429,0.2483,0.1483,0.0,311.25
2026-05-31 23:37:30,0.0,308.5714,0.2483,0.1483,0.0,311.7142857142857
2026-05-31 23:38:00,0.0,300.0,0.2483,0.1483,0.0,312.11538461538464
2026-05-31 23:38:30,0.0,290.0,0.2483,0.1483,0.0,312.13592233009706
2026-05-31 23:39:00,0.0,300.0,0.2483,0.1483,0.0,312.05882352941177
2026-05-31 23:39:30,0.0,297.5,0.2483,0.1483,0.0,312.0049504950495
2026-05-31 23:40:00,0.0,295.0,0.2483,0.1483,0.0,311.975
2026-05-31 23:40:30,0.0,292.5,0.2483,0.1483,0.0,311.969696969697
2026-05-31 23:41:00,0.0,290.0,0.2483,0.1483,0.0,311.98979591836735
2026-05-31 23:41:30,0.0,300.0,0.2483,0.1483,0.0,311.9072164948454
2026-05-31 23:42:00,0.0,296.6667,0.2483,0.1483,0.0,311.8489583333333
2026-05-31 23:42:30,0.0,293.3333,0.2483,0.1483,0.0,311.8157894736842
2026-05-31 23:43:00,0.0,290.0,0.2483,0.1483,0.0,311.8085106382979
2026-05-31 23:43:30,0.0,286.6667,0.2483,0.1483,0.0,311.8279569892473
2026-05-31 23:44:00,0.0,283.3333,0.2483,0.1483,0.0,311.81159456521743
2026-05-31 23:44:30,0.0,280.0,0.2483,0.1483,0.0,311.75824175824175
2026-05-31 23:45:00,0.0,282.0,0.2457,0.1457,0.0,311.6666666666667
2026-05-31 23:45:30,0.0,284.0,0.2457,0.1457,0.0,311.685393258427
2026-05-31 23:46:00,0.0,286.0,0.2457,0.1457,0.0,311.64772727272725
2026-05-31 23:46:30,0.0,288.0,0.2457,0.1457,0.0,311.55172413793105
2026-05-31 23:47:00,0.0,290.0,0.2457,0.1457,0.0,311.33720930232556
2026-05-31 23:47:30,0.0,291.4286,0.2457,0.1457,0.0,310.7647058823529
2026-05-31 23:48:00,0.0,292.8571,0.2457,0.1457,0.0,310.29761904761904
2026-05-31 23:48:30,0.0,294.2857,0.2457,0.1457,0.0,309.69879518072287
2026-05-31 23:49:00,0.0,295.7143,0.2457,0.1457,0.0,308.2317073170732
2026-05-31 23:49:30,0.0,297.1429,0.2457,0.1457,0.0,306.85185185185185
2026-05-31 23:50:00,0.0,298.5714,0.2457,0.1457,0.0,305.8125
2026-05-31 23:50:30,0.0,300.0,0.2457,0.1457,0.0,304.24050632911394
2026-05-31 23:51:00,0.0,280.0,0.2457,0.1457,0.0,302.5
2026-05-31 23:51:30,0.0,290.0,0.2457,0.1457,0.0,301.23376623376623
2026-05-31 23:52:00,0.0,280.0,0.2457,0.1457,0.0,300.0657894736842
2026-05-31 23:52:30,0.0,290.0,0.2457,0.1457,0.0,298.73333333333335
2026-05-31 23:53:00,0.0,286.6667,0.2457,0.1457,0.0,297.77027027027026
2026-05-31 23:53:30,0.0,283.3333,0.2457,0.1457,0.0,297.1917808219178
2026-05-31 23:54:00,0.0,280.0,0.2457,0.1457,0.0,297.0138888888889
2026-05-31 23:54:30,0.0,270.0,0.2457,0.1457,0.0,296.9718309859155
2026-05-31 23:55:00,0.0,260.0,0.2457,0.1457,0.0,297.07142857142856
2026-05-31 23:55:30,0.0,261.6667,0.2457,0.1457,0.0,297.1014492753623
2026-05-31 23:56:00,0.0,263.3333,0.2457,0.1457,0.0,297.05882352941177
2026-05-31 23:56:30,0.0,265.0,0.2457,0.1457,0.0,297.06467611940303
2026-05-31 23:57:00,0.0,266.6667,0.2457,0.1457,0.0,297.1212121212121
2026-05-31 23:57:30,0.0,268.3333,0.2457,0.1457,0.0,297.2307692307692
2026-05-31 23:58:00,0.0,270.0,0.2457,0.1457,0.0,297.2916671875
2026-05-31 23:58:30,0.0,260.0,0.2457,0.1457,0.0,297.3015873015873
2026-05-31 23:59:00,0.0,265.0,0.2457,0.1457,0.0,297.258064516129
2026-05-31 23:59:30,0.0,270.0,0.2457,0.1457,0.0,297.5409836065574
