timestamp,pv_power,house_load,tariff_price,prod_price,forecast_pv_power,load_forecast
2026-05-30 00:00:00,0.0,245.0,0.26,0.16,0.0,227.96080497838386
2026-05-30 00:00:30,0.0,250.0,0.26,0.16,0.0,228.4478588188941
2026-05-30 00:01:00,0.0,240.0,0.26,0.16,0.0,227.7884367034312
2026-05-30 00:01:30,0.0,250.0,0.26,0.16,0.0,228.60373045054186
2026-05-30 00:02:00,0.0,240.0,0.26,0.16,0.0,229.51608063698004
2026-05-30 00:02:30,0.0,250.0,0.26,0.16,0.0,228.38588981879562
2026-05-30 00:03:00,0.0,245.0,0.26,0.16,0.0,227.34532223330683
2026-05-30 00:03:30,0.0,240.0,0.26,0.16,0.0,227.12055895069753
2026-05-30 00:04:00,0.0,250.0,0.26,0.16,0.0,228.06607848272165
2026-05-30 00:04:30,0.0,240.0,0.26,0.16,0.0,227.75503789031467
2026-05-30 00:05:00,0.0,245.0,0.26,0.16,0.0,227.54045664689102
2026-05-30 00:05:30,0.0,250.0,0.26,0.16,0.0,227.81540301604838
2026-05-30 00:06:00,0.0,248.3333,0.26,0.16,0.0,227.57883851179653
2026-05-30 00:06:30,0.0,246.6667,0.26,0.16,0.0,226.76371183456556
2026-05-30 00:07:00,0.0,245.0,0.26,0.16,0.0,225.88154097282265
2026-05-30 00:07:30,0.0,243.3333,0.26,0.16,0.0,225.1588958015613
2026-05-30 00:08:00,0.0,241.6667,0.26,0.16,0.0,225.19455672009863
2026-05-30 00:08:30,0.0,240.0,0.26,0.16,0.0,224.92043625136955
2026-05-30 00:09:00,0.0,250.0,0.26,0.16,0.0,225.72851146165848
2026-05-30 00:09:30,0.0,220.0,0.26,0.16,0.0,224.84166401068597
2026-05-30 00:10:00,0.0,180.0,0.26,0.16,0.0,224.0889406503223
2026-05-30 00:10:30,0.0,182.5,0.26,0.16,0.0,223.99630552190476
2026-05-30 00:11:00,0.0,185.0,0.26,0.16,0.0,224.73267707341873
2026-05-30 00:11:30,0.0,187.5,0.26,0.16,0.0,224.42012136794276
2026-05-30 00:12:00,0.0,190.0,0.26,0.16,0.0,224.73451574751644
2026-05-30 00:12:30,0.0,185.0,0.26,0.16,0.0,224.25879996350113
2026-05-30 00:13:00,0.0,180.0,0.26,0.16,0.0,224.44924830448412
2026-05-30 00:13:30,0.0,179.6,0.26,0.16,0.0,224.4826322679409
2026-05-30 00:14:00,0.0,179.2,0.26,0.16,0.0,224.97269344290808
2026-05-30 00:14:30,0.0,178.8,0.26,0.16,0.0,224.4628173997548
2026-05-30 00:15:00,0.0,178.4,0.2582,0.1582,0.0,223.85262487180447
2026-05-30 00:15:30,0.0,178.0,0.2582,0.1582,0.0,224.2051765256925
2026-05-30 00:16:00,0.0,177.6,0.2582,0.1582,0.0,223.61473901244298
2026-05-30 00:16:30,0.0,177.2,0.2582,0.1582,0.0,224.07723358367284
2026-05-30 00:17:00,0.0,176.8,0.2582,0.1582,0.0,224.06420501206645
2026-05-30 00:17:30,0.0,176.4,0.2582,0.1582,0.0,224.77988010656563
2026-05-30 00:18:00,0.0,176.0,0.2582,0.1582,0.0,224.40217410467235
2026-05-30 00:18:30,0.0,175.6,0.2582,0.1582,0.0,223.71291429868165
2026-05-30 00:19:00,0.0,175.2,0.2582,0.1582,0.0,224.10573678771917
2026-05-30 00:19:30,0.0,174.8,0.2582,0.1582,0.0,223.88122006353476
2026-05-30 00:20:00,0.0,174.4,0.2582,0.1582,0.0,223.83794298483
2026-05-30 00:20:30,0.0,174.0,0.2582,0.1582,0.0,223.37878939538248
2026-05-30 00:21:00,0.0,173.6,0.2582,0.1582,0.0,223.68401344170618
2026-05-30 00:21:30,0.0,173.2,0.2582,0.1582,0.0,223.27652461361063
2026-05-30 00:22:00,0.0,172.8,0.2582,0.1582,0.0,223.6376593836509
2026-05-30 00:22:30,0.0,172.4,0.2582,0.1582,0.0,223.0344931816927
2026-05-30 00:23:00,0.0,172.0,0.2582,0.1582,0.0,222.60461735028952
2026-05-30 00:23:30,0.0,171.6,0.2582,0.1582,0.0,222.66542928781703
2026-05-30 00:24:00,0.0,171.2,0.2582,0.1582,0.0,222.25298004677438
2026-05-30 00:24:30,0.0,170.8,0.2582,0.1582,0.0,222.7091914716223
2026-05-30 00:25:00,0.0,170.4,0.2582,0.1582,0.0,223.08906876014467
2026-05-30 00:25:30,0.0,170.0,0.2582,0.1582,0.0,223.27346869991163
2026-05-30 00:26:00,0.0,180.0,0.2582,0.1582,0.0,223.59154944388646
2026-05-30 00:26:30,0.0,206.6667,0.2582,0.1582,0.0,223.8092544780312
2026-05-30 00:27:00,0.0,233.3333,0.2582,0.1582,0.0,223.92513617941222
2026-05-30 00:27:30,0.0,260.0,0.2582,0.1582,0.0,224.10651256722502
2026-05-30 00:28:00,0.0,250.0,0.2582,0.1582,0.0,223.61844322763648
2026-05-30 00:28:30,0.0,240.0,0.2582,0.1582,0.0,223.56976037197677
2026-05-30 00:29:00,0.0,241.4286,0.2582,0.1582,0.0,224.1302839251987
2026-05-30 00:29:30,0.0,242.8571,0.2582,0.1582,0.0,223.91773977029527
2026-05-30 00:30:00,0.0,244.2857,0.2557,0.1557,0.0,223.81613675022217
2026-05-30 00:30:30,0.0,245.7143,0.2557,0.1557,0.0,223.6367060573935
2026-05-30 00:31:00,0.0,247.1429,0.2557,0.1557,0.0,224.57778656707427
2026-05-30 00:31:30,0.0,248.5714,0.2557,0.1557,0.0,223.76327827043036
2026-05-30 00:32:00,0.0,250.0,0.2557,0.1557,0.0,223.1607178756428
2026-05-30 00:32:30,0.0,240.0,0.2557,0.1557,0.0,223.84239559972883
2026-05-30 00:33:00,0.0,250.0,0.2557,0.1557,0.0,223.30088139943663
2026-05-30 00:33:30,0.0,260.0,0.2557,0.1557,0.0,223.1383625357367
2026-05-30 00:34:00,0.0,240.0,0.2557,0.1557,0.0,222.74427960369613
2026-05-30 00:34:30,0.0,239.4118,0.2557,0.1557,0.0,222.20319272690884
2026-05-30 00:35:00,0.0,238.8235,0.2557,0.1557,0.0,222.24234820713792
2026-05-30 00:35:30,0.0,238.2353,0.2557,0.1557,0.0,221.85867911549803
2026-05-30 00:36:00,0.0,237.6471,0.2557,0.1557,0.0,222.234356386896
2026-05-30 00:36:30,0.0,237.0588,0.2557,0.1557,0.0,222.64355951285094
2026-05-30 00:37:00,0.0,236.4706,0.2557,0.1557,0.0,222.7541221753466
2026-05-30 00:37:30,0.0,235.8824,0.2557,0.1557,0.0,222.18763229201465
2026-05-30 00:38:00,0.0,235.2941,0.2557,0.1557,0.0,222.15531413257727
2026-05-30 00:38:30,0.0,234.7059,0.2557,0.1557,0.0,222.15797110284743
2026-05-30 00:39:00,0.0,234.1176,0.2557,0.1557,0.0,222.38860860121758
2026-05-30 00:39:30,0.0,233.5294,0.2557,0.1557,0.0,222.55176240520532
2026-05-30 00:40:00,0.0,232.9412,0.2557,0.1557,0.0,221.8038427950008
2026-05-30 00:40:30,0.0,232.3529,0.2557,0.1557,0.0,221.34270184240071
2026-05-30 00:41:00,0.0,231.7647,0.2557,0.1557,0.0,221.69209460402303
2026-05-30 00:41:30,0.0,231.1765,0.2557,0.1557,0.0,221.96311943787816
2026-05-30 00:42:00,0.0,230.5882,0.2557,0.1557,0.0,222.14537690382005
2026-05-30 00:42:30,0.0,230.0,0.2557,0.1557,0.0,221.84286176221104
2026-05-30 00:43:00,0.0,240.0,0.2557,0.1557,0.0,221.53410192466814
2026-05-30 00:43:30,0.0,230.0,0.2557,0.1557,0.0,221.46292244303964
2026-05-30 00:44:00,0.0,235.0,0.2557,0.1557,0.0,222.10568188255547
2026-05-30 00:44:30,0.0,240.0,0.2557,0.1557,0.0,222.36673404792876
2026-05-30 00:45:00,0.0,230.0,0.2542,0.1542,0.0,222.48901222373033
2026-05-30 00:45:30,0.0,235.0,0.2542,0.1542,0.0,222.16708854119491
2026-05-30 00:46:00,0.0,240.0,0.2542,0.1542,0.0,221.31699666754466
2026-05-30 00:46:30,0.0,230.0,0.2542,0.1542,0.0,220.90977973976206
2026-05-30 00:47:00,0.0,180.0,0.2542,0.1542,0.0,221.98535154008331
2026-05-30 00:47:30,0.0,170.0,0.2542,0.1542,0.0,221.63090006330256
2026-05-30 00:48:00,0.0,175.0,0.2542,0.1542,0.0,221.3051110215193
2026-05-30 00:48:30,0.0,180.0,0.2542,0.1542,0.0,220.80461869400247
2026-05-30 00:49:00,0.0,170.0,0.2542,0.1542,0.0,220.52840999300147
2026-05-30 00:49:30,0.0,190.0,0.2542,0.1542,0.0,220.74193916561597
2026-05-30 00:50:00,0.0,195.0,0.2542,0.1542,0.0,221.23240637047164
2026-05-30 00:50:30,0.0,200.0,0.2542,0.1542,0.0,221.5508730883789
2026-05-30 00:51:00,0.0,198.3333,0.2542,0.1542,0.0,220.77616111417032
2026-05-30 00:51:30,0.0,196.6667,0.2542,0.1542,0.0,219.87732115816814
2026-05-30 00:52:00,0.0,195.0,0.2542,0.1542,0.0,219.70236994663748
2026-05-30 00:52:30,0.0,193.3333,0.2542,0.1542,0.0,219.65394247937593
2026-05-30 00:53:00,0.0,191.6667,0.2542,0.1542,0.0,219.5639673715764
2026-05-30 00:53:30,0.0,190.0,0.2542,0.1542,0.0,219.7350831825638
2026-05-30 00:54:00,0.0,195.0,0.2542,0.1542,0.0,219.4087006681483
2026-05-30 00:54:30,0.0,200.0,0.2542,0.1542,0.0,220.30337704957662
2026-05-30 00:55:00,0.0,190.0,0.2542,0.1542,0.0,219.87363023751877
2026-05-30 00:55:30,0.0,195.0,0.2542,0.1542,0.0,220.16212378055
2026-05-30 00:56:00,0.0,200.0,0.2542,0.1542,0.0,219.4422061610127
2026-05-30 00:56:30,0.0,190.0,0.2542,0.1542,0.0,219.51527077052899
2026-05-30 00:57:00,0.0,200.0,0.2542,0.1542,0.0,218.6398601781002
2026-05-30 00:57:30,0.0,190.0,0.2542,0.1542,0.0,218.69075589147894
2026-05-30 00:58:00,0.0,180.0,0.2542,0.1542,0.0,218.91699915435123
2026-05-30 00:58:30,0.0,176.6667,0.2542,0.1542,0.0,219.13965964893478
2026-05-30 00:59:00,0.0,173.3333,0.2542,0.1542,0.0,218.8695546046557
2026-05-30 00:59:30,0.0,170.0,0.2542,0.1542,0.0,218.84041653064034
2026-05-30 01:00:00,0.0,175.0,0.2506,0.1506,0.0,219.57214294550806
2026-05-30 01:00:30,0.0,180.0,0.2506,0.1506,0.0,219.5093284547201
2026-05-30 01:01:00,0.0,170.0,0.2506,0.1506,0.0,219.87535719305106
2026-05-30 01:01:30,0.0,180.0,0.2506,0.1506,0.0,219.44714908170587
2026-05-30 01:02:00,0.0,175.0,0.2506,0.1506,0.0,218.62662282641952
2026-05-30 01:02:30,0.0,170.0,0.2506,0.1506,0.0,219.68789768351937
2026-05-30 01:03:00,0.0,180.0,0.2506,0.1506,0.0,220.27402070296435
2026-05-30 01:03:30,0.0,170.0,0.2506,0.1506,0.0,220.72147313580572
2026-05-30 01:04:00,0.0,167.5,0.2506,0.1506,0.0,219.80903023274809
2026-05-30 01:04:30,0.0,165.0,0.2506,0.1506,0.0,219.83925480737554
2026-05-30 01:05:00,0.0,162.5,0.2506,0.1506,0.0,220.30484181984693
2026-05-30 01:05:30,0.0,160.0,0.2506,0.1506,0.0,220.39222374538346
2026-05-30 01:06:00,0.0,162.5,0.2506,0.1506,0.0,220.6936214364508
2026-05-30 01:06:30,0.0,165.0,0.2506,0.1506,0.0,220.6806026281703
2026-05-30 01:07:00,0.0,167.5,0.2506,0.1506,0.0,220.76502661854738
2026-05-30 01:07:30,0.0,170.0,0.2506,0.1506,0.0,221.72464498194967
2026-05-30 01:08:00,0.0,160.0,0.2506,0.1506,0.0,222.29570403888434
2026-05-30 01:08:30,0.0,161.6667,0.2506,0.1506,0.0,222.79958054351786
2026-05-30 01:09:00,0.0,163.3333,0.2506,0.1506,0.0,222.46510646717087
2026-05-30 01:09:30,0.0,165.0,0.2506,0.1506,0.0,222.98902545487525
2026-05-30 01:10:00,0.0,166.6667,0.2506,0.1506,0.0,223.48877734960246
2026-05-30 01:10:30,0.0,168.3333,0.2506,0.1506,0.0,223.8205589366582
2026-05-30 01:11:00,0.0,170.0,0.2506,0.1506,0.0,223.8752355949616
2026-05-30 01:11:30,0.0,160.0,0.2506,0.1506,0.0,224.262028418149
2026-05-30 01:12:00,0.0,165.0,0.2506,0.1506,0.0,223.78931800966902
2026-05-30 01:12:30,0.0,170.0,0.2506,0.1506,0.0,224.53657085230347
2026-05-30 01:13:00,0.0,160.0,0.2506,0.1506,0.0,224.94786121629414
2026-05-30 01:13:30,0.0,170.0,0.2506,0.1506,0.0,224.86283868155883
2026-05-30 01:14:00,0.0,160.0,0.2506,0.1506,0.0,224.41057488459597
2026-05-30 01:14:30,0.0,165.0,0.2506,0.1506,0.0,224.23657896037295
2026-05-30 01:15:00,0.0,170.0,0.2436,0.1436,0.0,224.24316697250373
2026-05-30 01:15:30,0.0,160.0,0.2436,0.1436,0.0,223.86407076738698
2026-05-30 01:16:00,0.0,157.5,0.2436,0.1436,0.0,223.8362339800851
2026-05-30 01:16:30,0.0,155.0,0.2436,0.1436,0.0,223.97928683897558
2026-05-30 01:17:00,0.0,152.5,0.2436,0.1436,0.0,224.2611643923055
2026-05-30 01:17:30,0.0,150.0,0.2436,0.1436,0.0,223.18361367900823
2026-05-30 01:18:00,0.0,170.0,0.2436,0.1436,0.0,223.98223093484674
2026-05-30 01:18:30,0.0,165.0,0.2436,0.1436,0.0,224.59688863070343
2026-05-30 01:19:00,0.0,160.0,0.2436,0.1436,0.0,224.16891744918803
2026-05-30 01:19:30,0.0,163.3333,0.2436,0.1436,0.0,224.92871725480484
2026-05-30 01:20:00,0.0,166.6667,0.2436,0.1436,0.0,225.0300442135226
2026-05-30 01:20:30,0.0,170.0,0.2436,0.1436,0.0,225.24617142041936
2026-05-30 01:21:00,0.0,165.0,0.2436,0.1436,0.0,225.19550794768813
2026-05-30 01:21:30,0.0,160.0,0.2436,0.1436,0.0,225.0914433498693
2026-05-30 01:22:00,0.0,170.0,0.2436,0.1436,0.0,224.55219893593613
2026-05-30 01:22:30,0.0,160.0,0.2436,0.1436,0.0,224.82435373800865
2026-05-30 01:23:00,0.0,170.0,0.2436,0.1436,0.0,224.9799850858082
2026-05-30 01:23:30,0.0,160.0,0.2436,0.1436,0.0,224.7488648728507
2026-05-30 01:24:00,0.0,158.0,0.2436,0.1436,0.0,225.01449870890966
2026-05-30 01:24:30,0.0,156.0,0.2436,0.1436,0.0,224.7390336437717
2026-05-30 01:25:00,0.0,154.0,0.2436,0.1436,0.0,224.1014039948479
2026-05-30 01:25:30,0.0,152.0,0.2436,0.1436,0.0,224.56654458366665
2026-05-30 01:26:00,0.0,150.0,0.2436,0.1436,0.0,224.11213319109223
2026-05-30 01:26:30,0.0,160.0,0.2436,0.1436,0.0,223.336787642769
2026-05-30 01:27:00,0.0,158.3333,0.2436,0.1436,0.0,222.62049947161643
2026-05-30 01:27:30,0.0,156.6667,0.2436,0.1436,0.0,222.1182545243723
2026-05-30 01:28:00,0.0,155.0,0.2436,0.1436,0.0,222.86255043456276
2026-05-30 01:28:30,0.0,153.3333,0.2436,0.1436,0.0,223.45889684343646
2026-05-30 01:29:00,0.0,151.6667,0.2436,0.1436,0.0,222.6183064917371
2026-05-30 01:29:30,0.0,150.0,0.2436,0.1436,0.0,223.2936950541216
2026-05-30 01:30:00,0.0,160.0,0.2446,0.1446,0.0,223.3274189570111
2026-05-30 01:30:30,0.0,170.0,0.2446,0.1446,0.0,222.65330855328176
2026-05-30 01:31:00,0.0,160.0,0.2446,0.1446,0.0,222.48937295896067
2026-05-30 01:31:30,0.0,158.3333,0.2446,0.1446,0.0,222.91981523027619
2026-05-30 01:32:00,0.0,156.6667,0.2446,0.1446,0.0,223.1016534301173
2026-05-30 01:32:30,0.0,155.0,0.2446,0.1446,0.0,222.82852501124503
2026-05-30 01:33:00,0.0,153.3333,0.2446,0.1446,0.0,222.70475215020244
2026-05-30 01:33:30,0.0,151.6667,0.2446,0.1446,0.0,222.70622877051736
2026-05-30 01:34:00,0.0,150.0,0.2446,0.1446,0.0,223.23632055828816
2026-05-30 01:34:30,0.0,160.0,0.2446,0.1446,0.0,223.50373616202754
2026-05-30 01:35:00,0.0,150.0,0.2446,0.1446,0.0,223.86321737279903
2026-05-30 01:35:30,0.0,170.0,0.2446,0.1446,0.0,224.14450120742228
2026-05-30 01:36:00,0.0,160.0,0.2446,0.1446,0.0,224.2369655314657
2026-05-30 01:36:30,0.0,170.0,0.2446,0.1446,0.0,223.73647715009955
2026-05-30 01:37:00,0.0,160.0,0.2446,0.1446,0.0,223.13258340003193
2026-05-30 01:37:30,0.0,163.3333,0.2446,0.1446,0.0,224.28256900982674
2026-05-30 01:38:00,0.0,166.6667,0.2446,0.1446,0.0,224.20180113560986
2026-05-30 01:38:30,0.0,170.0,0.2446,0.1446,0.0,224.47374468668878
2026-05-30 01:39:00,0.0,160.0,0.2446,0.1446,0.0,224.8680529626277
2026-05-30 01:39:30,0.0,165.0,0.2446,0.1446,0.0,225.1041705753246
2026-05-30 01:40:00,0.0,170.0,0.2446,0.1446,0.0,225.59477571301207
2026-05-30 01:40:30,0.0,210.0,0.2446,0.1446,0.0,226.45793233041175
2026-05-30 01:41:00,0.0,250.0,0.2446,0.1446,0.0,227.14277708683585
2026-05-30 01:41:30,0.0,230.0,0.2446,0.1446,0.0,226.634790860907
2026-05-30 01:42:00,0.0,220.0,0.2446,0.1446,0.0,226.2969552589763
2026-05-30 01:42:30,0.0,223.3333,0.2446,0.1446,0.0,226.7284249255931
2026-05-30 01:43:00,0.0,226.6667,0.2446,0.1446,0.0,227.0306087013778
2026-05-30 01:43:30,0.0,230.0,0.2446,0.1446,0.0,226.84551848055415
2026-05-30 01:44:00,0.0,220.0,0.2446,0.1446,0.0,226.27046451755734
2026-05-30 01:44:30,0.0,215.0,0.2446,0.1446,0.0,225.53321500988258
2026-05-30 01:45:00,0.0,210.0,0.245,0.145,0.0,225.8201232120884
2026-05-30 01:45:30,0.0,220.0,0.245,0.145,0.0,225.90510020132766
2026-05-30 01:46:00,0.0,230.0,0.245,0.145,0.0,225.8252330521441
2026-05-30 01:46:30,0.0,240.0,0.245,0.145,0.0,225.1321608751244
2026-05-30 01:47:00,0.0,245.0,0.245,0.145,0.0,224.01076147842298
2026-05-30 01:47:30,0.0,250.0,0.245,0.145,0.0,224.5008435833991
2026-05-30 01:48:00,0.0,240.0,0.245,0.145,0.0,225.21782952617883
2026-05-30 01:48:30,0.0,250.0,0.245,0.145,0.0,225.26445465934188
2026-05-30 01:49:00,0.0,245.0,0.245,0.145,0.0,224.93720676238524
2026-05-30 01:49:30,0.0,240.0,0.245,0.145,0.0,224.9756030039137
2026-05-30 01:50:00,0.0,250.0,0.245,0.145,0.0,225.10175212065397
2026-05-30 01:50:30,0.0,240.0,0.245,0.145,0.0,224.54060693940758
2026-05-30 01:51:00,0.0,250.0,0.245,0.145,0.0,225.27782572233144
2026-05-30 01:51:30,0.0,240.0,0.245,0.145,0.0,225.50843052281795
2026-05-30 01:52:00,0.0,236.6667,0.245,0.145,0.0,225.25352782198482
2026-05-30 01:52:30,0.0,233.3333,0.245,0.145,0.0,225.51891883663274
2026-05-30 01:53:00,0.0,230.0,0.245,0.145,0.0,225.11284820033126
2026-05-30 01:53:30,0.0,240.0,0.245,0.145,0.0,224.05709341015515
2026-05-30 01:54:00,0.0,230.0,0.245,0.145,0.0,224.78402164980272
2026-05-30 01:54:30,0.0,220.0,0.245,0.145,0.0,223.9573354222163
2026-05-30 01:55:00,0.0,215.0,0.245,0.145,0.0,223.59359217020474
2026-05-30 01:55:30,0.0,210.0,0.245,0.145,0.0,223.52996821716093
2026-05-30 01:56:00,0.0,215.0,0.245,0.145,0.0,223.39019230907266
2026-05-30 01:56:30,0.0,220.0,0.245,0.145,0.0,223.43963204476768
2026-05-30 01:57:00,0.0,221.4286,0.245,0.145,0.0,224.10675119924022
2026-05-30 01:57:30,0.0,222.8571,0.245,0.145,0.0,223.888472540755
2026-05-30 01:58:00,0.0,224.2857,0.245,0.145,0.0,223.6613207363177
2026-05-30 01:58:30,0.0,225.7143,0.245,0.145,0.0,223.56034522568154
2026-05-30 01:59:00,0.0,227.1429,0.245,0.145,0.0,223.1281288605587
2026-05-30 01:59:30,0.0,228.5714,0.245,0.145,0.0,223.2353371075156
2026-05-30 02:00:00,0.0,230.0,0.2408,0.1408,0.0,223.39893180989648
2026-05-30 02:00:30,0.0,170.0,0.2408,0.1408,0.0,222.9096678090236
2026-05-30 02:01:00,0.0,165.0,0.2408,0.1408,0.0,222.65193266006497
2026-05-30 02:01:30,0.0,160.0,0.2408,0.1408,0.0,222.40475655992176
2026-05-30 02:02:00,0.0,163.3333,0.2408,0.1408,0.0,222.3485248376003
2026-05-30 02:02:30,0.0,166.6667,0.2408,0.1408,0.0,222.22595303143646
2026-05-30 02:03:00,0.0,170.0,0.2408,0.1408,0.0,222.44813500837958
2026-05-30 02:03:30,0.0,160.0,0.2408,0.1408,0.0,221.75083047487402
2026-05-30 02:04:00,0.0,165.0,0.2408,0.1408,0.0,221.80878259583946
2026-05-30 02:04:30,0.0,170.0,0.2408,0.1408,0.0,222.50307298287782
2026-05-30 02:05:00,0.0,160.0,0.2408,0.1408,0.0,221.6853654634423
2026-05-30 02:05:30,0.0,163.3333,0.2408,0.1408,0.0,221.9890870895981
2026-05-30 02:06:00,0.0,166.6667,0.2408,0.1408,0.0,222.1175680498774
2026-05-30 02:06:30,0.0,170.0,0.2408,0.1408,0.0,222.97275707036292
2026-05-30 02:07:00,0.0,160.0,0.2408,0.1408,0.0,223.14461737216516
2026-05-30 02:07:30,0.0,170.0,0.2408,0.1408,0.0,222.19206511245247
2026-05-30 02:08:00,0.0,180.0,0.2408,0.1408,0.0,221.94298658812207
2026-05-30 02:08:30,0.0,190.0,0.2408,0.1408,0.0,222.19128922013397
2026-05-30 02:09:00,0.0,180.0,0.2408,0.1408,0.0,221.77556822742238
2026-05-30 02:09:30,0.0,190.0,0.2408,0.1408,0.0,222.11244437865398
2026-05-30 02:10:00,0.0,180.0,0.2408,0.1408,0.0,221.92827236672022
2026-05-30 02:10:30,0.0,181.1111,0.2408,0.1408,0.0,221.68840038974622
2026-05-30 02:11:00,0.0,182.2222,0.2408,0.1408,0.0,220.64547482754784
2026-05-30 02:11:30,0.0,183.3333,0.2408,0.1408,0.0,220.08783518116107
2026-05-30 02:12:00,0.0,184.4444,0.2408,0.1408,0.0,220.70649145347082
2026-05-30 02:12:30,0.0,185.5556,0.2408,0.1408,0.0,220.65142464017376
2026-05-30 02:13:00,0.0,186.6667,0.2408,0.1408,0.0,219.53189803546186
2026-05-30 02:13:30,0.0,187.7778,0.2408,0.1408,0.0,219.56993587896875
2026-05-30 02:14:00,0.0,188.8889,0.2408,0.1408,0.0,219.68864174405326
2026-05-30 02:14:30,0.0,190.0,0.2408,0.1408,0.0,220.44970598828286
2026-05-30 02:15:00,0.0,180.0,0.2408,0.1408,0.0,221.15450598601026
2026-05-30 02:15:30,0.0,176.6667,0.2408,0.1408,0.0,221.0436137084025
2026-05-30 02:16:00,0.0,173.3333,0.2408,0.1408,0.0,221.9862160706479
2026-05-30 02:16:30,0.0,170.0,0.2408,0.1408,0.0,221.2623794444145
2026-05-30 02:17:00,0.0,160.0,0.2408,0.1408,0.0,220.9685520063334
2026-05-30 02:17:30,0.0,159.0,0.2408,0.1408,0.0,220.887503631089
2026-05-30 02:18:00,0.0,158.0,0.2408,0.1408,0.0,220.00494964407497
2026-05-30 02:18:30,0.0,157.0,0.2408,0.1408,0.0,220.554689783751
2026-05-30 02:19:00,0.0,156.0,0.2408,0.1408,0.0,220.14542990208568
2026-05-30 02:19:30,0.0,155.0,0.2408,0.1408,0.0,219.2738699864418
2026-05-30 02:20:00,0.0,154.0,0.2408,0.1408,0.0,219.08300571163642
2026-05-30 02:20:30,0.0,153.0,0.2408,0.1408,0.0,218.92424919573904
2026-05-30 02:21:00,0.0,152.0,0.2408,0.1408,0.0,218.86231432171715
2026-05-30 02:21:30,0.0,151.0,0.2408,0.1408,0.0,219.1904357286415
2026-05-30 02:22:00,0.0,150.0,0.2408,0.1408,0.0,218.81645622820707
2026-05-30 02:22:30,0.0,160.0,0.2408,0.1408,0.0,219.15187212149274
2026-05-30 02:23:00,0.0,161.1111,0.2408,0.1408,0.0,219.19004452582277
2026-05-30 02:23:30,0.0,162.2222,0.2408,0.1408,0.0,218.81185010198897
2026-05-30 02:24:00,0.0,163.3333,0.2408,0.1408,0.0,218.69777842020218
2026-05-30 02:24:30,0.0,164.4444,0.2408,0.1408,0.0,217.97344773699925
2026-05-30 02:25:00,0.0,165.5556,0.2408,0.1408,0.0,218.3608572485163
2026-05-30 02:25:30,0.0,166.6667,0.2408,0.1408,0.0,217.22424943164393
2026-05-30 02:26:00,0.0,167.7778,0.2408,0.1408,0.0,216.82659208272545
2026-05-30 02:26:30,0.0,168.8889,0.2408,0.1408,0.0,217.62902995541415
2026-05-30 02:27:00,0.0,170.0,0.2408,0.1408,0.0,217.75192683219677
2026-05-30 02:27:30,0.0,165.0,0.2408,0.1408,0.0,218.65360546023052
2026-05-30 02:28:00,0.0,160.0,0.2408,0.1408,0.0,218.02936326899268
2026-05-30 02:28:30,0.0,156.6667,0.2408,0.1408,0.0,217.64927526997974
2026-05-30 02:29:00,0.0,153.3333,0.2408,0.1408,0.0,217.79910286935618
2026-05-30 02:29:30,0.0,150.0,0.2408,0.1408,0.0,216.8248519285605
2026-05-30 02:30:00,0.0,160.0,0.2395,0.1395,0.0,217.0264514327936
2026-05-30 02:30:30,0.0,159.1667,0.2395,0.1395,0.0,217.91214494741615
2026-05-30 02:31:00,0.0,158.3333,0.2395,0.1395,0.0,217.06579606420527
2026-05-30 02:31:30,0.0,157.5,0.2395,0.1395,0.0,216.65850906185713
2026-05-30 02:32:00,0.0,156.6667,0.2395,0.1395,0.0,216.29215684809688
2026-05-30 02:32:30,0.0,155.8333,0.2395,0.1395,0.0,216.45857010521624
2026-05-30 02:33:00,0.0,155.0,0.2395,0.1395,0.0,217.05021334108855
2026-05-30 02:33:30,0.0,154.1667,0.2395,0.1395,0.0,217.66266378833203
2026-05-30 02:34:00,0.0,153.3333,0.2395,0.1395,0.0,217.99478327699887
2026-05-30 02:34:30,0.0,152.5,0.2395,0.1395,0.0,217.61008529807148
2026-05-30 02:35:00,0.0,151.6667,0.2395,0.1395,0.0,217.6790152626506
2026-05-30 02:35:30,0.0,150.8333,0.2395,0.1395,0.0,217.79143817291822
2026-05-30 02:36:00,0.0,150.0,0.2395,0.1395,0.0,216.65938858540733
2026-05-30 02:36:30,0.0,160.0,0.2395,0.1395,0.0,216.7311865167798
2026-05-30 02:37:00,0.0,170.0,0.2395,0.1395,0.0,216.7903655756974
2026-05-30 02:37:30,0.0,180.0,0.2395,0.1395,0.0,215.6891034885663
2026-05-30 02:38:00,0.0,190.0,0.2395,0.1395,0.0,215.839653842399
2026-05-30 02:38:30,0.0,180.0,0.2395,0.1395,0.0,216.54592338331668
2026-05-30 02:39:00,0.0,170.0,0.2395,0.1395,0.0,216.05367288266703
2026-05-30 02:39:30,0.0,160.0,0.2395,0.1395,0.0,216.3576484412332
2026-05-30 02:40:00,0.0,180.0,0.2395,0.1395,0.0,215.99451756801278
2026-05-30 02:40:30,0.0,190.0,0.2395,0.1395,0.0,215.17164480952843
2026-05-30 02:41:00,0.0,180.0,0.2395,0.1395,0.0,214.39977147266248
2026-05-30 02:41:30,0.0,181.4286,0.2395,0.1395,0.0,214.1370501267362
2026-05-30 02:42:00,0.0,182.8571,0.2395,0.1395,0.0,214.77203272776202
2026-05-30 02:42:30,0.0,184.2857,0.2395,0.1395,0.0,214.53775487642844
2026-05-30 02:43:00,0.0,185.7143,0.2395,0.1395,0.0,214.09419456584018
2026-05-30 02:43:30,0.0,187.1429,0.2395,0.1395,0.0,214.802714283536
2026-05-30 02:44:00,0.0,188.5714,0.2395,0.1395,0.0,215.4404521459033
2026-05-30 02:44:30,0.0,190.0,0.2395,0.1395,0.0,215.35944132738797
2026-05-30 02:45:00,0.0,180.0,0.2389,0.1389,0.0,215.54413516335447
2026-05-30 02:45:30,0.0,177.5,0.2389,0.1389,0.0,216.07278916128587
2026-05-30 02:46:00,0.0,175.0,0.2389,0.1389,0.0,217.00819690100556
2026-05-30 02:46:30,0.0,172.5,0.2389,0.1389,0.0,217.67312655993052
2026-05-30 02:47:00,0.0,170.0,0.2389,0.1389,0.0,217.61895945991236
2026-05-30 02:47:30,0.0,180.0,0.2389,0.1389,0.0,217.6500126647956
2026-05-30 02:48:00,0.0,190.0,0.2389,0.1389,0.0,216.81057039306424
2026-05-30 02:48:30,0.0,180.0,0.2389,0.1389,0.0,217.05732772053926
2026-05-30 02:49:00,0.0,177.5,0.2389,0.1389,0.0,217.54111539059403
2026-05-30 02:49:30,0.0,175.0,0.2389,0.1389,0.0,217.55660649145128
2026-05-30 02:50:00,0.0,172.5,0.2389,0.1389,0.0,216.9002143727795
2026-05-30 02:50:30,0.0,170.0,0.2389,0.1389,0.0,216.6888031409624
2026-05-30 02:51:00,0.0,160.0,0.2389,0.1389,0.0,216.28153559582356
2026-05-30 02:51:30,0.0,195.0,0.2389,0.1389,0.0,215.81361014923985
2026-05-30 02:52:00,0.0,230.0,0.2389,0.1389,0.0,216.7329115639828
2026-05-30 02:52:30,0.0,240.0,0.2389,0.1389,0.0,216.66115192514627
2026-05-30 02:53:00,0.0,250.0,0.2389,0.1389,0.0,216.40536278204488
2026-05-30 02:53:30,0.0,255.0,0.2389,0.1389,0.0,217.20083060324984
2026-05-30 02:54:00,0.0,260.0,0.2389,0.1389,0.0,216.75568443888216
2026-05-30 02:54:30,0.0,350.0,0.2389,0.1389,0.0,217.58963703660544
2026-05-30 02:55:00,0.0,320.0,0.2389,0.1389,0.0,218.31974791896417
2026-05-30 02:55:30,0.0,310.0,0.2389,0.1389,0.0,218.17895167977986
2026-05-30 02:56:00,0.0,305.0,0.2389,0.1389,0.0,218.4238249553686
2026-05-30 02:56:30,0.0,300.0,0.2389,0.1389,0.0,218.6088888588065
2026-05-30 02:57:00,0.0,305.0,0.2389,0.1389,0.0,218.08128476281763
2026-05-30 02:57:30,0.0,310.0,0.2389,0.1389,0.0,217.83575460787003
2026-05-30 02:58:00,0.0,310.625,0.2389,0.1389,0.0,218.43936618203233
2026-05-30 02:58:30,0.0,311.25,0.2389,0.1389,0.0,218.41173350070795
2026-05-30 02:59:00,0.0,311.875,0.2389,0.1389,0.0,218.82119325383718
2026-05-30 02:59:30,0.0,312.5,0.2389,0.1389,0.0,218.13194601599693
2026-05-30 03:00:00,0.0,313.125,0.2355,0.1355,0.0,217.56416712143897
2026-05-30 03:00:30,0.0,313.75,0.2355,0.1355,0.0,217.80710457533195
2026-05-30 03:01:00,0.0,314.375,0.2355,0.1355,0.0,217.8480666008451
2026-05-30 03:01:30,0.0,315.0,0.2355,0.1355,0.0,218.28876085754843
2026-05-30 03:02:00,0.0,315.625,0.2355,0.1355,0.0,218.36621085059457
2026-05-30 03:02:30,0.0,316.25,0.2355,0.1355,0.0,217.57985363683053
2026-05-30 03:03:00,0.0,316.875,0.2355,0.1355,0.0,216.77238639816272
2026-05-30 03:03:30,0.0,317.5,0.2355,0.1355,0.0,217.2871695936875
2026-05-30 03:04:00,0.0,318.125,0.2355,0.1355,0.0,217.37952696948358
2026-05-30 03:04:30,0.0,318.75,0.2355,0.1355,0.0,217.11996770539164
2026-05-30 03:05:00,0.0,319.375,0.2355,0.1355,0.0,218.1187235232269
2026-05-30 03:05:30,0.0,320.0,0.2355,0.1355,0.0,217.39040601386984
2026-05-30 03:06:00,0.0,310.0,0.2355,0.1355,0.0,217.304579154665
2026-05-30 03:06:30,0.0,320.0,0.2355,0.1355,0.0,217.49647449157223
2026-05-30 03:07:00,0.0,326.6667,0.2355,0.1355,0.0,218.2025351794699
2026-05-30 03:07:30,0.0,333.3333,0.2355,0.1355,0.0,219.25601596776775
2026-05-30 03:08:00,0.0,340.0,0.2355,0.1355,0.0,219.4111935687593
2026-05-30 03:08:30,0.0,336.6667,0.2355,0.1355,0.0,218.9895656139197
2026-05-30 03:09:00,0.0,333.3333,0.2355,0.1355,0.0,219.4001673166998
2026-05-30 03:09:30,0.0,330.0,0.2355,0.1355,0.0,218.86942861301634
2026-05-30 03:10:00,0.0,331.25,0.2355,0.1355,0.0,219.45139113738034
2026-05-30 03:10:30,0.0,332.5,0.2355,0.1355,0.0,219.82369360639632
2026-05-30 03:11:00,0.0,333.75,0.2355,0.1355,0.0,220.82617733505174
2026-05-30 03:11:30,0.0,335.0,0.2355,0.1355,0.0,220.6034026544358
2026-05-30 03:12:00,0.0,336.25,0.2355,0.1355,0.0,220.8109174169241
2026-05-30 03:12:30,0.0,337.5,0.2355,0.1355,0.0,220.2211461732143
2026-05-30 03:13:00,0.0,338.75,0.2355,0.1355,0.0,220.20953510465424
2026-05-30 03:13:30,0.0,340.0,0.2355,0.1355,0.0,220.68851753532354
2026-05-30 03:14:00,0.0,310.0,0.2355,0.1355,0.0,220.2632543427515
2026-05-30 03:14:30,0.0,280.0,0.2355,0.1355,0.0,219.4724497321845
2026-05-30 03:15:00,0.0,250.0,0.2353,0.1353,0.0,219.17686613053107
2026-05-30 03:15:30,0.0,246.6667,0.2353,0.1353,0.0,219.45019862828437
2026-05-30 03:16:00,0.0,243.3333,0.2353,0.1353,0.0,218.9016504793185
2026-05-30 03:16:30,0.0,240.0,0.2353,0.1353,0.0,219.0618293810668
2026-05-30 03:17:00,0.0,250.0,0.2353,0.1353,0.0,219.64053261673945
2026-05-30 03:17:30,0.0,251.4286,0.2353,0.1353,0.0,220.47434204158014
2026-05-30 03:18:00,0.0,252.8571,0.2353,0.1353,0.0,220.51233230578404
2026-05-30 03:18:30,0.0,254.2857,0.2353,0.1353,0.0,219.54472902735512
2026-05-30 03:19:00,0.0,255.7143,0.2353,0.1353,0.0,220.52689421031025
2026-05-30 03:19:30,0.0,257.1429,0.2353,0.1353,0.0,221.0369946669464
2026-05-30 03:20:00,0.0,258.5714,0.2353,0.1353,0.0,220.75990733582668
2026-05-30 03:20:30,0.0,260.0,0.2353,0.1353,0.0,221.67220080097812
2026-05-30 03:21:00,0.0,250.0,0.2353,0.1353,0.0,221.4158613005644
2026-05-30 03:21:30,0.0,253.3333,0.2353,0.1353,0.0,221.57731697079984
2026-05-30 03:22:00,0.0,256.6667,0.2353,0.1353,0.0,222.29147831166352
2026-05-30 03:22:30,0.0,260.0,0.2353,0.1353,0.0,222.7033641752165
2026-05-30 03:23:00,0.0,250.0,0.2353,0.1353,0.0,222.42370334789226
2026-05-30 03:23:30,0.0,249.0,0.2353,0.1353,0.0,222.79213335920153
2026-05-30 03:24:00,0.0,248.0,0.2353,0.1353,0.0,223.25331647052326
2026-05-30 03:24:30,0.0,247.0,0.2353,0.1353,0.0,224.23181879596328
2026-05-30 03:25:00,0.0,246.0,0.2353,0.1353,0.0,224.3929896659358
2026-05-30 03:25:30,0.0,245.0,0.2353,0.1353,0.0,225.14364895040933
2026-05-30 03:26:00,0.0,244.0,0.2353,0.1353,0.0,225.16308094131304
2026-05-30 03:26:30,0.0,243.0,0.2353,0.1353,0.0,224.59912096977405
2026-05-30 03:27:00,0.0,242.0,0.2353,0.1353,0.0,225.42041374537976
2026-05-30 03:27:30,0.0,241.0,0.2353,0.1353,0.0,224.8130013664058
2026-05-30 03:28:00,0.0,240.0,0.2353,0.1353,0.0,224.60156054913153
2026-05-30 03:28:30,0.0,250.0,0.2353,0.1353,0.0,224.36752789277074
2026-05-30 03:29:00,0.0,240.0,0.2353,0.1353,0.0,225.067341126331
2026-05-30 03:29:30,0.0,250.0,0.2353,0.1353,0.0,225.0367161574224
2026-05-30 03:30:00,0.0,260.0,0.2355,0.1355,0.0,224.62855743874735
2026-05-30 03:30:30,0.0,250.0,0.2355,0.1355,0.0,224.18960167253198
2026-05-30 03:31:00,0.0,240.0,0.2355,0.1355,0.0,224.7261856191435
2026-05-30 03:31:30,0.0,230.0,0.2355,0.1355,0.0,225.09530628659274
2026-05-30 03:32:00,0.0,233.3333,0.2355,0.1355,0.0,225.56747961624427
2026-05-30 03:32:30,0.0,236.6667,0.2355,0.1355,0.0,225.5812422502558
2026-05-30 03:33:00,0.0,240.0,0.2355,0.1355,0.0,224.856161543719
2026-05-30 03:33:30,0.0,230.0,0.2355,0.1355,0.0,224.82295011676425
2026-05-30 03:34:00,0.0,230.7692,0.2355,0.1355,0.0,223.76158040621527
2026-05-30 03:34:30,0.0,231.5385,0.2355,0.1355,0.0,224.41843799554266
2026-05-30 03:35:00,0.0,232.3077,0.2355,0.1355,0.0,224.53776313448193
2026-05-30 03:35:30,0.0,233.0769,0.2355,0.1355,0.0,224.71168012474612
2026-05-30 03:36:00,0.0,233.8462,0.2355,0.1355,0.0,225.06777339310958
2026-05-30 03:36:30,0.0,234.6154,0.2355,0.1355,0.0,224.53598696211102
2026-05-30 03:37:00,0.0,235.3846,0.2355,0.1355,0.0,224.61698976073612
2026-05-30 03:37:30,0.0,236.1538,0.2355,0.1355,0.0,225.25060334907505
2026-05-30 03:38:00,0.0,236.9231,0.2355,0.1355,0.0,224.95851089630767
2026-05-30 03:38:30,0.0,237.6923,0.2355,0.1355,0.0,225.13099274629604
2026-05-30 03:39:00,0.0,238.4615,0.2355,0.1355,0.0,225.75718394937044
2026-05-30 03:39:30,0.0,239.2308,0.2355,0.1355,0.0,225.78926033166283
2026-05-30 03:40:00,0.0,240.0,0.2355,0.1355,0.0,225.90209191170854
2026-05-30 03:40:30,0.0,230.0,0.2355,0.1355,0.0,225.8125088748856
2026-05-30 03:41:00,0.0,227.5,0.2355,0.1355,0.0,226.3596146446815
2026-05-30 03:41:30,0.0,225.0,0.2355,0.1355,0.0,226.48634387753552
2026-05-30 03:42:00,0.0,222.5,0.2355,0.1355,0.0,226.46838823070104
2026-05-30 03:42:30,0.0,220.0,0.2355,0.1355,0.0,226.86314592997863
2026-05-30 03:43:00,0.0,230.0,0.2355,0.1355,0.0,227.1874403145281
2026-05-30 03:43:30,0.0,231.5385,0.2355,0.1355,0.0,226.4201611552999
2026-05-30 03:44:00,0.0,233.0769,0.2355,0.1355,0.0,225.76849618269222
2026-05-30 03:44:30,0.0,234.6154,0.2355,0.1355,0.0,225.93438385499988
2026-05-30 03:45:00,0.0,236.1538,0.235,0.135,0.0,225.98355966077423
2026-05-30 03:45:30,0.0,237.6923,0.235,0.135,0.0,225.4718901782936
2026-05-30 03:46:00,0.0,239.2308,0.235,0.135,0.0,225.46655095206307
2026-05-30 03:46:30,0.0,240.7692,0.235,0.135,0.0,225.3021629083675
2026-05-30 03:47:00,0.0,242.3077,0.235,0.135,0.0,225.92551259174
2026-05-30 03:47:30,0.0,243.8462,0.235,0.135,0.0,225.47077651485557
2026-05-30 03:48:00,0.0,245.3846,0.235,0.135,0.0,225.4685749004761
2026-05-30 03:48:30,0.0,246.9231,0.235,0.135,0.0,225.53740770982674
2026-05-30 03:49:00,0.0,248.4615,0.235,0.135,0.0,225.67023846616163
2026-05-30 03:49:30,0.0,250.0,0.235,0.135,0.0,225.70438753387853
2026-05-30 03:50:00,0.0,260.0,0.235,0.135,0.0,225.65957555964408
2026-05-30 03:50:30,0.0,250.0,0.235,0.135,0.0,225.37803734327863
2026-05-30 03:51:00,0.0,255.0,0.235,0.135,0.0,225.18353070333671
2026-05-30 03:51:30,0.0,260.0,0.235,0.135,0.0,225.98936965369336
2026-05-30 03:52:00,0.0,250.0,0.235,0.135,0.0,225.7100838557595
2026-05-30 03:52:30,0.0,260.0,0.235,0.135,0.0,225.61793344454952
2026-05-30 03:53:00,0.0,250.0,0.235,0.135,0.0,225.62235857860236
2026-05-30 03:53:30,0.0,245.0,0.235,0.135,0.0,224.926250764062
2026-05-30 03:54:00,0.0,240.0,0.235,0.135,0.0,225.2004017439946
2026-05-30 03:54:30,0.0,250.0,0.235,0.135,0.0,225.29318321644237
2026-05-30 03:55:00,0.0,247.5,0.235,0.135,0.0,225.5280399748241
2026-05-30 03:55:30,0.0,245.0,0.235,0.135,0.0,226.04763333511718
2026-05-30 03:56:00,0.0,242.5,0.235,0.135,0.0,225.9489213497723
2026-05-30 03:56:30,0.0,240.0,0.235,0.135,0.0,224.98185922775914
2026-05-30 03:57:00,0.0,250.0,0.235,0.135,0.0,224.89113995805957
2026-05-30 03:57:30,0.0,240.0,0.235,0.135,0.0,225.5174503347419
2026-05-30 03:58:00,0.0,243.3333,0.235,0.135,0.0,225.45270879039782
2026-05-30 03:58:30,0.0,246.6667,0.235,0.135,0.0,225.29825709392142
2026-05-30 03:59:00,0.0,250.0,0.235,0.135,0.0,225.58802143016118
2026-05-30 03:59:30,0.0,245.0,0.235,0.135,0.0,225.49348448806876
2026-05-30 04:00:00,0.0,240.0,0.2266,0.1266,0.0,225.1437876887922
2026-05-30 04:00:30,0.0,245.0,0.2266,0.1266,0.0,225.01337420905202
2026-05-30 04:01:00,0.0,250.0,0.2266,0.1266,0.0,225.16932518964688
2026-05-30 04:01:30,0.0,245.0,0.2266,0.1266,0.0,225.09531883386805
2026-05-30 04:02:00,0.0,240.0,0.2266,0.1266,0.0,225.19412301666407
2026-05-30 04:02:30,0.0,250.0,0.2266,0.1266,0.0,225.0913586095081
2026-05-30 04:03:00,0.0,240.0,0.2266,0.1266,0.0,226.01107929702655
2026-05-30 04:03:30,0.0,245.0,0.2266,0.1266,0.0,225.91731468005847
2026-05-30 04:04:00,0.0,250.0,0.2266,0.1266,0.0,226.57810726021097
2026-05-30 04:04:30,0.0,252.0,0.2266,0.1266,0.0,226.13105679390947
2026-05-30 04:05:00,0.0,254.0,0.2266,0.1266,0.0,225.3439139753633
2026-05-30 04:05:30,0.0,256.0,0.2266,0.1266,0.0,225.86214907672692
2026-05-30 04:06:00,0.0,258.0,0.2266,0.1266,0.0,226.07208432979007
2026-05-30 04:06:30,0.0,260.0,0.2266,0.1266,0.0,225.12082257523807
2026-05-30 04:07:00,0.0,270.0,0.2266,0.1266,0.0,224.36659181979323
2026-05-30 04:07:30,0.0,266.6667,0.2266,0.1266,0.0,223.23208886150604
2026-05-30 04:08:00,0.0,263.3333,0.2266,0.1266,0.0,222.83972166320703
2026-05-30 04:08:30,0.0,260.0,0.2266,0.1266,0.0,223.300471237247
2026-05-30 04:09:00,0.0,340.0,0.2266,0.1266,0.0,223.09673680826958
2026-05-30 04:09:30,0.0,330.0,0.2266,0.1266,0.0,223.6589907675983
2026-05-30 04:10:00,0.0,320.0,0.2266,0.1266,0.0,222.81958256288348
2026-05-30 04:10:30,0.0,310.0,0.2266,0.1266,0.0,221.9623122315983
2026-05-30 04:11:00,0.0,320.0,0.2266,0.1266,0.0,220.931150487707
2026-05-30 04:11:30,0.0,321.1111,0.2266,0.1266,0.0,221.23277518863767
2026-05-30 04:12:00,0.0,322.2222,0.2266,0.1266,0.0,220.47152454140362
2026-05-30 04:12:30,0.0,323.3333,0.2266,0.1266,0.0,220.94731184435608
2026-05-30 04:13:00,0.0,324.4444,0.2266,0.1266,0.0,221.82394446223137
2026-05-30 04:13:30,0.0,325.5556,0.2266,0.1266,0.0,221.03103726123445
2026-05-30 04:14:00,0.0,326.6667,0.2266,0.1266,0.0,221.39200487488006
2026-05-30 04:14:30,0.0,327.7778,0.2266,0.1266,0.0,221.96218190029737
2026-05-30 04:15:00,0.0,328.8889,0.2285,0.1285,0.0,222.30714414592967
2026-05-30 04:15:30,0.0,330.0,0.2285,0.1285,0.0,222.2050504824767
2026-05-30 04:16:00,0.0,320.0,0.2285,0.1285,0.0,222.56254832335102
2026-05-30 04:16:30,0.0,310.0,0.2285,0.1285,0.0,222.39118503820575
2026-05-30 04:17:00,0.0,300.0,0.2285,0.1285,0.0,221.7982863931887
2026-05-30 04:17:30,0.0,295.0,0.2285,0.1285,0.0,221.01551609964702
2026-05-30 04:18:00,0.0,290.0,0.2285,0.1285,0.0,220.99970873013527
2026-05-30 04:18:30,0.0,293.3333,0.2285,0.1285,0.0,221.87993915955582
2026-05-30 04:19:00,0.0,296.6667,0.2285,0.1285,0.0,221.1295649859252
2026-05-30 04:19:30,0.0,300.0,0.2285,0.1285,0.0,221.53410993734033
2026-05-30 04:20:00,0.0,295.0,0.2285,0.1285,0.0,221.51194909223503
2026-05-30 04:20:30,0.0,290.0,0.2285,0.1285,0.0,221.1014017395066
2026-05-30 04:21:00,0.0,300.0,0.2285,0.1285,0.0,220.969452653665
2026-05-30 04:21:30,0.0,295.0,0.2285,0.1285,0.0,221.0329777999373
2026-05-30 04:22:00,0.0,290.0,0.2285,0.1285,0.0,221.0922009478187
2026-05-30 04:22:30,0.0,300.0,0.2285,0.1285,0.0,221.0758173295014
2026-05-30 04:23:00,0.0,310.0,0.2285,0.1285,0.0,221.4769723378036
2026-05-30 04:23:30,0.0,300.0,0.2285,0.1285,0.0,221.8196718518597
2026-05-30 04:24:00,0.0,296.6667,0.2285,0.1285,0.0,222.09423096240548
2026-05-30 04:24:30,0.0,293.3333,0.2285,0.1285,0.0,221.33940882037453
2026-05-30 04:25:00,0.0,290.0,0.2285,0.1285,0.0,220.85121093429188
2026-05-30 04:25:30,0.0,300.0,0.2285,0.1285,0.0,220.53899917132853
2026-05-30 04:26:00,0.0,290.0,0.2285,0.1285,0.0,220.60215553053752
2026-05-30 04:26:30,0.0,300.0,0.2285,0.1285,0.0,220.73397458815586
2026-05-30 04:27:00,0.0,296.6667,0.2285,0.1285,0.0,220.00146495831947
2026-05-30 04:27:30,0.0,293.3333,0.2285,0.1285,0.0,220.16351693008238
2026-05-30 04:28:00,0.0,290.0,0.2285,0.1285,0.0,220.69604608782117
2026-05-30 04:28:30,0.0,240.0,0.2285,0.1285,0.0,220.9064154488314
2026-05-30 04:29:00,0.0,250.0,0.2285,0.1285,0.0,219.85566627381954
2026-05-30 04:29:30,0.0,248.3333,0.2285,0.1285,0.0,219.89603280875664
2026-05-30 04:30:00,0.0,246.6667,0.2309,0.1309,0.0,220.6914867056923
2026-05-30 04:30:30,0.0,245.0,0.2309,0.1309,0.0,220.9038508958781
2026-05-30 04:31:00,0.0,243.3333,0.2309,0.1309,0.0,220.24751147962044
2026-05-30 04:31:30,0.0,241.6667,0.2309,0.1309,0.0,220.6678804327053
2026-05-30 04:32:00,0.0,240.0,0.2309,0.1309,0.0,220.58886577577886
2026-05-30 04:32:30,0.0,238.3333,0.2309,0.1309,0.0,220.65826247515537
2026-05-30 04:33:00,0.0,236.6667,0.2309,0.1309,0.0,221.10327481486172
2026-05-30 04:33:30,0.0,235.0,0.2309,0.1309,0.0,220.6219018864079
2026-05-30 04:34:00,0.0,233.3333,0.2309,0.1309,0.0,221.62169385712534
2026-05-30 04:34:30,0.0,231.6667,0.2309,0.1309,0.0,221.24787860848895
2026-05-30 04:35:00,0.0,230.0,0.2309,0.1309,0.0,220.54135521090973
2026-05-30 04:35:30,0.0,240.0,0.2309,0.1309,0.0,220.88303680724331
2026-05-30 04:36:00,0.0,236.6667,0.2309,0.1309,0.0,220.6685212810752
2026-05-30 04:36:30,0.0,233.3333,0.2309,0.1309,0.0,221.16050309257477
2026-05-30 04:37:00,0.0,230.0,0.2309,0.1309,0.0,221.27903033801792
2026-05-30 04:37:30,0.0,235.0,0.2309,0.1309,0.0,220.83551791424145
2026-05-30 04:38:00,0.0,240.0,0.2309,0.1309,0.0,221.47041176440067
2026-05-30 04:38:30,0.0,235.0,0.2309,0.1309,0.0,220.6462217423228
2026-05-30 04:39:00,0.0,230.0,0.2309,0.1309,0.0,220.83358686433317
2026-05-30 04:39:30,0.0,240.0,0.2309,0.1309,0.0,220.11955272531546
2026-05-30 04:40:00,0.0,230.0,0.2309,0.1309,0.0,220.87160777378944
2026-05-30 04:40:30,0.0,240.0,0.2309,0.1309,0.0,221.1071055308039
2026-05-30 04:41:00,0.0,230.0,0.2309,0.1309,0.0,221.27798738652626
2026-05-30 04:41:30,0.0,233.3333,0.2309,0.1309,0.0,221.94752116467166
2026-05-30 04:42:00,0.0,236.6667,0.2309,0.1309,0.0,221.48995092392735
2026-05-30 04:42:30,0.0,240.0,0.2309,0.1309,0.0,220.8096813493012
2026-05-30 04:43:00,0.0,230.0,0.2309,0.1309,0.0,220.70212979025652
2026-05-30 04:43:30,0.0,228.8889,0.2309,0.1309,0.0,221.50124823323446
2026-05-30 04:44:00,0.0,227.7778,0.2309,0.1309,0.0,221.390388764865
2026-05-30 04:44:30,0.0,226.6667,0.2309,0.1309,0.0,222.14853397287382
2026-05-30 04:45:00,0.0,225.5556,0.2333,0.1333,0.0,221.71330959208228
2026-05-30 04:45:30,0.0,224.4444,0.2333,0.1333,0.0,222.03482950612448
2026-05-30 04:46:00,0.0,223.3333,0.2333,0.1333,0.0,221.42623271526745
2026-05-30 04:46:30,0.0,222.2222,0.2333,0.1333,0.0,221.84530407702016
2026-05-30 04:47:00,0.0,221.1111,0.2333,0.1333,0.0,222.2349776441141
2026-05-30 04:47:30,0.0,220.0,0.2333,0.1333,0.0,222.50304309505228
2026-05-30 04:48:00,0.0,230.0,0.2333,0.1333,0.0,222.41681799796822
2026-05-30 04:48:30,0.0,240.0,0.2333,0.1333,0.0,221.82852908729407
2026-05-30 04:49:00,0.0,230.0,0.2333,0.1333,0.0,221.1164505640423
2026-05-30 04:49:30,0.0,226.6667,0.2333,0.1333,0.0,221.0513463195641
2026-05-30 04:50:00,0.0,223.3333,0.2333,0.1333,0.0,221.6853002312434
2026-05-30 04:50:30,0.0,220.0,0.2333,0.1333,0.0,222.224903632331
2026-05-30 04:51:00,0.0,230.0,0.2333,0.1333,0.0,222.63251987496275
2026-05-30 04:51:30,0.0,220.0,0.2333,0.1333,0.0,222.92239072412107
2026-05-30 04:52:00,0.0,240.0,0.2333,0.1333,0.0,222.66476219023704
2026-05-30 04:52:30,0.0,220.0,0.2333,0.1333,0.0,222.81738600828734
2026-05-30 04:53:00,0.0,230.0,0.2333,0.1333,0.0,222.70261039670487
2026-05-30 04:53:30,0.0,228.3333,0.2333,0.1333,0.0,222.55531392632466
2026-05-30 04:54:00,0.0,226.6667,0.2333,0.1333,0.0,221.6514540886636
2026-05-30 04:54:30,0.0,225.0,0.2333,0.1333,0.0,221.20081479372945
2026-05-30 04:55:00,0.0,223.3333,0.2333,0.1333,0.0,220.156582486701
2026-05-30 04:55:30,0.0,221.6667,0.2333,0.1333,0.0,220.3872054345332
2026-05-30 04:56:00,0.0,220.0,0.2333,0.1333,0.0,220.55118671606095
2026-05-30 04:56:30,0.0,230.0,0.2333,0.1333,0.0,220.43143440098535
2026-05-30 04:57:00,0.0,226.6667,0.2333,0.1333,0.0,221.30273850291925
2026-05-30 04:57:30,0.0,223.3333,0.2333,0.1333,0.0,221.21401825007024
2026-05-30 04:58:00,0.0,220.0,0.2333,0.1333,0.0,221.00263881148737
2026-05-30 04:58:30,0.0,225.0,0.2333,0.1333,0.0,220.83358119664217
2026-05-30 04:59:00,0.0,230.0,0.2333,0.1333,0.0,220.60381267434883
2026-05-30 04:59:30,0.0,220.0,0.2333,0.1333,0.0,220.99549663291538
2026-05-30 05:00:00,0.0,223.3333,0.2351,0.1351,0.0,220.81615597337512
2026-05-30 05:00:30,0.0,226.6667,0.2351,0.1351,0.0,220.53824639267722
2026-05-30 05:01:00,0.0,230.0,0.2351,0.1351,0.0,220.96807826551316
2026-05-30 05:01:30,0.0,220.0,0.2351,0.1351,0.0,221.1233299510166
2026-05-30 05:02:00,0.0,222.0,0.2351,0.1351,0.0,221.86789062014734
2026-05-30 05:02:30,0.0,224.0,0.2351,0.1351,0.0,221.98360182808148
2026-05-30 05:03:00,0.0,226.0,0.2351,0.1351,0.0,221.7751626004793
2026-05-30 05:03:30,0.0,228.0,0.2351,0.1351,0.0,221.65119114804935
2026-05-30 05:04:00,0.0,230.0,0.2351,0.1351,0.0,221.618667648854
2026-05-30 05:04:30,0.0,220.0,0.2351,0.1351,0.0,221.73988031856467
2026-05-30 05:05:00,0.0,230.0,0.2351,0.1351,0.0,221.80290203493715
2026-05-30 05:05:30,0.0,225.0,0.2351,0.1351,0.0,221.12490461157267
2026-05-30 05:06:00,0.0,220.0,0.2351,0.1351,0.0,220.06629253125007
2026-05-30 05:06:30,0.0,221.4286,0.2351,0.1351,0.0,220.4974090606917
2026-05-30 05:07:00,0.0,222.8571,0.2351,0.1351,0.0,221.43407635166486
2026-05-30 05:07:30,0.0,224.2857,0.2351,0.1351,0.0,222.14146117079505
2026-05-30 05:08:00,0.0,225.7143,0.2351,0.1351,0.0,222.60545678737998
2026-05-30 05:08:30,0.0,227.1429,0.2351,0.1351,0.0,221.60963568717804
2026-05-30 05:09:00,0.0,228.5714,0.2351,0.1351,0.0,221.92415729420432
2026-05-30 05:09:30,0.0,230.0,0.2351,0.1351,0.0,221.57524494164852
2026-05-30 05:10:00,0.0,225.0,0.2351,0.1351,0.0,222.09308582979926
2026-05-30 05:10:30,0.0,220.0,0.2351,0.1351,0.0,222.33125862869886
2026-05-30 05:11:00,0.0,223.3333,0.2351,0.1351,0.0,223.35565528117843
2026-05-30 05:11:30,0.0,226.6667,0.2351,0.1351,0.0,223.2812760804551
2026-05-30 05:12:00,0.0,230.0,0.2351,0.1351,0.0,223.35717838020662
2026-05-30 05:12:30,0.0,220.0,0.2351,0.1351,0.0,223.1253637940582
2026-05-30 05:13:00,0.0,221.6667,0.2351,0.1351,0.0,222.6419651680288
2026-05-30 05:13:30,0.0,223.3333,0.2351,0.1351,0.0,223.35505020529706
2026-05-30 05:14:00,0.0,225.0,0.2351,0.1351,0.0,223.85051661798474
2026-05-30 05:14:30,0.0,226.6667,0.2351,0.1351,0.0,224.41784989723288
2026-05-30 05:15:00,0.0,228.3333,0.2299,0.1299,0.0,224.3209879017212
2026-05-30 05:15:30,0.0,230.0,0.2299,0.1299,0.0,224.56944056471144
2026-05-30 05:16:00,0.0,232.5,0.2299,0.1299,0.0,223.98225914854564
2026-05-30 05:16:30,0.0,235.0,0.2299,0.1299,0.0,224.36257408077054
2026-05-30 05:17:00,0.0,237.5,0.2299,0.1299,0.0,224.5480495530737
2026-05-30 05:17:30,0.0,240.0,0.2299,0.1299,0.0,224.5869590896436
2026-05-30 05:18:00,0.0,230.0,0.2299,0.1299,0.0,225.4675414384787
2026-05-30 05:18:30,0.0,234.0,0.2299,0.1299,0.0,224.84597174381602
2026-05-30 05:19:00,0.0,238.0,0.2299,0.1299,0.0,224.88844902276642
2026-05-30 05:19:30,0.0,242.0,0.2299,0.1299,0.0,223.78968058678822
2026-05-30 05:20:00,0.0,246.0,0.2299,0.1299,0.0,224.24963255271365
2026-05-30 05:20:30,0.0,250.0,0.2299,0.1299,0.0,223.49812435288248
2026-05-30 05:21:00,0.0,255.0,0.2299,0.1299,0.0,223.7039480850095
2026-05-30 05:21:30,0.0,260.0,0.2299,0.1299,0.0,223.90912221062226
2026-05-30 05:22:00,0.0,265.0,0.2299,0.1299,0.0,223.8124685050482
2026-05-30 05:22:30,0.0,270.0,0.2299,0.1299,0.0,223.31101839061145
2026-05-30 05:23:00,0.0,270.5,0.2299,0.1299,0.0,223.42847203361185
2026-05-30 05:23:30,0.0,271.0,0.2299,0.1299,0.0,223.73531820647844
2026-05-30 05:24:00,0.0,340.0,0.2299,0.1299,0.0,223.11030736196182
2026-05-30 05:24:30,0.0,330.0,0.2299,0.1299,0.0,223.89765359328092
2026-05-30 05:25:00,0.0,340.0,0.2299,0.1299,0.0,223.68921144391985
2026-05-30 05:25:30,0.0,330.0,0.2299,0.1299,0.0,223.52421854492133
2026-05-30 05:26:00,0.0,310.0,0.2299,0.1299,0.0,224.1462104376065
2026-05-30 05:26:30,0.0,290.0,0.2299,0.1299,0.0,224.62279979671862
2026-05-30 05:27:00,0.0,286.6667,0.2299,0.1299,0.0,224.86680148905467
2026-05-30 05:27:30,0.0,283.3333,0.2299,0.1299,0.0,224.415016913928
2026-05-30 05:28:00,0.0,280.0,0.2299,0.1299,0.0,224.92386960447513
2026-05-30 05:28:30,0.0,290.0,0.2299,0.1299,0.0,225.10673055957716
2026-05-30 05:29:00,0.0,293.3333,0.2299,0.1299,0.0,225.49969080131171
2026-05-30 05:29:30,0.0,296.6667,0.2299,0.1299,0.0,226.5767071077908
2026-05-30 05:30:00,0.0,300.0,0.2273,0.1273,0.0,225.49881286376447
2026-05-30 05:30:30,0.0,290.0,0.2273,0.1273,0.0,225.28784581793101
2026-05-30 05:31:00,0.0,286.6667,0.2273,0.1273,0.0,225.69293241732365
2026-05-30 05:31:30,0.0,283.3333,0.2273,0.1273,0.0,225.9104653940218
2026-05-30 05:32:00,0.0,280.0,0.2273,0.1273,0.0,225.73212014797727
2026-05-30 05:32:30,0.0,290.0,0.2273,0.1273,21.2136,224.8758639904806
2026-05-30 05:33:00,0.0,280.0,0.2273,0.1273,24.8129,224.55987314188556
2026-05-30 05:33:30,0.0,290.0,0.2273,0.1273,28.4069,225.25375270988707
2026-05-30 05:34:00,0.0,287.5,0.2273,0.1273,31.9953,224.45077850904008
2026-05-30 05:34:30,0.0,285.0,0.2273,0.1273,35.578,224.59097478917224
2026-05-30 05:35:00,0.0,282.5,0.2273,0.1273,39.1547,225.4718286641834
2026-05-30 05:35:30,0.0,280.0,0.2273,0.1273,42.7252,225.45427576068371
2026-05-30 05:36:00,0.0,290.0,0.2273,0.1273,46.2894,225.89678864190168
2026-05-30 05:36:30,0.0,280.0,0.2273,0.1273,49.8471,226.41904866816478
2026-05-30 05:37:00,0.0,290.0,0.2273,0.1273,53.3979,226.21520466736138
2026-05-30 05:37:30,0.0,280.0,0.2273,0.1273,56.9419,227.010720393517
2026-05-30 05:38:00,0.0,285.0,0.2273,0.1273,60.4787,226.5735820852204
2026-05-30 05:38:30,0.0,290.0,0.2273,0.1273,64.0081,226.94377325958345
2026-05-30 05:39:00,0.0,280.0,0.2273,0.1273,67.53,226.3395378956353
2026-05-30 05:39:30,0.0,290.0,0.2273,0.1273,71.0442,226.77975909079018
2026-05-30 05:40:00,0.0,220.0,0.2273,0.1273,74.5504,226.4717307760174
2026-05-30 05:40:30,0.0,290.0,0.2273,0.1273,78.0484,226.78593579888087
2026-05-30 05:41:00,0.0,287.5,0.2273,0.1273,81.5381,226.14683757784616
2026-05-30 05:41:30,0.0,285.0,0.2273,0.1273,85.0193,225.8780173338594
2026-05-30 05:42:00,0.0,282.5,0.2273,0.1273,88.4918,226.42724430280308
2026-05-30 05:42:30,0.0,280.0,0.2273,0.1273,91.9552,226.5923393647917
2026-05-30 05:43:00,0.0,250.0,0.2273,0.1273,95.4096,226.25096512429036
2026-05-30 05:43:30,0.0,220.0,0.2273,0.1273,98.8546,225.39994987180552
2026-05-30 05:44:00,0.0,225.0,0.2273,0.1273,102.2901,225.2758203212007
2026-05-30 05:44:30,0.0,230.0,0.2273,0.1273,105.7158,224.7486280273618
2026-05-30 05:45:00,0.0,170.0,0.2257,0.1257,109.1317,225.6971636068262
2026-05-30 05:45:30,0.0,230.0,0.2257,0.1257,112.5373,225.81381609847503
2026-05-30 05:46:00,0.0,231.6667,0.2257,0.1257,115.9327,226.0123319232976
2026-05-30 05:46:30,0.0,233.3333,0.2257,0.1257,119.3175,226.15989293290028
2026-05-30 05:47:00,0.0,235.0,0.2257,0.1257,122.6916,226.17225032853787
2026-05-30 05:47:30,0.0,236.6667,0.2257,0.1257,126.0547,226.6922783280538
2026-05-30 05:48:00,0.0,238.3333,0.2257,0.1257,129.4068,227.49940450024644
2026-05-30 05:48:30,0.0,240.0,0.2257,0.1257,132.7475,227.83932717662464
2026-05-30 05:49:00,0.0,230.0,0.2257,0.1257,136.0766,227.5794812249882
2026-05-30 05:49:30,0.0,253.3333,0.2257,0.1257,139.3941,226.97582326400604
2026-05-30 05:50:00,0.0,276.6667,0.2257,0.1257,142.6996,227.25031561029797
2026-05-30 05:50:30,0.0,300.0,0.2257,0.1257,145.993,227.7947252393079
2026-05-30 05:51:00,0.0,270.0,0.2257,0.1257,149.2741,227.76608771844113
2026-05-30 05:51:30,0.0,263.3333,0.2257,0.1257,152.5427,227.07617764219765
2026-05-30 05:52:00,0.0,256.6667,0.2257,0.1257,155.7985,226.8053720311067
2026-05-30 05:52:30,0.0,250.0,0.2257,0.1257,159.0415,227.0190306346963
2026-05-30 05:53:00,0.0,240.0,0.2257,0.1257,162.2713,227.45456666717408
2026-05-30 05:53:30,0.0,250.0,0.2257,0.1257,165.4878,227.6490490686851
2026-05-30 05:54:00,0.0,255.0,0.2257,0.1257,168.6907,228.04955772420325
2026-05-30 05:54:30,0.0,260.0,0.2257,0.1257,171.88,228.51210349277366
2026-05-30 05:55:00,0.0,275.0,0.2257,0.1257,175.0554,229.5188714871311
2026-05-30 05:55:30,0.0,290.0,0.2257,0.1257,178.2166,229.32878287124765
2026-05-30 05:56:00,0.0,240.0,0.2257,0.1257,181.3636,229.04855371630055
2026-05-30 05:56:30,24.0,235.0,0.2257,0.1257,184.496,229.42820374008105
2026-05-30 05:57:00,26.0,230.0,0.2257,0.1257,187.6137,229.16201490166029
2026-05-30 05:57:30,27.0,280.0,0.2257,0.1257,190.7165,229.67873355210025
2026-05-30 05:58:00,27.3333,300.0,0.2257,0.1257,193.8042,229.3492399297905
2026-05-30 05:58:30,27.6667,350.0,0.2257,0.1257,196.8766,229.42027263153565
2026-05-30 05:59:00,28.0,370.0,0.2257,0.1257,199.9335,229.29373813386934
2026-05-30 05:59:30,29.0,375.0,0.2257,0.1257,202.9747,228.8722470839597
2026-05-30 06:00:00,27.0,380.0,0.2258,0.1258,206.0,229.74104931116918
2026-05-30 06:00:30,27.25,540.0,0.2258,0.1258,209.0119,229.98487803154157
2026-05-30 06:01:00,27.5,1120.0,0.2258,0.1258,212.0132,229.85343385477327
2026-05-30 06:01:30,27.75,790.0,0.2258,0.1258,215.004,229.48943326260732
2026-05-30 06:02:00,28.0,1230.0,0.2258,0.1258,217.9844,229.1370192786668
2026-05-30 06:02:30,56.0,1340.0,0.2258,0.1258,220.9545,229.8375845715027
2026-05-30 06:03:00,55.0,1350.0,0.2258,0.1258,223.9144,229.46175771742935
2026-05-30 06:03:30,54.0,1390.0,0.2258,0.1258,226.8643,229.56956077033857
2026-05-30 06:04:00,55.0,1490.0,0.2258,0.1258,229.8043,229.5642236750074
2026-05-30 06:04:30,89.0,1570.0,0.2258,0.1258,232.7345,229.9477015194438
2026-05-30 06:05:00,87.0,1595.0,0.2258,0.1258,235.655,230.6583443010831
2026-05-30 06:05:30,88.0,1620.0,0.2258,0.1258,238.566,231.06281649568362
2026-05-30 06:06:00,87.5,1690.0,0.2258,0.1258,241.4675,231.72090473198125
2026-05-30 06:06:30,87.0,1770.0,0.2258,0.1258,244.3597,231.5317436102523
2026-05-30 06:07:00,89.0,1820.0,0.2258,0.1258,247.2427,230.98356044995242
2026-05-30 06:07:30,88.0,1860.0,0.2258,0.1258,250.1166,230.2846884812624
2026-05-30 06:08:00,91.0,1940.0,0.2258,0.1258,252.9816,229.49073903003313
2026-05-30 06:08:30,91.3333,2010.0,0.2258,0.1258,255.8377,229.91869489681676
2026-05-30 06:09:00,91.6667,2110.0,0.2258,0.1258,258.6851,229.56452424668396
2026-05-30 06:09:30,92.0,2160.0,0.2258,0.1258,261.5239,229.52554673547453
2026-05-30 06:10:00,120.0,2250.0,0.2258,0.1258,264.3541,229.69608293170114
2026-05-30 06:10:30,120.5,2270.0,0.2258,0.1258,267.1761,230.46806659012455
2026-05-30 06:11:00,121.0,2390.0,0.2258,0.1258,269.9897,229.87583407796325
2026-05-30 06:11:30,119.0,2420.0,0.2258,0.1258,272.7953,230.10655098932574
2026-05-30 06:12:00,146.0,2510.0,0.2258,0.1258,275.5928,230.7714087291916
2026-05-30 06:12:30,147.5,2560.0,0.2258,0.1258,278.3825,230.30457802177526
2026-05-30 06:13:00,149.0,2680.0,0.2258,0.1258,281.1643,230.26339204562635
2026-05-30 06:13:30,151.0,2700.0,0.2258,0.1258,283.9386,229.56329969523722
2026-05-30 06:14:00,151.5,2840.0,0.2258,0.1258,286.7053,229.29326604930293
2026-05-30 06:14:30,152.0,2870.0,0.2258,0.1258,289.4645,228.75890712172333
2026-05-30 06:15:00,153.0,3010.0,0.2224,0.1224,292.2165,228.4737503971341
2026-05-30 06:15:30,168.0,3080.0,0.2224,0.1224,294.9613,228.54264296926075
2026-05-30 06:16:00,183.0,3190.0,0.2224,0.1224,297.6991,229.33036228205984
2026-05-30 06:16:30,181.0,3270.0,0.2224,0.1224,300.4299,228.7384496007485
2026-05-30 06:17:00,185.5,3350.0,0.2224,0.1224,303.1539,229.10004222012103
2026-05-30 06:17:30,190.0,3380.0,0.2224,0.1224,305.8712,229.13535443154663
2026-05-30 06:18:00,193.0,3410.0,0.2224,0.1224,308.5819,228.31121236912804
2026-05-30 06:18:30,197.0,3430.0,0.2224,0.1224,311.2862,227.8177995619769
2026-05-30 06:19:00,193.0,3480.0,0.2224,0.1224,313.9841,228.5071672584514
2026-05-30 06:19:30,190.0,3500.0,0.2224,0.1224,316.6758,228.8701282768552
2026-05-30 06:20:00,216.0,3520.0,0.2224,0.1224,319.3614,228.64580659630857
2026-05-30 06:20:30,201.0,3535.0,0.2224,0.1224,322.041,228.61711875913923
2026-05-30 06:21:00,199.0,3550.0,0.2224,0.1224,324.7148,228.27556386429063
2026-05-30 06:21:30,211.5,3560.0,0.2224,0.1224,327.3828,228.5450803992164
2026-05-30 06:22:00,224.0,3590.0,0.2224,0.1224,330.0452,227.90758787375924
2026-05-30 06:22:30,227.0,3610.0,0.2224,0.1224,332.7021,228.01074992093928
2026-05-30 06:23:00,254.0,3620.0,0.2224,0.1224,335.3536,228.4633157749235
2026-05-30 06:23:30,253.0,3640.0,0.2224,0.1224,337.9998,227.78343317221942
2026-05-30 06:24:00,262.0,3660.0,0.2224,0.1224,340.6409,227.58862532161368
2026-05-30 06:24:30,257.0,3720.0,0.2224,0.1224,343.2769,227.6723597502091
2026-05-30 06:25:00,260.0,3730.0,0.2224,0.1224,345.9081,227.8352040667902
2026-05-30 06:25:30,263.0,3740.0,0.2224,0.1224,348.5344,227.66891632982234
2026-05-30 06:26:00,262.0,3750.0,0.2224,0.1224,351.1561,227.0441330848602
2026-05-30 06:26:30,265.0,3780.0,0.2224,0.1224,353.7732,227.09924361831824
2026-05-30 06:27:00,301.0,3810.0,0.2224,0.1224,356.3859,226.67800248684154
2026-05-30 06:27:30,331.0,3840.0,0.2224,0.1224,358.9943,226.99805357148531
2026-05-30 06:28:00,267.0,3870.0,0.2224,0.1224,361.5985,225.98413287274963
2026-05-30 06:28:30,332.0,3860.0,0.2224,0.1224,364.1986,225.2573381299954
2026-05-30 06:29:00,330.0,3870.0,0.2224,0.1224,366.7948,225.06921443984388
2026-05-30 06:29:30,331.5,3880.0,0.2224,0.1224,369.3871,224.7180806885152
2026-05-30 06:30:00,333.0,3920.0,0.24,0.14,371.9757,225.22493614025979
2026-05-30 06:30:30,336.0,3650.0,0.24,0.14,374.5608,225.5739767924598
2026-05-30 06:31:00,337.0,3660.0,0.24,0.14,377.1423,226.32463128427477
2026-05-30 06:31:30,334.0,3670.0,0.24,0.14,379.7205,225.75538741047336
2026-05-30 06:32:00,333.6667,0.0,0.24,0.14,382.2954,226.25144324804575
2026-05-30 06:32:30,333.3333,260.0,0.24,0.14,384.8672,226.2572600019792
2026-05-30 06:33:00,333.0,200.0,0.24,0.14,387.436,226.4313398759639
2026-05-30 06:33:30,396.0,220.0,0.24,0.14,390.0019,226.67783277880227
2026-05-30 06:34:00,398.25,210.0,0.24,0.14,392.5651,226.50212304456298
2026-05-30 06:34:30,400.5,220.0,0.24,0.14,395.1256,226.32704381353017
2026-05-30 06:35:00,402.75,217.5,0.24,0.14,397.6836,225.5027708522776
2026-05-30 06:35:30,405.0,215.0,0.24,0.14,400.2392,225.30070937114232
2026-05-30 06:36:00,405.5,212.5,0.24,0.14,402.7925,224.71622610799113
2026-05-30 06:36:30,406.0,210.0,0.24,0.14,405.3437,224.2131373153402
2026-05-30 06:37:00,408.0,232.5,0.24,0.14,407.8928,224.2655874875367
2026-05-30 06:37:30,410.0,255.0,0.24,0.14,410.4399,223.69708050780812
2026-05-30 06:38:00,412.0,277.5,0.24,0.14,412.9853,224.6225514183597
2026-05-30 06:38:30,426.0,300.0,0.24,0.14,415.529,224.21356800904337
2026-05-30 06:39:00,440.0,305.0,0.24,0.14,418.0711,224.759344347633
2026-05-30 06:39:30,474.0,310.0,0.24,0.14,420.6117,224.83130205198674
2026-05-30 06:40:00,484.0,280.0,0.24,0.14,423.151,224.9224073264207
2026-05-30 06:40:30,483.0,270.0,0.24,0.14,425.6891,224.5512695718262
2026-05-30 06:41:00,444.0,260.0,0.24,0.14,428.2261,224.37121449615032
2026-05-30 06:41:30,478.0,280.0,0.24,0.14,430.7621,224.73637983296325
2026-05-30 06:42:00,465.0,250.0,0.24,0.14,433.2973,224.45152862320927
2026-05-30 06:42:30,497.0,260.0,0.24,0.14,435.8318,225.26504606536702
2026-05-30 06:43:00,503.0,265.0,0.24,0.14,438.3656,225.75399759061847
2026-05-30 06:43:30,488.0,270.0,0.24,0.14,440.8989,226.14589883885975
2026-05-30 06:44:00,479.0,240.0,0.24,0.14,443.4319,226.21119763279074
2026-05-30 06:44:30,539.0,280.0,0.24,0.14,445.9645,226.69855971105548
2026-05-30 06:45:00,512.0,270.0,0.2324,0.1324,448.4971,226.42651878038137
2026-05-30 06:45:30,523.5,260.0,0.2324,0.1324,451.0296,226.25161304278507
2026-05-30 06:46:00,535.0,280.0,0.2324,0.1324,453.5622,225.88159358470458
2026-05-30 06:46:30,531.0,250.0,0.2324,0.1324,456.0951,225.12742311730196
2026-05-30 06:47:00,534.0,255.0,0.2324,0.1324,458.6283,224.16167417302805
2026-05-30 06:47:30,539.0,260.0,0.2324,0.1324,461.1619,223.39952108075718
2026-05-30 06:48:00,562.0,250.0,0.2324,0.1324,463.6961,223.2950121582012
2026-05-30 06:48:30,556.0,270.0,0.2324,0.1324,466.231,223.58022788909932
2026-05-30 06:49:00,562.0,280.0,0.2324,0.1324,468.7668,223.4923322768383
2026-05-30 06:49:30,594.0,260.0,0.2324,0.1324,471.3034,223.49459092970758
2026-05-30 06:50:00,595.0,270.0,0.2324,0.1324,473.8411,222.8122970404327
2026-05-30 06:50:30,562.0,280.0,0.2324,0.1324,476.38,222.61595356118195
2026-05-30 06:51:00,594.0,240.0,0.2324,0.1324,478.9202,222.86290967476037
2026-05-30 06:51:30,631.0,248.0,0.2324,0.1324,481.4618,223.42535460868328
2026-05-30 06:52:00,622.0,256.0,0.2324,0.1324,484.0049,223.35471396657132
2026-05-30 06:52:30,587.0,264.0,0.2324,0.1324,486.5496,223.8332178452444
2026-05-30 06:53:00,608.0,272.0,0.2324,0.1324,489.0962,223.4868447450563
2026-05-30 06:53:30,629.0,280.0,0.2324,0.1324,491.6446,223.42034850962915
2026-05-30 06:54:00,639.0,260.0,0.2324,0.1324,494.195,223.94693981171676
2026-05-30 06:54:30,605.0,275.0,0.2324,0.1324,496.7476,223.29375589310922
2026-05-30 06:55:00,640.0,290.0,0.2324,0.1324,499.3024,222.758166120989
2026-05-30 06:55:30,627.0,280.0,0.2324,0.1324,501.8595,221.9851261600687
2026-05-30 06:56:00,693.0,283.3333,0.2324,0.1324,504.4192,222.93517058663545
2026-05-30 06:56:30,635.0,286.6667,0.2324,0.1324,506.9814,223.32724769415807
2026-05-30 06:57:00,694.0,290.0,0.2324,0.1324,509.5464,222.88732263523988
2026-05-30 06:57:30,702.0,280.0,0.2324,0.1324,512.1142,222.16123100002946
2026-05-30 06:58:00,707.0,200.0,0.2324,0.1324,514.6849,221.70494416225185
2026-05-30 06:58:30,712.0,240.0,0.2324,0.1324,517.2588,222.11755836633583
2026-05-30 06:59:00,717.0,225.0,0.2324,0.1324,519.8358,221.5222525266681
2026-05-30 06:59:30,722.0,210.0,0.2324,0.1324,522.4162,222.36419278292024
2026-05-30 07:00:00,693.0,220.0,0.2408,0.1408,525.0,221.87524474325113
2026-05-30 07:00:30,725.0,230.0,0.2408,0.1408,527.5855,234.73495374530776
2026-05-30 07:01:00,732.0,225.0,0.2408,0.1408,530.1707,247.4871908317534
2026-05-30 07:01:30,748.0,220.0,0.2408,0.1408,532.7558,259.7705284644473
2026-05-30 07:02:00,750.0,225.0,0.2408,0.1408,535.3405,272.3079811302399
2026-05-30 07:02:30,729.0,230.0,0.2408,0.1408,537.925,284.05563880618234
2026-05-30 07:03:00,790.0,226.6667,0.2408,0.1408,540.5092,297.33311236407036
2026-05-30 07:03:30,751.0,223.3333,0.2408,0.1408,543.0931,309.52902989139267
2026-05-30 07:04:00,745.0,220.0,0.2408,0.1408,545.6766,321.66036607654553
2026-05-30 07:04:30,744.0,230.0,0.2408,0.1408,548.2598,333.52269683975254
2026-05-30 07:05:00,803.0,225.0,0.2408,0.1408,550.8425,345.51341776459884
2026-05-30 07:05:30,813.0,220.0,0.2408,0.1408,553.4249,358.50985119545845
2026-05-30 07:06:00,782.0,230.0,0.2408,0.1408,556.0067,370.96800378074926
2026-05-30 07:06:30,799.0,226.6667,0.2408,0.1408,558.5881,383.30284653416186
2026-05-30 07:07:00,798.0,223.3333,0.2408,0.1408,561.1691,396.2476294234483
2026-05-30 07:07:30,796.0,220.0,0.2408,0.1408,563.7494,409.68653831516156
2026-05-30 07:08:00,803.0,140.0,0.2408,0.1408,566.3293,422.2655317621641
2026-05-30 07:08:30,836.0,100.0,0.2408,0.1408,568.9086,435.0540889482747
2026-05-30 07:09:00,869.0,120.0,0.2408,0.1408,571.4873,447.2014644631792
2026-05-30 07:09:30,840.0,150.0,0.2408,0.1408,574.0653,460.0120147176178
2026-05-30 07:10:00,873.0,140.0,0.2408,0.1408,576.6428,471.94445536723305
2026-05-30 07:10:30,842.0,160.0,0.2408,0.1408,579.2195,483.9359808483658
2026-05-30 07:11:00,873.0,140.0,0.2408,0.1408,581.7956,496.95971457365533
2026-05-30 07:11:30,858.0,125.0,0.2408,0.1408,584.371,510.2294585736087
2026-05-30 07:12:00,856.0,110.0,0.2408,0.1408,586.9456,522.7653380785825
2026-05-30 07:12:30,889.0,140.0,0.2408,0.1408,589.5195,535.12169588025
2026-05-30 07:13:00,892.0,142.5,0.2408,0.1408,592.0926,547.6265636952448
2026-05-30 07:13:30,941.0,145.0,0.2408,0.1408,594.6648,560.9762484483801
2026-05-30 07:14:00,923.0,147.5,0.2408,0.1408,597.2363,573.6727525370308
2026-05-30 07:14:30,903.0,150.0,0.2408,0.1408,599.8069,586.6720734616847
2026-05-30 07:15:00,896.0,140.0,0.2408,0.1408,602.3766,599.2091060517292
2026-05-30 07:15:30,926.0,100.0,0.2408,0.1408,604.9453,610.9670025111166
2026-05-30 07:16:00,903.0,110.0,0.2408,0.1408,607.5132,623.3086727781936
2026-05-30 07:16:30,937.0,100.0,0.2408,0.1408,610.0801,636.3000506377961
2026-05-30 07:17:00,904.0,110.0,0.2408,0.1408,612.646,648.1800978997868
2026-05-30 07:17:30,957.0,130.0,0.2408,0.1408,615.211,660.8029700457081
2026-05-30 07:18:00,940.0,125.0,0.2408,0.1408,617.7749,673.5054628418613
2026-05-30 07:18:30,969.0,120.0,0.2408,0.1408,620.3377,686.2300696258849
2026-05-30 07:19:00,954.0,140.0,0.2408,0.1408,622.8995,698.2379421839702
2026-05-30 07:19:30,986.0,150.0,0.2408,0.1408,625.4602,711.0323778838671
2026-05-30 07:20:00,1016.0,130.0,0.2408,0.1408,628.0197,723.7650714685045
2026-05-30 07:20:30,1034.0,110.0,0.2408,0.1408,630.5781,736.9720387401844
2026-05-30 07:21:00,1002.0,100.0,0.2408,0.1408,633.1353,749.8912597924631
2026-05-30 07:21:30,1019.0,105.0,0.2408,0.1408,635.6913,761.3852108651394
2026-05-30 07:22:00,1023.0,110.0,0.2408,0.1408,638.2462,774.0633591489161
2026-05-30 07:22:30,1040.0,115.0,0.2408,0.1408,640.7997,787.0259403241331
2026-05-30 07:23:00,1059.0,120.0,0.2408,0.1408,643.352,799.514505169378
2026-05-30 07:23:30,1033.0,116.6667,0.2408,0.1408,645.903,811.7128340683854
2026-05-30 07:24:00,1046.0,113.3333,0.2408,0.1408,648.4527,824.6735922949229
2026-05-30 07:24:30,1061.5,110.0,0.2408,0.1408,651.001,836.3493168001883
2026-05-30 07:25:00,1077.0,140.0,0.2408,0.1408,653.548,849.1694933632413
2026-05-30 07:25:30,1058.0,160.0,0.2408,0.1408,656.0936,861.5350609251723
2026-05-30 07:26:00,1069.0,150.0,0.2408,0.1408,658.6378,875.0139746115656
2026-05-30 07:26:30,1059.0,130.0,0.2408,0.1408,661.1805,887.0711823206036
2026-05-30 07:27:00,1069.0,100.0,0.2408,0.1408,663.7218,899.9606691888613
2026-05-30 07:27:30,1068.0,120.0,0.2408,0.1408,666.2616,912.2700388801765
2026-05-30 07:28:00,1086.0,90.0,0.2408,0.1408,668.7998,925.7001220652999
2026-05-30 07:28:30,1088.0,140.0,0.2408,0.1408,671.3366,938.8614482324984
2026-05-30 07:29:00,1097.0,110.0,0.2408,0.1408,673.8717,951.9864225595218
2026-05-30 07:29:30,1145.0,140.0,0.2408,0.1408,676.4053,963.7450649818996
2026-05-30 07:30:00,1111.0,130.0,0.2236,0.1236,678.9373,975.9059962864519
2026-05-30 07:30:30,1137.0,135.0,0.2236,0.1236,681.4677,987.9198052121294
2026-05-30 07:31:00,1156.0,140.0,0.2236,0.1236,683.9964,999.7355231972404
2026-05-30 07:31:30,1146.0,120.0,0.2236,0.1236,686.5234,1012.4314080398493
2026-05-30 07:32:00,1170.5,140.0,0.2236,0.1236,689.0487,1024.592992479006
2026-05-30 07:32:30,1195.0,160.0,0.2236,0.1236,691.5723,1038.2877114540593
2026-05-30 07:33:00,1183.0,130.0,0.2236,0.1236,694.0941,1050.4293839021807
2026-05-30 07:33:30,1214.0,150.0,0.2236,0.1236,696.6142,1061.955246581109
2026-05-30 07:34:00,1208.0,90.0,0.2236,0.1236,699.1324,1074.910206200849
2026-05-30 07:34:30,1185.0,120.0,0.2236,0.1236,701.6489,1087.7659892829322
2026-05-30 07:35:00,1232.0,125.0,0.2236,0.1236,704.1635,1100.9357560649917
2026-05-30 07:35:30,1265.0,130.0,0.2236,0.1236,706.6762,1112.600279533425
2026-05-30 07:36:00,1267.0,90.0,0.2236,0.1236,709.187,1126.1288327670704
2026-05-30 07:36:30,1275.0,1378.0,0.2236,0.1236,711.6959,1138.2074269709256
2026-05-30 07:37:00,1243.0,0.0,0.2236,0.1236,714.2028,1150.65117090003
2026-05-30 07:37:30,1260.0,110.0,0.2236,0.1236,716.7078,1163.7096252606204
2026-05-30 07:38:00,1273.0,125.0,0.2236,0.1236,719.2107,1176.0424885697535
2026-05-30 07:38:30,1275.0,140.0,0.2236,0.1236,721.7117,1189.1096973394217
2026-05-30 07:39:00,1318.0,120.0,0.2236,0.1236,724.2106,1201.5689845008023
2026-05-30 07:39:30,1302.0,115.0,0.2236,0.1236,726.7075,1214.4134699122499
2026-05-30 07:40:00,1315.0,110.0,0.2236,0.1236,729.2022,1226.3020149181918
2026-05-30 07:40:30,1328.0,120.0,0.2236,0.1236,731.6949,1239.481006835142
2026-05-30 07:41:00,1334.0,110.0,0.2236,0.1236,734.1854,1251.9689114964863
2026-05-30 07:41:30,1362.0,100.0,0.2236,0.1236,736.6737,1263.8529563409425
2026-05-30 07:42:00,1368.0,110.0,0.2236,0.1236,739.1598,1276.564929159247
2026-05-30 07:42:30,1372.0,120.0,0.2236,0.1236,741.6438,1287.9320673492864
2026-05-30 07:43:00,1376.0,160.0,0.2236,0.1236,744.1255,1300.193546452338
2026-05-30 07:43:30,1369.0,140.0,0.2236,0.1236,746.6049,1313.204874385557
2026-05-30 07:44:00,1412.0,130.0,0.2236,0.1236,749.0821,1325.7756838054336
2026-05-30 07:44:30,1413.0,150.0,0.2236,0.1236,751.5569,1337.876698763029
2026-05-30 07:45:00,1420.0,1103.0,0.2127,0.1127,754.0294,1349.94255706816
2026-05-30 07:45:30,1455.0,120.0,0.2127,0.1127,756.4996,1361.9943465157146
2026-05-30 07:46:00,1428.0,110.0,0.2127,0.1127,758.9674,1375.4151643612097
2026-05-30 07:46:30,1448.5,130.0,0.2127,0.1127,761.4327,1387.927403278295
2026-05-30 07:47:00,1469.0,561.0,0.2127,0.1127,763.8957,1400.4905465147945
2026-05-30 07:47:30,1504.0,130.0,0.2127,0.1127,766.3562,1413.6296645578473
2026-05-30 07:48:00,1503.0,140.0,0.2127,0.1127,768.8142,1425.2078438969434
2026-05-30 07:48:30,1488.0,130.0,0.2127,0.1127,771.2697,1437.4911991327897
2026-05-30 07:49:00,1519.0,150.0,0.2127,0.1127,773.7226,1450.102884474926
2026-05-30 07:49:30,1503.0,140.0,0.2127,0.1127,776.1731,1463.2827037102995
2026-05-30 07:50:00,1506.0,290.0,0.2127,0.1127,778.6209,1475.7964904769792
2026-05-30 07:50:30,1516.0,170.0,0.2127,0.1127,781.0662,1488.5684497474408
2026-05-30 07:51:00,1541.0,130.0,0.2127,0.1127,783.5088,1500.369004298624
2026-05-30 07:51:30,1539.0,360.0,0.2127,0.1127,785.9488,1512.9650003314584
2026-05-30 07:52:00,1519.0,90.0,0.2127,0.1127,788.3861,1526.0698967668113
2026-05-30 07:52:30,1572.0,130.0,0.2127,0.1127,790.8207,1538.5787679266152
2026-05-30 07:53:00,1605.0,457.0,0.2127,0.1127,793.2526,1551.8075235857418
2026-05-30 07:53:30,1590.0,328.5,0.2127,0.1127,795.6818,1564.6767344393334
2026-05-30 07:54:00,1584.0,200.0,0.2127,0.1127,798.1081,1576.893565395901
2026-05-30 07:54:30,1609.0,190.0,0.2127,0.1127,800.5317,1589.7150915149218
2026-05-30 07:55:00,1621.0,180.0,0.2127,0.1127,802.9525,1601.8943379655038
2026-05-30 07:55:30,1620.5,170.0,0.2127,0.1127,805.3704,1615.5109467164814
2026-05-30 07:56:00,1620.0,160.0,0.2127,0.1127,807.7855,1627.9155843089932
2026-05-30 07:56:30,1650.0,140.0,0.2127,0.1127,810.1977,1640.174260959374
2026-05-30 07:57:00,1641.0,160.0,0.2127,0.1127,812.6069,1652.869350523097
2026-05-30 07:57:30,1652.0,210.0,0.2127,0.1127,815.0133,1665.5604003701208
2026-05-30 07:58:00,1673.0,180.0,0.2127,0.1127,817.4166,1678.8007719258528
2026-05-30 07:58:30,1657.0,150.0,0.2127,0.1127,819.817,1690.5613020204635
2026-05-30 07:59:00,1656.0,190.0,0.2127,0.1127,822.2144,1703.8770008215538
2026-05-30 07:59:30,1690.0,170.0,0.2127,0.1127,824.6087,1716.4387942048731
2026-05-30 08:00:00,1718.0,85.0,0.2261,0.1261,827.0,1728.5805497883573
2026-05-30 08:00:30,1681.0,0.0,0.2261,0.1261,829.3898,1728.666988388581
2026-05-30 08:01:00,1686.0,190.0,0.2261,0.1261,831.7796,1727.7019847737945
2026-05-30 08:01:30,1693.0,150.0,0.2261,0.1261,834.1694,1715.6274867634518
2026-05-30 08:02:00,1717.0,230.0,0.2261,0.1261,836.5591,1702.6644686335123
2026-05-30 08:02:30,1731.0,200.0,0.2261,0.1261,838.9487,1690.558555609571
2026-05-30 08:03:00,1718.0,210.0,0.2261,0.1261,841.3381,1677.185889172253
2026-05-30 08:03:30,1709.0,190.0,0.2261,0.1261,843.7273,1664.3818904717696
2026-05-30 08:04:00,1730.0,844.0,0.2261,0.1261,846.1163,1652.013090125777
2026-05-30 08:04:30,1727.0,180.0,0.2261,0.1261,848.5049,1640.0641317334846
2026-05-30 08:05:00,1769.0,160.0,0.2261,0.1261,850.8932,1627.9026414817479
2026-05-30 08:05:30,1773.0,210.0,0.2261,0.1261,853.281,1615.135805124091
2026-05-30 08:06:00,1777.0,180.0,0.2261,0.1261,855.6684,1603.14007509509
2026-05-30 08:06:30,1796.0,190.0,0.2261,0.1261,858.0553,1591.3077426841141
2026-05-30 08:07:00,1806.6667,180.0,0.2261,0.1261,860.4416,1577.7481701624747
2026-05-30 08:07:30,1817.3333,170.0,0.2261,0.1261,862.8273,1564.2727989025302
2026-05-30 08:08:00,1828.0,190.0,0.2261,0.1261,865.2123,1552.2275356246982
2026-05-30 08:08:30,1796.0,160.0,0.2261,0.1261,867.5966,1539.7238228758429
2026-05-30 08:09:00,1839.0,165.0,0.2261,0.1261,869.9801,1527.5006695997658
2026-05-30 08:09:30,1850.0,170.0,0.2261,0.1261,872.3628,1515.3751430792759
2026-05-30 08:10:00,1816.0,180.0,0.2261,0.1261,874.7447,1503.4335337726875
2026-05-30 08:10:30,1841.0,200.0,0.2261,0.1261,877.1256,1490.8325662781515
2026-05-30 08:11:00,1862.0,322.0,0.2261,0.1261,879.5056,1478.1370567185224
2026-05-30 08:11:30,1883.0,170.0,0.2261,0.1261,881.8846,1465.202242958191
2026-05-30 08:12:00,1881.0,180.0,0.2261,0.1261,884.2625,1451.8120602211748
2026-05-30 08:12:30,1912.0,5.0,0.2261,0.1261,886.6392,1439.7628721281214
2026-05-30 08:13:00,1916.0,130.0,0.2261,0.1261,889.0149,1428.1132159539081
2026-05-30 08:13:30,1921.0,90.0,0.2261,0.1261,891.3893,1414.602588657933
2026-05-30 08:14:00,1931.0,130.0,0.2261,0.1261,893.7624,1402.030663819874
2026-05-30 08:14:30,1936.0,90.0,0.2261,0.1261,896.1342,1388.6235805516746
2026-05-30 08:15:00,1980.0,150.0,0.2171,0.1171,898.5047,1376.0352745399548
2026-05-30 08:15:30,1923.0,120.0,0.2171,0.1171,900.8737,1364.6390273524773
2026-05-30 08:16:00,1980.0,110.0,0.2171,0.1171,903.2413,1351.7330588846535
2026-05-30 08:16:30,1949.0,120.0,0.2171,0.1171,905.6074,1339.4255639378484
2026-05-30 08:17:00,1969.0,130.0,0.2171,0.1171,907.9719,1327.01899584434
2026-05-30 08:17:30,1972.0,110.0,0.2171,0.1171,910.3348,1314.4977150238026
2026-05-30 08:18:00,1995.0,100.0,0.2171,0.1171,912.696,1302.0978465888654
2026-05-30 08:18:30,2026.0,105.0,0.2171,0.1171,915.0555,1289.995552841609
2026-05-30 08:19:00,2016.0,110.0,0.2171,0.1171,917.4133,1277.3382611659988
2026-05-30 08:19:30,2018.0,120.0,0.2171,0.1171,919.7692,1264.2173671883554
2026-05-30 08:20:00,2020.0,90.0,0.2171,0.1171,922.1233,1251.2451334152559
2026-05-30 08:20:30,2061.0,120.0,0.2171,0.1171,924.4755,1239.1082682753486
2026-05-30 08:21:00,2042.0,140.0,0.2171,0.1171,926.8257,1226.8868203097775
2026-05-30 08:21:30,2034.0,110.0,0.2171,0.1171,929.1739,1214.6479810769997
2026-05-30 08:22:00,2030.0,120.0,0.2171,0.1171,931.52,1203.013260070801
2026-05-30 08:22:30,2063.0,110.0,0.2171,0.1171,933.864,1190.3486200327186
2026-05-30 08:23:00,2097.0,120.0,0.2171,0.1171,936.2059,1176.8365108325836
2026-05-30 08:23:30,2053.0,122.5,0.2171,0.1171,938.5455,1164.4880563555553
2026-05-30 08:24:00,2084.0,125.0,0.2171,0.1171,940.8829,1152.3766669946062
2026-05-30 08:24:30,2114.0,127.5,0.2171,0.1171,943.218,1140.1907482895979
2026-05-30 08:25:00,2123.0,130.0,0.2171,0.1171,945.5507,1127.607883799815
2026-05-30 08:25:30,2122.0,140.0,0.2171,0.1171,947.881,1115.4429612760393
2026-05-30 08:26:00,2141.0,150.0,0.2171,0.1171,950.2088,1103.056112311842
2026-05-30 08:26:30,2143.0,120.0,0.2171,0.1171,952.5342,1090.6080220277313
2026-05-30 08:27:00,2145.0,140.0,0.2171,0.1171,954.8569,1077.7790623328447
2026-05-30 08:27:30,2140.0,100.0,0.2171,0.1171,957.1771,1065.047526753645
2026-05-30 08:28:00,2164.0,140.0,0.2171,0.1171,959.4946,1051.5568730822617
2026-05-30 08:28:30,2174.0,80.0,0.2171,0.1171,961.8094,1038.4132519070217
2026-05-30 08:29:00,2219.0,110.0,0.2171,0.1171,964.1214,1025.4348690609809
2026-05-30 08:29:30,2190.0,140.0,0.2171,0.1171,966.4306,1013.6239026227296
2026-05-30 08:30:00,2224.0,130.0,0.2009,0.1009,968.737,1001.8368940577875
2026-05-30 08:30:30,2259.0,145.0,0.2009,0.1009,971.0404,989.8412581750979
2026-05-30 08:31:00,2228.0,160.0,0.2009,0.1009,973.3409,977.0927640750818
2026-05-30 08:31:30,2213.0,130.0,0.2009,0.1009,975.6384,964.7895955647325
2026-05-30 08:32:00,2247.0,110.0,0.2009,0.1009,977.9328,952.7836872407698
2026-05-30 08:32:30,2249.0,90.0,0.2009,0.1009,980.2242,939.1519141401301
2026-05-30 08:33:00,2235.0,100.0,0.2009,0.1009,982.5123,926.8634707666043
2026-05-30 08:33:30,2220.0,90.0,0.2009,0.1009,984.7973,915.070124361703
2026-05-30 08:34:00,2258.0,80.0,0.2009,0.1009,987.0789,902.3626056854761
2026-05-30 08:34:30,2281.0,105.0,0.2009,0.1009,989.3573,888.7873053357215
2026-05-30 08:35:00,2247.0,130.0,0.2009,0.1009,991.6324,876.4933905900162
2026-05-30 08:35:30,2306.0,120.0,0.2009,0.1009,993.904,864.7169952864367
2026-05-30 08:36:00,2317.0,130.0,0.2009,0.1009,996.1721,851.79066551525
2026-05-30 08:36:30,2297.0,120.0,0.2009,0.1009,998.4368,840.2168634854037
2026-05-30 08:37:00,2332.0,110.0,0.2009,0.1009,1000.6979,828.2778765969903
2026-05-30 08:37:30,2327.0,100.0,0.2009,0.1009,1002.9553,815.0059277569637
2026-05-30 08:38:00,2309.0,90.0,0.2009,0.1009,1005.2092,801.7238714069924
2026-05-30 08:38:30,2357.0,120.0,0.2009,0.1009,1007.4593,788.9178987397555
2026-05-30 08:39:00,2316.0,90.0,0.2009,0.1009,1009.7057,776.1317587867429
2026-05-30 08:39:30,2365.0,100.0,0.2009,0.1009,1011.9482,762.7706423893471
2026-05-30 08:40:00,2366.0,110.0,0.2009,0.1009,1014.1869,750.5543038029411
2026-05-30 08:40:30,2337.0,120.0,0.2009,0.1009,1016.4217,738.3206449941937
2026-05-30 08:41:00,2353.0,110.0,0.2009,0.1009,1018.6525,725.868791550004
2026-05-30 08:41:30,2352.0,130.0,0.2009,0.1009,1020.8794,713.2119289778881
2026-05-30 08:42:00,2334.0,120.0,0.2009,0.1009,1023.1021,700.475125671955
2026-05-30 08:42:30,2316.0,150.0,0.2009,0.1009,1025.3208,688.4741439237602
2026-05-30 08:43:00,2400.0,120.0,0.2009,0.1009,1027.5353,675.5614384579636
2026-05-30 08:43:30,2394.0,100.0,0.2009,0.1009,1029.7456,662.5090316758362
2026-05-30 08:44:00,2351.0,120.0,0.2009,0.1009,1031.9517,650.0296008471507
2026-05-30 08:44:30,2415.0,90.0,0.2009,0.1009,1034.1534,637.2347641406751
2026-05-30 08:45:00,2434.0,120.0,0.1895,0.0895,1036.3508,624.4831279158033
2026-05-30 08:45:30,2392.0,110.0,0.1895,0.0895,1038.5438,612.5624379619852
2026-05-30 08:46:00,2433.0,140.0,0.1895,0.0895,1040.7323,599.3129672622974
2026-05-30 08:46:30,2399.0,150.0,0.1895,0.0895,1042.9163,587.4708847330122
2026-05-30 08:47:00,2437.0,120.0,0.1895,0.0895,1045.0958,574.8597323840103
2026-05-30 08:47:30,2455.0,100.0,0.1895,0.0895,1047.2707,561.923936118967
2026-05-30 08:48:00,2473.0,130.0,0.1895,0.0895,1049.4409,549.7831926932264
2026-05-30 08:48:30,2506.0,110.0,0.1895,0.0895,1051.6064,537.3222728189631
2026-05-30 08:49:00,2477.0,160.0,0.1895,0.0895,1053.7671,525.2414101445311
2026-05-30 08:49:30,2467.0,120.0,0.1895,0.0895,1055.9231,512.414304438952
2026-05-30 08:50:00,2492.0,150.0,0.1895,0.0895,1058.0742,500.09297229168476
2026-05-30 08:50:30,2489.0,120.0,0.1895,0.0895,1060.2204,487.0172731351951
2026-05-30 08:51:00,2516.0,140.0,0.1895,0.0895,1062.3616,474.96078175987776
2026-05-30 08:51:30,2517.0,130.0,0.1895,0.0895,1064.4979,461.8999981177041
2026-05-30 08:52:00,2495.0,120.0,0.1895,0.0895,1066.629,448.8445985448125
2026-05-30 08:52:30,2526.0,110.0,0.1895,0.0895,1068.7551,435.97515474373415
2026-05-30 08:53:00,2562.0,130.0,0.1895,0.0895,1070.876,423.51912203022755
2026-05-30 08:53:30,2584.0,110.0,0.1895,0.0895,1072.9918,410.7310638282335
2026-05-30 08:54:00,2565.0,160.0,0.1895,0.0895,1075.1022,398.2435702433221
2026-05-30 08:54:30,2564.0,110.0,0.1895,0.0895,1077.2074,385.3861305466567
2026-05-30 08:55:00,2562.5,140.0,0.1895,0.0895,1079.3072,373.370998830356
2026-05-30 08:55:30,2561.0,125.0,0.1895,0.0895,1081.4016,360.3575635687487
2026-05-30 08:56:00,2560.0,110.0,0.1895,0.0895,1083.4906,347.30247599721963
2026-05-30 08:56:30,2597.0,130.0,0.1895,0.0895,1085.574,335.38683660406457
2026-05-30 08:57:00,2633.0,150.0,0.1895,0.0895,1087.6519,323.4772805452513
2026-05-30 08:57:30,2625.0,140.0,0.1895,0.0895,1089.7242,311.36510808057193
2026-05-30 08:58:00,2617.0,80.0,0.1895,0.0895,1091.7909,298.25435486970684
2026-05-30 08:58:30,2623.0,70.0,0.1895,0.0895,1093.8519,285.6501488021125
2026-05-30 08:59:00,2658.0,90.0,0.1895,0.0895,1095.9071,272.50850744604287
2026-05-30 08:59:30,2683.0,80.0,0.1895,0.0895,1097.9565,259.56969159834847
2026-05-30 09:00:00,2678.0,140.0,0.2408,0.1408,1100.0,247.057411286982
2026-05-30 09:00:30,2709.0,160.0,0.2408,0.1408,1102.0417,234.57087444647368
2026-05-30 09:01:00,2693.0,100.0,0.2408,0.1408,1104.0856,221.88138138496822
2026-05-30 09:01:30,2690.0,130.0,0.2408,0.1408,1106.1314,221.85637708332038
2026-05-30 09:02:00,2747.0,120.0,0.2408,0.1408,1108.1791,222.18026344972722
2026-05-30 09:02:30,2716.0,110.0,0.2408,0.1408,1110.2285,221.94277114707725
2026-05-30 09:03:00,2748.0,150.0,0.2408,0.1408,1112.2795,222.50300812461757
2026-05-30 09:03:30,2734.0,160.0,0.2408,0.1408,1114.332,222.47343009682575
2026-05-30 09:04:00,2731.0,100.0,0.2408,0.1408,1116.3857,222.36113046307545
2026-05-30 09:04:30,2765.0,70.0,0.2408,0.1408,1118.4407,221.7105563429113
2026-05-30 09:05:00,2816.0,180.0,0.2408,0.1408,1120.4967,221.8968704834576
2026-05-30 09:05:30,2761.0,150.0,0.2408,0.1408,1122.5536,221.12191120534706
2026-05-30 09:06:00,2762.0,120.0,0.2408,0.1408,1124.6112,221.24291915735688
2026-05-30 09:06:30,2759.0,130.0,0.2408,0.1408,1126.6695,221.13401466193935
2026-05-30 09:07:00,2813.0,0.0,0.2408,0.1408,1128.7283,221.17560983650864
2026-05-30 09:07:30,2791.0,190.0,0.2408,0.1408,1130.7874,222.00972913890806
2026-05-30 09:08:00,2833.0,210.0,0.2408,0.1408,1132.8468,221.92810514632
2026-05-30 09:08:30,2838.0,160.0,0.2408,0.1408,1134.9063,221.66562996410443
2026-05-30 09:09:00,2832.0,175.0,0.2408,0.1408,1136.9657,221.53704119744154
2026-05-30 09:09:30,2851.0,190.0,0.2408,0.1408,1139.0249,220.68170791135998
2026-05-30 09:10:00,2825.0,120.0,0.2408,0.1408,1141.0838,220.6492120791383
2026-05-30 09:10:30,2867.0,170.0,0.2408,0.1408,1143.1423,220.871293729746
2026-05-30 09:11:00,2869.0,195.0,0.2408,0.1408,1145.2001,220.97404937034477
2026-05-30 09:11:30,2866.0,220.0,0.2408,0.1408,1147.2573,220.905246932662
2026-05-30 09:12:00,2901.0,210.0,0.2408,0.1408,1149.3136,221.50475855891304
2026-05-30 09:12:30,2902.0,180.0,0.2408,0.1408,1151.3688,221.34501936699178
2026-05-30 09:13:00,2883.5,200.0,0.2408,0.1408,1153.423,220.4452885230342
2026-05-30 09:13:30,2865.0,140.0,0.2408,0.1408,1155.4758,220.96772626868923
2026-05-30 09:14:00,2885.0,185.0,0.2408,0.1408,1157.5273,220.9002488186161
2026-05-30 09:14:30,2863.0,230.0,0.2408,0.1408,1159.5772,220.67656516831
2026-05-30 09:15:00,2864.0,170.0,0.2203,0.1203,1161.6254,220.2281775193549
2026-05-30 09:15:30,2900.0,200.0,0.2203,0.1203,1163.6718,220.1572528960076
2026-05-30 09:16:00,2936.0,250.0,0.2203,0.1203,1165.7163,220.112559176973
2026-05-30 09:16:30,2949.0,220.0,0.2203,0.1203,1167.7587,219.69141575770803
2026-05-30 09:17:00,2914.0,170.0,0.2203,0.1203,1169.7988,220.30424779948896
2026-05-30 09:17:30,2933.0,150.0,0.2203,0.1203,1171.8366,221.1314728887067
2026-05-30 09:18:00,2935.0,220.0,0.2203,0.1203,1173.8719,221.07695198578875
2026-05-30 09:18:30,2974.0,150.0,0.2203,0.1203,1175.9046,221.0850240335538
2026-05-30 09:19:00,2968.0,200.0,0.2203,0.1203,1177.9345,220.72626181264974
2026-05-30 09:19:30,2950.0,190.0,0.2203,0.1203,1179.9615,221.73533053051784
2026-05-30 09:20:00,2955.0,290.0,0.2203,0.1203,1181.9854,222.78354249552999
2026-05-30 09:20:30,2950.0,160.0,0.2203,0.1203,1184.0062,221.87747172773763
2026-05-30 09:21:00,2934.0,1365.0,0.2203,0.1203,1186.0236,221.91008220632511
2026-05-30 09:21:30,2935.0,0.0,0.2203,0.1203,1188.0377,222.49895707236837
2026-05-30 09:22:00,2964.0,190.0,0.2203,0.1203,1190.0481,221.48023554599084
2026-05-30 09:22:30,2998.0,76.0,0.2203,0.1203,1192.0548,220.49348571516558
2026-05-30 09:23:00,3000.0,230.0,0.2203,0.1203,1194.0576,221.3564104158781
2026-05-30 09:23:30,2966.0,200.0,0.2203,0.1203,1196.0565,222.07767036363208
2026-05-30 09:24:00,3002.0,220.0,0.2203,0.1203,1198.0512,221.46109939689816
2026-05-30 09:24:30,2966.0,0.0,0.2203,0.1203,1200.0417,221.84547555931724
2026-05-30 09:25:00,2995.0,200.0,0.2203,0.1203,1202.0277,222.29836245520892
2026-05-30 09:25:30,2996.0,210.0,0.2203,0.1203,1204.0092,223.0731576337574
2026-05-30 09:26:00,2997.0,170.0,0.2203,0.1203,1205.9861,222.28862571109477
2026-05-30 09:26:30,2994.0,160.0,0.2203,0.1203,1207.9581,221.96418595006156
2026-05-30 09:27:00,3031.0,150.0,0.2203,0.1203,1209.9252,221.94898647927178
2026-05-30 09:27:30,3032.0,140.0,0.2203,0.1203,1211.8872,222.46177335998257
2026-05-30 09:28:00,3033.0,100.0,0.2203,0.1203,1213.844,223.48248979049313
2026-05-30 09:28:30,3032.0,140.0,0.2203,0.1203,1215.7955,223.86692826126463
2026-05-30 09:29:00,3031.0,110.0,0.2203,0.1203,1217.7414,224.17035219247862
2026-05-30 09:29:30,3032.0,130.0,0.2203,0.1203,1219.6817,223.96263791955752
2026-05-30 09:30:00,3033.0,0.0,0.221,0.121,1221.6163,224.07293272611773
2026-05-30 09:30:30,3059.0,7.0,0.221,0.121,1223.545,223.19631790687387
2026-05-30 09:31:00,3043.0,76.3333,0.221,0.121,1225.4676,224.0660060392466
2026-05-30 09:31:30,3066.0,107.25,0.221,0.121,1227.384,224.2097501569622
2026-05-30 09:32:00,3029.0,191.25,0.221,0.121,1229.2942,223.2577780031567
2026-05-30 09:32:30,3044.0,236.5,0.221,0.121,1231.1979,224.02406887245544
2026-05-30 09:33:00,3091.0,209.5,0.221,0.121,1233.095,223.92836447256383
2026-05-30 09:33:30,3067.0,176.75,0.221,0.121,1234.9855,223.55364183554835
2026-05-30 09:34:00,3093.0,204.0,0.221,0.121,1236.869,224.3136946074234
2026-05-30 09:34:30,3085.0,205.0,0.221,0.121,1238.7456,224.51861712628184
2026-05-30 09:35:00,3054.0,196.0,0.221,0.121,1240.6151,224.58295051598958
2026-05-30 09:35:30,3098.0,191.0,0.221,0.121,1242.4773,224.784578940769
2026-05-30 09:36:00,3086.0,216.5,0.221,0.121,1244.3321,224.11193083347013
2026-05-30 09:36:30,3095.0,177.0,0.221,0.121,1246.1794,223.92902742354013
2026-05-30 09:37:00,3093.0,201.0,0.221,0.121,1248.019,223.49914447649655
2026-05-30 09:37:30,3118.0,222.0,0.221,0.121,1249.8508,224.30802414260705
2026-05-30 09:38:00,3075.0,502.5,0.221,0.121,1251.6746,224.8917551269619
2026-05-30 09:38:30,3077.0,156.0,0.221,0.121,1253.4904,224.43437481808542
2026-05-30 09:39:00,3091.0,172.0,0.221,0.121,1255.298,224.11379560504153
2026-05-30 09:39:30,3112.0,196.0,0.221,0.121,1257.0972,224.07382777958045
2026-05-30 09:40:00,3118.0,207.0,0.221,0.121,1258.888,224.2749889585788
2026-05-30 09:40:30,3125.0,182.0,0.221,0.121,1260.6701,224.20517290682258
2026-05-30 09:41:00,3136.0,176.0,0.221,0.121,1262.4435,224.77272973367556
2026-05-30 09:41:30,3117.0,197.0,0.221,0.121,1264.208,225.20176262086986
2026-05-30 09:42:00,3113.0,201.5,0.221,0.121,1265.9635,224.92636296414017
2026-05-30 09:42:30,3121.0,206.0,0.221,0.121,1267.7097,225.4622933767584
2026-05-30 09:43:00,3118.0,212.0,0.221,0.121,1269.4467,226.5626145068284
2026-05-30 09:43:30,3142.0,1122.0,0.221,0.121,1271.1743,227.3494305011255
2026-05-30 09:44:00,3161.0,146.0,0.221,0.121,1272.8923,227.00918381655578
2026-05-30 09:44:30,3180.0,179.0,0.221,0.121,1274.6006,227.43829686818177
2026-05-30 09:45:00,3186.0,229.0,0.1947,0.0947,1276.299,227.8135126528463
2026-05-30 09:45:30,3194.0,232.0,0.1947,0.0947,1277.9875,228.25684355262513
2026-05-30 09:46:00,3198.0,192.0,0.1947,0.0947,1279.6658,228.3336792352372
2026-05-30 09:46:30,3177.0,184.5,0.1947,0.0947,1281.3339,228.185969411248
2026-05-30 09:47:00,3183.0,199.0,0.1947,0.0947,1282.9916,228.9077687408381
2026-05-30 09:47:30,3195.0,209.0,0.1947,0.0947,1284.6388,228.4760832939862
2026-05-30 09:48:00,3179.0,186.0,0.1947,0.0947,1286.2753,228.5074202839082
2026-05-30 09:48:30,3167.0,161.0,0.1947,0.0947,1287.901,228.10358172266913
2026-05-30 09:49:00,3153.0,188.5,0.1947,0.0947,1289.5158,227.78893850224722
2026-05-30 09:49:30,3204.0,192.0,0.1947,0.0947,1291.1195,227.68913027236206
2026-05-30 09:50:00,3228.0,67.0,0.1947,0.0947,1292.7121,228.37345320615825
2026-05-30 09:50:30,3217.0,123.5,0.1947,0.0947,1294.2932,227.89345665935602
2026-05-30 09:51:00,3200.0,192.0,0.1947,0.0947,1295.8629,227.65335257158813
2026-05-30 09:51:30,3228.0,282.0,0.1947,0.0947,1297.421,227.96894873228766
2026-05-30 09:52:00,3239.0,246.0,0.1947,0.0947,1298.9674,228.8029443849199
2026-05-30 09:52:30,3231.0,212.0,0.1947,0.0947,1300.5018,229.18302123335027
2026-05-30 09:53:00,3249.0,219.0,0.1947,0.0947,1302.0243,229.0166262385954
2026-05-30 09:53:30,3225.0,256.0,0.1947,0.0947,1303.5345,229.53403347967745
2026-05-30 09:54:00,3261.0,276.0,0.1947,0.0947,1305.0325,229.0627837185053
2026-05-30 09:54:30,3229.0,262.0,0.1947,0.0947,1306.5181,229.8293274168702
2026-05-30 09:55:00,3257.0,225.0,0.1947,0.0947,1307.9911,229.72123733668636
2026-05-30 09:55:30,3261.0,185.0,0.1947,0.0947,1309.4514,229.9110360656672
2026-05-30 09:56:00,3241.0,196.0,0.1947,0.0947,1310.8988,229.75150601880912
2026-05-30 09:56:30,3297.0,191.0,0.1947,0.0947,1312.3333,229.48101990464514
2026-05-30 09:57:00,3260.0,222.0,0.1947,0.0947,1313.7547,229.50664021223352
2026-05-30 09:57:30,3308.0,229.0,0.1947,0.0947,1315.1628,229.32310698759295
2026-05-30 09:58:00,3259.0,236.0,0.1947,0.0947,1316.5575,229.64187348042142
2026-05-30 09:58:30,3288.0,215.5,0.1947,0.0947,1317.9388,230.54498873468808
2026-05-30 09:59:00,3302.0,246.0,0.1947,0.0947,1319.3064,230.4891189432905
2026-05-30 09:59:30,3297.5,206.0,0.1947,0.0947,1320.6601,230.58238230867693
2026-05-30 10:00:00,3293.0,276.0,0.1627,0.0626,1322.0,231.48043348936284
2026-05-30 10:00:30,3265.0,245.5,0.1627,0.0626,1323.3325,230.6456324491931
2026-05-30 10:01:00,3300.0,205.0,0.1627,0.0626,1324.6644,231.64568157489344
2026-05-30 10:01:30,3328.0,191.0,0.1627,0.0626,1325.9954,232.02289134525975
2026-05-30 10:02:00,3322.0,235.0,0.1627,0.0626,1327.3255,231.6555008089562
2026-05-30 10:02:30,3303.0,236.0,0.1627,0.0626,1328.6545,232.51623251301123
2026-05-30 10:03:00,3355.0,176.0,0.1627,0.0626,1329.9825,232.53023337026494
2026-05-30 10:03:30,3315.0,187.0,0.1627,0.0626,1331.3091,233.03681205234543
2026-05-30 10:04:00,3336.0,229.5,0.1627,0.0626,1332.6345,233.30043385037382
2026-05-30 10:04:30,3381.0,206.0,0.1627,0.0626,1333.9584,234.03841351476268
2026-05-30 10:05:00,3305.0,245.0,0.1627,0.0626,1335.2807,234.0649701606553
2026-05-30 10:05:30,3361.0,226.3333,0.1627,0.0626,1336.6014,235.03420491087977
2026-05-30 10:06:00,3365.0,226.0,0.1627,0.0626,1337.9203,234.00947762213798
2026-05-30 10:06:30,3331.0,215.0,0.1627,0.0626,1339.2373,233.29591358649046
2026-05-30 10:07:00,3370.0,206.0,0.1627,0.0626,1340.5523,233.26451924586624
2026-05-30 10:07:30,3354.0,212.0,0.1627,0.0626,1341.8653,232.58290760705668
2026-05-30 10:08:00,3386.0,209.0,0.1627,0.0626,1343.176,232.29491819965682
2026-05-30 10:08:30,3370.0,156.0,0.1627,0.0626,1344.4845,232.4135669502992
2026-05-30 10:09:00,3360.0,177.0,0.1627,0.0626,1345.7905,232.98661663042017
2026-05-30 10:09:30,3368.0,186.0,0.1627,0.0626,1347.094,233.1340918331825
2026-05-30 10:10:00,3341.0,179.0,0.1627,0.0626,1348.3949,232.46323245883158
2026-05-30 10:10:30,3385.0,172.0,0.1627,0.0626,1349.6931,232.51000658126515
2026-05-30 10:11:00,3415.0,165.0,0.1627,0.0626,1350.9884,232.5651979712924
2026-05-30 10:11:30,3445.0,187.0,0.1627,0.0626,1352.2808,232.12263127518628
2026-05-30 10:12:00,3396.0,202.0,0.1627,0.0626,1353.5702,232.3957819815495
2026-05-30 10:12:30,3409.0,187.0,0.1627,0.0626,1354.8564,232.9617898258463
2026-05-30 10:13:00,3366.0,181.0,0.1627,0.0626,1356.1393,232.8645381580157
2026-05-30 10:13:30,3413.0,192.5,0.1627,0.0626,1357.4189,232.965803182065
2026-05-30 10:14:00,3405.0,204.0,0.1627,0.0626,1358.695,232.93204014457044
2026-05-30 10:14:30,3423.0,215.5,0.1627,0.0626,1359.9675,234.15116723197792
2026-05-30 10:15:00,3433.5,188.5,0.1627,0.0626,1361.2364,234.12412987556763
2026-05-30 10:15:30,3444.0,208.5,0.1627,0.0626,1362.5014,234.11922159887757
2026-05-30 10:16:00,3432.0,215.0,0.1627,0.0626,1363.7626,234.41003888420553
2026-05-30 10:16:30,3386.0,201.0,0.1627,0.0626,1365.0197,235.06443624975483
2026-05-30 10:17:00,3429.0,215.5,0.1627,0.0626,1366.2728,234.50948766086015
2026-05-30 10:17:30,3402.0,205.5,0.1627,0.0626,1367.5216,234.0998875027765
2026-05-30 10:18:00,3393.0,196.0,0.1627,0.0626,1368.7661,233.7792301214875
2026-05-30 10:18:30,3394.0,170.0,0.1627,0.0626,1370.0062,234.3509339606628
2026-05-30 10:19:00,3431.0,205.0,0.1627,0.0626,1371.2417,234.58149260916568
2026-05-30 10:19:30,3428.0,215.0,0.1627,0.0626,1372.4726,234.067259004964
2026-05-30 10:20:00,3490.0,216.0,0.1627,0.0626,1373.6988,233.95566535614245
2026-05-30 10:20:30,3471.0,248.0,0.1627,0.0626,1374.9201,234.29365609863558
2026-05-30 10:21:00,3459.0,258.5,0.1627,0.0626,1376.1364,233.4389529600181
2026-05-30 10:21:30,3420.0,302.0,0.1627,0.0626,1377.3477,232.48675697455505
2026-05-30 10:22:00,3464.0,274.0,0.1627,0.0626,1378.5538,232.7022698144075
2026-05-30 10:22:30,3467.0,266.0,0.1627,0.0626,1379.7546,233.40877820504846
2026-05-30 10:23:00,3487.0,296.0,0.1627,0.0626,1380.9501,233.22260827393953
2026-05-30 10:23:30,3509.0,276.0,0.1627,0.0626,1382.14,232.45561041678994
2026-05-30 10:24:00,3485.0,286.0,0.1627,0.0626,1383.3244,232.07162898925534
2026-05-30 10:24:30,3489.0,280.0,0.1627,0.0626,1384.503,232.27111378144792
2026-05-30 10:25:00,3509.0,265.5,0.1627,0.0626,1385.6759,231.87808222779623
2026-05-30 10:25:30,3499.0,256.0,0.1627,0.0626,1386.8428,231.06157417664983
2026-05-30 10:26:00,3491.0,250.0,0.1627,0.0626,1388.0037,231.41264786406367
2026-05-30 10:26:30,3526.0,262.0,0.1627,0.0626,1389.1585,232.27072428495674
2026-05-30 10:27:00,3486.0,286.0,0.1627,0.0626,1390.307,232.88205619047787
2026-05-30 10:27:30,3483.0,286.0,0.1627,0.0626,1391.4492,232.52088132590535
2026-05-30 10:28:00,3481.0,270.0,0.1627,0.0626,1392.585,232.64149379535073
2026-05-30 10:28:30,3520.0,285.0,0.1627,0.0626,1393.7142,232.67347139685646
2026-05-30 10:29:00,3529.0,281.75,0.1627,0.0626,1394.8367,232.83625805491886
2026-05-30 10:29:30,3522.0,278.5,0.1627,0.0626,1395.9525,233.05786563644864
2026-05-30 10:30:00,3530.0,269.0,0.1627,0.0626,1397.0614,232.22570734193783
2026-05-30 10:30:30,3537.0,295.5,0.1627,0.0626,1398.1633,233.16213535630487
2026-05-30 10:31:00,3544.0,275.0,0.1627,0.0626,1399.2582,232.82078501698302
2026-05-30 10:31:30,3487.0,276.0,0.1627,0.0626,1400.3458,232.08353695757194
2026-05-30 10:32:00,3535.0,275.0,0.1627,0.0626,1401.4262,232.28916297529477
2026-05-30 10:32:30,3547.0,276.0,0.1627,0.0626,1402.4991,232.0265905138022
2026-05-30 10:33:00,3579.0,236.0,0.1627,0.0626,1403.5645,232.51898110604967
2026-05-30 10:33:30,3583.0,256.0,0.1627,0.0626,1404.6224,233.31466504144163
2026-05-30 10:34:00,3585.0,245.5,0.1627,0.0626,1405.6725,233.3078329879218
2026-05-30 10:34:30,3555.0,236.0,0.1627,0.0626,1406.7147,233.73905700408125
2026-05-30 10:35:00,3540.0,257.0,0.1627,0.0626,1407.7491,233.56809467805655
2026-05-30 10:35:30,3596.0,255.0,0.1627,0.0626,1408.7753,233.10425932486427
2026-05-30 10:36:00,3558.0,259.0,0.1627,0.0626,1409.7935,233.13760381233428
2026-05-30 10:36:30,3591.0,242.0,0.1627,0.0626,1410.8034,232.7769052595957
2026-05-30 10:37:00,3602.0,245.0,0.1627,0.0626,1411.8049,232.41972279742168
2026-05-30 10:37:30,3566.0,256.0,0.1627,0.0626,1412.798,232.08867956269083
2026-05-30 10:38:00,3595.0,245.5,0.1627,0.0626,1413.7825,231.67590108657762
2026-05-30 10:38:30,3596.0,250.75,0.1627,0.0626,1414.7583,232.29638105111388
2026-05-30 10:39:00,3569.0,256.0,0.1627,0.0626,1415.7253,232.5195258172774
2026-05-30 10:39:30,3620.0,246.0,0.1627,0.0626,1416.6834,232.20740350490192
2026-05-30 10:40:00,3636.0,216.0,0.1627,0.0626,1417.6326,232.34706186412092
2026-05-30 10:40:30,3629.0,196.0,0.1627,0.0626,1418.5726,231.34905750048523
2026-05-30 10:41:00,3587.0,185.0,0.1627,0.0626,1419.5034,231.22461231722596
2026-05-30 10:41:30,3635.0,176.0,0.1627,0.0626,1420.425,231.22384437886916
2026-05-30 10:42:00,3633.0,186.0,0.1627,0.0626,1421.337,231.21749600640172
2026-05-30 10:42:30,3659.0,190.0,0.1627,0.0626,1422.2396,230.89772642246842
2026-05-30 10:43:00,3636.0,156.0,0.1627,0.0626,1423.1325,230.79157270238176
2026-05-30 10:43:30,3637.0,170.0,0.1627,0.0626,1424.0157,229.68890385714624
2026-05-30 10:44:00,3666.0,55.0,0.1627,0.0626,1424.889,230.29183816778058
2026-05-30 10:44:30,3695.0,56.0,0.1627,0.0626,1425.7524,230.39728500345694
2026-05-30 10:45:00,3707.0,232.5,0.14,0.04,1426.6057,230.83199583930582
2026-05-30 10:45:30,3646.0,295.0,0.14,0.04,1427.4489,229.8857941886843
2026-05-30 10:46:00,3664.0,185.0,0.14,0.04,1428.2817,229.57340189257718
2026-05-30 10:46:30,3682.0,185.5,0.14,0.04,1429.1042,228.79733507023334
2026-05-30 10:47:00,3662.0,186.0,0.14,0.04,1429.9163,229.03155040329295
2026-05-30 10:47:30,3697.0,165.5,0.14,0.04,1430.7177,230.03603168199172
2026-05-30 10:48:00,3729.0,185.0,0.14,0.04,1431.5084,230.17650547528407
2026-05-30 10:48:30,3734.0,265.0,0.14,0.04,1432.2883,230.69163380178153
2026-05-30 10:49:00,3675.0,185.0,0.14,0.04,1433.0573,231.4395228843232
2026-05-30 10:49:30,3669.0,193.0,0.14,0.04,1433.8153,231.4799993408184
2026-05-30 10:50:00,3701.0,201.0,0.14,0.04,1434.5622,231.11633860302916
2026-05-30 10:50:30,3661.0,185.5,0.14,0.04,1435.2978,231.93197484521724
2026-05-30 10:51:00,3731.0,215.5,0.14,0.04,1436.0221,231.81828385923603
2026-05-30 10:51:30,3751.0,226.0,0.14,0.04,1436.735,232.14934090203636
2026-05-30 10:52:00,3761.0,220.5,0.14,0.04,1437.4363,232.21758867779212
2026-05-30 10:52:30,3691.0,215.0,0.14,0.04,1438.126,232.20859201975367
2026-05-30 10:53:00,3707.0,206.0,0.14,0.04,1438.8038,231.49901178612083
2026-05-30 10:53:30,3721.0,202.3333,0.14,0.04,1439.4699,230.79545888357336
2026-05-30 10:54:00,3728.0,198.6667,0.14,0.04,1440.1239,231.7142573525121
2026-05-30 10:54:30,3704.0,195.0,0.14,0.04,1440.7659,230.7315640104779
2026-05-30 10:55:00,3727.0,245.5,0.14,0.04,1441.3957,230.9896657695017
2026-05-30 10:55:30,3729.0,226.0,0.14,0.04,1442.0132,231.31158012726954
2026-05-30 10:56:00,3764.0,241.0,0.14,0.04,1442.6183,232.25115930387918
2026-05-30 10:56:30,3756.0,240.0,0.14,0.04,1443.2109,231.42145095117425
2026-05-30 10:57:00,3761.0,175.0,0.14,0.04,1443.7909,230.5328369474229
2026-05-30 10:57:30,3723.0,165.0,0.14,0.04,1444.3581,230.95506334116303
2026-05-30 10:58:00,3782.0,186.0,0.14,0.04,1444.9126,231.21055043915285
2026-05-30 10:58:30,3781.0,186.0,0.14,0.04,1445.4541,230.6709158847158
2026-05-30 10:59:00,3737.0,188.0,0.14,0.04,1445.9826,230.502096476197
2026-05-30 10:59:30,3755.0,190.0,0.14,0.04,1446.4979,230.08970032944896
2026-05-30 11:00:00,3759.0,187.75,0.13,0.03,1447.0,230.22830920925372
2026-05-30 11:00:30,3743.0,185.5,0.13,0.03,1447.4953,243.6358286814273
2026-05-30 11:01:00,3744.0,216.0,0.13,0.03,1447.9902,255.9899516645732
2026-05-30 11:01:30,3761.0,195.5,0.13,0.03,1448.4848,268.35040534717086
2026-05-30 11:02:00,3778.0,185.0,0.13,0.03,1448.9789,280.6177524420554
2026-05-30 11:02:30,3836.0,165.5,0.13,0.03,1449.4725,292.80705083596945
2026-05-30 11:03:00,3806.0,196.0,0.13,0.03,1449.9655,305.316139342848
2026-05-30 11:03:30,3820.0,195.0,0.13,0.03,1450.4578,317.50973827301016
2026-05-30 11:04:00,3795.0,196.0,0.13,0.03,1450.9495,330.2597234013974
2026-05-30 11:04:30,3811.0,216.0,0.13,0.03,1451.4403,342.5544682405212
2026-05-30 11:05:00,3827.0,206.0,0.13,0.03,1451.9303,354.9592457466961
2026-05-30 11:05:30,3819.0,210.0,0.13,0.03,1452.4194,366.78127721726463
2026-05-30 11:06:00,3843.0,205.5,0.13,0.03,1452.9075,380.07438562419026
2026-05-30 11:06:30,3851.0,158.5,0.13,0.03,1453.3946,392.76938286456976
2026-05-30 11:07:00,3838.0,175.0,0.13,0.03,1453.8806,405.37332741838543
2026-05-30 11:07:30,3853.0,155.0,0.13,0.03,1454.3654,418.68814996700945
2026-05-30 11:08:00,3807.0,175.0,0.13,0.03,1454.849,431.4266570197704
2026-05-30 11:08:30,3795.0,184.0,0.13,0.03,1455.3313,444.28556772741223
2026-05-30 11:09:00,3827.0,200.0,0.13,0.03,1455.8123,456.6432832421653
2026-05-30 11:09:30,3880.0,116.0,0.13,0.03,1456.2918,469.17340664265373
2026-05-30 11:10:00,3832.0,125.0,0.13,0.03,1456.7698,482.35585735878055
2026-05-30 11:10:30,3825.0,205.0,0.13,0.03,1457.2463,494.4393315025715
2026-05-30 11:11:00,3818.0,206.0,0.13,0.03,1457.7211,506.6357489747363
2026-05-30 11:11:30,3837.0,104.0,0.13,0.03,1458.1943,519.7816401680645
2026-05-30 11:12:00,3849.0,221.0,0.13,0.03,1458.6658,532.0290037421897
2026-05-30 11:12:30,3870.0,145.0,0.13,0.03,1459.1354,543.6899070095026
2026-05-30 11:13:00,3814.0,189.0,0.13,0.03,1459.6031,557.1058081432961
2026-05-30 11:13:30,3850.0,214.0,0.13,0.03,1460.0689,569.1141535422435
2026-05-30 11:14:00,3870.0,174.0,0.13,0.03,1460.5327,581.5715968247027
2026-05-30 11:14:30,3890.0,180.0,0.13,0.03,1460.9945,593.0721774735644
2026-05-30 11:15:00,3815.0,178.3333,0.1548,0.0548,1461.4541,606.7008102786689
2026-05-30 11:15:30,3846.0,176.6667,0.1548,0.0548,1461.9115,619.1156899661892
2026-05-30 11:16:00,3840.0,175.0,0.1548,0.0548,1462.3666,631.4013804432143
2026-05-30 11:16:30,3861.0,185.0,0.1548,0.0548,1462.8195,643.0142902971397
2026-05-30 11:17:00,3863.5,195.0,0.1548,0.0548,1463.2699,655.6030342115931
2026-05-30 11:17:30,3866.0,175.0,0.1548,0.0548,1463.7179,667.7994351604118
2026-05-30 11:18:00,3850.0,195.0,0.1548,0.0548,1464.1633,681.2367250476193
2026-05-30 11:18:30,3860.0,174.5,0.1548,0.0548,1464.6062,693.136302329977
2026-05-30 11:19:00,3864.0,185.0,0.1548,0.0548,1465.0464,705.708419270093
2026-05-30 11:19:30,3887.0,196.0,0.1548,0.0548,1465.484,717.6262605961342
2026-05-30 11:20:00,3914.0,200.0,0.1548,0.0548,1465.9187,730.0358456515461
2026-05-30 11:20:30,3912.0,195.0,0.1548,0.0548,1466.3506,742.1585837502588
2026-05-30 11:21:00,3913.0,185.0,0.1548,0.0548,1466.7796,754.8580679405615
2026-05-30 11:21:30,3872.0,246.0,0.1548,0.0548,1467.2056,768.2543664976114
2026-05-30 11:22:00,3921.0,307.0,0.1548,0.0548,1467.6286,781.1919819829931
2026-05-30 11:22:30,3915.0,224.5,0.1548,0.0548,1468.0485,794.067180714992
2026-05-30 11:23:00,3877.0,174.0,0.1548,0.0548,1468.4653,806.8399044380305
2026-05-30 11:23:30,3872.0,169.0,0.1548,0.0548,1468.8788,819.9016771103409
2026-05-30 11:24:00,3888.0,164.0,0.1548,0.0548,1469.289,832.7909667228209
2026-05-30 11:24:30,3932.0,144.0,0.1548,0.0548,1469.6958,844.4534408726142
2026-05-30 11:25:00,3926.0,174.0,0.1548,0.0548,1470.0993,856.6092282628574
2026-05-30 11:25:30,3919.0,164.0,0.1548,0.0548,1470.4992,869.4855278800791
2026-05-30 11:26:00,3886.0,175.0,0.1548,0.0548,1470.8956,881.5690206139153
2026-05-30 11:26:30,3923.0,219.0,0.1548,0.0548,1471.2884,893.9959250976588
2026-05-30 11:27:00,3933.0,184.0,0.1548,0.0548,1471.6775,906.4990160541868
2026-05-30 11:27:30,3925.0,214.0,0.1548,0.0548,1472.0629,919.2065820548676
2026-05-30 11:28:00,3904.0,184.0,0.1548,0.0548,1472.4445,930.8618763450181
2026-05-30 11:28:30,3924.0,204.0,0.1548,0.0548,1472.8222,943.68922273761
2026-05-30 11:29:00,3927.0,164.0,0.1548,0.0548,1473.1959,956.4077031780832
2026-05-30 11:29:30,3929.0,224.0,0.1548,0.0548,1473.5657,968.4202264569761
2026-05-30 11:30:00,3954.0,218.0,0.15,0.05,1473.9314,980.8811500196613
2026-05-30 11:30:30,3930.0,189.0,0.15,0.05,1474.293,1013.8737411321968
2026-05-30 11:31:00,3927.0,201.5,0.15,0.05,1474.6503,1046.7595425959385
2026-05-30 11:31:30,3936.0,214.0,0.15,0.05,1475.0035,1080.5433430878825
2026-05-30 11:32:00,3921.0,154.0,0.15,0.05,1475.3523,1114.172579065703
2026-05-30 11:32:30,3921.5,174.0,0.15,0.05,1475.6967,1147.9546547554467
2026-05-30 11:33:00,3922.0,111.0,0.15,0.05,1476.0366,1180.480629439772
2026-05-30 11:33:30,3905.0,204.0,0.15,0.05,1476.3721,1212.6381614441589
2026-05-30 11:34:00,3920.0,214.0,0.15,0.05,1476.7029,1244.8588031074262
2026-05-30 11:34:30,3935.0,274.0,0.15,0.05,1477.0292,1278.5825369895865
2026-05-30 11:35:00,3885.0,244.0,0.15,0.05,1477.3507,1312.170487393488
2026-05-30 11:35:30,3921.0,274.0,0.15,0.05,1477.6674,1344.9746411244196
2026-05-30 11:36:00,3909.0,244.0,0.15,0.05,1477.9793,1379.207818509865
2026-05-30 11:36:30,3908.0,224.0,0.15,0.05,1478.2863,1413.0693139972293
2026-05-30 11:37:00,3912.0,254.0,0.15,0.05,1478.5884,1447.394983783713
2026-05-30 11:37:30,3896.0,274.0,0.15,0.05,1478.8854,1480.5320108009316
2026-05-30 11:38:00,3974.0,254.0,0.15,0.05,1479.1773,1513.5281287182997
2026-05-30 11:38:30,3936.0,244.0,0.15,0.05,1479.464,1547.1103816705183
2026-05-30 11:39:00,3992.0,224.0,0.15,0.05,1479.7456,1579.7830934375877
2026-05-30 11:39:30,4000.0,254.0,0.15,0.05,1480.0218,1613.7560690378289
2026-05-30 11:40:00,4001.0,274.0,0.15,0.05,1480.2927,1646.9152488842003
2026-05-30 11:40:30,3983.0,245.0,0.15,0.05,1480.5582,1680.5696609338677
2026-05-30 11:41:00,3931.0,234.0,0.15,0.05,1480.8181,1713.3423380274912
2026-05-30 11:41:30,3989.0,214.0,0.15,0.05,1481.0726,1746.5384184872823
2026-05-30 11:42:00,3984.0,234.0,0.15,0.05,1481.3214,1779.9750042185703
2026-05-30 11:42:30,4029.0,284.0,0.15,0.05,1481.5646,1813.696909942946
2026-05-30 11:43:00,4032.0,204.0,0.15,0.05,1481.802,1846.1068707299055
2026-05-30 11:43:30,4000.5,205.0,0.15,0.05,1482.0336,1879.5528508225284
2026-05-30 11:44:00,3969.0,235.0,0.15,0.05,1482.2594,1912.7900381315255
2026-05-30 11:44:30,4036.0,225.0,0.15,0.05,1482.4792,1946.0394253219856
2026-05-30 11:45:00,3990.0,235.0,0.1151,0.015,1482.693,1978.802276140896
2026-05-30 11:45:30,3985.0,240.0,0.1151,0.015,1482.9008,2013.0074127665944
2026-05-30 11:46:00,3997.0,459.0,0.1151,0.015,1483.1024,2047.0264727060394
2026-05-30 11:46:30,3973.0,618.0,0.1151,0.015,1483.2979,2081.2867382052887
2026-05-30 11:47:00,3998.0,619.0,0.1151,0.015,1483.4871,2114.221761343048
2026-05-30 11:47:30,4005.0,333.0,0.1151,0.015,1483.6699,2146.94980443279
2026-05-30 11:48:00,3995.0,343.0,0.1151,0.015,1483.8464,2180.967651497357
2026-05-30 11:48:30,3985.0,350.0,0.1151,0.015,1484.0165,2214.819318441532
2026-05-30 11:49:00,4010.0,359.0,0.1151,0.015,1484.18,2247.499444888663
2026-05-30 11:49:30,4041.0,354.0,0.1151,0.015,1484.337,2280.9158349576737
2026-05-30 11:50:00,3990.0,341.0,0.1151,0.015,1484.4873,2313.6877512218575
2026-05-30 11:50:30,3974.0,342.0,0.1151,0.015,1484.6309,2346.276112740162
2026-05-30 11:51:00,4020.0,355.0,0.1151,0.015,1484.7678,2379.481593845078
2026-05-30 11:51:30,3986.0,357.0,0.1151,0.015,1484.8978,2412.292958385845
2026-05-30 11:52:00,4037.0,343.0,0.1151,0.015,1485.0209,2445.3610239445093
2026-05-30 11:52:30,3998.0,340.5,0.1151,0.015,1485.137,2478.590968159667
2026-05-30 11:53:00,4046.0,292.5,0.1151,0.015,1485.2462,2512.165496354524
2026-05-30 11:53:30,4014.0,290.0,0.1151,0.015,1485.3482,2545.8116699936973
2026-05-30 11:54:00,3980.0,285.5,0.1151,0.015,1485.4431,2578.698846006868
2026-05-30 11:54:30,4052.0,290.5,0.1151,0.015,1485.5307,2611.917170463489
2026-05-30 11:55:00,3982.0,277.0,0.1151,0.015,1485.6111,2644.9343406267267
2026-05-30 11:55:30,4046.0,281.0,0.1151,0.015,1485.6841,2677.966288104778
2026-05-30 11:56:00,4049.0,285.0,0.1151,0.015,1485.7497,2710.8912286264617
2026-05-30 11:56:30,4060.0,286.5,0.1151,0.015,1485.8079,2745.3826599410418
2026-05-30 11:57:00,3971.0,289.0,0.1151,0.015,1485.8584,2779.120851019597
2026-05-30 11:57:30,4036.0,291.0,0.1151,0.015,1485.9014,2811.986153667166
2026-05-30 11:58:00,4023.0,292.0,0.1151,0.015,1485.9367,2845.2623435696255
2026-05-30 11:58:30,4056.0,297.5,0.1151,0.015,1485.9643,2878.540181552304
2026-05-30 11:59:00,3999.0,303.0,0.1151,0.015,1485.9841,2912.6000475795986
2026-05-30 11:59:30,4054.0,313.0,0.1151,0.015,1485.996,2946.4645947546974
2026-05-30 12:00:00,3982.0,302.0,0.125,0.025,1486.0,2979.420660407744
2026-05-30 12:00:30,4030.0,289.5,0.125,0.025,1485.9942,2999.6926609836305
2026-05-30 12:01:00,4045.0,303.0,0.125,0.025,1485.9767,3019.744579210731
2026-05-30 12:01:30,4052.0,297.0,0.125,0.025,1485.9478,3040.470100887888
2026-05-30 12:02:00,4027.0,295.5,0.125,0.025,1485.9076,3062.311931359108
2026-05-30 12:02:30,4036.0,293.75,0.125,0.025,1485.8561,3083.1115094894194
2026-05-30 12:03:00,4053.0,292.0,0.125,0.025,1485.7936,3103.1986043362176
2026-05-30 12:03:30,4051.6667,299.0,0.125,0.025,1485.7201,3124.1727945294388
2026-05-30 12:04:00,4050.3333,294.0,0.125,0.025,1485.6358,3144.1812728722666
2026-05-30 12:04:30,4049.0,289.5,0.125,0.025,1485.5408,3165.425598217104
2026-05-30 12:05:00,4077.0,285.0,0.125,0.025,1485.4353,3185.758577175377
2026-05-30 12:05:30,4039.0,301.0,0.125,0.025,1485.3193,3207.256799190625
2026-05-30 12:06:00,4052.8,289.0,0.125,0.025,1485.193,3227.151907024608
2026-05-30 12:06:30,4066.6,306.0,0.125,0.025,1485.0566,3248.767052587728
2026-05-30 12:07:00,4080.4,298.0,0.125,0.025,1484.9101,3270.2211932180944
2026-05-30 12:07:30,4094.2,311.5,0.125,0.025,1484.7537,3290.0525799348075
2026-05-30 12:08:00,4108.0,307.0,0.125,0.025,1484.5876,3310.945240448615
2026-05-30 12:08:30,4104.5,297.0,0.125,0.025,1484.4118,3330.831065661464
2026-05-30 12:09:00,4101.0,289.5,0.125,0.025,1484.2264,3351.757766326072
2026-05-30 12:09:30,4098.0,294.5,0.125,0.025,1484.0317,3372.5625940897435
2026-05-30 12:10:00,4097.0,305.0,0.125,0.025,1483.8278,3392.9890984113517
2026-05-30 12:10:30,4107.0,301.5,0.125,0.025,1483.6147,3413.733801320387
2026-05-30 12:11:00,4110.0,298.5,0.125,0.025,1483.3926,3434.211769302763
2026-05-30 12:11:30,4155.0,284.0,0.125,0.025,1483.1616,3454.770002074527
2026-05-30 12:12:00,4082.0,297.0,0.125,0.025,1482.9219,3475.388405702511
2026-05-30 12:12:30,4086.0,293.0,0.125,0.025,1482.6736,3496.5307261440585
2026-05-30 12:13:00,4128.0,290.5,0.125,0.025,1482.4168,3517.1642212767847
2026-05-30 12:13:30,4095.0,309.0,0.125,0.025,1482.1517,3537.944505566168
2026-05-30 12:14:00,4090.0,294.0,0.125,0.025,1481.8783,3558.092870821246
2026-05-30 12:14:30,4096.0,298.5,0.125,0.025,1481.5969,3579.8559109738812
2026-05-30 12:15:00,4092.0,284.0,0.13,0.03,1481.3075,3600.007122360913
2026-05-30 12:15:30,4100.0,299.0,0.13,0.03,1481.0102,3619.945897979097
2026-05-30 12:16:00,4105.0,299.5,0.13,0.03,1480.7053,3640.381523690534
2026-05-30 12:16:30,4145.0,285.0,0.13,0.03,1480.3928,3662.2536878141054
2026-05-30 12:17:00,4114.0,288.5,0.13,0.03,1480.0729,3682.805530247645
2026-05-30 12:17:30,4112.0,283.0,0.13,0.03,1479.7457,3703.9125622696465
2026-05-30 12:18:00,4120.0,286.5,0.13,0.03,1479.4112,3723.635116118573
2026-05-30 12:18:30,4163.0,290.0,0.13,0.03,1479.0698,3744.1039853988486
2026-05-30 12:19:00,4136.0,302.0,0.13,0.03,1478.7214,3765.8266769387674
2026-05-30 12:19:30,4109.0,308.0,0.13,0.03,1478.3662,3786.9531535327915
2026-05-30 12:20:00,4165.0,294.0,0.13,0.03,1478.0044,3807.3051002515776
2026-05-30 12:20:30,4163.0,280.5,0.13,0.03,1477.636,3828.0459711031476
2026-05-30 12:21:00,4168.0,282.5,0.13,0.03,1477.2613,3849.34109763065
2026-05-30 12:21:30,4143.0,281.0,0.13,0.03,1476.8803,3869.4351409154656
2026-05-30 12:22:00,4163.0,292.0,0.13,0.03,1476.4931,3890.560797500703
2026-05-30 12:22:30,4131.0,291.0,0.13,0.03,1476.0999,3911.4938948412873
2026-05-30 12:23:00,4163.0,291.5,0.13,0.03,1475.7009,3931.5072945106554
2026-05-30 12:23:30,4152.0,295.0,0.13,0.03,1475.2961,3952.638288972996
2026-05-30 12:24:00,4086.0,300.5,0.13,0.03,1474.8857,3974.125445216786
2026-05-30 12:24:30,4129.0,297.5,0.13,0.03,1474.4698,3994.703870754531
2026-05-30 12:25:00,4151.0,305.5,0.13,0.03,1474.0485,4016.2171843772094
2026-05-30 12:25:30,4155.0,296.0,0.13,0.03,1473.6221,4037.5127831657437
2026-05-30 12:26:00,4100.0,292.0,0.13,0.03,1473.1905,4058.495208437537
2026-05-30 12:26:30,4104.0,304.0,0.13,0.03,1472.7539,4079.3207569229676
2026-05-30 12:27:00,4120.0,290.0,0.13,0.03,1472.3125,4099.997712612118
2026-05-30 12:27:30,4122.0,293.0,0.13,0.03,1471.8665,4120.901063653497
2026-05-30 12:28:00,4085.0,301.0,0.13,0.03,1471.4158,4141.749351717628
2026-05-30 12:28:30,4157.0,298.0,0.13,0.03,1470.9607,4162.401523977841
2026-05-30 12:29:00,4172.0,280.0,0.13,0.03,1470.5012,4183.195560273194
2026-05-30 12:29:30,4170.0,317.0,0.13,0.03,1470.0376,4204.452603957262
2026-05-30 12:30:00,4134.0,294.0,0.1254,0.0254,1469.5699,4226.172370779551
2026-05-30 12:30:30,4103.0,307.0,0.1254,0.0254,1469.0983,4226.011776598211
2026-05-30 12:31:00,4111.0,299.0,0.1254,0.0254,1468.6229,4225.9966439122445
2026-05-30 12:31:30,4095.0,312.0,0.1254,0.0254,1468.1438,4204.684631720313
2026-05-30 12:32:00,4110.0,321.0,0.1254,0.0254,1467.6612,4183.658763161644
2026-05-30 12:32:30,4061.0,338.0,0.1254,0.0254,1467.1752,4161.934996779292
2026-05-30 12:33:00,4128.0,297.0,0.1254,0.0254,1466.6859,4141.363092118691
2026-05-30 12:33:30,4066.0,307.75,0.1254,0.0254,1466.1934,4120.92151866262
2026-05-30 12:34:00,4119.0,318.5,0.1254,0.0254,1465.698,4100.789859723696
2026-05-30 12:34:30,4139.5,320.0,0.1254,0.0254,1465.1996,4079.9304965644365
2026-05-30 12:35:00,4160.0,318.0,0.1254,0.0254,1464.6985,4058.632238983549
2026-05-30 12:35:30,4135.0,311.5,0.1254,0.0254,1464.1948,4038.8750933441315
2026-05-30 12:36:00,4067.0,292.0,0.1254,0.0254,1463.6885,4017.263554995205
2026-05-30 12:36:30,4131.0,318.0,0.1254,0.0254,1463.1799,3995.453816976705
2026-05-30 12:37:00,4063.0,312.5,0.1254,0.0254,1462.6691,3974.563154373497
2026-05-30 12:37:30,4134.0,305.0,0.1254,0.0254,1462.1562,3954.2675706306086
2026-05-30 12:38:00,4065.0,304.0,0.1254,0.0254,1461.6412,3934.2670598143604
2026-05-30 12:38:30,4133.0,290.0,0.1254,0.0254,1461.1245,3912.4864578528923
2026-05-30 12:39:00,4081.0,297.5,0.1254,0.0254,1460.606,3891.6837684082648
2026-05-30 12:39:30,4080.0,316.5,0.1254,0.0254,1460.0859,3870.3643246053025
2026-05-30 12:40:00,4064.0,324.0,0.1254,0.0254,1459.5643,3849.9967952719903
2026-05-30 12:40:30,4088.0,329.0,0.1254,0.0254,1459.0415,3829.6215007883966
2026-05-30 12:41:00,4111.0,0.0,0.1254,0.0254,1458.5174,3808.5243689189747
2026-05-30 12:41:30,4085.0,323.5,0.1254,0.0254,1457.9923,3787.6910738036518
2026-05-30 12:42:00,4115.0,222.0,0.1254,0.0254,1457.4662,3766.5100161526507
2026-05-30 12:42:30,4069.0,303.0,0.1254,0.0254,1456.9393,3745.5458307076556
2026-05-30 12:43:00,4087.0,303.5,0.1254,0.0254,1456.4118,3724.708334073941
2026-05-30 12:43:30,4086.0,302.5,0.1254,0.0254,1455.8837,3704.908534073765
2026-05-30 12:44:00,4140.0,298.0,0.1254,0.0254,1455.3552,3683.6797877885756
2026-05-30 12:44:30,4143.0,460.0,0.1254,0.0254,1454.8264,3663.1548590334664
2026-05-30 12:45:00,4165.5,289.5,0.122,0.022,1454.2974,3643.035698985413
2026-05-30 12:45:30,4188.0,224.0,0.122,0.022,1453.7684,3621.8746404156395
2026-05-30 12:46:00,4157.0,294.0,0.122,0.022,1453.2395,3600.399161457665
2026-05-30 12:46:30,4150.0,296.0,0.122,0.022,1452.7109,3578.9661128793286
2026-05-30 12:47:00,4177.0,313.0,0.122,0.022,1452.1826,3558.4489205633095
2026-05-30 12:47:30,4124.0,308.0,0.122,0.022,1451.6548,3537.6349294806505
2026-05-30 12:48:00,4136.0,235.0,0.122,0.022,1451.1276,3516.33220506628
2026-05-30 12:48:30,4129.0,162.0,0.122,0.022,1450.6012,3494.82066198142
2026-05-30 12:49:00,4131.0,322.5,0.122,0.022,1450.0756,3473.6673206631726
2026-05-30 12:49:30,4087.0,313.0,0.122,0.022,1449.5511,3453.0988639241914
2026-05-30 12:50:00,4101.0,339.5,0.122,0.022,1449.0277,3432.308997525671
2026-05-30 12:50:30,4115.0,330.5,0.122,0.022,1448.5056,3411.973949586131
2026-05-30 12:51:00,4094.0,366.0,0.122,0.022,1447.9849,3390.9452186332014
2026-05-30 12:51:30,4138.0,401.0,0.122,0.022,1447.4657,3369.9570211488726
2026-05-30 12:52:00,4145.0,398.0,0.122,0.022,1446.9482,3349.2146824059337
2026-05-30 12:52:30,4137.0,391.5,0.122,0.022,1446.4324,3327.6117978601237
2026-05-30 12:53:00,4115.0,402.0,0.122,0.022,1445.9186,3306.6253238079835
2026-05-30 12:53:30,4139.0,364.0,0.122,0.022,1445.4069,3285.888055704273
2026-05-30 12:54:00,4137.0,361.0,0.122,0.022,1444.8973,3265.2491676842196
2026-05-30 12:54:30,4198.0,374.0,0.122,0.022,1444.39,3244.4434541178316
2026-05-30 12:55:00,4190.0,370.0,0.122,0.022,1443.8852,3223.845335614588
2026-05-30 12:55:30,4186.0,373.0,0.122,0.022,1443.383,3202.6211997944524
2026-05-30 12:56:00,4159.0,385.0,0.122,0.022,1442.8834,3181.851649787775
2026-05-30 12:56:30,4126.0,390.0,0.122,0.022,1442.3867,3160.0901882034113
2026-05-30 12:57:00,4164.0,386.0,0.122,0.022,1441.893,3138.609786723425
2026-05-30 12:57:30,4173.0,359.0,0.122,0.022,1441.4023,3117.365117885324
2026-05-30 12:58:00,4130.0,342.0,0.122,0.022,1440.9149,3096.2865123025904
2026-05-30 12:58:30,4140.0,357.0,0.122,0.022,1440.4308,3075.8106131447876
2026-05-30 12:59:00,4193.0,335.0,0.122,0.022,1439.9502,3055.3199893522615
2026-05-30 12:59:30,4129.0,348.0,0.122,0.022,1439.4732,3033.862547465538
2026-05-30 13:00:00,4118.0,335.0,0.151,0.051,1439.0,3012.9897544655805
2026-05-30 13:00:30,4193.0,366.5,0.151,0.051,1438.5273,2992.018212822571
2026-05-30 13:01:00,4196.0,345.0,0.151,0.051,1438.052,2971.9486523496576
2026-05-30 13:01:30,4163.0,349.5,0.151,0.051,1437.574,2938.7821472596015
2026-05-30 13:02:00,4166.0,358.0,0.151,0.051,1437.0934,2904.641797304544
2026-05-30 13:02:30,4137.0,357.0,0.151,0.051,1436.6101,2871.3055424945082
2026-05-30 13:03:00,4090.0,374.0,0.151,0.051,1436.1243,2838.834644929013
2026-05-30 13:03:30,4106.0,375.0,0.151,0.051,1435.6358,2805.838275514686
2026-05-30 13:04:00,4104.0,372.5,0.151,0.051,1435.1448,2772.1897615256653
2026-05-30 13:04:30,4076.0,312.0,0.151,0.051,1434.6512,2738.5535416683415
2026-05-30 13:05:00,4085.0,306.0,0.151,0.051,1434.1551,2705.5590581307993
2026-05-30 13:05:30,4076.5,296.5,0.151,0.051,1433.6565,2671.221831726344
2026-05-30 13:06:00,4068.0,287.0,0.151,0.051,1433.1554,2638.752767669865
2026-05-30 13:06:30,4115.0,298.0,0.151,0.051,1432.6518,2604.7475336142847
2026-05-30 13:07:00,4066.0,299.5,0.151,0.051,1432.1457,2570.7631455342666
2026-05-30 13:07:30,4115.0,334.0,0.151,0.051,1431.6372,2538.1799608962774
2026-05-30 13:08:00,4089.0,314.5,0.151,0.051,1431.1263,2504.34074944807
2026-05-30 13:08:30,4077.0,308.0,0.151,0.051,1430.6129,2470.964469232155
2026-05-30 13:09:00,4096.0,302.5,0.151,0.051,1430.0972,2437.0183668285176
2026-05-30 13:09:30,4046.0,316.5,0.151,0.051,1429.579,2403.9122343204463
2026-05-30 13:10:00,4078.0,301.0,0.151,0.051,1429.0585,2371.2877522374683
2026-05-30 13:10:30,4108.0,313.0,0.151,0.051,1428.5357,2338.71311045584
2026-05-30 13:11:00,4107.0,304.0,0.151,0.051,1428.0105,2305.8073054805905
2026-05-30 13:11:30,4083.0,320.0,0.151,0.051,1427.483,2272.7352500987913
2026-05-30 13:12:00,4061.0,308.0,0.151,0.051,1426.9532,2239.8024531538117
2026-05-30 13:12:30,4034.0,335.0,0.151,0.051,1426.4211,2206.1761508039945
2026-05-30 13:13:00,4044.0,337.0,0.151,0.051,1425.8868,2172.3612199351924
2026-05-30 13:13:30,4052.0,330.0,0.151,0.051,1425.3502,2139.1098552469293
2026-05-30 13:14:00,4064.0,331.25,0.151,0.051,1424.8114,2106.706739576276
2026-05-30 13:14:30,4056.0,332.5,0.151,0.051,1424.2704,2073.2514559051847
2026-05-30 13:15:00,4111.0,350.5,0.125,0.025,1423.7272,2039.6148806203776
2026-05-30 13:15:30,4082.0,361.0,0.125,0.025,1423.1818,2006.107028338411
2026-05-30 13:16:00,4112.0,325.5,0.125,0.025,1422.6342,1973.5477334204754
2026-05-30 13:16:30,4040.0,382.0,0.125,0.025,1422.0846,1939.9178202168698
2026-05-30 13:17:00,4131.0,390.5,0.125,0.025,1421.5327,1906.3659510592508
2026-05-30 13:17:30,4110.0,249.0,0.125,0.025,1420.9788,1872.8694214191908
2026-05-30 13:18:00,4115.0,391.0,0.125,0.025,1420.4228,1840.5656834614006
2026-05-30 13:18:30,4104.0,427.5,0.125,0.025,1419.8647,1807.5405938842264
2026-05-30 13:19:00,4098.0,466.0,0.125,0.025,1419.3046,1773.746142882454
2026-05-30 13:19:30,4058.0,323.0,0.125,0.025,1418.7424,1740.2403087458063
2026-05-30 13:20:00,4104.0,232.0,0.125,0.025,1418.1782,1707.1972858548465
2026-05-30 13:20:30,4106.0,232.0,0.125,0.025,1417.612,1673.9619465923602
2026-05-30 13:21:00,4104.0,246.5,0.125,0.025,1417.0438,1640.971827222133
2026-05-30 13:21:30,4102.0,278.0,0.125,0.025,1416.4736,1607.7266102171382
2026-05-30 13:22:00,4116.0,453.0,0.125,0.025,1415.9015,1574.2830234521994
2026-05-30 13:22:30,4174.0,421.0,0.125,0.025,1415.3274,1539.7699209363013
2026-05-30 13:23:00,4168.0,343.0,0.125,0.025,1414.7515,1506.7364612199497
2026-05-30 13:23:30,4155.0,262.0,0.125,0.025,1414.1736,1472.9325904831592
2026-05-30 13:24:00,4171.0,263.0,0.125,0.025,1413.5938,1439.1616952523848
2026-05-30 13:24:30,4170.0,270.0,0.125,0.025,1413.0122,1405.9384255802372
2026-05-30 13:25:00,4117.0,284.0,0.125,0.025,1412.4287,1372.0232214473297
2026-05-30 13:25:30,4164.0,276.0,0.125,0.025,1411.8433,1337.493688769097
2026-05-30 13:26:00,4166.0,270.0,0.125,0.025,1411.2562,1304.8378059298268
2026-05-30 13:26:30,4138.0,261.0,0.125,0.025,1410.6672,1271.4215689408406
2026-05-30 13:27:00,4155.0,277.0,0.125,0.025,1410.0765,1237.6999853275731
2026-05-30 13:27:30,4167.0,273.5,0.125,0.025,1409.484,1204.6659618076176
2026-05-30 13:28:00,4155.0,211.0,0.125,0.025,1408.8898,1171.9084236086005
2026-05-30 13:28:30,4137.0,264.0,0.125,0.025,1408.2938,1137.7823509623909
2026-05-30 13:29:00,4130.0,276.0,0.125,0.025,1407.6961,1103.7075737583546
2026-05-30 13:29:30,4100.0,317.0,0.125,0.025,1407.0967,1070.642125301401
2026-05-30 13:30:00,4109.0,285.0,0.1472,0.0472,1406.4956,1037.405428177545
2026-05-30 13:30:30,4063.0,241.0,0.1472,0.0472,1405.8929,1004.1823110284906
2026-05-30 13:31:00,4091.0,226.0,0.1472,0.0472,1405.2885,970.9719541053823
2026-05-30 13:31:30,4086.0,231.5,0.1472,0.0472,1404.6825,958.6474447160891
2026-05-30 13:32:00,4109.0,253.0,0.1472,0.0472,1404.0749,946.1996567667953
2026-05-30 13:32:30,4058.0,234.0,0.1472,0.0472,1403.4656,934.5370976126881
2026-05-30 13:33:00,4055.0,256.0,0.1472,0.0472,1402.8548,922.1544430529752
2026-05-30 13:33:30,4105.0,231.0,0.1472,0.0472,1402.2425,910.0662337989797
2026-05-30 13:34:00,4051.0,312.0,0.1472,0.0472,1401.6286,897.991652957266
2026-05-30 13:34:30,4055.0,276.25,0.1472,0.0472,1401.0131,884.5799705352151
2026-05-30 13:35:00,4020.0,240.5,0.1472,0.0472,1400.3962,872.3480474564266
2026-05-30 13:35:30,4051.0,226.0,0.1472,0.0472,1399.7777,859.5311801086555
2026-05-30 13:36:00,4047.0,248.0,0.1472,0.0472,1399.1578,847.1666535322581
2026-05-30 13:36:30,4057.0,198.0,0.1472,0.0472,1398.5364,835.7821166144536
2026-05-30 13:37:00,4067.0,266.0,0.1472,0.0472,1397.9136,823.2000781537625
2026-05-30 13:37:30,4031.0,311.0,0.1472,0.0472,1397.2894,810.5222841210355
2026-05-30 13:38:00,4047.0,264.0,0.1472,0.0472,1396.6637,797.7495396250164
2026-05-30 13:38:30,3994.0,231.0,0.1472,0.0472,1396.0367,786.3013235917343
2026-05-30 13:39:00,3983.0,256.0,0.1472,0.0472,1395.4083,774.8515594131251
2026-05-30 13:39:30,3974.0,289.0,0.1472,0.0472,1394.7785,762.8655971969218
2026-05-30 13:40:00,4002.0,274.0,0.1472,0.0472,1394.1474,750.3238326649611
2026-05-30 13:40:30,4008.0,143.0,0.1472,0.0472,1393.5149,737.0302005160084
2026-05-30 13:41:00,4070.0,249.0,0.1472,0.0472,1392.8812,725.4718790267646
2026-05-30 13:41:30,3997.0,219.0,0.1472,0.0472,1392.2462,712.7276794067322
2026-05-30 13:42:00,4038.0,210.0,0.1472,0.0472,1391.6098,700.9049463477085
2026-05-30 13:42:30,4013.0,241.0,0.1472,0.0472,1390.9723,687.8322490999493
2026-05-30 13:43:00,4052.0,227.0,0.1472,0.0472,1390.3335,676.06970815373
2026-05-30 13:43:30,4097.0,213.0,0.1472,0.0472,1389.6935,663.3880082396221
2026-05-30 13:44:00,4099.0,236.0,0.1472,0.0472,1389.0523,650.9511467479864
2026-05-30 13:44:30,4036.0,288.0,0.1472,0.0472,1388.4098,637.3721655687314
2026-05-30 13:45:00,4105.0,391.0,0.1231,0.0231,1387.7663,623.952104347229
2026-05-30 13:45:30,4095.0,436.0,0.1231,0.0231,1387.1215,611.5715353765157
2026-05-30 13:46:00,4080.5,295.0,0.1231,0.0231,1386.4757,599.9478352458717
2026-05-30 13:46:30,4066.0,242.0,0.1231,0.0231,1385.8287,587.0416261862146
2026-05-30 13:47:00,4091.0,300.0,0.1231,0.0231,1385.1806,573.9301537373202
2026-05-30 13:47:30,4136.0,280.0,0.1231,0.0231,1384.5315,561.6818452021075
2026-05-30 13:48:00,4141.0,305.0,0.1231,0.0231,1383.8812,549.6007876683265
2026-05-30 13:48:30,4061.0,274.0,0.1231,0.0231,1383.2299,536.9301656840661
2026-05-30 13:49:00,4107.0,124.0,0.1231,0.0231,1382.5776,524.4391240108899
2026-05-30 13:49:30,4132.0,352.0,0.1231,0.0231,1381.9243,512.0947406430585
2026-05-30 13:50:00,4080.0,351.0,0.1231,0.0231,1381.27,499.58319880341895
2026-05-30 13:50:30,4085.0,353.0,0.1231,0.0231,1380.6147,487.55373078001406
2026-05-30 13:51:00,4134.0,37.0,0.1231,0.0231,1379.9584,475.18937060901567
2026-05-30 13:51:30,4129.0,0.0,0.1231,0.0231,1379.3012,462.8787863067339
2026-05-30 13:52:00,4122.5,360.0,0.1231,0.0231,1378.643,449.3704072605126
2026-05-30 13:52:30,4116.0,98.0,0.1231,0.0231,1377.9839,437.87650203217675
2026-05-30 13:53:00,4063.0,290.0,0.1231,0.0231,1377.324,425.8633034005136
2026-05-30 13:53:30,4038.0,373.0,0.1231,0.0231,1376.6631,413.1758155067766
2026-05-30 13:54:00,4055.0,259.0,0.1231,0.0231,1376.0014,400.60523009164064
2026-05-30 13:54:30,4054.0,340.0,0.1231,0.0231,1375.3389,389.0957009327616
2026-05-30 13:55:00,4035.0,376.0,0.1231,0.0231,1374.6755,376.41924462078754
2026-05-30 13:55:30,4057.5,367.0,0.1231,0.0231,1374.0113,363.52530954000775
2026-05-30 13:56:00,4080.0,396.5,0.1231,0.0231,1373.3464,350.405126167651
2026-05-30 13:56:30,4095.0,510.5,0.1231,0.0231,1372.6806,338.82079091326244
2026-05-30 13:57:00,4067.0,502.0,0.1231,0.0231,1372.0141,326.3122793228988
2026-05-30 13:57:30,4073.0,214.0,0.1231,0.0231,1371.3468,314.0562998239777
2026-05-30 13:58:00,4034.0,289.5,0.1231,0.0231,1370.6788,301.8647317123549
2026-05-30 13:58:30,4045.0,208.0,0.1231,0.0231,1370.0102,289.5276665226058
2026-05-30 13:59:00,4041.0,360.0,0.1231,0.0231,1369.3408,276.7126848423437
2026-05-30 13:59:30,4032.0,250.0,0.1231,0.0231,1368.6707,264.60972314446366
2026-05-30 14:00:00,4036.0,304.0,0.119,0.019,1368.0,251.50451740177917
2026-05-30 14:00:30,4032.0,327.0,0.119,0.019,1367.3292,239.28951914180578
2026-05-30 14:01:00,4030.0,420.0,0.119,0.019,1366.6587,226.52547168865823
2026-05-30 14:01:30,4042.0,383.0,0.119,0.019,1365.9885,225.66776359726464
2026-05-30 14:02:00,4087.0,417.5,0.119,0.019,1365.3186,225.99614084552553
2026-05-30 14:02:30,4039.0,429.0,0.119,0.019,1364.6489,225.3576382212322
2026-05-30 14:03:00,4012.0,408.5,0.119,0.019,1363.9794,224.62821954286292
2026-05-30 14:03:30,4051.0,419.0,0.119,0.019,1363.3099,224.64791400598878
2026-05-30 14:04:00,4044.0,446.5,0.119,0.019,1362.6405,225.3014643430001
2026-05-30 14:04:30,4037.0,378.0,0.119,0.019,1361.9711,225.35419889328344
2026-05-30 14:05:00,3975.0,442.0,0.119,0.019,1361.3016,224.5496810012058
2026-05-30 14:05:30,4034.0,482.0,0.119,0.019,1360.632,225.18790896629608
2026-05-30 14:06:00,3984.0,522.0,0.119,0.019,1359.9623,224.84185856338487
2026-05-30 14:06:30,4002.0,281.0,0.119,0.019,1359.2923,225.19123301946425
2026-05-30 14:07:00,3971.0,420.0,0.119,0.019,1358.622,225.79058232233547
2026-05-30 14:07:30,3969.0,299.0,0.119,0.019,1357.9514,225.84359739976065
2026-05-30 14:08:00,3967.0,288.5,0.119,0.019,1357.2804,226.6293396153823
2026-05-30 14:08:30,3996.0,319.0,0.119,0.019,1356.6089,227.05272445139445
2026-05-30 14:09:00,4012.0,320.5,0.119,0.019,1355.937,227.76642040172862
2026-05-30 14:09:30,4019.0,360.8,0.119,0.019,1355.2645,227.89055724969424
2026-05-30 14:10:00,3955.0,401.1,0.119,0.019,1354.5914,227.3108974631728
2026-05-30 14:10:30,4011.0,441.4,0.119,0.019,1353.9176,226.9591856778799
2026-05-30 14:11:00,3973.0,481.7,0.119,0.019,1353.2432,227.18743436225478
2026-05-30 14:11:30,3926.0,522.0,0.119,0.019,1352.568,227.25651308255792
2026-05-30 14:12:00,3924.0,511.0,0.119,0.019,1351.8919,226.7865173135524
2026-05-30 14:12:30,3934.0,481.0,0.119,0.019,1351.215,226.8650089733692
2026-05-30 14:13:00,3967.0,537.0,0.119,0.019,1350.5372,226.42747864568312
2026-05-30 14:13:30,3904.0,309.0,0.119,0.019,1349.8583,227.0538197968225
2026-05-30 14:14:00,3920.0,417.0,0.119,0.019,1349.1785,226.3796810366435
2026-05-30 14:14:30,3959.0,466.0,0.119,0.019,1348.4976,225.83555288071662
2026-05-30 14:15:00,3962.0,435.0,0.15,0.05,1347.8155,226.3293217687083
2026-05-30 14:15:30,3814.0,482.0,0.15,0.05,1347.1322,227.0107368347498
2026-05-30 14:16:00,3768.0,457.5,0.15,0.05,1346.4477,226.29955743106606
2026-05-30 14:16:30,3903.0,472.0,0.15,0.05,1345.7618,225.74194322497706
2026-05-30 14:17:00,3911.0,350.0,0.15,0.05,1345.0747,225.8574362464371
2026-05-30 14:17:30,3897.0,544.0,0.15,0.05,1344.3861,226.6088777174927
2026-05-30 14:18:00,3906.0,502.5,0.15,0.05,1343.696,226.64466603091992
2026-05-30 14:18:30,3915.0,482.0,0.15,0.05,1343.0044,227.17029435853036
2026-05-30 14:19:00,3932.0,292.0,0.15,0.05,1342.3113,226.44932131482705
2026-05-30 14:19:30,3900.0,429.0,0.15,0.05,1341.6165,226.314928747657
2026-05-30 14:20:00,3851.0,496.0,0.15,0.05,1340.9201,225.4931254178097
2026-05-30 14:20:30,3900.0,425.0,0.15,0.05,1340.2219,225.82923668026262
2026-05-30 14:21:00,3882.0,437.0,0.15,0.05,1339.5219,224.9978610212052
2026-05-30 14:21:30,3806.0,449.0,0.15,0.05,1338.8201,225.9031707784173
2026-05-30 14:22:00,3842.0,461.0,0.15,0.05,1338.1164,225.39432281104507
2026-05-30 14:22:30,3644.0,465.0,0.15,0.05,1337.4108,226.50404909688925
2026-05-30 14:23:00,3692.5,477.0,0.15,0.05,1336.7031,227.1526380321948
2026-05-30 14:23:30,3741.0,449.0,0.15,0.05,1335.9934,226.9200688976717
2026-05-30 14:24:00,3736.0,419.0,0.15,0.05,1335.2816,226.24801002435203
2026-05-30 14:24:30,3776.0,460.5,0.15,0.05,1334.5676,226.12528618214705
2026-05-30 14:25:00,3769.0,443.0,0.15,0.05,1333.8514,226.04491168785646
2026-05-30 14:25:30,3863.0,408.0,0.15,0.05,1333.133,226.7587951086348
2026-05-30 14:26:00,3807.0,372.0,0.15,0.05,1332.4122,225.78036711745906
2026-05-30 14:26:30,3834.0,476.0,0.15,0.05,1331.689,225.87749542100298
2026-05-30 14:27:00,3817.0,346.0,0.15,0.05,1330.9634,226.47474238151386
2026-05-30 14:27:30,3852.0,312.0,0.15,0.05,1330.2353,226.3813380958565
2026-05-30 14:28:00,3917.0,275.0,0.15,0.05,1329.5047,225.70587590891162
2026-05-30 14:28:30,3906.0,386.0,0.15,0.05,1328.7715,226.84884550190796
2026-05-30 14:29:00,3874.0,307.0,0.15,0.05,1328.0356,227.55061742910192
2026-05-30 14:29:30,3824.0,304.5,0.15,0.05,1327.297,227.12778069149715
2026-05-30 14:30:00,3819.0,290.5,0.1231,0.0231,1326.5557,226.89968310336917
2026-05-30 14:30:30,3809.0,216.5,0.1231,0.0231,1325.8116,226.33475711732038
2026-05-30 14:31:00,3817.0,197.0,0.1231,0.0231,1325.0646,226.5329733308179
2026-05-30 14:31:30,3808.0,206.0,0.1231,0.0231,1324.3146,226.1670351819825
2026-05-30 14:32:00,3693.0,208.5,0.1231,0.0231,1323.5618,225.83672966544827
2026-05-30 14:32:30,3746.0,219.0,0.1231,0.0231,1322.8059,225.73194955747152
2026-05-30 14:33:00,3714.0,223.0,0.1231,0.0231,1322.0469,225.85119597179366
2026-05-30 14:33:30,3738.0,194.0,0.1231,0.0231,1321.2848,225.51778098988288
2026-05-30 14:34:00,3771.0,184.0,0.1231,0.0231,1320.5195,225.35185143728455
2026-05-30 14:34:30,3716.0,191.0,0.1231,0.0231,1319.7509,226.27882023008968
2026-05-30 14:35:00,3717.0,350.0,0.1231,0.0231,1318.9791,225.3226498743562
2026-05-30 14:35:30,3719.0,261.0,0.1231,0.0231,1318.2039,225.04252677879916
2026-05-30 14:36:00,3717.0,259.3333,0.1231,0.0231,1317.4253,225.4160556870302
2026-05-30 14:36:30,3663.0,257.6667,0.1231,0.0231,1316.6433,224.25325500281568
2026-05-30 14:37:00,3678.0,256.0,0.1231,0.0231,1315.8578,223.70079096455873
2026-05-30 14:37:30,3725.0,255.0,0.1231,0.0231,1315.0686,223.37981617216516
2026-05-30 14:38:00,3721.0,282.0,0.1231,0.0231,1314.2759,222.94710513140595
2026-05-30 14:38:30,3690.5,275.0,0.1231,0.0231,1313.4795,222.9216369810621
2026-05-30 14:39:00,3660.0,242.0,0.1231,0.0231,1312.6794,223.0108672979731
2026-05-30 14:39:30,3662.0,280.0,0.1231,0.0231,1311.8755,223.50880313611754
2026-05-30 14:40:00,3629.0,248.5,0.1231,0.0231,1311.0678,223.0704632399318
2026-05-30 14:40:30,3692.0,273.0,0.1231,0.0231,1310.2562,223.90007246958072
2026-05-30 14:41:00,3691.0,250.0,0.1231,0.0231,1309.4407,223.05594366115727
2026-05-30 14:41:30,3621.0,234.0,0.1231,0.0231,1308.6211,223.96080447859384
2026-05-30 14:42:00,3614.0,297.0,0.1231,0.0231,1307.7975,223.16001217867338
2026-05-30 14:42:30,3583.0,216.0,0.1231,0.0231,1306.9699,223.65435052781194
2026-05-30 14:43:00,3617.0,250.0,0.1231,0.0231,1306.138,223.8106327738923
2026-05-30 14:43:30,3642.0,307.0,0.1231,0.0231,1305.302,223.0987039753277
2026-05-30 14:44:00,3581.0,312.0,0.1231,0.0231,1304.4617,223.05894752321984
2026-05-30 14:44:30,3613.0,220.0,0.1231,0.0231,1303.6171,223.34147079728663
2026-05-30 14:45:00,3593.0,294.5,0.126,0.026,1302.7681,223.31242890618537
2026-05-30 14:45:30,3583.0,244.0,0.126,0.026,1301.9147,222.82983307785972
2026-05-30 14:46:00,3493.0,223.0,0.126,0.026,1301.0568,221.99248575280177
2026-05-30 14:46:30,3544.0,212.5,0.126,0.026,1300.1943,222.15689341833576
2026-05-30 14:47:00,3492.0,240.5,0.126,0.026,1299.3273,222.4191791939806
2026-05-30 14:47:30,3555.0,242.0,0.126,0.026,1298.4557,222.66018705072273
2026-05-30 14:48:00,3430.0,271.0,0.126,0.026,1297.5794,221.58870718925058
2026-05-30 14:48:30,3364.0,266.5,0.126,0.026,1296.6983,221.43329116755618
2026-05-30 14:49:00,3525.0,286.0,0.126,0.026,1295.8124,221.37896996799503
2026-05-30 14:49:30,3453.0,260.0,0.126,0.026,1294.9217,220.82181795534615
2026-05-30 14:50:00,3491.0,274.0,0.126,0.026,1294.026,220.70716900087552
2026-05-30 14:50:30,3636.0,277.0,0.126,0.026,1293.1254,219.58975257019785
2026-05-30 14:51:00,3633.0,246.0,0.126,0.026,1292.2198,219.95197404982488
2026-05-30 14:51:30,3613.0,276.0,0.126,0.026,1291.3092,220.42142854775201
2026-05-30 14:52:00,3543.0,262.5,0.126,0.026,1290.3934,221.3841174885002
2026-05-30 14:52:30,3590.0,249.0,0.126,0.026,1289.4724,221.24198669343087
2026-05-30 14:53:00,3654.0,315.0,0.126,0.026,1288.5462,221.29922741826306
2026-05-30 14:53:30,3605.0,243.0,0.126,0.026,1287.6147,221.19991224676463
2026-05-30 14:54:00,3603.5,247.5,0.126,0.026,1286.6778,221.3359554339784
2026-05-30 14:54:30,3602.0,252.0,0.126,0.026,1285.7356,220.80589550484166
2026-05-30 14:55:00,3575.0,249.0,0.126,0.026,1284.788,220.45326731135086
2026-05-30 14:55:30,3579.0,265.0,0.126,0.026,1283.8348,220.50204199031205
2026-05-30 14:56:00,3566.0,321.0,0.126,0.026,1282.8761,221.56242915910897
2026-05-30 14:56:30,3570.0,228.0,0.126,0.026,1281.9118,220.96917063524432
2026-05-30 14:57:00,3556.0,289.0,0.126,0.026,1280.9418,221.8748642181177
2026-05-30 14:57:30,3578.0,254.0,0.126,0.026,1279.9661,222.2057030432655
2026-05-30 14:58:00,3569.0,276.0,0.126,0.026,1278.9846,221.54099243113006
2026-05-30 14:58:30,3524.0,265.0,0.126,0.026,1277.9973,221.42720115481487
2026-05-30 14:59:00,3579.0,266.0,0.126,0.026,1277.0042,221.50272483940796
2026-05-30 14:59:30,3583.0,263.5,0.126,0.026,1276.0051,221.27636010716787
2026-05-30 15:00:00,3589.0,263.0,0.125,0.025,1275.0,221.88966613700657
2026-05-30 15:00:30,3450.0,240.0,0.125,0.025,1273.9856,221.8388370868889
2026-05-30 15:01:00,3435.0,244.0,0.125,0.025,1272.9587,221.3209121502992
2026-05-30 15:01:30,3372.0,182.0,0.125,0.025,1271.9194,222.36942797637238
2026-05-30 15:02:00,3379.0,273.0,0.125,0.025,1270.8679,222.24458935048236
2026-05-30 15:02:30,3411.0,212.0,0.125,0.025,1269.8042,222.2177535550479
2026-05-30 15:03:00,3419.0,232.0,0.125,0.025,1268.7286,222.0420320391026
2026-05-30 15:03:30,3410.0,291.0,0.125,0.025,1267.6412,221.46754645648232
2026-05-30 15:04:00,3379.0,229.0,0.125,0.025,1266.542,221.73887588678946
2026-05-30 15:04:30,3440.0,203.0,0.125,0.025,1265.4313,222.0052254758583
2026-05-30 15:05:00,3422.0,240.0,0.125,0.025,1264.3091,222.06024298174643
2026-05-30 15:05:30,3447.0,230.0,0.125,0.025,1263.1756,221.93489662281755
2026-05-30 15:06:00,3443.0,138.0,0.125,0.025,1262.031,222.19375316586002
2026-05-30 15:06:30,3447.0,270.0,0.125,0.025,1260.8754,221.52037345897435
2026-05-30 15:07:00,3522.0,286.0,0.125,0.025,1259.7088,221.75922380386132
2026-05-30 15:07:30,3469.0,344.0,0.125,0.025,1258.5315,221.75464314083288
2026-05-30 15:08:00,3458.0,402.0,0.125,0.025,1257.3436,221.1630758524957
2026-05-30 15:08:30,3508.0,282.0,0.125,0.025,1256.1452,220.569907890164
2026-05-30 15:09:00,3514.0,322.5,0.125,0.025,1254.9365,220.76309485519735
2026-05-30 15:09:30,3458.5,327.5,0.125,0.025,1253.7175,220.05645482634267
2026-05-30 15:10:00,3403.0,346.0,0.125,0.025,1252.4885,220.4797439925693
2026-05-30 15:10:30,3429.0,335.0,0.125,0.025,1251.2495,219.87284003177444
2026-05-30 15:11:00,3482.0,341.0,0.125,0.025,1250.0007,219.35247680525995
2026-05-30 15:11:30,3469.0,342.0,0.125,0.025,1248.7423,219.60036445109014
2026-05-30 15:12:00,3435.0,339.0,0.125,0.025,1247.4743,219.65723266162055
2026-05-30 15:12:30,3454.0,336.0,0.125,0.025,1246.1969,220.7137887376797
2026-05-30 15:13:00,3390.0,341.0,0.125,0.025,1244.9103,220.93138589934554
2026-05-30 15:13:30,3355.0,330.0,0.125,0.025,1243.6145,221.16754142837624
2026-05-30 15:14:00,3343.0,337.0,0.125,0.025,1242.3098,221.8592009536733
2026-05-30 15:14:30,3303.0,139.0,0.125,0.025,1240.9962,221.36609172588928
2026-05-30 15:15:00,3282.0,304.0,0.135,0.035,1239.6738,221.20121258533365
2026-05-30 15:15:30,3261.0,323.0,0.135,0.035,1238.3429,221.6889674964817
2026-05-30 15:16:00,3316.0,318.5,0.135,0.035,1237.0036,221.62007869012797
2026-05-30 15:16:30,3169.0,283.0,0.135,0.035,1235.6559,222.25943334921752
2026-05-30 15:17:00,3182.0,322.0,0.135,0.035,1234.3001,222.67042969372537
2026-05-30 15:17:30,3231.0,293.0,0.135,0.035,1232.9362,222.0510552500521
2026-05-30 15:18:00,3292.0,310.0,0.135,0.035,1231.5644,220.98305253298346
2026-05-30 15:18:30,3303.0,324.0,0.135,0.035,1230.1848,221.03364303028735
2026-05-30 15:19:00,3286.0,321.0,0.135,0.035,1228.7976,221.51908025858614
2026-05-30 15:19:30,3277.0,336.0,0.135,0.035,1227.4029,221.9969160890796
2026-05-30 15:20:00,3283.0,316.0,0.135,0.035,1226.0009,222.8919260040226
2026-05-30 15:20:30,3287.0,325.0,0.135,0.035,1224.5916,223.55905400233985
2026-05-30 15:21:00,3296.0,311.0,0.135,0.035,1223.1752,224.38917281017513
2026-05-30 15:21:30,3310.0,320.0,0.135,0.035,1221.7519,223.6770879924952
2026-05-30 15:22:00,3338.0,316.0,0.135,0.035,1220.3218,224.23741384056237
2026-05-30 15:22:30,3330.0,322.0,0.135,0.035,1218.8849,224.37041218864633
2026-05-30 15:23:00,3285.0,319.0,0.135,0.035,1217.4416,224.17723171293437
2026-05-30 15:23:30,3335.0,316.0,0.135,0.035,1215.9918,224.82061736047672
2026-05-30 15:24:00,3270.0,303.5,0.135,0.035,1214.5357,225.71061846565843
2026-05-30 15:24:30,3292.0,310.5,0.135,0.035,1213.0735,226.4755685037551
2026-05-30 15:25:00,3322.5,315.75,0.135,0.035,1211.6053,226.51563653529166
2026-05-30 15:25:30,3353.0,321.0,0.135,0.035,1210.1312,226.6204386471772
2026-05-30 15:26:00,1913.0,301.0,0.135,0.035,1208.6514,226.9989246706368
2026-05-30 15:26:30,2915.0,317.0,0.135,0.035,1207.166,226.04734381656337
2026-05-30 15:27:00,3339.0,301.0,0.135,0.035,1205.6751,226.43037130202683
2026-05-30 15:27:30,3347.0,251.0,0.135,0.035,1204.1789,225.7081223865439
2026-05-30 15:28:00,3190.0,246.5,0.135,0.035,1202.6775,225.9213666078165
2026-05-30 15:28:30,3157.0,263.5,0.135,0.035,1201.1711,225.46277444985984
2026-05-30 15:29:00,3165.0,259.0,0.135,0.035,1199.6597,224.80073151309185
2026-05-30 15:29:30,3130.0,258.0,0.135,0.035,1198.1435,224.61009741946273
2026-05-30 15:30:00,3243.0,272.5,0.136,0.036,1196.6227,223.923819126659
2026-05-30 15:30:30,3287.0,255.0,0.136,0.036,1195.0974,224.26689900692648
2026-05-30 15:31:00,3279.0,253.0,0.136,0.036,1193.5677,223.9618585838237
2026-05-30 15:31:30,3254.0,258.0,0.136,0.036,1192.0338,225.06744980818166
2026-05-30 15:32:00,3289.0,257.5,0.136,0.036,1190.4958,226.1702794703722
2026-05-30 15:32:30,3239.0,241.0,0.136,0.036,1188.9538,226.3707805180783
2026-05-30 15:33:00,3261.0,245.0,0.136,0.036,1187.4079,226.25129478727595
2026-05-30 15:33:30,3256.0,245.0,0.136,0.036,1185.8584,225.8518329387254
2026-05-30 15:34:00,3089.0,261.5,0.136,0.036,1184.3053,225.53562101859734
2026-05-30 15:34:30,3051.0,244.0,0.136,0.036,1182.7488,225.7418223442596
2026-05-30 15:35:00,2933.0,263.0,0.136,0.036,1181.1889,226.1747817295048
2026-05-30 15:35:30,3042.0,258.0,0.136,0.036,1179.626,226.36648849416335
2026-05-30 15:36:00,3114.0,256.0,0.136,0.036,1178.06,226.20849126389675
2026-05-30 15:36:30,3162.0,281.0,0.136,0.036,1176.4911,227.28501303610884
2026-05-30 15:37:00,3112.0,265.0,0.136,0.036,1174.9194,227.08633860754423
2026-05-30 15:37:30,3000.0,251.0,0.136,0.036,1173.3452,227.36229114511616
2026-05-30 15:38:00,3135.0,256.0,0.136,0.036,1171.7685,227.34982175520648
2026-05-30 15:38:30,3172.0,257.25,0.136,0.036,1170.1894,227.2777850877641
2026-05-30 15:39:00,3161.0,258.5,0.136,0.036,1168.6082,226.07725410789993
2026-05-30 15:39:30,2986.0,248.0,0.136,0.036,1167.0248,225.1660574438247
2026-05-30 15:40:00,3025.0,268.0,0.136,0.036,1165.4395,224.72330028499078
2026-05-30 15:40:30,3098.5,265.0,0.136,0.036,1163.8525,223.9692783524859
2026-05-30 15:41:00,3172.0,234.0,0.136,0.036,1162.2637,223.92267249831357
2026-05-30 15:41:30,3229.0,267.0,0.136,0.036,1160.6735,223.38027771076446
2026-05-30 15:42:00,3193.0,242.0,0.136,0.036,1159.0818,223.99303968467464
2026-05-30 15:42:30,3138.0,254.0,0.136,0.036,1157.4889,223.7485031548758
2026-05-30 15:43:00,3173.0,276.0,0.136,0.036,1155.8949,223.52165636462084
2026-05-30 15:43:30,3138.0,262.0,0.136,0.036,1154.2999,223.78485756323502
2026-05-30 15:44:00,3133.0,248.0,0.136,0.036,1152.704,224.6004705006181
2026-05-30 15:44:30,3165.0,257.0,0.136,0.036,1151.1074,224.71701246233243
2026-05-30 15:45:00,3199.0,264.0,0.143,0.043,1149.5103,224.50288397749722
2026-05-30 15:45:30,3167.0,262.0,0.143,0.043,1147.9127,224.73305141226749
2026-05-30 15:46:00,3187.0,263.0,0.143,0.043,1146.3148,225.2963126009836
2026-05-30 15:46:30,3093.0,264.0,0.143,0.043,1144.7167,226.00962488879165
2026-05-30 15:47:00,3106.0,272.0,0.143,0.043,1143.1186,226.54351045403922
2026-05-30 15:47:30,3081.0,271.0,0.143,0.043,1141.5206,226.5309469041148
2026-05-30 15:48:00,3073.0,267.0,0.143,0.043,1139.9228,227.4038574561288
2026-05-30 15:48:30,3122.0,281.0,0.143,0.043,1138.3254,228.34205407393927
2026-05-30 15:49:00,3085.0,267.0,0.143,0.043,1136.7285,229.09602292747715
2026-05-30 15:49:30,3165.0,273.5,0.143,0.043,1135.1323,229.1475515912685
2026-05-30 15:50:00,3100.0,275.5,0.143,0.043,1133.5368,229.7403673527111
2026-05-30 15:50:30,3086.0,270.0,0.143,0.043,1131.9422,230.54064317940274
2026-05-30 15:51:00,3089.0,273.0,0.143,0.043,1130.3487,231.0787369448878
2026-05-30 15:51:30,3053.0,259.0,0.143,0.043,1128.7564,230.00603346483902
2026-05-30 15:52:00,3127.0,277.0,0.143,0.043,1127.1654,229.29997448807234
2026-05-30 15:52:30,3039.0,275.0,0.143,0.043,1125.5759,228.65663694189988
2026-05-30 15:53:00,3075.0,259.0,0.143,0.043,1123.9879,228.8991729990686
2026-05-30 15:53:30,3089.0,269.25,0.143,0.043,1122.4017,229.78466938104918
2026-05-30 15:54:00,3028.0,279.5,0.143,0.043,1120.8174,228.89481316598628
2026-05-30 15:54:30,3054.0,264.0,0.143,0.043,1119.235,228.9105494375672
2026-05-30 15:55:00,3084.0,281.0,0.143,0.043,1117.6548,229.39633200074397
2026-05-30 15:55:30,3020.0,278.5,0.143,0.043,1116.0769,229.46870084826259
2026-05-30 15:56:00,3009.0,292.5,0.143,0.043,1114.5013,229.35232617472911
2026-05-30 15:56:30,2998.0,267.5,0.143,0.043,1112.9283,230.0015698164396
2026-05-30 15:57:00,2992.0,203.0,0.143,0.043,1111.358,229.96579402817397
2026-05-30 15:57:30,2951.0,265.0,0.143,0.043,1109.7905,230.18292229739757
2026-05-30 15:58:00,2861.0,266.5,0.143,0.043,1108.226,230.33707820731195
2026-05-30 15:58:30,2742.0,340.5,0.143,0.043,1106.6645,230.1876167569308
2026-05-30 15:59:00,2782.0,248.0,0.143,0.043,1105.1063,229.92865907977418
2026-05-30 15:59:30,2802.0,212.0,0.143,0.043,1103.5514,229.86353530976464
2026-05-30 16:00:00,2840.0,247.0,0.1621,0.0621,1102.0,229.4708151318922
2026-05-30 16:00:30,2827.0,264.0,0.1621,0.0621,1100.4496,229.53093002094587
2026-05-30 16:01:00,2850.0,251.5,0.1621,0.0621,1098.8975,230.3559328273301
2026-05-30 16:01:30,2729.0,218.0,0.1621,0.0621,1097.3437,229.87717953491727
2026-05-30 16:02:00,2752.0,237.0,0.1621,0.0621,1095.7883,229.84461695830066
2026-05-30 16:02:30,2771.0,296.0,0.1621,0.0621,1094.2311,230.39345162332174
2026-05-30 16:03:00,2838.0,223.0,0.1621,0.0621,1092.6722,230.88895044071214
2026-05-30 16:03:30,2820.0,257.0,0.1621,0.0621,1091.1117,231.1411996004842
2026-05-30 16:04:00,2705.0,258.0,0.1621,0.0621,1089.5494,230.8515746401029
2026-05-30 16:04:30,2925.0,218.0,0.1621,0.0621,1087.9853,230.68141787428996
2026-05-30 16:05:00,2942.0,247.0,0.1621,0.0621,1086.4195,230.87199272666675
2026-05-30 16:05:30,2998.0,251.0,0.1621,0.0621,1084.8519,231.05916683603436
2026-05-30 16:06:00,3069.0,228.0,0.1621,0.0621,1083.2826,231.42259175604352
2026-05-30 16:06:30,3126.0,215.0,0.1621,0.0621,1081.7115,232.43776216015024
2026-05-30 16:07:00,3072.0,231.0,0.1621,0.0621,1080.1386,232.06607492181362
2026-05-30 16:07:30,3057.0,243.0,0.1621,0.0621,1078.5638,231.88252394191193
2026-05-30 16:08:00,3095.0,249.0,0.1621,0.0621,1076.9873,232.53728667220804
2026-05-30 16:08:30,3127.0,263.0,0.1621,0.0621,1075.4089,232.90400619743983
2026-05-30 16:09:00,3099.0,238.0,0.1621,0.0621,1073.8287,232.28635347595116
2026-05-30 16:09:30,3126.0,237.0,0.1621,0.0621,1072.2467,232.5751743414419
2026-05-30 16:10:00,3065.0,236.0,0.1621,0.0621,1070.6627,231.77589524291741
2026-05-30 16:10:30,3055.0,252.0,0.1621,0.0621,1069.077,232.089153467285
2026-05-30 16:11:00,3115.0,247.0,0.1621,0.0621,1067.4893,232.40834000870174
2026-05-30 16:11:30,3108.0,226.0,0.1621,0.0621,1065.8997,232.1638228211683
2026-05-30 16:12:00,3101.0,233.0,0.1621,0.0621,1064.3082,232.3851128031494
2026-05-30 16:12:30,3074.0,265.0,0.1621,0.0621,1062.7149,231.7239233938406
2026-05-30 16:13:00,3063.0,231.0,0.1621,0.0621,1061.1195,232.53157222139055
2026-05-30 16:13:30,3041.0,241.0,0.1621,0.0621,1059.5223,231.390093154227
2026-05-30 16:14:00,3107.0,238.0,0.1621,0.0621,1057.9231,231.347820411479
2026-05-30 16:14:30,2791.0,221.0,0.1621,0.0621,1056.3219,232.05101704913594
2026-05-30 16:15:00,2736.0,265.0,0.1466,0.0466,1054.7188,231.94812320788358
2026-05-30 16:15:30,2554.0,263.0,0.1466,0.0466,1053.1137,230.77137580466143
2026-05-30 16:16:00,2693.0,254.0,0.1466,0.0466,1051.5066,231.03471592396178
2026-05-30 16:16:30,2870.0,239.5,0.1466,0.0466,1049.8975,230.4021887367045
2026-05-30 16:17:00,2991.0,265.0,0.1466,0.0466,1048.2864,229.864860253841
2026-05-30 16:17:30,2986.0,269.0,0.1466,0.0466,1046.6732,229.43617619212026
2026-05-30 16:18:00,3048.0,246.0,0.1466,0.0466,1045.058,230.14705668110946
2026-05-30 16:18:30,3075.0,244.0,0.1466,0.0466,1043.4408,229.6434551670704
2026-05-30 16:19:00,2917.0,237.0,0.1466,0.0466,1041.8215,230.16064597251895
2026-05-30 16:19:30,2981.0,294.0,0.1466,0.0466,1040.2002,229.6321542321891
2026-05-30 16:20:00,2942.0,323.0,0.1466,0.0466,1038.5768,229.04471908698176
2026-05-30 16:20:30,2940.0,313.0,0.1466,0.0466,1036.9512,228.28825365940534
2026-05-30 16:21:00,2975.0,309.0,0.1466,0.0466,1035.3236,227.39476120794527
2026-05-30 16:21:30,2889.0,293.0,0.1466,0.0466,1033.6939,227.96654277376172
2026-05-30 16:22:00,2808.0,295.0,0.1466,0.0466,1032.062,228.23955634116797
2026-05-30 16:22:30,2809.0,291.0,0.1466,0.0466,1030.4281,227.35404475242515
2026-05-30 16:23:00,2569.0,296.0,0.1466,0.0466,1028.7919,226.89848389335214
2026-05-30 16:23:30,2700.0,298.0,0.1466,0.0466,1027.1536,226.89614242243152
2026-05-30 16:24:00,2550.0,291.0,0.1466,0.0466,1025.5132,226.25433914098892
2026-05-30 16:24:30,2318.0,293.5,0.1466,0.0466,1023.8705,225.43727151478484
2026-05-30 16:25:00,2402.0,297.0,0.1466,0.0466,1022.2257,226.1785029444278
2026-05-30 16:25:30,2628.0,300.5,0.1466,0.0466,1020.5787,225.44372447622223
2026-05-30 16:26:00,2693.0,289.0,0.1466,0.0466,1018.9295,225.40046168151443
2026-05-30 16:26:30,2720.0,290.5,0.1466,0.0466,1017.278,226.4686484176172
2026-05-30 16:27:00,2784.0,284.0,0.1466,0.0466,1015.6243,225.57524132800032
2026-05-30 16:27:30,2848.0,300.5,0.1466,0.0466,1013.9684,226.52473191898073
2026-05-30 16:28:00,2860.0,315.0,0.1466,0.0466,1012.3102,226.8642734702239
2026-05-30 16:28:30,2682.0,297.0,0.1466,0.0466,1010.6498,226.73956416374276
2026-05-30 16:29:00,2674.0,289.0,0.1466,0.0466,1008.9871,226.66005048099166
2026-05-30 16:29:30,2664.0,285.5,0.1466,0.0466,1007.3221,226.52414343256274
2026-05-30 16:30:00,2580.0,270.5,0.1712,0.0712,1005.6548,227.19582289533338
2026-05-30 16:30:30,2455.0,277.0,0.1712,0.0712,1003.9852,226.9113781234461
2026-05-30 16:31:00,2643.0,297.0,0.1712,0.0712,1002.3132,226.65973489956383
2026-05-30 16:31:30,2607.0,267.5,0.1712,0.0712,1000.639,226.51217283913968
2026-05-30 16:32:00,2647.0,278.0,0.1712,0.0712,998.9624,226.0155462844925
2026-05-30 16:32:30,2634.1667,287.0,0.1712,0.0712,997.2834,225.24944164660383
2026-05-30 16:33:00,2621.3333,274.0,0.1712,0.0712,995.6021,225.52532812080634
2026-05-30 16:33:30,2608.5,295.0,0.1712,0.0712,993.9184,225.80668539825896
2026-05-30 16:34:00,2595.6667,281.0,0.1712,0.0712,992.2323,225.50715096844152
2026-05-30 16:34:30,2582.8333,263.0,0.1712,0.0712,990.5439,225.1849590269427
2026-05-30 16:35:00,2570.0,263.0,0.1712,0.0712,988.853,225.2094751671844
2026-05-30 16:35:30,2684.0,275.0,0.1712,0.0712,987.1597,224.89202976714694
2026-05-30 16:36:00,2660.0,271.5,0.1712,0.0712,985.464,224.60560668257665
2026-05-30 16:36:30,2742.0,262.0,0.1712,0.0712,983.7658,223.66330143620306
2026-05-30 16:37:00,2684.0,265.0,0.1712,0.0712,982.0652,223.69483206880975
2026-05-30 16:37:30,2680.0,254.0,0.1712,0.0712,980.3621,223.09477323101314
2026-05-30 16:38:00,2716.0,259.0,0.1712,0.0712,978.6566,223.49963049254555
2026-05-30 16:38:30,2733.0,252.0,0.1712,0.0712,976.9486,223.44114565527659
2026-05-30 16:39:00,2741.0,230.0,0.1712,0.0712,975.2381,224.65109016331536
2026-05-30 16:39:30,2697.0,195.0,0.1712,0.0712,973.525,225.47623522579354
2026-05-30 16:40:00,2728.0,190.0,0.1712,0.0712,971.8095,226.10618194014285
2026-05-30 16:40:30,2796.0,195.5,0.1712,0.0712,970.0914,226.3182734260793
2026-05-30 16:41:00,2743.0,201.0,0.1712,0.0712,968.3708,227.1272180167832
2026-05-30 16:41:30,2726.0,194.0,0.1712,0.0712,966.6477,226.67692726821863
2026-05-30 16:42:00,2729.0,193.0,0.1712,0.0712,964.922,226.98479237654422
2026-05-30 16:42:30,2721.0,187.0,0.1712,0.0712,963.1937,227.31193295860837
2026-05-30 16:43:00,2713.0,165.0,0.1712,0.0712,961.4628,227.21557620217465
2026-05-30 16:43:30,2717.0,183.0,0.1712,0.0712,959.7294,227.13887133595946
2026-05-30 16:44:00,2716.0,200.0,0.1712,0.0712,957.9933,226.5880938105192
2026-05-30 16:44:30,2720.0,185.0,0.1712,0.0712,956.2546,226.80913631359823
2026-05-30 16:45:00,2767.0,215.5,0.17,0.07,954.5134,226.94650218476198
2026-05-30 16:45:30,2769.0,197.0,0.17,0.07,952.7694,226.7028582578219
2026-05-30 16:46:00,2718.0,189.0,0.17,0.07,951.0229,227.09222743131932
2026-05-30 16:46:30,2702.0,193.0,0.17,0.07,949.2736,227.3657014804627
2026-05-30 16:47:00,2698.0,197.0,0.17,0.07,947.5217,227.4240481276058
2026-05-30 16:47:30,2673.0,204.0,0.17,0.07,945.7671,227.4784289860065
2026-05-30 16:48:00,2684.0,201.0,0.17,0.07,944.0099,226.80265979806902
2026-05-30 16:48:30,2601.0,199.0,0.17,0.07,942.2499,226.14071246719067
2026-05-30 16:49:00,2589.0,189.0,0.17,0.07,940.4872,226.28678359711694
2026-05-30 16:49:30,2559.0,202.0,0.17,0.07,938.7218,227.0691581378986
2026-05-30 16:50:00,2501.0,185.0,0.17,0.07,936.9537,226.61108441891145
2026-05-30 16:50:30,2439.0,210.0,0.17,0.07,935.1828,226.1032784465345
2026-05-30 16:51:00,2494.0,200.0,0.17,0.07,933.4091,225.74140684293496
2026-05-30 16:51:30,2439.0,195.0,0.17,0.07,931.6327,226.26275533876228
2026-05-30 16:52:00,2443.0,201.0,0.17,0.07,929.8536,226.39135232207636
2026-05-30 16:52:30,2405.0,195.0,0.17,0.07,928.0716,226.9827166078106
2026-05-30 16:53:00,2376.0,202.0,0.17,0.07,926.2868,226.22498324602105
2026-05-30 16:53:30,2356.0,186.0,0.17,0.07,924.4992,225.6348802283784
2026-05-30 16:54:00,2363.0,182.0,0.17,0.07,922.7088,225.67650820784783
2026-05-30 16:54:30,2332.0,170.0,0.17,0.07,920.9156,225.48111871547198
2026-05-30 16:55:00,2279.0,176.0,0.17,0.07,919.1195,224.836948416583
2026-05-30 16:55:30,2232.0,180.0,0.17,0.07,917.3206,225.38299858641247
2026-05-30 16:56:00,2265.0,181.5,0.17,0.07,915.5188,224.81275282978805
2026-05-30 16:56:30,2148.0,183.0,0.17,0.07,913.7141,224.48669956071163
2026-05-30 16:57:00,2143.0,188.0,0.17,0.07,911.9066,224.2458655390633
2026-05-30 16:57:30,2146.0,189.0,0.17,0.07,910.0961,223.45428654734056
2026-05-30 16:58:00,2190.0,174.0,0.17,0.07,908.2827,224.1732166451444
2026-05-30 16:58:30,2234.0,265.0,0.17,0.07,906.4665,224.16924678198018
2026-05-30 16:59:00,2260.0,195.0,0.17,0.07,904.6473,223.66392262948563
2026-05-30 16:59:30,2259.5,155.0,0.17,0.07,902.8251,223.76983542790313
2026-05-30 17:00:00,2259.0,165.0,0.2062,0.1062,901.0,224.4460445871111
2026-05-30 17:00:30,2197.0,115.0,0.2062,0.1062,899.172,224.33636006490394
2026-05-30 17:01:00,2051.0,135.0,0.2062,0.1062,897.3411,224.01744121620902
2026-05-30 17:01:30,2136.0,155.0,0.2062,0.1062,895.5074,224.00350276014012
2026-05-30 17:02:00,2069.0,195.0,0.2062,0.1062,893.6708,223.91998492825311
2026-05-30 17:02:30,2007.0,275.0,0.2062,0.1062,891.8313,223.22819574978186
2026-05-30 17:03:00,1950.0,180.0,0.2062,0.1062,889.9889,222.87037248700258
2026-05-30 17:03:30,2006.0,182.0,0.2062,0.1062,888.1437,223.4597495231719
2026-05-30 17:04:00,2030.0,225.0,0.2062,0.1062,886.2956,223.69926044946286
2026-05-30 17:04:30,2114.0,145.0,0.2062,0.1062,884.4446,223.20806037075047
2026-05-30 17:05:00,2146.0,135.0,0.2062,0.1062,882.5907,224.03915133560122
2026-05-30 17:05:30,2188.0,125.0,0.2062,0.1062,880.7339,224.0638243448465
2026-05-30 17:06:00,2185.0,75.5,0.2062,0.1062,878.8741,223.7281313089814
2026-05-30 17:06:30,2353.0,106.0,0.2062,0.1062,877.0115,223.61385166273467
2026-05-30 17:07:00,2293.0,141.5,0.2062,0.1062,875.146,223.84629555562495
2026-05-30 17:07:30,2233.0,115.0,0.2062,0.1062,873.2776,223.74977697500037
2026-05-30 17:08:00,2326.0,225.0,0.2062,0.1062,871.4062,223.1150755981749
2026-05-30 17:08:30,2384.0,189.0,0.2062,0.1062,869.5319,223.02535594587505
2026-05-30 17:09:00,2320.0,245.0,0.2062,0.1062,867.6547,223.25022673679786
2026-05-30 17:09:30,2265.0,185.0,0.2062,0.1062,865.7745,223.95853398622205
2026-05-30 17:10:00,2320.0,255.0,0.2062,0.1062,863.8914,224.14376474246822
2026-05-30 17:10:30,2292.0,188.0,0.2062,0.1062,862.0054,224.76232211539963
2026-05-30 17:11:00,2326.0,192.0,0.2062,0.1062,860.1164,224.19580412935642
2026-05-30 17:11:30,2313.0,190.5,0.2062,0.1062,858.2245,224.31319320011087
2026-05-30 17:12:00,2286.0,189.0,0.2062,0.1062,856.3296,223.95168060270322
2026-05-30 17:12:30,2284.0,184.0,0.2062,0.1062,854.4317,224.32610621843943
2026-05-30 17:13:00,2222.0,183.0,0.2062,0.1062,852.5309,223.47863295773848
2026-05-30 17:13:30,2190.0,184.0,0.2062,0.1062,850.6272,224.1205037232654
2026-05-30 17:14:00,2158.0,192.0,0.2062,0.1062,848.7204,223.8618673373657
2026-05-30 17:14:30,2137.0,199.5,0.2062,0.1062,846.8107,223.46029297880267
2026-05-30 17:15:00,2086.0,192.0,0.225,0.125,844.898,223.34421647313204
2026-05-30 17:15:30,2112.0,197.0,0.225,0.125,842.9823,224.137054417488
2026-05-30 17:16:00,2171.0,196.5,0.225,0.125,841.0636,224.08296434909568
2026-05-30 17:16:30,2173.0,196.0,0.225,0.125,839.1419,224.27651474552027
2026-05-30 17:17:00,2083.0,180.0,0.225,0.125,837.2172,225.08038782522368
2026-05-30 17:17:30,2202.0,196.0,0.225,0.125,835.2895,225.64633884166048
2026-05-30 17:18:00,2176.0,207.0,0.225,0.125,833.3588,225.55090399278706
2026-05-30 17:18:30,2173.0,173.0,0.225,0.125,831.4251,226.06326374977863
2026-05-30 17:19:00,2149.0,192.0,0.225,0.125,829.4884,225.43463455602605
2026-05-30 17:19:30,2112.0,177.0,0.225,0.125,827.5487,226.51380465932445
2026-05-30 17:20:00,2068.0,199.5,0.225,0.125,825.6059,226.86087771521503
2026-05-30 17:20:30,2056.0,155.0,0.225,0.125,823.6601,226.93938653578283
2026-05-30 17:21:00,2103.0,105.0,0.225,0.125,821.7113,227.7072285448946
2026-05-30 17:21:30,2102.0,171.0,0.225,0.125,819.7594,227.0853974630772
2026-05-30 17:22:00,2120.0,148.0,0.225,0.125,817.8045,226.54429317173907
2026-05-30 17:22:30,2043.0,161.5,0.225,0.125,815.8466,226.85657245736016
2026-05-30 17:23:00,2061.0,166.0,0.225,0.125,813.8856,227.3819968527906
2026-05-30 17:23:30,2060.0,165.0,0.225,0.125,811.9215,226.59517912652444
2026-05-30 17:24:00,2113.0,135.0,0.225,0.125,809.9544,227.3151706128437
2026-05-30 17:24:30,2054.0,175.0,0.225,0.125,807.9842,227.69924906910686
2026-05-30 17:25:00,2052.0,185.0,0.225,0.125,806.011,226.68352900409712
2026-05-30 17:25:30,2027.0,175.0,0.225,0.125,804.0346,227.650164185625
2026-05-30 17:26:00,2026.0,155.0,0.225,0.125,802.0552,227.58058918070182
2026-05-30 17:26:30,1967.0,195.0,0.225,0.125,800.0728,226.77237259639176
2026-05-30 17:27:00,1940.0,188.3333,0.225,0.125,798.0872,227.22897885221354
2026-05-30 17:27:30,1887.0,181.6667,0.225,0.125,796.0985,226.48593633590718
2026-05-30 17:28:00,1910.0,175.0,0.225,0.125,794.1068,225.82862369622185
2026-05-30 17:28:30,1946.0,185.25,0.225,0.125,792.1119,225.5994911808229
2026-05-30 17:29:00,1915.5,195.5,0.225,0.125,790.114,226.1239569909147
2026-05-30 17:29:30,1885.0,185.5,0.225,0.125,788.1129,226.5240363242054
2026-05-30 17:30:00,1852.0,207.875,0.2408,0.1408,786.1087,225.94842482459396
2026-05-30 17:30:30,1788.0,230.25,0.2408,0.1408,784.1015,225.86813674751508
2026-05-30 17:31:00,1753.0,252.625,0.2408,0.1408,782.0911,226.77183794054568
2026-05-30 17:31:30,1690.0,275.0,0.2408,0.1408,780.0775,226.21327605465575
2026-05-30 17:32:00,1672.0,255.5,0.2408,0.1408,778.0609,226.6545624331875
2026-05-30 17:32:30,1761.5,236.0,0.2408,0.1408,776.0411,226.93587472791353
2026-05-30 17:33:00,1851.0,245.0,0.2408,0.1408,774.0181,226.65178829684436
2026-05-30 17:33:30,1937.0,235.0,0.2408,0.1408,771.9921,226.5214016785678
2026-05-30 17:34:00,1906.0,245.0,0.2408,0.1408,769.9628,227.22978059016492
2026-05-30 17:34:30,1877.0,235.0,0.2408,0.1408,767.9305,226.4193144313135
2026-05-30 17:35:00,1846.0,885.0,0.2408,0.1408,765.8949,226.83490363708106
2026-05-30 17:35:30,1850.0,210.0,0.2408,0.1408,763.8563,226.4732577778259
2026-05-30 17:36:00,1822.0,230.0,0.2408,0.1408,761.8144,227.09649708246013
2026-05-30 17:36:30,1850.0,210.0,0.2408,0.1408,759.7694,227.57260673285356
2026-05-30 17:37:00,1851.0,200.0,0.2408,0.1408,757.7212,228.17554799799595
2026-05-30 17:37:30,1774.0,180.0,0.2408,0.1408,755.6698,228.6515415031173
2026-05-30 17:38:00,1764.0,170.0,0.2408,0.1408,753.6153,228.23180418081785
2026-05-30 17:38:30,1700.0,190.0,0.2408,0.1408,751.5575,227.57958678034186
2026-05-30 17:39:00,1682.0,170.0,0.2408,0.1408,749.4966,226.59962286172413
2026-05-30 17:39:30,1710.0,190.0,0.2408,0.1408,747.4325,225.8532589201983
2026-05-30 17:40:00,1769.0,210.0,0.2408,0.1408,745.3652,225.4686892307729
2026-05-30 17:40:30,1801.0,220.0,0.2408,0.1408,743.2947,225.64163445433724
2026-05-30 17:41:00,1800.0,210.0,0.2408,0.1408,741.2209,225.90882161446132
2026-05-30 17:41:30,1740.0,170.0,0.2408,0.1408,739.144,226.01440926753688
2026-05-30 17:42:00,1806.0,190.0,0.2408,0.1408,737.0639,226.21974325591904
2026-05-30 17:42:30,1785.0,200.0,0.2408,0.1408,734.9805,225.78046893989855
2026-05-30 17:43:00,1808.0,210.0,0.2408,0.1408,732.8939,225.31739238486978
2026-05-30 17:43:30,1837.0,215.0,0.2408,0.1408,730.8041,224.93199662339728
2026-05-30 17:44:00,1804.0,220.0,0.2408,0.1408,728.711,225.09929674966804
2026-05-30 17:44:30,1805.0,170.0,0.2408,0.1408,726.6147,225.20407061320853
2026-05-30 17:45:00,1806.0,180.0,0.2479,0.1479,724.5152,225.1141601151865
2026-05-30 17:45:30,1807.0,170.0,0.2479,0.1479,722.4124,225.5249661787995
2026-05-30 17:46:00,1783.0,176.0,0.2479,0.1479,720.3063,225.07124680723234
2026-05-30 17:46:30,1767.5,182.0,0.2479,0.1479,718.197,224.689186742129
2026-05-30 17:47:00,1752.0,188.0,0.2479,0.1479,716.0845,223.76392966418877
2026-05-30 17:47:30,1720.0,194.0,0.2479,0.1479,713.9687,223.32238303463208
2026-05-30 17:48:00,1725.0,200.0,0.2479,0.1479,711.8496,224.249906740325
2026-05-30 17:48:30,1715.0,190.0,0.2479,0.1479,709.7272,224.29403161149565
2026-05-30 17:49:00,1747.0,200.0,0.2479,0.1479,707.6016,223.5637841478594
2026-05-30 17:49:30,1744.0,210.0,0.2479,0.1479,705.4727,222.7647527267853
2026-05-30 17:50:00,1722.0,180.0,0.2479,0.1479,703.3405,223.56983446685086
2026-05-30 17:50:30,1748.0,170.0,0.2479,0.1479,701.205,224.0407911753723
2026-05-30 17:51:00,1693.0,110.0,0.2479,0.1479,699.0662,223.73317073557806
2026-05-30 17:51:30,1696.0,105.0,0.2479,0.1479,696.9242,223.27533428219192
2026-05-30 17:52:00,1661.0,100.0,0.2479,0.1479,694.7788,223.2634284118146
2026-05-30 17:52:30,1718.0,110.0,0.2479,0.1479,692.6301,223.0167565936516
2026-05-30 17:53:00,1707.5,120.0,0.2479,0.1479,690.4781,223.47541113930188
2026-05-30 17:53:30,1697.0,140.0,0.2479,0.1479,688.3228,223.36013570882452
2026-05-30 17:54:00,1661.0,120.0,0.2479,0.1479,686.1642,224.46187796785333
2026-05-30 17:54:30,1694.0,110.0,0.2479,0.1479,684.0022,225.21372499343332
2026-05-30 17:55:00,1695.0,130.0,0.2479,0.1479,681.8369,226.2248310968101
2026-05-30 17:55:30,1691.0,150.0,0.2479,0.1479,679.6683,225.52834080042481
2026-05-30 17:56:00,1696.0,140.0,0.2479,0.1479,677.4963,225.29451174166107
2026-05-30 17:56:30,1666.0,163.0,0.2479,0.1479,675.321,224.8860732361631
2026-05-30 17:57:00,1669.0,161.0,0.2479,0.1479,673.1424,224.99752263652894
2026-05-30 17:57:30,1604.0,162.0,0.2479,0.1479,670.9604,224.72146927182496
2026-05-30 17:58:00,1660.0,151.5,0.2479,0.1479,668.775,223.68106991580328
2026-05-30 17:58:30,1655.0,141.0,0.2479,0.1479,666.5863,223.40364456250475
2026-05-30 17:59:00,1623.0,169.0,0.2479,0.1479,664.3943,224.1734767226168
2026-05-30 17:59:30,1613.3333,147.0,0.2479,0.1479,662.1988,224.58059583690394
2026-05-30 18:00:00,1603.6667,149.5,0.2455,0.1455,660.0,224.379514214585
2026-05-30 18:00:30,1594.0,152.0,0.2455,0.1455,657.7915,224.5341195079525
2026-05-30 18:01:00,1553.0,162.0,0.2455,0.1455,655.5673,224.93418602816521
2026-05-30 18:01:30,1555.0,149.0,0.2455,0.1455,653.3277,225.4460836526082
2026-05-30 18:02:00,1552.0,157.0,0.2455,0.1455,651.0729,226.09994434440304
2026-05-30 18:02:30,1521.0,160.0,0.2455,0.1455,648.8033,226.54402557223793
2026-05-30 18:03:00,1520.0,148.0,0.2455,0.1455,646.5192,226.74126499040585
2026-05-30 18:03:30,1551.0,165.0,0.2455,0.1455,644.2209,226.29774653591602
2026-05-30 18:04:00,1491.0,160.0,0.2455,0.1455,641.9087,225.82088357172196
2026-05-30 18:04:30,1480.0,150.0,0.2455,0.1455,639.5828,225.5868231459012
2026-05-30 18:05:00,1516.0,169.0,0.2455,0.1455,637.2437,224.76029239180698
2026-05-30 18:05:30,1482.0,150.0,0.2455,0.1455,634.8915,224.4384332708975
2026-05-30 18:06:00,1479.5,162.0,0.2455,0.1455,632.5267,224.54615073929617
2026-05-30 18:06:30,1477.0,163.0,0.2455,0.1455,630.1495,224.38207893814106
2026-05-30 18:07:00,1465.0,154.0,0.2455,0.1455,627.7601,224.71325436144826
2026-05-30 18:07:30,1453.0,141.0,0.2455,0.1455,625.359,225.2895691120285
2026-05-30 18:08:00,1377.0,149.0,0.2455,0.1455,622.9465,225.87620442729465
2026-05-30 18:08:30,1384.0,155.0,0.2455,0.1455,620.5227,225.8336685759938
2026-05-30 18:09:00,1416.0,140.0,0.2455,0.1455,618.0881,226.1611162550932
2026-05-30 18:09:30,1419.0,138.0,0.2455,0.1455,615.6429,225.53876190356735
2026-05-30 18:10:00,1415.0,130.0,0.2455,0.1455,613.1874,225.64018271613972
2026-05-30 18:10:30,1365.0,145.0,0.2455,0.1455,610.722,225.14217398609415
2026-05-30 18:11:00,1432.0,124.0,0.2455,0.1455,608.2469,226.0144512447729
2026-05-30 18:11:30,1380.0,166.0,0.2455,0.1455,605.7625,225.86252807204338
2026-05-30 18:12:00,1352.0,151.0,0.2455,0.1455,603.269,226.15974074797472
2026-05-30 18:12:30,1367.0,143.0,0.2455,0.1455,600.7668,226.27395397372283
2026-05-30 18:13:00,1348.0,152.0,0.2455,0.1455,598.2561,226.10406540293496
2026-05-30 18:13:30,1363.0,156.5,0.2455,0.1455,595.7373,226.45464782599112
2026-05-30 18:14:00,1378.0,161.0,0.2455,0.1455,593.2107,225.89114857974855
2026-05-30 18:14:30,1335.0,166.0,0.2455,0.1455,590.6765,226.2838554759482
2026-05-30 18:15:00,1333.0,147.0,0.2372,0.1372,588.1351,226.79758853286052
2026-05-30 18:15:30,1341.0,143.0,0.2372,0.1372,585.5868,226.5241593690527
2026-05-30 18:16:00,1349.0,139.0,0.2372,0.1372,583.0319,226.85025787909436
2026-05-30 18:16:30,1279.0,150.0,0.2372,0.1372,580.4707,226.8290242374615
2026-05-30 18:17:00,1348.0,156.0,0.2372,0.1372,577.9034,226.0805687503097
2026-05-30 18:17:30,1287.0,179.0,0.2372,0.1372,575.3305,226.3956060801043
2026-05-30 18:18:00,1286.0,159.0,0.2372,0.1372,572.7521,226.22563206118664
2026-05-30 18:18:30,1306.0,146.0,0.2372,0.1372,570.1687,225.74506144107576
2026-05-30 18:19:00,1305.0,148.0,0.2372,0.1372,567.5804,225.44327949050785
2026-05-30 18:19:30,1311.0,146.5,0.2372,0.1372,564.9877,225.35067764797606
2026-05-30 18:20:00,1258.0,145.0,0.2372,0.1372,562.3908,225.12641565115646
2026-05-30 18:20:30,1246.0,143.5,0.2372,0.1372,559.79,225.56904843820874
2026-05-30 18:21:00,1244.0,142.0,0.2372,0.1372,557.1856,225.59257481989664
2026-05-30 18:21:30,1243.0,140.5,0.2372,0.1372,554.578,225.41839316933826
2026-05-30 18:22:00,1268.0,139.0,0.2372,0.1372,551.9674,224.89436135887289
2026-05-30 18:22:30,1287.0,144.0,0.2372,0.1372,549.3541,225.35620720638778
2026-05-30 18:23:00,1257.0,142.0,0.2372,0.1372,546.7385,225.1290175618962
2026-05-30 18:23:30,1226.0,140.0,0.2372,0.1372,544.1208,226.06224417160033
2026-05-30 18:24:00,1204.0,139.5,0.2372,0.1372,541.5014,225.56531066485252
2026-05-30 18:24:30,1212.0,139.0,0.2372,0.1372,538.8805,225.4197681586783
2026-05-30 18:25:00,1226.0,167.0,0.2372,0.1372,536.2584,225.90805750676617
2026-05-30 18:25:30,1182.0,147.0,0.2372,0.1372,533.6356,225.0810801824474
2026-05-30 18:26:00,1025.0,151.0,0.2372,0.1372,531.0121,225.07705221182988
2026-05-30 18:26:30,1023.0,156.0,0.2372,0.1372,528.3885,225.80083472948388
2026-05-30 18:27:00,1030.0,136.0,0.2372,0.1372,525.7649,225.9499657043614
2026-05-30 18:27:30,1071.0,153.0,0.2372,0.1372,523.1417,225.82927742698487
2026-05-30 18:28:00,1124.0,148.0,0.2372,0.1372,520.5192,226.1886083844464
2026-05-30 18:28:30,1164.0,157.0,0.2372,0.1372,517.8977,226.45586249040088
2026-05-30 18:29:00,1093.0,154.5,0.2372,0.1372,515.2774,226.49147017251443
2026-05-30 18:29:30,1054.0,152.0,0.2372,0.1372,512.6587,226.45885671374873
2026-05-30 18:30:00,1080.0,130.0,0.2408,0.1408,510.042,226.59161021276424
2026-05-30 18:30:30,1037.0,141.0,0.2408,0.1408,507.4274,239.30883347082408
2026-05-30 18:31:00,1021.5,138.0,0.2408,0.1408,504.8153,251.26968215207302
2026-05-30 18:31:30,1006.0,139.0,0.2408,0.1408,502.2061,263.6458739707716
2026-05-30 18:32:00,980.0,132.0,0.2408,0.1408,499.5999,276.0477824828798
2026-05-30 18:32:30,1067.0,135.0,0.2408,0.1408,496.9972,288.5028009624587
2026-05-30 18:33:00,1043.0,150.0,0.2408,0.1408,494.3982,300.989086977438
2026-05-30 18:33:30,939.0,134.0,0.2408,0.1408,491.8032,313.72523296782333
2026-05-30 18:34:00,1000.0,127.0,0.2408,0.1408,489.2125,326.2180247761219
2026-05-30 18:34:30,1017.0,143.0,0.2408,0.1408,486.6265,338.9697207126632
2026-05-30 18:35:00,993.5,127.0,0.2408,0.1408,484.0454,351.32017806471487
2026-05-30 18:35:30,970.0,150.0,0.2408,0.1408,481.4696,364.28282008427993
2026-05-30 18:36:00,910.0,125.0,0.2408,0.1408,478.8992,376.8392718570777
2026-05-30 18:36:30,970.0,149.0,0.2408,0.1408,476.3348,389.03785099204094
2026-05-30 18:37:00,939.0,126.0,0.2408,0.1408,473.7765,401.6351579115149
2026-05-30 18:37:30,897.0,137.0,0.2408,0.1408,471.2246,413.54151949419185
2026-05-30 18:38:00,894.0,131.0,0.2408,0.1408,468.6795,426.8019726971066
2026-05-30 18:38:30,841.0,130.0,0.2408,0.1408,466.1414,439.5247016755354
2026-05-30 18:39:00,821.0,132.0,0.2408,0.1408,463.6108,451.95470476346105
2026-05-30 18:39:30,898.0,133.0,0.2408,0.1408,461.0878,464.769072957927
2026-05-30 18:40:00,896.0,132.0,0.2408,0.1408,458.5727,477.40375845889974
2026-05-30 18:40:30,857.0,145.0,0.2408,0.1408,456.066,490.1348207725175
2026-05-30 18:41:00,799.0,128.0,0.2408,0.1408,453.5678,501.8414318411541
2026-05-30 18:41:30,748.0,130.0,0.2408,0.1408,451.0785,514.5456941666923
2026-05-30 18:42:00,698.0,138.0,0.2408,0.1408,448.5984,526.3542138184913
2026-05-30 18:42:30,746.0,146.0,0.2408,0.1408,446.1278,538.7695419991265
2026-05-30 18:43:00,765.0,185.0,0.2408,0.1408,443.667,552.1750784794492
2026-05-30 18:43:30,692.0,193.0,0.2408,0.1408,441.2163,564.8696361588447
2026-05-30 18:44:00,613.0,195.0,0.2408,0.1408,438.776,576.8130480181052
2026-05-30 18:44:30,537.0,195.5,0.2408,0.1408,436.3464,589.2625361981243
2026-05-30 18:45:00,533.0,196.0,0.2506,0.1506,433.9279,602.4559392040486
2026-05-30 18:45:30,487.0,189.0,0.2506,0.1506,431.5206,615.1464409093518
2026-05-30 18:46:00,496.0,178.0,0.2506,0.1506,429.125,627.8991495515821
2026-05-30 18:46:30,488.0,195.0,0.2506,0.1506,426.7413,640.2251879295777
2026-05-30 18:47:00,480.0,170.0,0.2506,0.1506,424.3698,652.9257108492955
2026-05-30 18:47:30,423.0,199.0,0.2506,0.1506,422.0109,665.3904687912126
2026-05-30 18:48:00,429.0,186.0,0.2506,0.1506,419.6648,676.7219539183883
2026-05-30 18:48:30,470.0,176.0,0.2506,0.1506,417.3318,688.7496151617148
2026-05-30 18:49:00,510.0,183.0,0.2506,0.1506,415.0123,701.6255403489488
2026-05-30 18:49:30,517.0,176.0,0.2506,0.1506,412.7065,714.4743585951682
2026-05-30 18:50:00,566.0,184.0,0.2506,0.1506,410.4148,726.7932638350885
2026-05-30 18:50:30,582.0,176.0,0.2506,0.1506,408.1374,739.3127561559221
2026-05-30 18:51:00,626.0,179.0,0.2506,0.1506,405.8748,752.2014524956613
2026-05-30 18:51:30,658.0,210.0,0.2506,0.1506,403.627,765.4277958847999
2026-05-30 18:52:00,564.0,163.0,0.2506,0.1506,401.3946,778.4478837853093
2026-05-30 18:52:30,524.0,191.0,0.2506,0.1506,399.1777,791.0199327293719
2026-05-30 18:53:00,428.0,179.0,0.2506,0.1506,396.9767,803.2357247280694
2026-05-30 18:53:30,366.0,194.0,0.2506,0.1506,394.7919,815.8563169926584
2026-05-30 18:54:00,337.0,174.0,0.2506,0.1506,392.6235,827.8046588276355
2026-05-30 18:54:30,335.0,175.0,0.2506,0.1506,390.472,840.1019312850475
2026-05-30 18:55:00,302.0,176.0,0.2506,0.1506,388.3375,852.5688156541913
2026-05-30 18:55:30,277.0,175.0,0.2506,0.1506,386.2205,865.470288797207
2026-05-30 18:56:00,285.0,187.0,0.2506,0.1506,384.1211,878.4529305876621
2026-05-30 18:56:30,281.0,177.0,0.2506,0.1506,382.0398,890.6640396887698
2026-05-30 18:57:00,302.0,188.0,0.2506,0.1506,379.9767,902.9645979539094
2026-05-30 18:57:30,281.0,186.0,0.2506,0.1506,377.9323,916.1945957623273
2026-05-30 18:58:00,283.0,189.0,0.2506,0.1506,375.9068,929.4092384201991
2026-05-30 18:58:30,285.0,188.5,0.2506,0.1506,373.9005,941.6568638484555
2026-05-30 18:59:00,330.0,188.0,0.2506,0.1506,371.9137,953.4385953353715
2026-05-30 18:59:30,312.0,202.0,0.2506,0.1506,369.9468,966.0774155353517
2026-05-30 19:00:00,279.0,191.5,0.2506,0.1506,368.0,977.8853374693247
2026-05-30 19:00:30,269.0,181.0,0.2506,0.1506,366.071,1015.7949897756783
2026-05-30 19:01:00,219.0,186.0,0.2506,0.1506,364.1573,1053.2030426613169
2026-05-30 19:01:30,215.0,196.0,0.2506,0.1506,362.2584,1089.5552525416758
2026-05-30 19:02:00,216.5,184.0,0.2506,0.1506,360.3743,1127.0674108463822
2026-05-30 19:02:30,218.0,207.0,0.2506,0.1506,358.5046,1164.9408676569585
2026-05-30 19:03:00,277.0,134.0,0.2506,0.1506,356.649,1202.3488208196654
2026-05-30 19:03:30,273.0,137.0,0.2506,0.1506,354.8074,1239.985891658618
2026-05-30 19:04:00,287.0,131.0,0.2506,0.1506,352.9795,1277.9454242666764
2026-05-30 19:04:30,301.0,134.0,0.2506,0.1506,351.1651,1316.3560611079024
2026-05-30 19:05:00,305.0,141.0,0.2506,0.1506,349.3638,1354.0361551341666
2026-05-30 19:05:30,330.0,133.0,0.2506,0.1506,347.5755,1391.8151570688995
2026-05-30 19:06:00,322.0,131.0,0.2506,0.1506,345.7998,1428.5730722350886
2026-05-30 19:06:30,356.0,138.0,0.2506,0.1506,344.0366,1465.81137491973
2026-05-30 19:07:00,374.0,107.0,0.2506,0.1506,342.2856,1502.6139937344665
2026-05-30 19:07:30,377.0,124.0,0.2506,0.1506,340.5466,1540.0392138692525
2026-05-30 19:08:00,394.0,130.0,0.2506,0.1506,338.8192,1577.1616606716232
2026-05-30 19:08:30,372.0,124.0,0.2506,0.1506,337.1033,1614.690105915148
2026-05-30 19:09:00,404.0,130.0,0.2506,0.1506,335.3986,1651.1949171441229
2026-05-30 19:09:30,337.0,120.0,0.2506,0.1506,333.7049,1689.1887587388337
2026-05-30 19:10:00,358.0,123.0,0.2506,0.1506,332.0218,1726.8410766601994
2026-05-30 19:10:30,344.0,119.0,0.2506,0.1506,330.3492,1764.8223669221081
2026-05-30 19:11:00,385.0,131.0,0.2506,0.1506,328.6868,1801.2174493951427
2026-05-30 19:11:30,349.0,129.0,0.2506,0.1506,327.0344,1838.8231552147045
2026-05-30 19:12:00,413.0,135.0,0.2506,0.1506,325.3916,1876.5029922608533
2026-05-30 19:12:30,450.0,114.0,0.2506,0.1506,323.7583,1913.1902103658442
2026-05-30 19:13:00,403.0,127.0,0.2506,0.1506,322.1343,1950.6724102857545
2026-05-30 19:13:30,456.0,140.0,0.2506,0.1506,320.5191,1987.6151852229464
2026-05-30 19:14:00,459.0,148.0,0.2506,0.1506,318.9127,2025.3285614812817
2026-05-30 19:14:30,417.0,146.0,0.2506,0.1506,317.3148,2062.766885116228
2026-05-30 19:15:00,365.0,144.0,0.2663,0.1663,315.725,2100.1681109324754
2026-05-30 19:15:30,399.0,142.0,0.2663,0.1663,314.1433,2138.27255355775
2026-05-30 19:16:00,379.0,140.0,0.2663,0.1663,312.5692,2175.4641925588408
2026-05-30 19:16:30,325.0,132.0,0.2663,0.1663,311.0026,2213.0849272899645
2026-05-30 19:17:00,345.0,122.0,0.2663,0.1663,309.4432,2250.7538965285758
2026-05-30 19:17:30,333.5,137.0,0.2663,0.1663,307.8908,2287.725278208191
2026-05-30 19:18:00,322.0,130.0,0.2663,0.1663,306.3451,2325.487252323091
2026-05-30 19:18:30,353.0,123.0,0.2663,0.1663,304.8058,2363.26049056964
2026-05-30 19:19:00,294.0,128.0,0.2663,0.1663,303.2728,2401.617898109709
2026-05-30 19:19:30,292.0,134.0,0.2663,0.1663,301.7458,2438.4493643587543
2026-05-30 19:20:00,292.5,122.0,0.2663,0.1663,300.2244,2476.3531992147273
2026-05-30 19:20:30,293.0,138.0,0.2663,0.1663,298.7086,2513.21706245386
2026-05-30 19:21:00,318.0,137.0,0.2663,0.1663,297.198,2550.084018823705
2026-05-30 19:21:30,330.0,131.0,0.2663,0.1663,295.6923,2587.4613099423077
2026-05-30 19:22:00,271.0,147.0,0.2663,0.1663,294.1914,2625.683675738668
2026-05-30 19:22:30,272.0,137.0,0.2663,0.1663,292.6949,2662.115169365413
2026-05-30 19:23:00,299.0,144.0,0.2663,0.1663,291.2027,2699.575029454644
2026-05-30 19:23:30,271.0,155.0,0.2663,0.1663,289.7144,2737.0650505296
2026-05-30 19:24:00,267.0,129.0,0.2663,0.1663,288.2299,2774.519898766558
2026-05-30 19:24:30,266.0,135.0,0.2663,0.1663,286.7488,2812.2596404673513
2026-05-30 19:25:00,265.0,129.0,0.2663,0.1663,285.271,2850.4480232490664
2026-05-30 19:25:30,271.0,140.0,0.2663,0.1663,283.7962,2888.1555122401196
2026-05-30 19:26:00,242.0,143.0,0.2663,0.1663,282.3241,2925.9236631396166
2026-05-30 19:26:30,238.0,138.0,0.2663,0.1663,280.8545,2962.4277507606043
2026-05-30 19:27:00,240.0,141.0,0.2663,0.1663,279.3871,2999.807238108045
2026-05-30 19:27:30,235.0,240.0,0.2663,0.1663,277.9217,3037.72619042518
2026-05-30 19:28:00,211.0,129.0,0.2663,0.1663,276.458,3075.6191316498557
2026-05-30 19:28:30,209.0,240.0,0.2663,0.1663,274.9958,3113.5369889856916
2026-05-30 19:29:00,208.0,230.0,0.2663,0.1663,273.5349,3150.5546888845115
2026-05-30 19:29:30,211.0,227.5,0.2663,0.1663,272.0749,3187.88934001466
2026-05-30 19:30:00,185.0,225.0,0.2841,0.1841,270.6157,3225.2678650341963
2026-05-30 19:30:30,182.0,222.5,0.2841,0.1841,269.157,3250.1843357334433
2026-05-30 19:31:00,151.0,220.0,0.2841,0.1841,267.6985,3275.450013643224
2026-05-30 19:31:30,153.0,210.0,0.2841,0.1841,266.2401,3300.2702251383985
2026-05-30 19:32:00,151.0,205.0,0.2841,0.1841,264.7813,3325.374096392731
2026-05-30 19:32:30,155.0,200.0,0.2841,0.1841,263.3221,3349.908425491521
2026-05-30 19:33:00,154.5,195.0,0.2841,0.1841,261.8621,3375.39498370815
2026-05-30 19:33:30,154.0,190.0,0.2841,0.1841,260.4011,3400.0625657867304
2026-05-30 19:34:00,156.0,186.6667,0.2841,0.1841,258.9388,3424.411354319321
2026-05-30 19:34:30,152.0,183.3333,0.2841,0.1841,257.4751,3450.002083260876
2026-05-30 19:35:00,147.0,180.0,0.2841,0.1841,256.0096,3474.6213663684734
2026-05-30 19:35:30,146.6667,176.6667,0.2841,0.1841,254.5421,3499.6335416876254
2026-05-30 19:36:00,146.3333,173.3333,0.2841,0.1841,253.0723,3524.5665318701413
2026-05-30 19:36:30,146.0,170.0,0.2841,0.1841,251.6001,3549.704106421572
2026-05-30 19:37:00,148.0,166.6667,0.2841,0.1841,250.1251,3574.701156423327
2026-05-30 19:37:30,147.0,163.3333,0.2841,0.1841,248.6471,3600.6172768376496
2026-05-30 19:38:00,117.0,160.0,0.2841,0.1841,247.1659,3625.595016017422
2026-05-30 19:38:30,86.0,155.0,0.2841,0.1841,245.6811,3650.531475018951
2026-05-30 19:39:00,85.0,150.0,0.2841,0.1841,244.1927,3676.3004698825075
2026-05-30 19:39:30,86.0,146.6667,0.2841,0.1841,242.7002,3701.211032486422
2026-05-30 19:40:00,84.0,143.3333,0.2841,0.1841,241.2035,3725.9892118288335
2026-05-30 19:40:30,86.0,140.0,0.2841,0.1841,239.7023,3751.0138609080127
2026-05-30 19:41:00,85.0,136.6667,0.2841,0.1841,238.1964,3775.71194586611
2026-05-30 19:41:30,83.0,133.3333,0.2841,0.1841,236.6855,3800.5520947237746
2026-05-30 19:42:00,86.0,130.0,0.2841,0.1841,235.1694,3826.1066802017435
2026-05-30 19:42:30,83.0,140.0,0.2841,0.1841,233.6477,3850.859581283473
2026-05-30 19:43:00,80.0,130.0,0.2841,0.1841,232.1204,3875.7323692917507
2026-05-30 19:43:30,79.0,125.0,0.2841,0.1841,230.587,3900.486889081381
2026-05-30 19:44:00,78.0,120.0,0.2841,0.1841,229.0474,3925.806845520226
2026-05-30 19:44:30,76.0,118.0,0.2841,0.1841,227.5014,3950.682308193684
2026-05-30 19:45:00,47.0,116.0,0.2905,0.1905,225.9486,3975.2579045219723
2026-05-30 19:45:30,44.0,114.0,0.2905,0.1905,224.3888,4000.3610454954737
2026-05-30 19:46:00,36.0,112.0,0.2905,0.1905,222.8218,4024.783501582907
2026-05-30 19:46:30,35.875,110.0,0.2905,0.1905,221.2473,4049.8761885805625
2026-05-30 19:47:00,35.75,106.6667,0.2905,0.1905,219.6651,4074.6211600949373
2026-05-30 19:47:30,35.625,103.3333,0.2905,0.1905,218.0749,4099.921385057476
2026-05-30 19:48:00,35.5,100.0,0.2905,0.1905,216.4765,4126.056494962109
2026-05-30 19:48:30,35.375,97.5,0.2905,0.1905,214.8696,4151.06932932399
2026-05-30 19:49:00,35.25,95.0,0.2905,0.1905,213.254,4175.725603238211
2026-05-30 19:49:30,35.125,92.5,0.2905,0.1905,211.6295,4201.162915444866
2026-05-30 19:50:00,35.0,90.0,0.2905,0.1905,209.9957,4225.681004964427
2026-05-30 19:50:30,36.0,87.5,0.2905,0.1905,208.3524,4249.917015008304
2026-05-30 19:51:00,35.0,85.0,0.2905,0.1905,206.6994,4274.806060727498
2026-05-30 19:51:30,36.0,82.5,0.2905,0.1905,205.0365,4298.945923597323
2026-05-30 19:52:00,35.0,80.0,0.2905,0.1905,203.3633,4323.185477566382
2026-05-30 19:52:30,33.0,70.0,0.2905,0.1905,201.6797,4347.74888473364
2026-05-30 19:53:00,31.0,63.3333,0.2905,0.1905,199.9853,4372.146716230517
2026-05-30 19:53:30,29.0,56.6667,0.2905,0.1905,198.28,4396.909289275631
2026-05-30 19:54:00,27.0,50.0,0.2905,0.1905,196.5635,4421.654131193244
2026-05-30 19:54:30,26.0,40.0,0.2905,0.1905,194.8355,4446.337860857307
2026-05-30 19:55:00,25.0,30.0,0.2905,0.1905,193.0958,4470.323595591532
2026-05-30 19:55:30,24.3333,129.0,0.2905,0.1905,191.3442,4495.275440241019
2026-05-30 19:56:00,23.6667,198.0,0.2905,0.1905,189.5803,4519.608286494201
2026-05-30 19:56:30,23.0,190.0,0.2905,0.1905,187.804,4544.96839896639
2026-05-30 19:57:00,22.5,180.0,0.2905,0.1905,186.015,4570.08141615563
2026-05-30 19:57:30,22.0,190.0,0.2905,0.1905,184.213,4594.509121552735
2026-05-30 19:58:00,0.0,186.6667,0.2905,0.1905,182.3978,4619.1097215308
2026-05-30 19:58:30,0.0,183.3333,0.2905,0.1905,180.5691,4645.047609156099
2026-05-30 19:59:00,0.0,180.0,0.2905,0.1905,178.7268,4670.594528214757
2026-05-30 19:59:30,0.0,190.0,0.2905,0.1905,176.8705,4695.254376117813
2026-05-30 20:00:00,0.0,185.0,0.2629,0.1629,175.0,4720.559262393852
2026-05-30 20:00:30,0.0,180.0,0.2629,0.1629,173.1172,4720.278662507819
2026-05-30 20:01:00,0.0,190.0,0.2629,0.1629,171.2242,4720.1139386456025
2026-05-30 20:01:30,0.0,185.0,0.2629,0.1629,169.3212,4695.864217280229
2026-05-30 20:02:00,0.0,180.0,0.2629,0.1629,167.4081,4670.919694849687
2026-05-30 20:02:30,0.0,185.0,0.2629,0.1629,165.4852,4645.7788105818045
2026-05-30 20:03:00,0.0,190.0,0.2629,0.1629,163.5523,4620.4850653374215
2026-05-30 20:03:30,0.0,215.0,0.2629,0.1629,161.6098,4594.998889757232
2026-05-30 20:04:00,0.0,240.0,0.2629,0.1629,159.6575,4569.800726728312
2026-05-30 20:04:30,0.0,200.0,0.2629,0.1629,157.6956,4543.584720472309
2026-05-30 20:05:00,0.0,190.0,0.2629,0.1629,155.7243,4518.04908741448
2026-05-30 20:05:30,0.0,180.0,0.2629,0.1629,153.7434,4493.377019857249
2026-05-30 20:06:00,0.0,200.0,0.2629,0.1629,151.7533,4468.953182695154
2026-05-30 20:06:30,0.0,140.0,0.2629,0.1629,149.7538,4443.416814386494
2026-05-30 20:07:00,0.0,200.0,0.2629,0.1629,147.7452,4418.4341895096795
2026-05-30 20:07:30,0.0,190.0,0.2629,0.1629,145.7275,4392.5541603155325
2026-05-30 20:08:00,0.0,186.6667,0.2629,0.1629,143.7007,4366.961002746244
2026-05-30 20:08:30,0.0,183.3333,0.2629,0.1629,141.665,4342.143799564541
2026-05-30 20:09:00,0.0,180.0,0.2629,0.1629,139.6204,4317.808019933535
2026-05-30 20:09:30,0.0,190.0,0.2629,0.1629,137.5671,4292.034569312737
2026-05-30 20:10:00,0.0,195.0,0.2629,0.1629,135.505,4267.517970339806
2026-05-30 20:10:30,0.0,200.0,0.2629,0.1629,133.4343,4242.357868329327
2026-05-30 20:11:00,0.0,205.0,0.2629,0.1629,131.3551,4217.636624864223
2026-05-30 20:11:30,0.0,210.0,0.2629,0.1629,129.2675,4191.891584429074
2026-05-30 20:12:00,0.0,190.0,0.2629,0.1629,127.1714,4166.422457037189
2026-05-30 20:12:30,0.0,186.6667,0.2629,0.1629,125.0671,4141.437573638246
2026-05-30 20:13:00,0.0,183.3333,0.2629,0.1629,122.9545,4116.890407167597
2026-05-30 20:13:30,0.0,180.0,0.2629,0.1629,120.8339,4092.2818244068453
2026-05-30 20:14:00,0.0,190.0,0.2629,0.1629,118.7051,4067.130288242422
2026-05-30 20:14:30,0.0,173.3333,0.2629,0.1629,116.5684,4041.7871771576783
2026-05-30 20:15:00,0.0,156.6667,0.2758,0.1758,114.4239,4016.9896215393883
2026-05-30 20:15:30,0.0,140.0,0.2758,0.1758,112.2715,3991.439378044821
2026-05-30 20:16:00,0.0,130.0,0.2758,0.1758,110.1114,3967.192768566535
2026-05-30 20:16:30,0.0,150.0,0.2758,0.1758,107.9437,3941.8715217839886
2026-05-30 20:17:00,0.0,140.0,0.2758,0.1758,105.7684,3917.3522930482677
2026-05-30 20:17:30,0.0,130.0,0.2758,0.1758,103.5856,3892.3151432455184
2026-05-30 20:18:00,0.0,120.0,0.2758,0.1758,101.3954,3867.3682161889938
2026-05-30 20:18:30,0.0,121.6667,0.2758,0.1758,99.1979,3842.2319142116344
2026-05-30 20:19:00,0.0,123.3333,0.2758,0.1758,96.9932,3816.2914014315156
2026-05-30 20:19:30,0.0,125.0,0.2758,0.1758,94.7813,3791.6051777111643
2026-05-30 20:20:00,0.0,126.6667,0.2758,0.1758,92.5624,3766.5975818438847
2026-05-30 20:20:30,0.0,128.3333,0.2758,0.1758,90.3365,3741.5215706299114
2026-05-30 20:21:00,0.0,130.0,0.2758,0.1758,88.1036,3716.8425923421423
2026-05-30 20:21:30,0.0,120.0,0.2758,0.1758,85.864,3691.911734293497
2026-05-30 20:22:00,0.0,130.0,0.2758,0.1758,83.6176,3666.9830100460485
2026-05-30 20:22:30,0.0,126.6667,0.2758,0.1758,81.3645,3642.514416564821
2026-05-30 20:23:00,0.0,123.3333,0.2758,0.1758,79.1049,3617.8373646333184
2026-05-30 20:23:30,0.0,120.0,0.2758,0.1758,76.8387,3591.905653682834
2026-05-30 20:24:00,0.0,130.0,0.2758,0.1758,74.5662,3567.189987151251
2026-05-30 20:24:30,0.0,125.0,0.2758,0.1758,72.2873,3542.288523456849
2026-05-30 20:25:00,0.0,120.0,0.2758,0.1758,70.0021,3516.6479659700685
2026-05-30 20:25:30,0.0,125.0,0.2758,0.1758,67.7108,3491.320508771841
2026-05-30 20:26:00,0.0,130.0,0.2758,0.1758,65.4134,3466.1334490613017
2026-05-30 20:26:30,0.0,120.0,0.2758,0.1758,63.11,3441.551620320608
2026-05-30 20:27:00,0.0,130.0,0.2758,0.1758,60.8006,3417.038726397006
2026-05-30 20:27:30,0.0,120.0,0.2758,0.1758,58.4854,3392.6580488823424
2026-05-30 20:28:00,0.0,130.0,0.2758,0.1758,56.1645,3367.552652546239
2026-05-30 20:28:30,0.0,120.0,0.2758,0.1758,53.8379,3342.769888251731
2026-05-30 20:29:00,0.0,130.0,0.2758,0.1758,51.5056,3318.571430717006
2026-05-30 20:29:30,0.0,120.0,0.2758,0.1758,49.1679,3293.4059632298495
2026-05-30 20:30:00,0.0,125.0,0.275,0.175,46.8247,3269.1248679478535
2026-05-30 20:30:30,0.0,130.0,0.275,0.175,44.4761,3244.833623469843
2026-05-30 20:31:00,0.0,120.0,0.275,0.175,42.1223,3220.2461300414598
2026-05-30 20:31:30,0.0,130.0,0.275,0.175,39.7633,3183.183941798999
2026-05-30 20:32:00,0.0,120.0,0.275,0.175,37.3991,3145.09471488345
2026-05-30 20:32:30,0.0,122.5,0.275,0.175,35.03,3108.5479078720386
2026-05-30 20:33:00,0.0,125.0,0.275,0.175,32.6559,3070.642508866731
2026-05-30 20:33:30,0.0,127.5,0.275,0.175,30.2769,3033.399197194052
2026-05-30 20:34:00,0.0,130.0,0.275,0.175,27.8931,2995.9249166073714
2026-05-30 20:34:30,0.0,120.0,0.275,0.175,25.5047,2957.529995660226
2026-05-30 20:35:00,0.0,116.6667,0.275,0.175,23.1116,2920.8393711033796
2026-05-30 20:35:30,0.0,113.3333,0.275,0.175,20.714,2884.0002592902874
2026-05-30 20:36:00,0.0,110.0,0.275,0.175,0.0,2845.7847549468675
2026-05-30 20:36:30,0.0,120.0,0.275,0.175,0.0,2808.098901414906
2026-05-30 20:37:00,0.0,110.0,0.275,0.175,0.0,2770.255372892454
2026-05-30 20:37:30,0.0,120.0,0.275,0.175,0.0,2732.2464652397775
2026-05-30 20:38:00,0.0,123.3333,0.275,0.175,0.0,2693.995045163299
2026-05-30 20:38:30,0.0,126.6667,0.275,0.175,0.0,2656.8973739121907
2026-05-30 20:39:00,0.0,130.0,0.275,0.175,0.0,2618.968694451582
2026-05-30 20:39:30,0.0,125.0,0.275,0.175,0.0,2581.1965645638456
2026-05-30 20:40:00,0.0,120.0,0.275,0.175,0.0,2543.2530805582014
2026-05-30 20:40:30,0.0,117.5,0.275,0.175,0.0,2505.383695478522
2026-05-30 20:41:00,0.0,115.0,0.275,0.175,0.0,2468.1824000385172
2026-05-30 20:41:30,0.0,112.5,0.275,0.175,0.0,2431.0527752387
2026-05-30 20:42:00,0.0,110.0,0.275,0.175,0.0,2393.5689419761225
2026-05-30 20:42:30,0.0,120.0,0.275,0.175,0.0,2356.018354761665
2026-05-30 20:43:00,0.0,118.8889,0.275,0.175,0.0,2317.7908737847015
2026-05-30 20:43:30,0.0,117.7778,0.275,0.175,0.0,2280.6335263244696
2026-05-30 20:44:00,0.0,116.6667,0.275,0.175,0.0,2243.7010774889554
2026-05-30 20:44:30,0.0,115.5556,0.275,0.175,0.0,2206.339329876288
2026-05-30 20:45:00,0.0,114.4444,0.284,0.184,0.0,2168.6448911681687
2026-05-30 20:45:30,0.0,113.3333,0.284,0.184,0.0,2130.51133856673
2026-05-30 20:46:00,0.0,112.2222,0.284,0.184,0.0,2093.289224516838
2026-05-30 20:46:30,0.0,111.1111,0.284,0.184,0.0,2055.6541192414834
2026-05-30 20:47:00,0.0,110.0,0.284,0.184,0.0,2018.7421714722673
2026-05-30 20:47:30,0.0,120.0,0.284,0.184,0.0,1980.2821143218493
2026-05-30 20:48:00,0.0,122.5,0.284,0.184,0.0,1942.520566010758
2026-05-30 20:48:30,0.0,125.0,0.284,0.184,0.0,1905.6362075544052
2026-05-30 20:49:00,0.0,127.5,0.284,0.184,0.0,1869.0756060606761
2026-05-30 20:49:30,0.0,130.0,0.284,0.184,0.0,1831.1275935581734
2026-05-30 20:50:00,0.0,120.0,0.284,0.184,0.0,1794.095687809893
2026-05-30 20:50:30,0.0,125.0,0.284,0.184,0.0,1757.486001589932
2026-05-30 20:51:00,0.0,130.0,0.284,0.184,0.0,1719.6316072834295
2026-05-30 20:51:30,0.0,120.0,0.284,0.184,0.0,1682.1074366627522
2026-05-30 20:52:00,0.0,122.3077,0.284,0.184,0.0,1644.837040503149
2026-05-30 20:52:30,0.0,124.6154,0.284,0.184,0.0,1608.0591815968653
2026-05-30 20:53:00,0.0,126.9231,0.284,0.184,0.0,1571.4079744406617
2026-05-30 20:53:30,0.0,129.2308,0.284,0.184,0.0,1533.8040125506898
2026-05-30 20:54:00,0.0,131.5385,0.284,0.184,0.0,1496.9697807022449
2026-05-30 20:54:30,0.0,133.8462,0.284,0.184,0.0,1459.6661228008388
2026-05-30 20:55:00,0.0,136.1538,0.284,0.184,0.0,1422.530260134178
2026-05-30 20:55:30,0.0,138.4615,0.284,0.184,0.0,1385.3318525889792
2026-05-30 20:56:00,0.0,140.7692,0.284,0.184,0.0,1348.3895391883586
2026-05-30 20:56:30,0.0,143.0769,0.284,0.184,0.0,1311.1594279791036
2026-05-30 20:57:00,0.0,145.3846,0.284,0.184,0.0,1272.9719601437084
2026-05-30 20:57:30,0.0,147.6923,0.284,0.184,0.0,1236.0588926675966
2026-05-30 20:58:00,0.0,150.0,0.284,0.184,0.0,1198.72805661618
2026-05-30 20:58:30,0.0,160.0,0.284,0.184,0.0,1161.2495092426655
2026-05-30 20:59:00,0.0,170.0,0.284,0.184,0.0,1123.327363093882
2026-05-30 20:59:30,0.0,190.0,0.284,0.184,0.0,1085.4589691840313
2026-05-30 21:00:00,0.0,150.0,0.29,0.19,0.0,1047.7655139100875
2026-05-30 21:00:30,0.0,155.0,0.29,0.19,0.0,1022.1158945228136
2026-05-30 21:01:00,0.0,160.0,0.29,0.19,0.0,997.3031209647058
2026-05-30 21:01:30,0.0,163.3333,0.29,0.19,0.0,997.6292515246021
2026-05-30 21:02:00,0.0,166.6667,0.29,0.19,0.0,997.5015511525038
2026-05-30 21:02:30,0.0,170.0,0.29,0.19,0.0,997.5425820236712
2026-05-30 21:03:00,0.0,150.0,0.29,0.19,0.0,997.8465819787991
2026-05-30 21:03:30,0.0,155.0,0.29,0.19,0.0,998.5656076610238
2026-05-30 21:04:00,0.0,160.0,0.29,0.19,0.0,998.9781967171604
2026-05-30 21:04:30,0.0,180.0,0.29,0.19,0.0,999.2023508439712
2026-05-30 21:05:00,0.0,170.0,0.29,0.19,0.0,999.7799300492796
2026-05-30 21:05:30,0.0,175.0,0.29,0.19,0.0,998.7728357671828
2026-05-30 21:06:00,0.0,180.0,0.29,0.19,0.0,998.0836627678104
2026-05-30 21:06:30,0.0,170.0,0.29,0.19,0.0,998.3488374865129
2026-05-30 21:07:00,0.0,165.0,0.29,0.19,0.0,998.3603365052742
2026-05-30 21:07:30,0.0,160.0,0.29,0.19,0.0,998.483430963248
2026-05-30 21:08:00,0.0,170.0,0.29,0.19,0.0,999.3171495121612
2026-05-30 21:08:30,0.0,200.0,0.29,0.19,0.0,999.9893622646886
2026-05-30 21:09:00,0.0,230.0,0.29,0.19,0.0,999.3752614942417
2026-05-30 21:09:30,0.0,220.0,0.29,0.19,0.0,1000.1806846702623
2026-05-30 21:10:00,0.0,210.0,0.29,0.19,0.0,999.9756493382993
2026-05-30 21:10:30,0.0,220.0,0.29,0.19,0.0,999.4642010507284
2026-05-30 21:11:00,0.0,210.0,0.29,0.19,0.0,999.2214069915334
2026-05-30 21:11:30,0.0,230.0,0.29,0.19,0.0,999.5045301684148
2026-05-30 21:12:00,0.0,220.0,0.29,0.19,0.0,999.6197477145954
2026-05-30 21:12:30,0.0,222.5,0.29,0.19,0.0,1000.3226315809787
2026-05-30 21:13:00,0.0,225.0,0.29,0.19,0.0,1000.2868546387366
2026-05-30 21:13:30,0.0,227.5,0.29,0.19,0.0,999.7430694889042
2026-05-30 21:14:00,0.0,230.0,0.29,0.19,0.0,1000.6936738676494
2026-05-30 21:14:30,0.0,228.0,0.29,0.19,0.0,1001.27054484856
2026-05-30 21:15:00,0.0,226.0,0.2725,0.1725,0.0,1000.651735491219
2026-05-30 21:15:30,0.0,224.0,0.2725,0.1725,0.0,1000.2432841010998
2026-05-30 21:16:00,0.0,222.0,0.2725,0.1725,0.0,1000.015573378187
2026-05-30 21:16:30,0.0,220.0,0.2725,0.1725,0.0,999.8065676687755
2026-05-30 21:17:00,0.0,230.0,0.2725,0.1725,0.0,999.0138210676645
2026-05-30 21:17:30,0.0,220.0,0.2725,0.1725,0.0,999.2821594826402
2026-05-30 21:18:00,0.0,230.0,0.2725,0.1725,0.0,999.0281453606577
2026-05-30 21:18:30,0.0,228.0,0.2725,0.1725,0.0,999.1132169067902
2026-05-30 21:19:00,0.0,226.0,0.2725,0.1725,0.0,999.5800138321295
2026-05-30 21:19:30,0.0,224.0,0.2725,0.1725,0.0,999.3431047018635
2026-05-30 21:20:00,0.0,222.0,0.2725,0.1725,0.0,998.9392106657111
2026-05-30 21:20:30,0.0,220.0,0.2725,0.1725,0.0,999.694166132445
2026-05-30 21:21:00,0.0,222.0,0.2725,0.1725,0.0,1000.0612321325626
2026-05-30 21:21:30,0.0,224.0,0.2725,0.1725,0.0,1000.0470118506954
2026-05-30 21:22:00,0.0,226.0,0.2725,0.1725,0.0,1000.1284690091469
2026-05-30 21:22:30,0.0,228.0,0.2725,0.1725,0.0,1000.0640645145779
2026-05-30 21:23:00,0.0,230.0,0.2725,0.1725,0.0,999.4669837847106
2026-05-30 21:23:30,0.0,220.0,0.2725,0.1725,0.0,1000.2303055010742
2026-05-30 21:24:00,0.0,230.0,0.2725,0.1725,0.0,999.7122208875887
2026-05-30 21:24:30,0.0,240.0,0.2725,0.1725,0.0,999.5298519847272
2026-05-30 21:25:00,0.0,245.0,0.2725,0.1725,0.0,999.7989494960873
2026-05-30 21:25:30,0.0,250.0,0.2725,0.1725,0.0,1000.0389036795241
2026-05-30 21:26:00,0.0,240.0,0.2725,0.1725,0.0,999.5956959157465
2026-05-30 21:26:30,0.0,245.0,0.2725,0.1725,0.0,999.1427684154146
2026-05-30 21:27:00,0.0,250.0,0.2725,0.1725,0.0,998.3800089556407
2026-05-30 21:27:30,0.0,240.0,0.2725,0.1725,0.0,997.4069412917129
2026-05-30 21:28:00,0.0,215.0,0.2725,0.1725,0.0,997.6905838341978
2026-05-30 21:28:30,0.0,190.0,0.2725,0.1725,0.0,997.0716094513097
2026-05-30 21:29:00,0.0,185.0,0.2725,0.1725,0.0,996.3313817706753
2026-05-30 21:29:30,0.0,180.0,0.2725,0.1725,0.0,996.6065321743464
2026-05-30 21:30:00,0.0,183.3333,0.2837,0.1837,0.0,995.9818740138537
2026-05-30 21:30:30,0.0,186.6667,0.2837,0.1837,0.0,995.1531458607574
2026-05-30 21:31:00,0.0,190.0,0.2837,0.1837,0.0,994.1838581468079
2026-05-30 21:31:30,0.0,180.0,0.2837,0.1837,0.0,1006.2100535852016
2026-05-30 21:32:00,0.0,160.0,0.2837,0.1837,0.0,1018.7007049243256
2026-05-30 21:32:30,0.0,165.0,0.2837,0.1837,0.0,1031.3933939000553
2026-05-30 21:33:00,0.0,170.0,0.2837,0.1837,0.0,1043.4427057125522
2026-05-30 21:33:30,0.0,160.0,0.2837,0.1837,0.0,1056.2104777098425
2026-05-30 21:34:00,0.0,150.0,0.2837,0.1837,0.0,1068.3690643133798
2026-05-30 21:34:30,0.0,190.0,0.2837,0.1837,0.0,1081.2940970680133
2026-05-30 21:35:00,0.0,230.0,0.2837,0.1837,0.0,1093.758361045406
2026-05-30 21:35:30,0.0,170.0,0.2837,0.1837,0.0,1105.4349509091269
2026-05-30 21:36:00,0.0,210.0,0.2837,0.1837,0.0,1118.553165350263
2026-05-30 21:36:30,0.0,230.0,0.2837,0.1837,0.0,1131.959096879574
2026-05-30 21:37:00,0.0,220.0,0.2837,0.1837,0.0,1144.9124419355242
2026-05-30 21:37:30,0.0,230.0,0.2837,0.1837,0.0,1157.967014072554
2026-05-30 21:38:00,0.0,220.0,0.2837,0.1837,0.0,1170.902028301588
2026-05-30 21:38:30,0.0,226.6667,0.2837,0.1837,0.0,1182.8463018457778
2026-05-30 21:39:00,0.0,233.3333,0.2837,0.1837,0.0,1195.8451863050218
2026-05-30 21:39:30,0.0,240.0,0.2837,0.1837,0.0,1208.2088578415774
2026-05-30 21:40:00,0.0,250.0,0.2837,0.1837,0.0,1221.4333856736625
2026-05-30 21:40:30,0.0,1990.0,0.2837,0.1837,0.0,1233.5502645608374
2026-05-30 21:41:00,0.0,2050.0,0.2837,0.1837,0.0,1246.6076550485113
2026-05-30 21:41:30,0.0,2060.0,0.2837,0.1837,0.0,1258.9629202041735
2026-05-30 21:42:00,0.0,376.0,0.2837,0.1837,0.0,1271.0066625384022
2026-05-30 21:42:30,0.0,80.0,0.2837,0.1837,0.0,1284.5221056307835
2026-05-30 21:43:00,0.0,250.0,0.2837,0.1837,0.0,1297.6434894122635
2026-05-30 21:43:30,0.0,246.6667,0.2837,0.1837,0.0,1309.8164671078762
2026-05-30 21:44:00,0.0,243.3333,0.2837,0.1837,0.0,1322.3527678816888
2026-05-30 21:44:30,0.0,240.0,0.2837,0.1837,0.0,1334.9862121570845
2026-05-30 21:45:00,0.0,250.0,0.2577,0.1577,0.0,1348.0945572297292
2026-05-30 21:45:30,0.0,295.0,0.2577,0.1577,0.0,1361.380700952378
2026-05-30 21:46:00,0.0,340.0,0.2577,0.1577,0.0,1374.404053899219
2026-05-30 21:46:30,0.0,350.0,0.2577,0.1577,0.0,1387.0000552167805
2026-05-30 21:47:00,0.0,360.0,0.2577,0.1577,0.0,1399.2564676089473
2026-05-30 21:47:30,0.0,363.3333,0.2577,0.1577,0.0,1411.7165872173034
2026-05-30 21:48:00,0.0,366.6667,0.2577,0.1577,0.0,1423.3590685441843
2026-05-30 21:48:30,0.0,370.0,0.2577,0.1577,0.0,1436.087713094674
2026-05-30 21:49:00,0.0,390.0,0.2577,0.1577,0.0,1447.6370832042282
2026-05-30 21:49:30,0.0,388.5714,0.2577,0.1577,0.0,1460.3699771697723
2026-05-30 21:50:00,0.0,387.1429,0.2577,0.1577,0.0,1472.4668089979275
2026-05-30 21:50:30,0.0,385.7143,0.2577,0.1577,0.0,1484.7971849609617
2026-05-30 21:51:00,0.0,384.2857,0.2577,0.1577,0.0,1497.880740819161
2026-05-30 21:51:30,0.0,382.8571,0.2577,0.1577,0.0,1511.2576889497443
2026-05-30 21:52:00,0.0,381.4286,0.2577,0.1577,0.0,1523.5095798305413
2026-05-30 21:52:30,0.0,380.0,0.2577,0.1577,0.0,1535.9499549467828
2026-05-30 21:53:00,0.0,400.0,0.2577,0.1577,0.0,1548.3534931974598
2026-05-30 21:53:30,0.0,390.0,0.2577,0.1577,0.0,1560.8818583713796
2026-05-30 21:54:00,0.0,387.5,0.2577,0.1577,0.0,1573.0560039497927
2026-05-30 21:54:30,0.0,385.0,0.2577,0.1577,0.0,1585.4857995864925
2026-05-30 21:55:00,0.0,382.5,0.2577,0.1577,0.0,1598.4543468100783
2026-05-30 21:55:30,0.0,380.0,0.2577,0.1577,0.0,1610.3126735474364
2026-05-30 21:56:00,0.0,377.5,0.2577,0.1577,0.0,1622.1224848069578
2026-05-30 21:56:30,0.0,375.0,0.2577,0.1577,0.0,1634.8307989027817
2026-05-30 21:57:00,0.0,372.5,0.2577,0.1577,0.0,1647.323098708049
2026-05-30 21:57:30,0.0,370.0,0.2577,0.1577,0.0,1659.9807917276037
2026-05-30 21:58:00,0.0,360.0,0.2577,0.1577,0.0,1672.48036421948
2026-05-30 21:58:30,0.0,370.0,0.2577,0.1577,0.0,1684.0181155511927
2026-05-30 21:59:00,0.0,360.0,0.2577,0.1577,0.0,1696.1682909804208
2026-05-30 21:59:30,0.0,363.3333,0.2577,0.1577,0.0,1708.956986236327
2026-05-30 22:00:00,0.0,366.6667,0.2688,0.1688,0.0,1722.3174722377348
2026-05-30 22:00:30,0.0,370.0,0.2688,0.1688,0.0,1722.582724239134
2026-05-30 22:01:00,0.0,375.0,0.2688,0.1688,0.0,1722.6008415545132
2026-05-30 22:01:30,0.0,380.0,0.2688,0.1688,0.0,1721.4805345182453
2026-05-30 22:02:00,0.0,370.0,0.2688,0.1688,0.0,1720.5580932841983
2026-05-30 22:02:30,0.0,350.0,0.2688,0.1688,0.0,1720.879735066673
2026-05-30 22:03:00,0.0,330.0,0.2688,0.1688,0.0,1721.4384938721207
2026-05-30 22:03:30,0.0,310.0,0.2688,0.1688,0.0,1720.6692973795666
2026-05-30 22:04:00,0.0,320.0,0.2688,0.1688,0.0,1720.1949596066297
2026-05-30 22:04:30,0.0,340.0,0.2688,0.1688,0.0,1720.2102054673278
2026-05-30 22:05:00,0.0,350.0,0.2688,0.1688,0.0,1720.6478808427344
2026-05-30 22:05:30,0.0,340.0,0.2688,0.1688,0.0,1720.659412782294
2026-05-30 22:06:00,0.0,330.0,0.2688,0.1688,0.0,1721.2073148479499
2026-05-30 22:06:30,0.0,290.0,0.2688,0.1688,0.0,1720.9510160885227
2026-05-30 22:07:00,0.0,280.0,0.2688,0.1688,0.0,1720.9825675796587
2026-05-30 22:07:30,0.0,290.0,0.2688,0.1688,0.0,1721.368186093395
2026-05-30 22:08:00,0.0,300.0,0.2688,0.1688,0.0,1721.0745687599713
2026-05-30 22:08:30,0.0,310.0,0.2688,0.1688,0.0,1720.9614843133493
2026-05-30 22:09:00,0.0,300.0,0.2688,0.1688,0.0,1721.0164246267666
2026-05-30 22:09:30,0.0,310.0,0.2688,0.1688,0.0,1720.535963287105
2026-05-30 22:10:00,0.0,300.0,0.2688,0.1688,0.0,1720.3465521988069
2026-05-30 22:10:30,0.0,290.0,0.2688,0.1688,0.0,1721.0264556570987
2026-05-30 22:11:00,0.0,300.0,0.2688,0.1688,0.0,1721.926786632129
2026-05-30 22:11:30,0.0,290.0,0.2688,0.1688,0.0,1722.1776567397962
2026-05-30 22:12:00,0.0,300.0,0.2688,0.1688,0.0,1722.5539733459757
2026-05-30 22:12:30,0.0,290.0,0.2688,0.1688,0.0,1722.4655980774
2026-05-30 22:13:00,0.0,295.0,0.2688,0.1688,0.0,1722.1014923077353
2026-05-30 22:13:30,0.0,300.0,0.2688,0.1688,0.0,1722.3104225820955
2026-05-30 22:14:00,0.0,295.0,0.2688,0.1688,0.0,1722.201007215362
2026-05-30 22:14:30,0.0,290.0,0.2688,0.1688,0.0,1721.7475622603222
2026-05-30 22:15:00,0.0,292.0,0.2577,0.1577,0.0,1721.5856509296723
2026-05-30 22:15:30,0.0,294.0,0.2577,0.1577,0.0,1721.5735162888882
2026-05-30 22:16:00,0.0,296.0,0.2577,0.1577,0.0,1721.1835941526524
2026-05-30 22:16:30,0.0,298.0,0.2577,0.1577,0.0,1721.6105275619552
2026-05-30 22:17:00,0.0,300.0,0.2577,0.1577,0.0,1722.6614048051583
2026-05-30 22:17:30,0.0,302.0,0.2577,0.1577,0.0,1722.418975926073
2026-05-30 22:18:00,0.0,304.0,0.2577,0.1577,0.0,1723.0395826552588
2026-05-30 22:18:30,0.0,360.0,0.2577,0.1577,0.0,1722.4936126183513
2026-05-30 22:19:00,0.0,350.0,0.2577,0.1577,0.0,1722.3330289409707
2026-05-30 22:19:30,0.0,348.75,0.2577,0.1577,0.0,1722.8657244621218
2026-05-30 22:20:00,0.0,347.5,0.2577,0.1577,0.0,1723.5389069062817
2026-05-30 22:20:30,0.0,346.25,0.2577,0.1577,0.0,1722.6846328435854
2026-05-30 22:21:00,0.0,345.0,0.2577,0.1577,0.0,1721.9797323436762
2026-05-30 22:21:30,0.0,343.75,0.2577,0.1577,0.0,1722.903020016292
2026-05-30 22:22:00,0.0,342.5,0.2577,0.1577,0.0,1722.5509982750941
2026-05-30 22:22:30,0.0,341.25,0.2577,0.1577,0.0,1722.144188648149
2026-05-30 22:23:00,0.0,340.0,0.2577,0.1577,0.0,1721.692471267718
2026-05-30 22:23:30,0.0,330.0,0.2577,0.1577,0.0,1721.8469456505957
2026-05-30 22:24:00,0.0,320.0,0.2577,0.1577,0.0,1721.9084093587517
2026-05-30 22:24:30,0.0,325.0,0.2577,0.1577,0.0,1721.5552207891772
2026-05-30 22:25:00,0.0,330.0,0.2577,0.1577,0.0,1721.6335648093425
2026-05-30 22:25:30,0.0,325.0,0.2577,0.1577,0.0,1722.1245626559607
2026-05-30 22:26:00,0.0,320.0,0.2577,0.1577,0.0,1722.313628836113
2026-05-30 22:26:30,0.0,315.0,0.2577,0.1577,0.0,1722.9873718451965
2026-05-30 22:27:00,0.0,310.0,0.2577,0.1577,0.0,1722.5698691363948
2026-05-30 22:27:30,0.0,320.0,0.2577,0.1577,0.0,1723.3397364073112
2026-05-30 22:28:00,0.0,310.0,0.2577,0.1577,0.0,1722.771034021607
2026-05-30 22:28:30,0.0,410.0,0.2577,0.1577,0.0,1722.729657138963
2026-05-30 22:29:00,0.0,420.0,0.2577,0.1577,0.0,1722.5415080887458
2026-05-30 22:29:30,0.0,430.0,0.2577,0.1577,0.0,1723.0713123719395
2026-05-30 22:30:00,0.0,440.0,0.255,0.155,0.0,1722.6770849953969
2026-05-30 22:30:30,0.0,450.0,0.255,0.155,0.0,1723.3146053153391
2026-05-30 22:31:00,0.0,448.0,0.255,0.155,0.0,1724.0819097732824
2026-05-30 22:31:30,0.0,446.0,0.255,0.155,0.0,1712.223374118949
2026-05-30 22:32:00,0.0,444.0,0.255,0.155,0.0,1699.606060331468
2026-05-30 22:32:30,0.0,442.0,0.255,0.155,0.0,1685.8766132620938
2026-05-30 22:33:00,0.0,440.0,0.255,0.155,0.0,1673.4506433087045
2026-05-30 22:33:30,0.0,443.3333,0.255,0.155,0.0,1660.294453472404
2026-05-30 22:34:00,0.0,446.6667,0.255,0.155,0.0,1648.0936016332598
2026-05-30 22:34:30,0.0,450.0,0.255,0.155,0.0,1636.3434494855283
2026-05-30 22:35:00,0.0,444.2857,0.255,0.155,0.0,1622.9211545352118
2026-05-30 22:35:30,0.0,438.5714,0.255,0.155,0.0,1610.1018127623843
2026-05-30 22:36:00,0.0,432.8571,0.255,0.155,0.0,1597.7390591164026
2026-05-30 22:36:30,0.0,427.1429,0.255,0.155,0.0,1584.483980861878
2026-05-30 22:37:00,0.0,421.4286,0.255,0.155,0.0,1571.9929123577515
2026-05-30 22:37:30,0.0,415.7143,0.255,0.155,0.0,1558.9259445099997
2026-05-30 22:38:00,0.0,410.0,0.255,0.155,0.0,1546.5104061360705
2026-05-30 22:38:30,0.0,411.6667,0.255,0.155,0.0,1533.8207316433611
2026-05-30 22:39:00,0.0,413.3333,0.255,0.155,0.0,1521.324158608331
2026-05-30 22:39:30,0.0,415.0,0.255,0.155,0.0,1509.059393966309
2026-05-30 22:40:00,0.0,416.6667,0.255,0.155,0.0,1496.1314264886823
2026-05-30 22:40:30,0.0,418.3333,0.255,0.155,0.0,1483.8496090283343
2026-05-30 22:41:00,0.0,420.0,0.255,0.155,0.0,1471.6707241080837
2026-05-30 22:41:30,0.0,410.0,0.255,0.155,0.0,1459.8198112307623
2026-05-30 22:42:00,0.0,410.8333,0.255,0.155,0.0,1447.1189812831335
2026-05-30 22:42:30,0.0,411.6667,0.255,0.155,0.0,1433.8515482101527
2026-05-30 22:43:00,0.0,412.5,0.255,0.155,0.0,1421.0435420610881
2026-05-30 22:43:30,0.0,413.3333,0.255,0.155,0.0,1409.0212686771006
2026-05-30 22:44:00,0.0,414.1667,0.255,0.155,0.0,1395.8901772857216
2026-05-30 22:44:30,0.0,415.0,0.255,0.155,0.0,1383.2574319907528
2026-05-30 22:45:00,0.0,415.8333,0.2483,0.1483,0.0,1370.6578451483147
2026-05-30 22:45:30,0.0,416.6667,0.2483,0.1483,0.0,1357.9811085259923
2026-05-30 22:46:00,0.0,417.5,0.2483,0.1483,0.0,1344.7735355817497
2026-05-30 22:46:30,0.0,418.3333,0.2483,0.1483,0.0,1331.7661419795788
2026-05-30 22:47:00,0.0,419.1667,0.2483,0.1483,0.0,1319.717653389536
2026-05-30 22:47:30,0.0,420.0,0.2483,0.1483,0.0,1307.490487217394
2026-05-30 22:48:00,0.0,410.0,0.2483,0.1483,0.0,1295.908432502723
2026-05-30 22:48:30,0.0,590.0,0.2483,0.1483,0.0,1282.5098173612682
2026-05-30 22:49:00,0.0,580.0,0.2483,0.1483,0.0,1270.7948158470347
2026-05-30 22:49:30,0.0,440.0,0.2483,0.1483,0.0,1258.5857962941802
2026-05-30 22:50:00,0.0,560.0,0.2483,0.1483,0.0,1246.4536216105878
2026-05-30 22:50:30,0.0,510.0,0.2483,0.1483,0.0,1233.229202145686
2026-05-30 22:51:00,0.0,460.0,0.2483,0.1483,0.0,1220.1195040603466
2026-05-30 22:51:30,0.0,410.0,0.2483,0.1483,0.0,1206.8012997210585
2026-05-30 22:52:00,0.0,465.0,0.2483,0.1483,0.0,1195.049323638944
2026-05-30 22:52:30,0.0,520.0,0.2483,0.1483,0.0,1182.273836593893
2026-05-30 22:53:00,0.0,575.0,0.2483,0.1483,0.0,1170.098297692645
2026-05-30 22:53:30,0.0,630.0,0.2483,0.1483,0.0,1158.2063980253367
2026-05-30 22:54:00,0.0,640.0,0.2483,0.1483,0.0,1146.0434832457752
2026-05-30 22:54:30,0.0,588.75,0.2483,0.1483,0.0,1133.0637256060982
2026-05-30 22:55:00,0.0,537.5,0.2483,0.1483,0.0,1119.8949316013798
2026-05-30 22:55:30,0.0,486.25,0.2483,0.1483,0.0,1108.295922201173
2026-05-30 22:56:00,0.0,435.0,0.2483,0.1483,0.0,1096.290681641602
2026-05-30 22:56:30,0.0,590.0,0.2483,0.1483,0.0,1083.5058054247647
2026-05-30 22:57:00,0.0,620.0,0.2483,0.1483,0.0,1071.9493743131256
2026-05-30 22:57:30,0.0,630.0,0.2483,0.1483,0.0,1059.0384707711148
2026-05-30 22:58:00,0.0,714.0,0.2483,0.1483,0.0,1046.350658326159
2026-05-30 22:58:30,0.0,630.0,0.2483,0.1483,0.0,1034.7408091907432
2026-05-30 22:59:00,0.0,441.0,0.2483,0.1483,0.0,1023.0781994617005
2026-05-30 22:59:30,0.0,610.0,0.2483,0.1483,0.0,1010.4619439590697
2026-05-30 23:00:00,0.0,620.0,0.2552,0.1552,0.0,998.1438218683011
2026-05-30 23:00:30,0.0,590.0,0.2552,0.1552,0.0,985.4860745058652
2026-05-30 23:01:00,0.0,630.0,0.2552,0.1552,0.0,972.4549379764964
2026-05-30 23:01:30,0.0,404.0,0.2552,0.1552,0.0,960.7473900448856
2026-05-30 23:02:00,0.0,620.0,0.2552,0.1552,0.0,948.7833335172102
2026-05-30 23:02:30,0.0,615.0,0.2552,0.1552,0.0,936.2398913638069
2026-05-30 23:03:00,0.0,610.0,0.2552,0.1552,0.0,923.8450448054853
2026-05-30 23:03:30,0.0,443.0,0.2552,0.1552,0.0,911.2241166681831
2026-05-30 23:04:00,0.0,580.0,0.2552,0.1552,0.0,898.0758367697243
2026-05-30 23:04:30,0.0,610.0,0.2552,0.1552,0.0,885.7580830322627
2026-05-30 23:05:00,0.0,510.0,0.2552,0.1552,0.0,872.2887824331696
2026-05-30 23:05:30,0.0,445.0,0.2552,0.1552,0.0,859.6789479442544
2026-05-30 23:06:00,0.0,570.0,0.2552,0.1552,0.0,847.5810571666735
2026-05-30 23:06:30,0.0,580.0,0.2552,0.1552,0.0,835.4854898046797
2026-05-30 23:07:00,0.0,520.0,0.2552,0.1552,0.0,823.3051006911387
2026-05-30 23:07:30,0.0,535.0,0.2552,0.1552,0.0,810.664329001198
2026-05-30 23:08:00,0.0,550.0,0.2552,0.1552,0.0,797.9619394119264
2026-05-30 23:08:30,0.0,530.0,0.2552,0.1552,0.0,784.6369676219718
2026-05-30 23:09:00,0.0,510.0,0.2552,0.1552,0.0,772.85988652956
2026-05-30 23:09:30,0.0,550.0,0.2552,0.1552,0.0,760.6371617929195
2026-05-30 23:10:00,0.0,453.0,0.2552,0.1552,0.0,748.2308023686859
2026-05-30 23:10:30,0.0,540.0,0.2552,0.1552,0.0,734.7700971507389
2026-05-30 23:11:00,0.0,480.0,0.2552,0.1552,0.0,721.7534837832321
2026-05-30 23:11:30,0.0,550.0,0.2552,0.1552,0.0,709.4224115541477
2026-05-30 23:12:00,0.0,352.0,0.2552,0.1552,0.0,696.1792584561409
2026-05-30 23:12:30,0.0,540.0,0.2552,0.1552,0.0,684.0104896240662
2026-05-30 23:13:00,0.0,560.0,0.2552,0.1552,0.0,672.0761641554641
2026-05-30 23:13:30,0.0,550.0,0.2552,0.1552,0.0,659.8145408204117
2026-05-30 23:14:00,0.0,500.0,0.2552,0.1552,0.0,646.225180897131
2026-05-30 23:14:30,0.0,550.0,0.2552,0.1552,0.0,633.5684157450952
2026-05-30 23:15:00,0.0,560.0,0.2471,0.1471,0.0,622.083276996738
2026-05-30 23:15:30,0.0,520.0,0.2471,0.1471,0.0,609.5487484662659
2026-05-30 23:16:00,0.0,480.0,0.2471,0.1471,0.0,596.9578127961589
2026-05-30 23:16:30,0.0,540.0,0.2471,0.1471,0.0,584.3472161242971
2026-05-30 23:17:00,0.0,352.0,0.2471,0.1471,0.0,571.4408114534796
2026-05-30 23:17:30,0.0,540.0,0.2471,0.1471,0.0,559.1723911439284
2026-05-30 23:18:00,0.0,570.0,0.2471,0.1471,0.0,545.7514997514422
2026-05-30 23:18:30,0.0,550.0,0.2471,0.1471,0.0,534.0492871020972
2026-05-30 23:19:00,0.0,407.0,0.2471,0.1471,0.0,521.9096316656443
2026-05-30 23:19:30,0.0,540.0,0.2471,0.1471,0.0,508.51703063249386
2026-05-30 23:20:00,0.0,560.0,0.2471,0.1471,0.0,495.1634346550907
2026-05-30 23:20:30,0.0,540.0,0.2471,0.1471,0.0,483.8134649450111
2026-05-30 23:21:00,0.0,500.0,0.2471,0.1471,0.0,471.12923884124143
2026-05-30 23:21:30,0.0,540.0,0.2471,0.1471,0.0,458.4146518179859
2026-05-30 23:22:00,0.0,385.0,0.2471,0.1471,0.0,446.4614468472685
2026-05-30 23:22:30,0.0,615.0,0.2471,0.1471,0.0,434.67626885355475
2026-05-30 23:23:00,0.0,512.5,0.2471,0.1471,0.0,422.93011621737423
2026-05-30 23:23:30,0.0,410.0,0.2471,0.1471,0.0,409.71381635019804
2026-05-30 23:24:00,0.0,400.0,0.2471,0.1471,0.0,397.82925708937256
2026-05-30 23:24:30,0.0,402.5,0.2471,0.1471,0.0,385.94392377922287
2026-05-30 23:25:00,0.0,405.0,0.2471,0.1471,0.0,373.51464389311485
2026-05-30 23:25:30,0.0,407.5,0.2471,0.1471,0.0,360.8174498649315
2026-05-30 23:26:00,0.0,410.0,0.2471,0.1471,0.0,348.61950027234724
2026-05-30 23:26:30,0.0,400.0,0.2471,0.1471,0.0,336.1559494259257
2026-05-30 23:27:00,0.0,397.5,0.2471,0.1471,0.0,323.98189768124274
2026-05-30 23:27:30,0.0,395.0,0.2471,0.1471,0.0,311.1250412272895
2026-05-30 23:28:00,0.0,392.5,0.2471,0.1471,0.0,298.7017194457547
2026-05-30 23:28:30,0.0,390.0,0.2471,0.1471,0.0,285.6281525988008
2026-05-30 23:29:00,0.0,400.0,0.2471,0.1471,0.0,273.3872533662196
2026-05-30 23:29:30,0.0,397.5,0.2471,0.1471,0.0,260.2186106146392
2026-05-30 23:30:00,0.0,395.0,0.2448,0.1448,0.0,248.02329071091648
2026-05-30 23:30:30,0.0,392.5,0.2448,0.1448,0.0,235.23806688835802
2026-05-30 23:31:00,0.0,390.0,0.2448,0.1448,0.0,221.93029550970203
2026-05-30 23:31:30,0.0,480.0,0.2448,0.1448,0.0,222.25486711540208
2026-05-30 23:32:00,0.0,440.0,0.2448,0.1448,0.0,222.9401109203175
2026-05-30 23:32:30,0.0,437.5,0.2448,0.1448,0.0,223.2277069034237
2026-05-30 23:33:00,0.0,435.0,0.2448,0.1448,0.0,224.06678792197084
2026-05-30 23:33:30,0.0,432.5,0.2448,0.1448,0.0,224.67678762115818
2026-05-30 23:34:00,0.0,430.0,0.2448,0.1448,0.0,224.9404981444473
2026-05-30 23:34:30,0.0,440.0,0.2448,0.1448,0.0,224.96761129694178
2026-05-30 23:35:00,0.0,438.3333,0.2448,0.1448,0.0,225.0985661460384
2026-05-30 23:35:30,0.0,436.6667,0.2448,0.1448,0.0,225.65032643820263
2026-05-30 23:36:00,0.0,435.0,0.2448,0.1448,0.0,225.86824424740252
2026-05-30 23:36:30,0.0,433.3333,0.2448,0.1448,0.0,226.00600069463897
2026-05-30 23:37:00,0.0,431.6667,0.2448,0.1448,0.0,225.9372727717165
2026-05-30 23:37:30,0.0,430.0,0.2448,0.1448,0.0,226.0001744882023
2026-05-30 23:38:00,0.0,450.0,0.2448,0.1448,0.0,225.82077069941113
2026-05-30 23:38:30,0.0,445.0,0.2448,0.1448,0.0,226.73987770594624
2026-05-30 23:39:00,0.0,440.0,0.2448,0.1448,0.0,226.5347198711824
2026-05-30 23:39:30,0.0,436.6667,0.2448,0.1448,0.0,226.36796228604797
2026-05-30 23:40:00,0.0,433.3333,0.2448,0.1448,0.0,226.7288915807929
2026-05-30 23:40:30,0.0,430.0,0.2448,0.1448,0.0,227.5592861102118
2026-05-30 23:41:00,0.0,440.0,0.2448,0.1448,0.0,227.10293154908413
2026-05-30 23:41:30,0.0,460.0,0.2448,0.1448,0.0,226.2412439359413
2026-05-30 23:42:00,0.0,470.0,0.2448,0.1448,0.0,226.97181660886324
2026-05-30 23:42:30,0.0,460.0,0.2448,0.1448,0.0,227.58419445944918
2026-05-30 23:43:00,0.0,470.0,0.2448,0.1448,0.0,227.1578767118237
2026-05-30 23:43:30,0.0,460.0,0.2448,0.1448,0.0,227.49472990735796
2026-05-30 23:44:00,0.0,450.0,0.2448,0.1448,0.0,227.29747812791888
2026-05-30 23:44:30,0.0,460.0,0.2448,0.1448,0.0,226.8592949343869
2026-05-30 23:45:00,0.0,465.0,0.2428,0.1428,0.0,227.1896570239366
2026-05-30 23:45:30,0.0,470.0,0.2428,0.1428,0.0,227.36674607728446
2026-05-30 23:46:00,0.0,475.0,0.2428,0.1428,0.0,227.5137616950268
2026-05-30 23:46:30,0.0,480.0,0.2428,0.1428,0.0,227.9457832682677
2026-05-30 23:47:00,0.0,460.0,0.2428,0.1428,0.0,226.99248211549786
2026-05-30 23:47:30,0.0,455.0,0.2428,0.1428,0.0,227.76483508926398
2026-05-30 23:48:00,0.0,450.0,0.2428,0.1428,0.0,227.66118889942143
2026-05-30 23:48:30,0.0,445.0,0.2428,0.1428,0.0,227.96349554793076
2026-05-30 23:49:00,0.0,440.0,0.2428,0.1428,0.0,227.69304479050143
2026-05-30 23:49:30,0.0,427.5,0.2428,0.1428,0.0,227.0645350898771
2026-05-30 23:50:00,0.0,415.0,0.2428,0.1428,0.0,226.63584449000348
2026-05-30 23:50:30,0.0,402.5,0.2428,0.1428,0.0,227.5803411151804
2026-05-30 23:51:00,0.0,390.0,0.2428,0.1428,0.0,228.1504496152009
2026-05-30 23:51:30,0.0,380.0,0.2428,0.1428,0.0,228.15751437138474
2026-05-30 23:52:00,0.0,390.0,0.2428,0.1428,0.0,228.15580600162914
2026-05-30 23:52:30,0.0,380.0,0.2428,0.1428,0.0,228.5763594667949
2026-05-30 23:53:00,0.0,400.0,0.2428,0.1428,0.0,227.7809971849331
2026-05-30 23:53:30,0.0,390.0,0.2428,0.1428,0.0,227.73574691276355
2026-05-30 23:54:00,0.0,335.0,0.2428,0.1428,0.0,227.19232420589637
2026-05-30 23:54:30,0.0,280.0,0.2428,0.1428,0.0,227.20748128163197
2026-05-30 23:55:00,0.0,300.0,0.2428,0.1428,0.0,227.19032357108438
2026-05-30 23:55:30,0.0,250.0,0.2428,0.1428,0.0,226.25214894746807
2026-05-30 23:56:00,0.0,180.0,0.2428,0.1428,0.0,226.64133575703326
2026-05-30 23:56:30,0.0,182.0,0.2428,0.1428,0.0,226.10233938246623
2026-05-30 23:57:00,0.0,184.0,0.2428,0.1428,0.0,225.5766025762096
2026-05-30 23:57:30,0.0,186.0,0.2428,0.1428,0.0,225.7802557169455
2026-05-30 23:58:00,0.0,188.0,0.2428,0.1428,0.0,226.2994369149521
2026-05-30 23:58:30,0.0,190.0,0.2428,0.1428,0.0,225.47474769972567
2026-05-30 23:59:00,0.0,210.0,0.2428,0.1428,0.0,225.6833398188595
2026-05-30 23:59:30,0.0,212.5,0.2428,0.1428,0.0,225.1207327776882
2026-05-31 00:00:00,0.0,297.5,0.2494,0.1493,0.0,224.2803239953585
2026-05-31 00:00:30,0.0,296.25,0.2494,0.1493,0.0,224.27031975347305
2026-05-31 00:01:00,0.0,295.0,0.2494,0.1493,0.0,224.19587762828533
2026-05-31 00:01:30,0.0,293.75,0.2494,0.1493,0.0,224.52348309126975
2026-05-31 00:02:00,0.0,292.5,0.2494,0.1493,0.0,224.7859343808224
2026-05-31 00:02:30,0.0,291.25,0.2494,0.1493,0.0,224.3924930704917
2026-05-31 00:03:00,0.0,290.0,0.2494,0.1493,0.0,223.9885297910162
2026-05-31 00:03:30,0.0,293.3333,0.2494,0.1493,0.0,224.11373193021473
2026-05-31 00:04:00,0.0,296.6667,0.2494,0.1493,0.0,224.89636992389327
2026-05-31 00:04:30,0.0,300.0,0.2494,0.1493,0.0,224.6241183612932
2026-05-31 00:05:00,0.0,295.0,0.2494,0.1493,0.0,224.82341009480908
2026-05-31 00:05:30,0.0,290.0,0.2494,0.1493,0.0,224.9370013361897
2026-05-31 00:06:00,0.0,300.0,0.2494,0.1493,0.0,223.897752128424
2026-05-31 00:06:30,0.0,295.0,0.2494,0.1493,0.0,224.36592879730927
2026-05-31 00:07:00,0.0,290.0,0.2494,0.1493,0.0,224.23494728736725
2026-05-31 00:07:30,0.0,280.0,0.2494,0.1493,0.0,224.18259987501568
2026-05-31 00:08:00,0.0,270.0,0.2494,0.1493,0.0,224.08044773293938
2026-05-31 00:08:30,0.0,340.0,0.2494,0.1493,0.0,224.84761279220874
2026-05-31 00:09:00,0.0,335.0,0.2494,0.1493,0.0,224.9357806238016
2026-05-31 00:09:30,0.0,330.0,0.2494,0.1493,0.0,224.3113703704145
2026-05-31 00:10:00,0.0,340.0,0.2494,0.1493,0.0,224.04988120237883
2026-05-31 00:10:30,0.0,350.0,0.2494,0.1493,0.0,224.27254554216424
2026-05-31 00:11:00,0.0,360.0,0.2494,0.1493,0.0,224.59492367393892
2026-05-31 00:11:30,0.0,362.5,0.2494,0.1493,0.0,223.98156248863285
2026-05-31 00:12:00,0.0,365.0,0.2494,0.1493,0.0,223.94266924942906
2026-05-31 00:12:30,0.0,367.5,0.2494,0.1493,0.0,223.87629301776937
2026-05-31 00:13:00,0.0,370.0,0.2494,0.1493,0.0,223.85485098621677
2026-05-31 00:13:30,0.0,373.3333,0.2494,0.1493,0.0,224.05472892251572
2026-05-31 00:14:00,0.0,376.6667,0.2494,0.1493,0.0,224.6976729332076
2026-05-31 00:14:30,0.0,380.0,0.2494,0.1493,0.0,225.47818648349332
2026-05-31 00:15:00,0.0,350.0,0.2401,0.1401,0.0,225.38366643668743
2026-05-31 00:15:30,0.0,380.0,0.2401,0.1401,0.0,225.369217686532
2026-05-31 00:16:00,0.0,372.5,0.2401,0.1401,0.0,225.41826331057783
2026-05-31 00:16:30,0.0,365.0,0.2401,0.1401,0.0,225.68541917613797
2026-05-31 00:17:00,0.0,357.5,0.2401,0.1401,0.0,225.26806396142783
2026-05-31 00:17:30,0.0,350.0,0.2401,0.1401,0.0,224.80342311068753
2026-05-31 00:18:00,0.0,340.0,0.2401,0.1401,0.0,224.9534717712212
2026-05-31 00:18:30,0.0,343.3333,0.2401,0.1401,0.0,223.99651046922585
2026-05-31 00:19:00,0.0,346.6667,0.2401,0.1401,0.0,223.7974748975199
2026-05-31 00:19:30,0.0,350.0,0.2401,0.1401,0.0,224.04890531217876
2026-05-31 00:20:00,0.0,340.0,0.2401,0.1401,0.0,224.00192944861925
2026-05-31 00:20:30,0.0,337.5,0.2401,0.1401,0.0,223.30022090049584
2026-05-31 00:21:00,0.0,335.0,0.2401,0.1401,0.0,223.89668250013395
2026-05-31 00:21:30,0.0,332.5,0.2401,0.1401,0.0,223.0207834422965
2026-05-31 00:22:00,0.0,330.0,0.2401,0.1401,0.0,222.84751562878105
2026-05-31 00:22:30,0.0,350.0,0.2401,0.1401,0.0,223.1825902532438
2026-05-31 00:23:00,0.0,330.0,0.2401,0.1401,0.0,223.3195459011039
2026-05-31 00:23:30,0.0,340.0,0.2401,0.1401,0.0,223.9280185042078
2026-05-31 00:24:00,0.0,345.0,0.2401,0.1401,0.0,223.0225020753533
2026-05-31 00:24:30,0.0,350.0,0.2401,0.1401,0.0,222.93510397647063
2026-05-31 00:25:00,0.0,340.0,0.2401,0.1401,0.0,222.54285267476027
2026-05-31 00:25:30,0.0,338.0,0.2401,0.1401,0.0,222.32219546100538
2026-05-31 00:26:00,0.0,336.0,0.2401,0.1401,0.0,222.1334094543816
2026-05-31 00:26:30,0.0,334.0,0.2401,0.1401,0.0,221.4875174660707
2026-05-31 00:27:00,0.0,332.0,0.2401,0.1401,0.0,221.7719465631954
2026-05-31 00:27:30,0.0,330.0,0.2401,0.1401,0.0,221.8668148008066
2026-05-31 00:28:00,0.0,320.0,0.2401,0.1401,0.0,221.46604543125972
2026-05-31 00:28:30,0.0,290.0,0.2401,0.1401,0.0,221.79496835718223
2026-05-31 00:29:00,0.0,286.6667,0.2401,0.1401,0.0,221.75387260519565
2026-05-31 00:29:30,0.0,283.3333,0.2401,0.1401,0.0,222.26770511846595
2026-05-31 00:30:00,0.0,280.0,0.2271,0.1271,0.0,222.96225210510764
2026-05-31 00:30:30,0.0,282.5,0.2271,0.1271,0.0,222.78734469969083
2026-05-31 00:31:00,0.0,285.0,0.2271,0.1271,0.0,222.9343551035249
2026-05-31 00:31:30,0.0,287.5,0.2271,0.1271,0.0,221.81389334053398
2026-05-31 00:32:00,0.0,290.0,0.2271,0.1271,0.0,220.71806798392342
2026-05-31 00:32:30,0.0,286.6667,0.2271,0.1271,0.0,221.22888879986004
2026-05-31 00:33:00,0.0,283.3333,0.2271,0.1271,0.0,220.57962941121835
2026-05-31 00:33:30,0.0,280.0,0.2271,0.1271,0.0,220.33041591475492
2026-05-31 00:34:00,0.0,290.0,0.2271,0.1271,0.0,220.22641274659372
2026-05-31 00:34:30,0.0,300.0,0.2271,0.1271,0.0,219.19410139980764
2026-05-31 00:35:00,0.0,290.0,0.2271,0.1271,0.0,219.57360860332238
2026-05-31 00:35:30,0.0,286.6667,0.2271,0.1271,0.0,219.51216799305632
2026-05-31 00:36:00,0.0,283.3333,0.2271,0.1271,0.0,219.35632122627152
2026-05-31 00:36:30,0.0,280.0,0.2271,0.1271,0.0,219.34620882184655
2026-05-31 00:37:00,0.0,290.0,0.2271,0.1271,0.0,219.23582632732084
2026-05-31 00:37:30,0.0,285.0,0.2271,0.1271,0.0,218.72113711294895
2026-05-31 00:38:00,0.0,280.0,0.2271,0.1271,0.0,218.3768315834108
2026-05-31 00:38:30,0.0,290.0,0.2271,0.1271,0.0,218.35671582034232
2026-05-31 00:39:00,0.0,292.8571,0.2271,0.1271,0.0,218.23615127541436
2026-05-31 00:39:30,0.0,295.7143,0.2271,0.1271,0.0,218.13856688385815
2026-05-31 00:40:00,0.0,298.5714,0.2271,0.1271,0.0,217.69775501426545
2026-05-31 00:40:30,0.0,301.4286,0.2271,0.1271,0.0,217.5354799912929
2026-05-31 00:41:00,0.0,304.2857,0.2271,0.1271,0.0,217.71148435941447
2026-05-31 00:41:30,0.0,307.1429,0.2271,0.1271,0.0,218.5649260618371
2026-05-31 00:42:00,0.0,310.0,0.2271,0.1271,0.0,217.8344363095079
2026-05-31 00:42:30,0.0,290.0,0.2271,0.1271,0.0,217.12299887541036
2026-05-31 00:43:00,0.0,320.0,0.2271,0.1271,0.0,217.59108920448853
2026-05-31 00:43:30,0.0,315.0,0.2271,0.1271,0.0,217.30183247475466
2026-05-31 00:44:00,0.0,310.0,0.2271,0.1271,0.0,217.59205556085348
2026-05-31 00:44:30,0.0,320.0,0.2271,0.1271,0.0,217.3314865483371
2026-05-31 00:45:00,0.0,322.5,0.2235,0.1235,0.0,217.4017887194402
2026-05-31 00:45:30,0.0,325.0,0.2235,0.1235,0.0,217.00570739217773
2026-05-31 00:46:00,0.0,327.5,0.2235,0.1235,0.0,216.71301343285072
2026-05-31 00:46:30,0.0,330.0,0.2235,0.1235,0.0,216.2883329349179
2026-05-31 00:47:00,0.0,305.0,0.2235,0.1235,0.0,217.21510668707467
2026-05-31 00:47:30,0.0,280.0,0.2235,0.1235,0.0,216.1845871943556
2026-05-31 00:48:00,0.0,278.3333,0.2235,0.1235,0.0,215.61339026129744
2026-05-31 00:48:30,0.0,276.6667,0.2235,0.1235,0.0,215.9538393079261
2026-05-31 00:49:00,0.0,275.0,0.2235,0.1235,0.0,216.36117902354212
2026-05-31 00:49:30,0.0,273.3333,0.2235,0.1235,0.0,216.85781893606426
2026-05-31 00:50:00,0.0,271.6667,0.2235,0.1235,0.0,216.3793531020986
2026-05-31 00:50:30,0.0,270.0,0.2235,0.1235,0.0,215.7294485616066
2026-05-31 00:51:00,0.0,265.0,0.2235,0.1235,0.0,215.81145676635603
2026-05-31 00:51:30,0.0,260.0,0.2235,0.1235,0.0,216.8321699353361
2026-05-31 00:52:00,0.0,265.0,0.2235,0.1235,0.0,215.94503790368046
2026-05-31 00:52:30,0.0,270.0,0.2235,0.1235,0.0,215.27724150632775
2026-05-31 00:53:00,0.0,280.0,0.2235,0.1235,0.0,215.10124805751136
2026-05-31 00:53:30,0.0,281.4286,0.2235,0.1235,0.0,214.4513029072664
2026-05-31 00:54:00,0.0,282.8571,0.2235,0.1235,0.0,214.79025035095464
2026-05-31 00:54:30,0.0,284.2857,0.2235,0.1235,0.0,215.65487067337523
2026-05-31 00:55:00,0.0,285.7143,0.2235,0.1235,0.0,216.24054774772713
2026-05-31 00:55:30,0.0,287.1429,0.2235,0.1235,0.0,216.80406365621988
2026-05-31 00:56:00,0.0,288.5714,0.2235,0.1235,0.0,217.08907812923601
2026-05-31 00:56:30,0.0,290.0,0.2235,0.1235,0.0,218.07713079425528
2026-05-31 00:57:00,0.0,280.0,0.2235,0.1235,0.0,217.97593470631162
2026-05-31 00:57:30,0.0,270.0,0.2235,0.1235,0.0,218.16720967559004
2026-05-31 00:58:00,0.0,280.0,0.2235,0.1235,0.0,217.51505279354666
2026-05-31 00:58:30,0.0,285.0,0.2235,0.1235,0.0,217.81184757569181
2026-05-31 00:59:00,0.0,290.0,0.2235,0.1235,0.0,217.110966760713
2026-05-31 00:59:30,0.0,285.0,0.2235,0.1235,0.0,217.84628100978503
2026-05-31 01:00:00,0.0,280.0,0.2465,0.1465,0.0,217.6981732805677
2026-05-31 01:00:30,0.0,290.0,0.2465,0.1465,0.0,218.36496871645366
2026-05-31 01:01:00,0.0,270.0,0.2465,0.1465,0.0,218.7065671699731
2026-05-31 01:01:30,0.0,268.75,0.2465,0.1465,0.0,217.60971544092905
2026-05-31 01:02:00,0.0,267.5,0.2465,0.1465,0.0,217.85308028253155
2026-05-31 01:02:30,0.0,266.25,0.2465,0.1465,0.0,217.6456889026548
2026-05-31 01:03:00,0.0,265.0,0.2465,0.1465,0.0,217.74605296730368
2026-05-31 01:03:30,0.0,263.75,0.2465,0.1465,0.0,217.84650176784197
2026-05-31 01:04:00,0.0,262.5,0.2465,0.1465,0.0,217.81217854075248
2026-05-31 01:04:30,0.0,261.25,0.2465,0.1465,0.0,218.1893237361449
2026-05-31 01:05:00,0.0,260.0,0.2465,0.1465,0.0,219.10863922360807
2026-05-31 01:05:30,0.0,270.0,0.2465,0.1465,0.0,220.0474245502799
2026-05-31 01:06:00,0.0,260.0,0.2465,0.1465,0.0,220.53607888150276
2026-05-31 01:06:30,0.0,265.0,0.2465,0.1465,0.0,219.61204150548127
2026-05-31 01:07:00,0.0,270.0,0.2465,0.1465,0.0,219.14276594176437
2026-05-31 01:07:30,0.0,260.0,0.2465,0.1465,0.0,219.19748237861612
2026-05-31 01:08:00,0.0,263.3333,0.2465,0.1465,0.0,219.20368344624887
2026-05-31 01:08:30,0.0,266.6667,0.2465,0.1465,0.0,218.7682594164045
2026-05-31 01:09:00,0.0,270.0,0.2465,0.1465,0.0,218.11476125233168
2026-05-31 01:09:30,0.0,290.0,0.2465,0.1465,0.0,218.93822620434247
2026-05-31 01:10:00,0.0,300.0,0.2465,0.1465,0.0,218.57630297762844
2026-05-31 01:10:30,0.0,310.0,0.2465,0.1465,0.0,218.36376790263589
2026-05-31 01:11:00,0.0,313.3333,0.2465,0.1465,0.0,218.69860870596082
2026-05-31 01:11:30,0.0,316.6667,0.2465,0.1465,0.0,219.00463010283067
2026-05-31 01:12:00,0.0,320.0,0.2465,0.1465,0.0,219.85952377333075
2026-05-31 01:12:30,0.0,310.0,0.2465,0.1465,0.0,219.0081495077394
2026-05-31 01:13:00,0.0,300.0,0.2465,0.1465,0.0,219.29878341117058
2026-05-31 01:13:30,0.0,280.0,0.2465,0.1465,0.0,218.54640042239018
2026-05-31 01:14:00,0.0,310.0,0.2465,0.1465,0.0,218.76938076177748
2026-05-31 01:14:30,0.0,290.0,0.2465,0.1465,0.0,217.876302154597
2026-05-31 01:15:00,0.0,295.0,0.236,0.136,0.0,217.77557652648747
2026-05-31 01:15:30,0.0,300.0,0.236,0.136,0.0,218.2915115951782
2026-05-31 01:16:00,0.0,310.0,0.236,0.136,0.0,218.9336249488076
2026-05-31 01:16:30,0.0,295.0,0.236,0.136,0.0,219.31940622521552
2026-05-31 01:17:00,0.0,280.0,0.236,0.136,0.0,219.81954204930213
2026-05-31 01:17:30,0.0,287.7778,0.236,0.136,0.0,220.47472546436867
2026-05-31 01:18:00,0.0,295.5556,0.236,0.136,0.0,221.00353978763505
2026-05-31 01:18:30,0.0,303.3333,0.236,0.136,0.0,221.6353623196332
2026-05-31 01:19:00,0.0,311.1111,0.236,0.136,0.0,221.93423581684957
2026-05-31 01:19:30,0.0,318.8889,0.236,0.136,0.0,222.17634656202011
2026-05-31 01:20:00,0.0,326.6667,0.236,0.136,0.0,223.13826166939896
2026-05-31 01:20:30,0.0,334.4444,0.236,0.136,0.0,222.7090611255878
2026-05-31 01:21:00,0.0,342.2222,0.236,0.136,0.0,222.19307776978656
2026-05-31 01:21:30,0.0,350.0,0.236,0.136,0.0,222.38303822792776
2026-05-31 01:22:00,0.0,345.0,0.236,0.136,0.0,221.87614808207073
2026-05-31 01:22:30,0.0,340.0,0.236,0.136,0.0,221.26783487869352
2026-05-31 01:23:00,0.0,337.5,0.236,0.136,0.0,220.96966194853866
2026-05-31 01:23:30,0.0,335.0,0.236,0.136,0.0,220.3490203451145
2026-05-31 01:24:00,0.0,332.5,0.236,0.136,0.0,220.62907961211351
2026-05-31 01:24:30,0.0,330.0,0.236,0.136,0.0,220.4621662775132
2026-05-31 01:25:00,0.0,335.0,0.236,0.136,0.0,220.79932395890074
2026-05-31 01:25:30,0.0,340.0,0.236,0.136,0.0,221.5404685951862
2026-05-31 01:26:00,0.0,320.0,0.236,0.136,0.0,221.51515252681165
2026-05-31 01:26:30,0.0,310.0,0.236,0.136,0.0,222.41698271595706
2026-05-31 01:27:00,0.0,300.0,0.236,0.136,0.0,221.79305327149842
2026-05-31 01:27:30,0.0,290.0,0.236,0.136,0.0,221.65556082191765
2026-05-31 01:28:00,0.0,300.0,0.236,0.136,0.0,221.89305341761263
2026-05-31 01:28:30,0.0,320.0,0.236,0.136,0.0,222.80085932202533
2026-05-31 01:29:00,0.0,300.0,0.236,0.136,0.0,223.0855274837152
2026-05-31 01:29:30,0.0,320.0,0.236,0.136,0.0,223.36404843290356
2026-05-31 01:30:00,0.0,330.0,0.2288,0.1288,0.0,223.20097891256086
2026-05-31 01:30:30,0.0,340.0,0.2288,0.1288,0.0,223.52789548172504
2026-05-31 01:31:00,0.0,300.0,0.2288,0.1288,0.0,223.51256808174588
2026-05-31 01:31:30,0.0,330.0,0.2288,0.1288,0.0,224.02373522730386
2026-05-31 01:32:00,0.0,333.3333,0.2288,0.1288,0.0,224.77459032243243
2026-05-31 01:32:30,0.0,336.6667,0.2288,0.1288,0.0,224.45321736707402
2026-05-31 01:33:00,0.0,340.0,0.2288,0.1288,0.0,224.6271102535013
2026-05-31 01:33:30,0.0,336.6667,0.2288,0.1288,0.0,224.44724928727146
2026-05-31 01:34:00,0.0,333.3333,0.2288,0.1288,0.0,224.98550138967266
2026-05-31 01:34:30,0.0,330.0,0.2288,0.1288,0.0,224.9215159911
2026-05-31 01:35:00,0.0,332.5,0.2288,0.1288,0.0,224.251995165665
2026-05-31 01:35:30,0.0,335.0,0.2288,0.1288,0.0,224.33669956834396
2026-05-31 01:36:00,0.0,337.5,0.2288,0.1288,0.0,224.04210044306768
2026-05-31 01:36:30,0.0,340.0,0.2288,0.1288,0.0,224.34939883930335
2026-05-31 01:37:00,0.0,335.0,0.2288,0.1288,0.0,224.0156669697016
2026-05-31 01:37:30,0.0,330.0,0.2288,0.1288,0.0,224.18696457748663
2026-05-31 01:38:00,0.0,315.0,0.2288,0.1288,0.0,224.19660759406221
2026-05-31 01:38:30,0.0,300.0,0.2288,0.1288,0.0,224.3713603646467
2026-05-31 01:39:00,0.0,310.0,0.2288,0.1288,0.0,224.66651859924187
2026-05-31 01:39:30,0.0,320.0,0.2288,0.1288,0.0,224.53895814816377
2026-05-31 01:40:00,0.0,290.0,0.2288,0.1288,0.0,225.32176704236747
2026-05-31 01:40:30,0.0,260.0,0.2288,0.1288,0.0,225.52207544868307
2026-05-31 01:41:00,0.0,275.0,0.2288,0.1288,0.0,224.91219434960735
2026-05-31 01:41:30,0.0,290.0,0.2288,0.1288,0.0,224.25351177569897
2026-05-31 01:42:00,0.0,320.0,0.2288,0.1288,0.0,224.53384546532456
2026-05-31 01:42:30,0.0,310.0,0.2288,0.1288,0.0,225.19834272097057
2026-05-31 01:43:00,0.0,315.0,0.2288,0.1288,0.0,224.93884931735235
2026-05-31 01:43:30,0.0,320.0,0.2288,0.1288,0.0,224.65545231205854
2026-05-31 01:44:00,0.0,330.0,0.2288,0.1288,0.0,224.27863388227732
2026-05-31 01:44:30,0.0,320.0,0.2288,0.1288,0.0,225.15000931703096
2026-05-31 01:45:00,0.0,310.0,0.227,0.127,0.0,225.1486452430912
2026-05-31 01:45:30,0.0,300.0,0.227,0.127,0.0,224.52343188839578
2026-05-31 01:46:00,0.0,290.0,0.227,0.127,0.0,224.86141584456956
2026-05-31 01:46:30,0.0,285.0,0.227,0.127,0.0,225.79120594360808
2026-05-31 01:47:00,0.0,280.0,0.227,0.127,0.0,225.4600237644845
2026-05-31 01:47:30,0.0,270.0,0.227,0.127,0.0,226.31579643422054
2026-05-31 01:48:00,0.0,273.3333,0.227,0.127,0.0,226.53748764765643
2026-05-31 01:48:30,0.0,276.6667,0.227,0.127,0.0,226.98324640449135
2026-05-31 01:49:00,0.0,280.0,0.227,0.127,0.0,226.95575498890335
2026-05-31 01:49:30,0.0,276.6667,0.227,0.127,0.0,226.02642157996686
2026-05-31 01:50:00,0.0,273.3333,0.227,0.127,0.0,227.01740637419695
2026-05-31 01:50:30,0.0,270.0,0.227,0.127,0.0,227.67754862628405
2026-05-31 01:51:00,0.0,280.0,0.227,0.127,0.0,226.87494333599187
2026-05-31 01:51:30,0.0,270.0,0.227,0.127,0.0,226.6696037687289
2026-05-31 01:52:00,0.0,240.0,0.227,0.127,0.0,226.7156230311571
2026-05-31 01:52:30,0.0,250.0,0.227,0.127,0.0,227.04536041270887
2026-05-31 01:53:00,0.0,260.0,0.227,0.127,0.0,227.16213917254282
2026-05-31 01:53:30,0.0,256.6667,0.227,0.127,0.0,228.26648087351538
2026-05-31 01:54:00,0.0,253.3333,0.227,0.127,0.0,228.4301801763121
2026-05-31 01:54:30,0.0,250.0,0.227,0.127,0.0,228.5086135124592
2026-05-31 01:55:00,0.0,260.0,0.227,0.127,0.0,228.6203209451185
2026-05-31 01:55:30,0.0,270.0,0.227,0.127,0.0,229.00420456226038
2026-05-31 01:56:00,0.0,260.0,0.227,0.127,0.0,228.1942497073282
2026-05-31 01:56:30,0.0,250.0,0.227,0.127,0.0,227.29500319147135
2026-05-31 01:57:00,0.0,255.0,0.227,0.127,0.0,227.9417796964239
2026-05-31 01:57:30,0.0,260.0,0.227,0.127,0.0,228.0379033818018
2026-05-31 01:58:00,0.0,270.0,0.227,0.127,0.0,228.21884112724356
2026-05-31 01:58:30,0.0,280.0,0.227,0.127,0.0,227.7015481347067
2026-05-31 01:59:00,0.0,270.0,0.227,0.127,0.0,227.77874840770292
2026-05-31 01:59:30,0.0,260.0,0.227,0.127,0.0,227.234640750451
2026-05-31 02:00:00,0.0,262.0,0.2255,0.1255,0.0,227.9459063376762
2026-05-31 02:00:30,0.0,264.0,0.2255,0.1255,0.0,227.4332873925108
2026-05-31 02:01:00,0.0,266.0,0.2255,0.1255,0.0,226.91603683139155
2026-05-31 02:01:30,0.0,268.0,0.2255,0.1255,0.0,227.79508964333456
2026-05-31 02:02:00,0.0,270.0,0.2255,0.1255,0.0,226.8021243416076
2026-05-31 02:02:30,0.0,280.0,0.2255,0.1255,0.0,226.58121042607297
2026-05-31 02:03:00,0.0,283.3333,0.2255,0.1255,0.0,226.1126862318399
2026-05-31 02:03:30,0.0,286.6667,0.2255,0.1255,0.0,226.41218098609488
2026-05-31 02:04:00,0.0,290.0,0.2255,0.1255,0.0,226.44516442722673
2026-05-31 02:04:30,0.0,286.6667,0.2255,0.1255,0.0,226.24086841005038
2026-05-31 02:05:00,0.0,283.3333,0.2255,0.1255,0.0,225.10085128224054
2026-05-31 02:05:30,0.0,280.0,0.2255,0.1255,0.0,224.62930521197873
2026-05-31 02:06:00,0.0,290.0,0.2255,0.1255,0.0,224.19490424425294
2026-05-31 02:06:30,0.0,291.6667,0.2255,0.1255,0.0,224.21149155446284
2026-05-31 02:07:00,0.0,293.3333,0.2255,0.1255,0.0,224.80162891631545
2026-05-31 02:07:30,0.0,295.0,0.2255,0.1255,0.0,225.41999617482762
2026-05-31 02:08:00,0.0,296.6667,0.2255,0.1255,0.0,225.81678247658908
2026-05-31 02:08:30,0.0,298.3333,0.2255,0.1255,0.0,226.40378376766
2026-05-31 02:09:00,0.0,300.0,0.2255,0.1255,0.0,226.66297964125326
2026-05-31 02:09:30,0.0,280.0,0.2255,0.1255,0.0,225.8363909687986
2026-05-31 02:10:00,0.0,270.0,0.2255,0.1255,0.0,226.13354206392106
2026-05-31 02:10:30,0.0,260.0,0.2255,0.1255,0.0,226.78148382590066
2026-05-31 02:11:00,0.0,265.0,0.2255,0.1255,0.0,226.35992669711587
2026-05-31 02:11:30,0.0,270.0,0.2255,0.1255,0.0,226.54484619924978
2026-05-31 02:12:00,0.0,268.0,0.2255,0.1255,0.0,225.94726311440368
2026-05-31 02:12:30,0.0,266.0,0.2255,0.1255,0.0,225.71425367467924
2026-05-31 02:13:00,0.0,264.0,0.2255,0.1255,0.0,225.09107038868962
2026-05-31 02:13:30,0.0,262.0,0.2255,0.1255,0.0,225.93251627603846
2026-05-31 02:14:00,0.0,260.0,0.2255,0.1255,0.0,226.01985835147323
2026-05-31 02:14:30,0.0,280.0,0.2255,0.1255,0.0,226.63917502181494
2026-05-31 02:15:00,0.0,270.0,0.233,0.133,0.0,226.83099691067667
2026-05-31 02:15:30,0.0,269.1667,0.233,0.133,0.0,226.65120058993313
2026-05-31 02:16:00,0.0,268.3333,0.233,0.133,0.0,225.89931961229703
2026-05-31 02:16:30,0.0,267.5,0.233,0.133,0.0,225.10806553817318
2026-05-31 02:17:00,0.0,266.6667,0.233,0.133,0.0,225.42721842459142
2026-05-31 02:17:30,0.0,265.8333,0.233,0.133,0.0,225.19806433498823
2026-05-31 02:18:00,0.0,265.0,0.233,0.133,0.0,225.19936815819094
2026-05-31 02:18:30,0.0,264.1667,0.233,0.133,0.0,224.85673185072034
2026-05-31 02:19:00,0.0,263.3333,0.233,0.133,0.0,224.7239013986241
2026-05-31 02:19:30,0.0,262.5,0.233,0.133,0.0,224.54738616973034
2026-05-31 02:20:00,0.0,261.6667,0.233,0.133,0.0,224.49182529950886
2026-05-31 02:20:30,0.0,260.8333,0.233,0.133,0.0,224.45279259774165
2026-05-31 02:21:00,0.0,260.0,0.233,0.133,0.0,224.90414640602705
2026-05-31 02:21:30,0.0,263.3333,0.233,0.133,0.0,225.70473757233665
2026-05-31 02:22:00,0.0,266.6667,0.233,0.133,0.0,225.96572889081006
2026-05-31 02:22:30,0.0,270.0,0.233,0.133,0.0,226.20518470443923
2026-05-31 02:23:00,0.0,260.0,0.233,0.133,0.0,226.09051529966482
2026-05-31 02:23:30,0.0,270.0,0.233,0.133,0.0,225.95064543951557
2026-05-31 02:24:00,0.0,260.0,0.233,0.133,0.0,226.68211273233993
2026-05-31 02:24:30,0.0,270.0,0.233,0.133,0.0,227.19280718228768
2026-05-31 02:25:00,0.0,276.875,0.233,0.133,0.0,226.64060085038332
2026-05-31 02:25:30,0.0,283.75,0.233,0.133,0.0,226.00365037418183
2026-05-31 02:26:00,0.0,290.625,0.233,0.133,0.0,226.2391723907441
2026-05-31 02:26:30,0.0,297.5,0.233,0.133,0.0,225.2764877577975
2026-05-31 02:27:00,0.0,304.375,0.233,0.133,0.0,225.59929848335943
2026-05-31 02:27:30,0.0,311.25,0.233,0.133,0.0,225.01629831457817
2026-05-31 02:28:00,0.0,318.125,0.233,0.133,0.0,225.1856209264633
2026-05-31 02:28:30,0.0,325.0,0.233,0.133,0.0,224.44597993624592
2026-05-31 02:29:00,0.0,331.875,0.233,0.133,0.0,224.87551246066838
2026-05-31 02:29:30,0.0,338.75,0.233,0.133,0.0,224.62610903854372
2026-05-31 02:30:00,0.0,345.625,0.2316,0.1316,0.0,224.66973501053457
2026-05-31 02:30:30,0.0,352.5,0.2316,0.1316,0.0,224.15874176548604
2026-05-31 02:31:00,0.0,359.375,0.2316,0.1316,0.0,224.37229305487017
2026-05-31 02:31:30,0.0,366.25,0.2316,0.1316,0.0,224.58121271417386
2026-05-31 02:32:00,0.0,373.125,0.2316,0.1316,0.0,223.8839787112105
2026-05-31 02:32:30,0.0,380.0,0.2316,0.1316,0.0,224.43173406969518
2026-05-31 02:33:00,0.0,330.0,0.2316,0.1316,0.0,224.8120898364494
2026-05-31 02:33:30,0.0,320.0,0.2316,0.1316,0.0,225.82373823234954
2026-05-31 02:34:00,0.0,325.0,0.2316,0.1316,0.0,225.19456503502326
2026-05-31 02:34:30,0.0,330.0,0.2316,0.1316,0.0,225.28166923089162
2026-05-31 02:35:00,0.0,326.6667,0.2316,0.1316,0.0,225.34517015461458
2026-05-31 02:35:30,0.0,323.3333,0.2316,0.1316,0.0,225.01964541176008
2026-05-31 02:36:00,0.0,320.0,0.2316,0.1316,0.0,224.73522482751395
2026-05-31 02:36:30,0.0,325.0,0.2316,0.1316,0.0,225.01820048820264
2026-05-31 02:37:00,0.0,330.0,0.2316,0.1316,0.0,224.69321220566707
2026-05-31 02:37:30,0.0,320.0,0.2316,0.1316,0.0,225.2751813596438
2026-05-31 02:38:00,0.0,330.0,0.2316,0.1316,0.0,225.11566351719426
2026-05-31 02:38:30,0.0,320.0,0.2316,0.1316,0.0,224.5979722148859
2026-05-31 02:39:00,0.0,330.0,0.2316,0.1316,0.0,224.73647289293754
2026-05-31 02:39:30,0.0,335.0,0.2316,0.1316,0.0,224.8465138207491
2026-05-31 02:40:00,0.0,340.0,0.2316,0.1316,0.0,224.26805306502916
2026-05-31 02:40:30,0.0,330.0,0.2316,0.1316,0.0,223.89528895457266
2026-05-31 02:41:00,0.0,320.0,0.2316,0.1316,0.0,223.61903832540818
2026-05-31 02:41:30,0.0,330.0,0.2316,0.1316,0.0,224.23867131097467
2026-05-31 02:42:00,0.0,340.0,0.2316,0.1316,0.0,224.17337013345045
2026-05-31 02:42:30,0.0,330.0,0.2316,0.1316,0.0,223.6168631422027
2026-05-31 02:43:00,0.0,325.0,0.2316,0.1316,0.0,223.20919693362364
2026-05-31 02:43:30,0.0,320.0,0.2316,0.1316,0.0,223.12052430391591
2026-05-31 02:44:00,0.0,323.3333,0.2316,0.1316,0.0,223.72282881948024
2026-05-31 02:44:30,0.0,326.6667,0.2316,0.1316,0.0,222.91333486241848
2026-05-31 02:45:00,0.0,330.0,0.2303,0.1303,0.0,222.04071653542167
2026-05-31 02:45:30,0.0,320.0,0.2303,0.1303,0.0,222.83256783499064
2026-05-31 02:46:00,0.0,330.0,0.2303,0.1303,0.0,222.3652336458841
2026-05-31 02:46:30,0.0,320.0,0.2303,0.1303,0.0,221.34084888881665
2026-05-31 02:47:00,0.0,330.0,0.2303,0.1303,0.0,221.5154248343934
2026-05-31 02:47:30,0.0,320.0,0.2303,0.1303,0.0,220.87725425686185
2026-05-31 02:48:00,0.0,323.3333,0.2303,0.1303,0.0,221.2743616480773
2026-05-31 02:48:30,0.0,326.6667,0.2303,0.1303,0.0,220.1847212760189
2026-05-31 02:49:00,0.0,330.0,0.2303,0.1303,0.0,220.18719075419855
2026-05-31 02:49:30,0.0,320.0,0.2303,0.1303,0.0,220.5934844078824
2026-05-31 02:50:00,0.0,330.0,0.2303,0.1303,0.0,220.7927726289952
2026-05-31 02:50:30,0.0,320.0,0.2303,0.1303,0.0,220.15179083927984
2026-05-31 02:51:00,0.0,312.5,0.2303,0.1303,0.0,220.7000268416046
2026-05-31 02:51:30,0.0,305.0,0.2303,0.1303,0.0,219.94039003927492
2026-05-31 02:52:00,0.0,297.5,0.2303,0.1303,0.0,219.9486581615496
2026-05-31 02:52:30,0.0,290.0,0.2303,0.1303,0.0,219.14254612828657
2026-05-31 02:53:00,0.0,260.0,0.2303,0.1303,0.0,219.68768167002554
2026-05-31 02:53:30,0.0,250.0,0.2303,0.1303,0.0,219.03838423083116
2026-05-31 02:54:00,0.0,255.0,0.2303,0.1303,0.0,218.33415686941714
2026-05-31 02:54:30,0.0,260.0,0.2303,0.1303,0.0,218.2289516016811
2026-05-31 02:55:00,0.0,230.0,0.2303,0.1303,0.0,217.88388563819038
2026-05-31 02:55:30,0.0,220.0,0.2303,0.1303,0.0,217.91352454039472
2026-05-31 02:56:00,0.0,230.0,0.2303,0.1303,0.0,218.1145614113794
2026-05-31 02:56:30,0.0,227.5,0.2303,0.1303,0.0,218.0769420092517
2026-05-31 02:57:00,0.0,225.0,0.2303,0.1303,0.0,217.22701641583106
2026-05-31 02:57:30,0.0,222.5,0.2303,0.1303,0.0,216.44413007360006
2026-05-31 02:58:00,0.0,220.0,0.2303,0.1303,0.0,217.2888529817761
2026-05-31 02:58:30,0.0,240.0,0.2303,0.1303,0.0,218.11723191893648
2026-05-31 02:59:00,0.0,230.0,0.2303,0.1303,0.0,218.01870863645686
2026-05-31 02:59:30,0.0,240.0,0.2303,0.1303,0.0,218.3950492153094
2026-05-31 03:00:00,0.0,230.0,0.226,0.126,0.0,217.59322771688943
2026-05-31 03:00:30,0.0,228.3333,0.226,0.126,0.0,217.48466851044495
2026-05-31 03:01:00,0.0,226.6667,0.226,0.126,0.0,217.4655994583877
2026-05-31 03:01:30,0.0,225.0,0.226,0.126,0.0,216.79078298629676
2026-05-31 03:02:00,0.0,223.3333,0.226,0.126,0.0,217.45028463136194
2026-05-31 03:02:30,0.0,221.6667,0.226,0.126,0.0,217.8186351713991
2026-05-31 03:03:00,0.0,220.0,0.226,0.126,0.0,217.86718447264968
2026-05-31 03:03:30,0.0,230.0,0.226,0.126,0.0,217.446286989487
2026-05-31 03:04:00,0.0,226.6667,0.226,0.126,0.0,217.11551737383695
2026-05-31 03:04:30,0.0,223.3333,0.226,0.126,0.0,216.96753378451007
2026-05-31 03:05:00,0.0,220.0,0.226,0.126,0.0,217.35176542114075
2026-05-31 03:05:30,0.0,230.0,0.226,0.126,0.0,217.4480243424352
2026-05-31 03:06:00,0.0,228.3333,0.226,0.126,0.0,217.60517537998555
2026-05-31 03:06:30,0.0,226.6667,0.226,0.126,0.0,218.10206552944706
2026-05-31 03:07:00,0.0,225.0,0.226,0.126,0.0,218.15277668864044
2026-05-31 03:07:30,0.0,223.3333,0.226,0.126,0.0,217.23811978396415
2026-05-31 03:08:00,0.0,221.6667,0.226,0.126,0.0,216.76033561075252
2026-05-31 03:08:30,0.0,220.0,0.226,0.126,0.0,216.70235924720515
2026-05-31 03:09:00,0.0,230.0,0.226,0.126,0.0,217.15171926367466
2026-05-31 03:09:30,0.0,220.0,0.226,0.126,0.0,217.31626861484318
2026-05-31 03:10:00,0.0,225.0,0.226,0.126,0.0,217.8678966959101
2026-05-31 03:10:30,0.0,230.0,0.226,0.126,0.0,217.41680217742467
2026-05-31 03:11:00,0.0,220.0,0.226,0.126,0.0,217.48939467626144
2026-05-31 03:11:30,0.0,220.2128,0.226,0.126,0.0,216.94218218432584
2026-05-31 03:12:00,0.0,220.4255,0.226,0.126,0.0,217.15277199095732
2026-05-31 03:12:30,0.0,220.6383,0.226,0.126,0.0,217.44967196656938
2026-05-31 03:13:00,0.0,220.8511,0.226,0.126,0.0,217.2452002419208
2026-05-31 03:13:30,0.0,221.0638,0.226,0.126,0.0,217.41047371463347
2026-05-31 03:14:00,0.0,221.2766,0.226,0.126,0.0,216.9771833795524
2026-05-31 03:14:30,0.0,221.4894,0.226,0.126,0.0,216.55085104312815
2026-05-31 03:15:00,0.0,221.7021,0.2268,0.1268,0.0,215.76527409586532
2026-05-31 03:15:30,0.0,221.9149,0.2268,0.1268,0.0,215.889407951923
2026-05-31 03:16:00,0.0,222.1277,0.2268,0.1268,0.0,216.44118453817276
2026-05-31 03:16:30,0.0,222.3404,0.2268,0.1268,0.0,216.3655519137225
2026-05-31 03:17:00,0.0,222.5532,0.2268,0.1268,0.0,215.36489880927328
2026-05-31 03:17:30,0.0,222.766,0.2268,0.1268,0.0,215.74949609585255
2026-05-31 03:18:00,0.0,222.9787,0.2268,0.1268,0.0,215.11405982045517
2026-05-31 03:18:30,0.0,223.1915,0.2268,0.1268,0.0,214.83198580096388
2026-05-31 03:19:00,0.0,223.4043,0.2268,0.1268,0.0,214.6751853181806
2026-05-31 03:19:30,0.0,223.617,0.2268,0.1268,0.0,214.98893819983155
2026-05-31 03:20:00,0.0,223.8298,0.2268,0.1268,0.0,214.92597816522036
2026-05-31 03:20:30,0.0,224.0426,0.2268,0.1268,0.0,215.3576648651843
2026-05-31 03:21:00,0.0,224.2553,0.2268,0.1268,0.0,214.6970639715154
2026-05-31 03:21:30,0.0,224.4681,0.2268,0.1268,0.0,214.71627260468114
2026-05-31 03:22:00,0.0,224.6809,0.2268,0.1268,0.0,214.80683052820797
2026-05-31 03:22:30,0.0,224.8936,0.2268,0.1268,0.0,214.02781656637242
2026-05-31 03:23:00,0.0,225.1064,0.2268,0.1268,0.0,214.60547021438373
2026-05-31 03:23:30,0.0,225.3191,0.2268,0.1268,0.0,215.26096695875557
2026-05-31 03:24:00,0.0,225.5319,0.2268,0.1268,0.0,214.88772972506817
2026-05-31 03:24:30,0.0,225.7447,0.2268,0.1268,0.0,215.08434933741708
2026-05-31 03:25:00,0.0,225.9574,0.2268,0.1268,0.0,215.72283675779488
2026-05-31 03:25:30,0.0,226.1702,0.2268,0.1268,0.0,215.72197389443104
2026-05-31 03:26:00,0.0,226.383,0.2268,0.1268,0.0,215.18410676734766
2026-05-31 03:26:30,0.0,226.5957,0.2268,0.1268,0.0,216.33231107405098
2026-05-31 03:27:00,0.0,226.8085,0.2268,0.1268,0.0,217.1155476677472
2026-05-31 03:27:30,0.0,227.0213,0.2268,0.1268,0.0,217.3826887358026
2026-05-31 03:28:00,0.0,227.234,0.2268,0.1268,0.0,217.40090378483177
2026-05-31 03:28:30,0.0,227.4468,0.2268,0.1268,0.0,217.78583532559952
2026-05-31 03:29:00,0.0,227.6596,0.2268,0.1268,0.0,217.0976835779771
2026-05-31 03:29:30,0.0,227.8723,0.2268,0.1268,0.0,216.20025323235825
2026-05-31 03:30:00,0.0,228.0851,0.2207,0.1207,0.0,215.34632102280653
2026-05-31 03:30:30,0.0,228.2979,0.2207,0.1207,0.0,215.8281219343988
2026-05-31 03:31:00,0.0,228.5106,0.2207,0.1207,0.0,216.14859572679876
2026-05-31 03:31:30,0.0,228.7234,0.2207,0.1207,0.0,216.00602968947896
2026-05-31 03:32:00,0.0,228.9362,0.2207,0.1207,0.0,216.86528297454498
2026-05-31 03:32:30,0.0,229.1489,0.2207,0.1207,0.0,215.8910449990512
2026-05-31 03:33:00,0.0,229.3617,0.2207,0.1207,0.0,215.2836752352742
2026-05-31 03:33:30,0.0,229.5745,0.2207,0.1207,0.0,214.5312203115982
2026-05-31 03:34:00,0.0,229.7872,0.2207,0.1207,0.0,214.18840926193178
2026-05-31 03:34:30,0.0,230.0,0.2207,0.1207,0.0,214.90041224018884
2026-05-31 03:35:00,0.0,220.0,0.2207,0.1207,0.0,214.91701841725794
2026-05-31 03:35:30,0.0,221.1111,0.2207,0.1207,0.0,215.37745936371846
2026-05-31 03:36:00,0.0,222.2222,0.2207,0.1207,0.0,215.7955277432662
2026-05-31 03:36:30,0.0,223.3333,0.2207,0.1207,0.0,215.3180923309674
2026-05-31 03:37:00,0.0,224.4444,0.2207,0.1207,0.0,215.71810846485386
2026-05-31 03:37:30,0.0,225.5556,0.2207,0.1207,0.0,215.80908899813315
2026-05-31 03:38:00,0.0,226.6667,0.2207,0.1207,0.0,215.79103100854744
2026-05-31 03:38:30,0.0,227.7778,0.2207,0.1207,0.0,215.42774361191476
2026-05-31 03:39:00,0.0,228.8889,0.2207,0.1207,0.0,214.66181506799322
2026-05-31 03:39:30,0.0,230.0,0.2207,0.1207,0.0,215.5676419925572
2026-05-31 03:40:00,0.0,220.0,0.2207,0.1207,0.0,215.202832750149
2026-05-31 03:40:30,0.0,229.0,0.2207,0.1207,0.0,214.44007033367475
2026-05-31 03:41:00,0.0,238.0,0.2207,0.1207,0.0,215.38254916009834
2026-05-31 03:41:30,0.0,247.0,0.2207,0.1207,0.0,214.50545872146614
2026-05-31 03:42:00,0.0,256.0,0.2207,0.1207,0.0,214.41973579619895
2026-05-31 03:42:30,0.0,265.0,0.2207,0.1207,0.0,214.6327422000905
2026-05-31 03:43:00,0.0,274.0,0.2207,0.1207,0.0,214.85150836728678
2026-05-31 03:43:30,0.0,283.0,0.2207,0.1207,0.0,214.70730756779443
2026-05-31 03:44:00,0.0,292.0,0.2207,0.1207,0.0,214.64995414645264
2026-05-31 03:44:30,0.0,301.0,0.2207,0.1207,0.0,214.99011981275459
2026-05-31 03:45:00,0.0,310.0,0.2187,0.1187,0.0,215.9474974576878
2026-05-31 03:45:30,0.0,280.0,0.2187,0.1187,0.0,216.06419873483625
2026-05-31 03:46:00,0.0,275.0,0.2187,0.1187,0.0,216.3226928557662
2026-05-31 03:46:30,0.0,270.0,0.2187,0.1187,0.0,217.44972987800563
2026-05-31 03:47:00,0.0,280.0,0.2187,0.1187,0.0,217.59038306464618
2026-05-31 03:47:30,0.0,277.5,0.2187,0.1187,0.0,217.75133426203823
2026-05-31 03:48:00,0.0,275.0,0.2187,0.1187,0.0,217.18354422620524
2026-05-31 03:48:30,0.0,272.5,0.2187,0.1187,0.0,218.1902022181806
2026-05-31 03:49:00,0.0,270.0,0.2187,0.1187,0.0,217.20001153649525
2026-05-31 03:49:30,0.0,280.0,0.2187,0.1187,0.0,217.80686101334882
2026-05-31 03:50:00,0.0,270.0,0.2187,0.1187,0.0,216.6819048018589
2026-05-31 03:50:30,0.0,280.0,0.2187,0.1187,0.0,216.6685643465677
2026-05-31 03:51:00,0.0,278.8889,0.2187,0.1187,0.0,217.13441251772207
2026-05-31 03:51:30,0.0,277.7778,0.2187,0.1187,0.0,218.05714224634826
2026-05-31 03:52:00,0.0,276.6667,0.2187,0.1187,0.0,218.30146741615457
2026-05-31 03:52:30,0.0,275.5556,0.2187,0.1187,0.0,219.3031334533668
2026-05-31 03:53:00,0.0,274.4444,0.2187,0.1187,0.0,219.01790473337087
2026-05-31 03:53:30,0.0,273.3333,0.2187,0.1187,0.0,218.82152414362795
2026-05-31 03:54:00,0.0,272.2222,0.2187,0.1187,0.0,218.82796719897127
2026-05-31 03:54:30,0.0,271.1111,0.2187,0.1187,0.0,217.92025786864926
2026-05-31 03:55:00,0.0,270.0,0.2187,0.1187,0.0,217.94024173285453
2026-05-31 03:55:30,0.0,280.0,0.2187,0.1187,0.0,217.81777916403044
2026-05-31 03:56:00,0.0,270.0,0.2187,0.1187,0.0,218.28139317971832
2026-05-31 03:56:30,0.0,290.0,0.2187,0.1187,0.0,218.5252490876243
2026-05-31 03:57:00,0.0,280.0,0.2187,0.1187,0.0,218.9127295497792
2026-05-31 03:57:30,0.0,281.1111,0.2187,0.1187,0.0,218.98279048709554
2026-05-31 03:58:00,0.0,282.2222,0.2187,0.1187,0.0,218.8089508181999
2026-05-31 03:58:30,0.0,283.3333,0.2187,0.1187,0.0,218.89803498175172
2026-05-31 03:59:00,0.0,284.4444,0.2187,0.1187,0.0,219.2306576822163
2026-05-31 03:59:30,0.0,285.5556,0.2187,0.1187,0.0,219.76171865379155
2026-05-31 04:00:00,0.0,286.6667,0.2249,0.1249,0.0,220.01464683127062
2026-05-31 04:00:30,0.0,287.7778,0.2249,0.1249,0.0,220.0437124735271
2026-05-31 04:01:00,0.0,288.8889,0.2249,0.1249,0.0,220.56658208253856
2026-05-31 04:01:30,0.0,290.0,0.2249,0.1249,0.0,221.40053617321198
2026-05-31 04:02:00,0.0,300.0,0.2249,0.1249,0.0,221.17557697251868
2026-05-31 04:02:30,0.0,290.0,0.2249,0.1249,0.0,221.80063155300434
2026-05-31 04:03:00,0.0,280.0,0.2249,0.1249,0.0,222.01362007462578
2026-05-31 04:03:30,0.0,270.0,0.2249,0.1249,0.0,222.92759276460072
2026-05-31 04:04:00,0.0,260.0,0.2249,0.1249,0.0,223.3349062408153
2026-05-31 04:04:30,0.0,250.0,0.2249,0.1249,0.0,223.78803981329912
2026-05-31 04:05:00,0.0,240.0,0.2249,0.1249,0.0,223.715451552222
2026-05-31 04:05:30,0.0,242.5,0.2249,0.1249,0.0,223.883659637152
2026-05-31 04:06:00,0.0,245.0,0.2249,0.1249,0.0,224.2929044838328
2026-05-31 04:06:30,0.0,247.5,0.2249,0.1249,0.0,224.25774033111824
2026-05-31 04:07:00,0.0,250.0,0.2249,0.1249,0.0,224.21961331793094
2026-05-31 04:07:30,0.0,240.0,0.2249,0.1249,0.0,224.86619168934823
2026-05-31 04:08:00,0.0,238.0,0.2249,0.1249,0.0,224.72629375233157
2026-05-31 04:08:30,0.0,236.0,0.2249,0.1249,0.0,223.87012869098982
2026-05-31 04:09:00,0.0,234.0,0.2249,0.1249,0.0,223.00158585370846
2026-05-31 04:09:30,0.0,232.0,0.2249,0.1249,0.0,223.14992958195901
2026-05-31 04:10:00,0.0,230.0,0.2249,0.1249,0.0,223.1216044678956
2026-05-31 04:10:30,0.0,220.0,0.2249,0.1249,0.0,223.79981889270647
2026-05-31 04:11:00,0.0,226.6667,0.2249,0.1249,0.0,224.03513210130015
2026-05-31 04:11:30,0.0,233.3333,0.2249,0.1249,0.0,223.8016090839218
2026-05-31 04:12:00,0.0,240.0,0.2249,0.1249,0.0,223.62383899196158
2026-05-31 04:12:30,0.0,250.0,0.2249,0.1249,0.0,223.91140165948664
2026-05-31 04:13:00,0.0,270.0,0.2249,0.1249,0.0,224.70042865199372
2026-05-31 04:13:30,0.0,280.0,0.2249,0.1249,0.0,224.6325537454329
2026-05-31 04:14:00,0.0,290.0,0.2249,0.1249,0.0,224.1653741152259
2026-05-31 04:14:30,0.0,285.0,0.2249,0.1249,0.0,224.98790153515938
2026-05-31 04:15:00,0.0,280.0,0.2234,0.1234,0.0,225.42765420896194
2026-05-31 04:15:30,0.0,290.0,0.2234,0.1234,0.0,225.65802452858344
2026-05-31 04:16:00,0.0,300.0,0.2234,0.1234,0.0,224.7947645691641
2026-05-31 04:16:30,0.0,305.0,0.2234,0.1234,0.0,225.3640744840399
2026-05-31 04:17:00,0.0,310.0,0.2234,0.1234,0.0,226.28743631909583
2026-05-31 04:17:30,0.0,290.0,0.2234,0.1234,0.0,225.18913448880355
2026-05-31 04:18:00,0.0,270.0,0.2234,0.1234,0.0,225.59993346949105
2026-05-31 04:18:30,0.0,280.0,0.2234,0.1234,0.0,225.74395516654624
2026-05-31 04:19:00,0.0,270.0,0.2234,0.1234,0.0,225.22635830434638
2026-05-31 04:19:30,0.0,280.0,0.2234,0.1234,0.0,225.61529212142088
2026-05-31 04:20:00,0.0,290.0,0.2234,0.1234,0.0,225.21287923319673
2026-05-31 04:20:30,0.0,300.0,0.2234,0.1234,0.0,225.17976683967558
2026-05-31 04:21:00,0.0,290.0,0.2234,0.1234,0.0,226.18425023705274
2026-05-31 04:21:30,0.0,292.5,0.2234,0.1234,0.0,225.88789369353933
2026-05-31 04:22:00,0.0,295.0,0.2234,0.1234,0.0,225.68127312552372
2026-05-31 04:22:30,0.0,297.5,0.2234,0.1234,0.0,226.3464325451065
2026-05-31 04:23:00,0.0,300.0,0.2234,0.1234,0.0,225.99009857143298
2026-05-31 04:23:30,0.0,270.0,0.2234,0.1234,0.0,225.10660353613747
2026-05-31 04:24:00,0.0,260.0,0.2234,0.1234,0.0,224.9969928805493
2026-05-31 04:24:30,0.0,250.0,0.2234,0.1234,0.0,224.46778718704533
2026-05-31 04:25:00,0.0,260.0,0.2234,0.1234,0.0,224.2108709045801
2026-05-31 04:25:30,0.0,250.0,0.2234,0.1234,0.0,223.96082497185387
2026-05-31 04:26:00,0.0,260.0,0.2234,0.1234,0.0,224.9313090409629
2026-05-31 04:26:30,0.0,250.0,0.2234,0.1234,0.0,224.3729463355369
2026-05-31 04:27:00,0.0,253.3333,0.2234,0.1234,0.0,224.22077744749302
2026-05-31 04:27:30,0.0,256.6667,0.2234,0.1234,0.0,224.2080039170176
2026-05-31 04:28:00,0.0,260.0,0.2234,0.1234,0.0,224.85121179403197
2026-05-31 04:28:30,0.0,263.3333,0.2234,0.1234,0.0,223.99648565999235
2026-05-31 04:29:00,0.0,266.6667,0.2234,0.1234,0.0,223.6889401748669
2026-05-31 04:29:30,0.0,270.0,0.2234,0.1234,0.0,224.2827597684283
2026-05-31 04:30:00,0.0,266.6667,0.2252,0.1252,0.0,225.05798058175654
2026-05-31 04:30:30,0.0,263.3333,0.2252,0.1252,0.0,225.1986534748367
2026-05-31 04:31:00,0.0,260.0,0.2252,0.1252,0.0,224.47091610183006
2026-05-31 04:31:30,0.0,270.0,0.2252,0.1252,0.0,223.98675265497238
2026-05-31 04:32:00,0.0,265.0,0.2252,0.1252,0.0,223.48653339233638
2026-05-31 04:32:30,0.0,260.0,0.2252,0.1252,0.0,224.01957438744458
2026-05-31 04:33:00,0.0,270.0,0.2252,0.1252,0.0,224.92070134064033
2026-05-31 04:33:30,0.0,266.6667,0.2252,0.1252,0.0,225.36287900424577
2026-05-31 04:34:00,0.0,263.3333,0.2252,0.1252,0.0,225.73774890193684
2026-05-31 04:34:30,0.0,260.0,0.2252,0.1252,0.0,225.6600282362703
2026-05-31 04:35:00,0.0,270.0,0.2252,0.1252,0.0,225.55025215727028
2026-05-31 04:35:30,0.0,260.0,0.2252,0.1252,0.0,225.24466775013323
2026-05-31 04:36:00,0.0,261.0,0.2252,0.1252,0.0,225.6317130239993
2026-05-31 04:36:30,0.0,262.0,0.2252,0.1252,0.0,225.6314884331603
2026-05-31 04:37:00,0.0,263.0,0.2252,0.1252,0.0,226.20655842716522
2026-05-31 04:37:30,0.0,264.0,0.2252,0.1252,0.0,225.44821875108565
2026-05-31 04:38:00,0.0,265.0,0.2252,0.1252,0.0,226.51007202210485
2026-05-31 04:38:30,0.0,266.0,0.2252,0.1252,0.0,226.2122954366077
2026-05-31 04:39:00,0.0,267.0,0.2252,0.1252,0.0,226.0330820326053
2026-05-31 04:39:30,0.0,268.0,0.2252,0.1252,0.0,225.23637310074204
2026-05-31 04:40:00,0.0,269.0,0.2252,0.1252,0.0,225.2378407866613
2026-05-31 04:40:30,0.0,270.0,0.2252,0.1252,0.0,225.3247572126705
2026-05-31 04:41:00,0.0,265.0,0.2252,0.1252,0.0,225.16326908867964
2026-05-31 04:41:30,0.0,260.0,0.2252,0.1252,0.0,225.3228029331487
2026-05-31 04:42:00,0.0,290.0,0.2252,0.1252,0.0,225.66614672827805
2026-05-31 04:42:30,0.0,310.0,0.2252,0.1252,0.0,225.32940489447452
2026-05-31 04:43:00,0.0,303.3333,0.2252,0.1252,0.0,225.26286383238246
2026-05-31 04:43:30,0.0,296.6667,0.2252,0.1252,0.0,226.18269723917126
2026-05-31 04:44:00,0.0,290.0,0.2252,0.1252,0.0,226.08736287054003
2026-05-31 04:44:30,0.0,292.5,0.2252,0.1252,0.0,226.7581477859402
2026-05-31 04:45:00,0.0,295.0,0.2254,0.1254,0.0,225.60316258346992
2026-05-31 04:45:30,0.0,297.5,0.2254,0.1254,0.0,225.02368077740732
2026-05-31 04:46:00,0.0,300.0,0.2254,0.1254,0.0,225.15393330201204
2026-05-31 04:46:30,0.0,290.0,0.2254,0.1254,0.0,224.87243930016393
2026-05-31 04:47:00,0.0,300.0,0.2254,0.1254,0.0,224.66290304883245
2026-05-31 04:47:30,0.0,285.0,0.2254,0.1254,0.0,225.31205495527362
2026-05-31 04:48:00,0.0,270.0,0.2254,0.1254,0.0,225.3692833360523
2026-05-31 04:48:30,0.0,266.6667,0.2254,0.1254,0.0,225.271454857168
2026-05-31 04:49:00,0.0,263.3333,0.2254,0.1254,0.0,225.35476893470204
2026-05-31 04:49:30,0.0,260.0,0.2254,0.1254,0.0,224.97814107610984
2026-05-31 04:50:00,0.0,270.0,0.2254,0.1254,0.0,225.7665157904584
2026-05-31 04:50:30,0.0,260.0,0.2254,0.1254,0.0,225.7962121972831
2026-05-31 04:51:00,0.0,265.0,0.2254,0.1254,0.0,225.1321178544575
2026-05-31 04:51:30,0.0,270.0,0.2254,0.1254,0.0,224.0599771777639
2026-05-31 04:52:00,0.0,265.0,0.2254,0.1254,0.0,223.87295576557682
2026-05-31 04:52:30,0.0,260.0,0.2254,0.1254,0.0,223.0002611439966
2026-05-31 04:53:00,0.0,267.2727,0.2254,0.1254,0.0,223.428559128978
2026-05-31 04:53:30,0.0,274.5455,0.2254,0.1254,0.0,223.0910821120241
2026-05-31 04:54:00,0.0,281.8182,0.2254,0.1254,0.0,223.66562404999914
2026-05-31 04:54:30,0.0,289.0909,0.2254,0.1254,0.0,223.98128756702894
2026-05-31 04:55:00,0.0,296.3636,0.2254,0.1254,0.0,224.01226052157745
2026-05-31 04:55:30,0.0,303.6364,0.2254,0.1254,0.0,223.89071316961954
2026-05-31 04:56:00,0.0,310.9091,0.2254,0.1254,0.0,224.02597719194046
2026-05-31 04:56:30,0.0,318.1818,0.2254,0.1254,0.0,223.82919143815946
2026-05-31 04:57:00,0.0,325.4545,0.2254,0.1254,0.0,224.45224020821897
2026-05-31 04:57:30,0.0,332.7273,0.2254,0.1254,0.0,224.36645153342053
2026-05-31 04:58:00,0.0,340.0,0.2254,0.1254,0.0,223.5815707641436
2026-05-31 04:58:30,0.0,320.0,0.2254,0.1254,0.0,222.64032240274932
2026-05-31 04:59:00,0.0,315.0,0.2254,0.1254,0.0,222.93649773817694
2026-05-31 04:59:30,0.0,310.0,0.2254,0.1254,0.0,222.66654316565192
2026-05-31 05:00:00,0.0,320.0,0.227,0.127,0.0,222.6302074447517
2026-05-31 05:00:30,0.0,310.0,0.227,0.127,0.0,222.64305879691807
2026-05-31 05:01:00,0.0,300.0,0.227,0.127,0.0,222.36526598418877
2026-05-31 05:01:30,0.0,302.5,0.227,0.127,0.0,221.4419019598646
2026-05-31 05:02:00,0.0,305.0,0.227,0.127,0.0,221.39897479725033
2026-05-31 05:02:30,0.0,307.5,0.227,0.127,0.0,220.59038588923997
2026-05-31 05:03:00,0.0,310.0,0.227,0.127,0.0,221.19054335096507
2026-05-31 05:03:30,0.0,320.0,0.227,0.127,0.0,220.61310059860716
2026-05-31 05:04:00,0.0,318.3333,0.227,0.127,0.0,220.80562084060287
2026-05-31 05:04:30,0.0,316.6667,0.227,0.127,0.0,220.45012823380475
2026-05-31 05:05:00,0.0,315.0,0.227,0.127,0.0,220.88422521153976
2026-05-31 05:05:30,0.0,313.3333,0.227,0.127,0.0,220.5559458104579
2026-05-31 05:06:00,0.0,311.6667,0.227,0.127,0.0,220.3906688980693
2026-05-31 05:06:30,0.0,310.0,0.227,0.127,0.0,219.95396121207688
2026-05-31 05:07:00,0.0,315.0,0.227,0.127,0.0,219.33341467443242
2026-05-31 05:07:30,0.0,320.0,0.227,0.127,0.0,219.53144516763146
2026-05-31 05:08:00,0.0,310.0,0.227,0.127,0.0,219.60076781028596
2026-05-31 05:08:30,0.0,315.0,0.227,0.127,0.0,220.15707766863582
2026-05-31 05:09:00,0.0,320.0,0.227,0.127,0.0,220.24695692660669
2026-05-31 05:09:30,0.0,318.3333,0.227,0.127,0.0,220.0624517218341
2026-05-31 05:10:00,0.0,316.6667,0.227,0.127,0.0,219.93127955705083
2026-05-31 05:10:30,0.0,315.0,0.227,0.127,0.0,219.13302330984328
2026-05-31 05:11:00,0.0,313.3333,0.227,0.127,0.0,219.38899713146336
2026-05-31 05:11:30,0.0,311.6667,0.227,0.127,0.0,219.92686720324474
2026-05-31 05:12:00,0.0,310.0,0.227,0.127,0.0,219.64561144620723
2026-05-31 05:12:30,0.0,315.0,0.227,0.127,0.0,220.1735695421268
2026-05-31 05:13:00,0.0,320.0,0.227,0.127,0.0,219.49973296851053
2026-05-31 05:13:30,0.0,310.0,0.227,0.127,0.0,218.7370241564276
2026-05-31 05:14:00,0.0,320.0,0.227,0.127,0.0,219.00894604146512
2026-05-31 05:14:30,0.0,310.0,0.227,0.127,0.0,217.85791233703543
2026-05-31 05:15:00,0.0,315.0,0.2303,0.1303,0.0,217.53410936508138
2026-05-31 05:15:30,0.0,320.0,0.2303,0.1303,0.0,217.13314612928664
2026-05-31 05:16:00,0.0,315.0,0.2303,0.1303,0.0,217.75289898074283
2026-05-31 05:16:30,0.0,310.0,0.2303,0.1303,0.0,217.71830624585618
2026-05-31 05:17:00,0.0,285.0,0.2303,0.1303,0.0,217.60315126399576
2026-05-31 05:17:30,0.0,260.0,0.2303,0.1303,0.0,218.53359694557736
2026-05-31 05:18:00,0.0,250.0,0.2303,0.1303,0.0,217.9743741283563
2026-05-31 05:18:30,0.0,255.0,0.2303,0.1303,0.0,218.84093316803643
2026-05-31 05:19:00,0.0,260.0,0.2303,0.1303,0.0,219.42423184467867
2026-05-31 05:19:30,0.0,250.0,0.2303,0.1303,0.0,219.36739105267807
2026-05-31 05:20:00,0.0,260.0,0.2303,0.1303,0.0,219.38151912047235
2026-05-31 05:20:30,0.0,250.0,0.2303,0.1303,0.0,219.09335308084613
2026-05-31 05:21:00,0.0,255.0,0.2303,0.1303,0.0,218.34241753892817
2026-05-31 05:21:30,0.0,260.0,0.2303,0.1303,0.0,218.43313277084397
2026-05-31 05:22:00,0.0,255.0,0.2303,0.1303,0.0,218.00037851304089
2026-05-31 05:22:30,0.0,250.0,0.2303,0.1303,0.0,218.37658392780438
2026-05-31 05:23:00,0.0,260.0,0.2303,0.1303,0.0,218.67875023589957
2026-05-31 05:23:30,0.0,250.0,0.2303,0.1303,0.0,219.23190085454854
2026-05-31 05:24:00,0.0,246.6667,0.2303,0.1303,0.0,219.8146286575806
2026-05-31 05:24:30,0.0,243.3333,0.2303,0.1303,0.0,220.19518638792476
2026-05-31 05:25:00,0.0,240.0,0.2303,0.1303,0.0,220.53876657470727
2026-05-31 05:25:30,0.0,250.0,0.2303,0.1303,0.0,221.35658311716526
2026-05-31 05:26:00,0.0,246.6667,0.2303,0.1303,0.0,220.7071373885827
2026-05-31 05:26:30,0.0,243.3333,0.2303,0.1303,0.0,220.136668438301
2026-05-31 05:27:00,0.0,240.0,0.2303,0.1303,0.0,220.33515235908513
2026-05-31 05:27:30,0.0,241.6667,0.2303,0.1303,0.0,220.34266100218454
2026-05-31 05:28:00,0.0,243.3333,0.2303,0.1303,0.0,220.20520834574862
2026-05-31 05:28:30,0.0,245.0,0.2303,0.1303,0.0,221.25883099947214
2026-05-31 05:29:00,0.0,246.6667,0.2303,0.1303,0.0,221.8374548838455
2026-05-31 05:29:30,0.0,248.3333,0.2303,0.1303,0.0,221.99949427232943
2026-05-31 05:30:00,0.0,250.0,0.2345,0.1345,0.0,221.37285678656096
2026-05-31 05:30:30,0.0,240.0,0.2345,0.1345,0.0,220.92877362088976
2026-05-31 05:31:00,0.0,240.9091,0.2345,0.1345,0.0,222.0071652941275
2026-05-31 05:31:30,0.0,241.8182,0.2345,0.1345,0.0,222.63666456921962
2026-05-31 05:32:00,0.0,242.7273,0.2345,0.1345,0.0,222.21202226221712
2026-05-31 05:32:30,0.0,243.6364,0.2345,0.1345,21.5235,222.8105051367035
2026-05-31 05:33:00,0.0,244.5455,0.2345,0.1345,27.2411,222.05156930630804
2026-05-31 05:33:30,0.0,245.4545,0.2345,0.1345,32.9601,222.05640578793785
2026-05-31 05:34:00,0.0,246.3636,0.2345,0.1345,38.6806,222.29950635666745
2026-05-31 05:34:30,0.0,247.2727,0.2345,0.1345,44.4026,221.66102011607848
2026-05-31 05:35:00,0.0,248.1818,0.2345,0.1345,50.1262,221.88799378044612
2026-05-31 05:35:30,0.0,249.0909,0.2345,0.1345,55.8513,221.83797037392574
2026-05-31 05:36:00,0.0,250.0,0.2345,0.1345,61.5781,221.71305641611085
2026-05-31 05:36:30,0.0,240.0,0.2345,0.1345,67.3066,221.44750360694943
2026-05-31 05:37:00,0.0,238.5714,0.2345,0.1345,73.0367,220.8355092908726
2026-05-31 05:37:30,0.0,237.1429,0.2345,0.1345,78.7685,220.79326971248457
2026-05-31 05:38:00,0.0,235.7143,0.2345,0.1345,84.5021,219.85512305668973
2026-05-31 05:38:30,0.0,234.2857,0.2345,0.1345,90.2375,220.5562072068992
2026-05-31 05:39:00,0.0,232.8571,0.2345,0.1345,95.9747,221.33940862731657
2026-05-31 05:39:30,0.0,231.4286,0.2345,0.1345,101.7137,222.27376629325252
2026-05-31 05:40:00,0.0,230.0,0.2345,0.1345,107.4546,222.9004209417675
2026-05-31 05:40:30,0.0,240.0,0.2345,0.1345,113.1975,223.23813720535023
2026-05-31 05:41:00,0.0,239.2308,0.2345,0.1345,118.9422,223.57782196384017
2026-05-31 05:41:30,0.0,238.4615,0.2345,0.1345,124.689,223.79603567060298
2026-05-31 05:42:00,0.0,237.6923,0.2345,0.1345,130.4377,223.791875272732
2026-05-31 05:42:30,0.0,236.9231,0.2345,0.1345,136.1885,223.4977025038334
2026-05-31 05:43:00,0.0,236.1538,0.2345,0.1345,141.9413,224.06956487543897
2026-05-31 05:43:30,0.0,235.3846,0.2345,0.1345,147.6963,223.92456747814202
2026-05-31 05:44:00,0.0,234.6154,0.2345,0.1345,153.4534,223.90860439005252
2026-05-31 05:44:30,0.0,233.8462,0.2345,0.1345,159.2126,222.91459030208796
2026-05-31 05:45:00,0.0,233.0769,0.2286,0.1286,164.9741,223.66586722814318
2026-05-31 05:45:30,0.0,232.3077,0.2286,0.1286,170.7378,223.41765757933752
2026-05-31 05:46:00,0.0,231.5385,0.2286,0.1286,176.5038,223.3253354034656
2026-05-31 05:46:30,0.0,230.7692,0.2286,0.1286,182.272,222.762139855179
2026-05-31 05:47:00,0.0,230.0,0.2286,0.1286,188.0426,223.05309676852755
2026-05-31 05:47:30,0.0,240.0,0.2286,0.1286,193.8155,222.90034038928636
2026-05-31 05:48:00,0.0,255.0,0.2286,0.1286,199.5908,223.25122491491828
2026-05-31 05:48:30,0.0,270.0,0.2286,0.1286,205.3686,222.36092853349473
2026-05-31 05:49:00,0.0,285.0,0.2286,0.1286,211.1488,222.98269945578463
2026-05-31 05:49:30,0.0,300.0,0.2286,0.1286,216.9315,223.48395640040104
2026-05-31 05:50:00,0.0,240.0,0.2286,0.1286,222.7167,223.5121777692348
2026-05-31 05:50:30,0.0,237.5,0.2286,0.1286,228.5045,224.22148292602657
2026-05-31 05:51:00,0.0,235.0,0.2286,0.1286,234.2949,224.63556968215747
2026-05-31 05:51:30,0.0,232.5,0.2286,0.1286,240.0878,224.8323928818093
2026-05-31 05:52:00,0.0,230.0,0.2286,0.1286,245.8835,224.98057010697383
2026-05-31 05:52:30,0.0,240.0,0.2286,0.1286,251.6818,225.95364704349225
2026-05-31 05:53:00,0.0,210.0,0.2286,0.1286,257.4828,225.24293312274892
2026-05-31 05:53:30,0.0,180.0,0.2286,0.1286,263.2865,226.32796310225373
2026-05-31 05:54:00,0.0,150.0,0.2286,0.1286,269.0931,226.20838827883225
2026-05-31 05:54:30,0.0,145.0,0.2286,0.1286,274.9024,226.1833227102644
2026-05-31 05:55:00,0.0,140.0,0.2286,0.1286,280.7146,226.47991998237939
2026-05-31 05:55:30,23.0,150.0,0.2286,0.1286,286.5297,226.27225200989184
2026-05-31 05:56:00,28.0,140.0,0.2286,0.1286,292.3477,225.66179608641244
2026-05-31 05:56:30,30.0,150.0,0.2286,0.1286,298.1686,226.58670695002337
2026-05-31 05:57:00,31.0,146.6667,0.2286,0.1286,303.9925,225.43970640008513
2026-05-31 05:57:30,30.5,143.3333,0.2286,0.1286,309.8194,226.19710413773592
2026-05-31 05:58:00,30.0,140.0,0.2286,0.1286,315.6493,226.06016603536526
2026-05-31 05:58:30,30.5,150.0,0.2286,0.1286,321.4823,226.1020577581492
2026-05-31 05:59:00,31.0,149.0909,0.2286,0.1286,327.3184,225.97758874457767
2026-05-31 05:59:30,62.0,148.1818,0.2286,0.1286,333.1576,225.37778734914136
2026-05-31 06:00:00,62.3333,147.2727,0.2296,0.1296,339.0,226.14671281836
2026-05-31 06:00:30,62.6667,146.3636,0.2296,0.1296,344.8389,226.14157671168496
2026-05-31 06:01:00,63.0,145.4545,0.2296,0.1296,350.6678,226.36507307863522
2026-05-31 06:01:30,89.0,144.5455,0.2296,0.1296,356.487,226.80343719664378
2026-05-31 06:02:00,89.5,143.6364,0.2296,0.1296,362.2968,227.08635035535684
2026-05-31 06:02:30,90.0,142.7273,0.2296,0.1296,368.0975,226.73273498282336
2026-05-31 06:03:00,89.0,141.8182,0.2296,0.1296,373.8894,225.69671496311173
2026-05-31 06:03:30,88.75,140.9091,0.2296,0.1296,379.6728,225.5759634436621
2026-05-31 06:04:00,88.5,140.0,0.2296,0.1296,385.4479,225.40475756047005
2026-05-31 06:04:30,88.25,150.0,0.2296,0.1296,391.2152,225.6314246933171
2026-05-31 06:05:00,88.0,145.0,0.2296,0.1296,396.9749,226.0539280216968
2026-05-31 06:05:30,95.0,140.0,0.2296,0.1296,402.7273,226.69735023366218
2026-05-31 06:06:00,96.0,138.0,0.2296,0.1296,408.4726,227.00607593324466
2026-05-31 06:06:30,97.0,136.0,0.2296,0.1296,414.2112,227.6190185585133
2026-05-31 06:07:00,98.0,134.0,0.2296,0.1296,419.9435,227.3943480975113
2026-05-31 06:07:30,97.0,132.0,0.2296,0.1296,425.6696,227.41775455533303
2026-05-31 06:08:00,98.0,130.0,0.2296,0.1296,431.3898,227.20903643995206
2026-05-31 06:08:30,99.0,120.0,0.2296,0.1296,437.1046,227.2610597530575
2026-05-31 06:09:00,98.0,123.3333,0.2296,0.1296,442.8141,228.10133094675652
2026-05-31 06:09:30,97.0,126.6667,0.2296,0.1296,448.5187,228.2502885810555
2026-05-31 06:10:00,98.0,130.0,0.2296,0.1296,454.2187,227.64417780149844
2026-05-31 06:10:30,97.0,200.0,0.2296,0.1296,459.9143,227.5009451946412
2026-05-31 06:11:00,95.0,190.0,0.2296,0.1296,465.6059,226.82204901669147
2026-05-31 06:11:30,94.5,180.0,0.2296,0.1296,471.2938,226.50714769608692
2026-05-31 06:12:00,94.0,178.3333,0.2296,0.1296,476.9782,227.01009263842477
2026-05-31 06:12:30,157.0,176.6667,0.2296,0.1296,482.6595,226.05528361815556
2026-05-31 06:13:00,156.0,175.0,0.2296,0.1296,488.3379,226.59567366081274
2026-05-31 06:13:30,157.0,173.3333,0.2296,0.1296,494.0139,227.32498511397532
2026-05-31 06:14:00,154.0,171.6667,0.2296,0.1296,499.6875,228.05199217488013
2026-05-31 06:14:30,155.0,170.0,0.2296,0.1296,505.3592,228.98542112901885
2026-05-31 06:15:00,171.5,180.0,0.2429,0.1429,511.0293,228.70638785829377
2026-05-31 06:15:30,188.0,178.3333,0.2429,0.1429,516.698,229.5407484220702
2026-05-31 06:16:00,154.0,176.6667,0.2429,0.1429,522.3657,229.95215959003005
2026-05-31 06:16:30,187.0,175.0,0.2429,0.1429,528.0326,229.20895789455625
2026-05-31 06:17:00,156.0,173.3333,0.2429,0.1429,533.699,229.28725696262094
2026-05-31 06:17:30,153.0,171.6667,0.2429,0.1429,539.3653,228.39630074039871
2026-05-31 06:18:00,157.0,170.0,0.2429,0.1429,545.0317,228.5790929266554
2026-05-31 06:18:30,156.0,180.0,0.2429,0.1429,550.6986,227.7428446439576
2026-05-31 06:19:00,155.0,170.0,0.2429,0.1429,556.3662,228.36521995724922
2026-05-31 06:19:30,191.0,180.0,0.2429,0.1429,562.0348,228.09147129272927
2026-05-31 06:20:00,187.0,160.0,0.2429,0.1429,567.7047,227.9684389041134
2026-05-31 06:20:30,217.0,180.0,0.2429,0.1429,573.3763,228.73784001041662
2026-05-31 06:21:00,219.0,182.0,0.2429,0.1429,579.0498,229.13946153321538
2026-05-31 06:21:30,226.0,184.0,0.2429,0.1429,584.7256,228.39591483165597
2026-05-31 06:22:00,225.0,186.0,0.2429,0.1429,590.4038,229.07582531537508
2026-05-31 06:22:30,239.5,188.0,0.2429,0.1429,596.0849,228.77766397093362
2026-05-31 06:23:00,254.0,190.0,0.2429,0.1429,601.7691,227.76057666069428
2026-05-31 06:23:30,252.0,180.0,0.2429,0.1429,607.4567,228.04196138602413
2026-05-31 06:24:00,255.0,183.3333,0.2429,0.1429,613.148,227.4203100634575
2026-05-31 06:24:30,257.5,186.6667,0.2429,0.1429,618.8433,227.45827581204867
2026-05-31 06:25:00,260.0,190.0,0.2429,0.1429,624.543,227.348531896946
2026-05-31 06:25:30,284.0,188.75,0.2429,0.1429,630.2472,226.4539079684422
2026-05-31 06:26:00,297.0,187.5,0.2429,0.1429,635.9564,226.15609442057334
2026-05-31 06:26:30,329.0,186.25,0.2429,0.1429,641.6708,227.08972754217538
2026-05-31 06:27:00,331.0,185.0,0.2429,0.1429,647.3906,226.10984958685006
2026-05-31 06:27:30,328.0,183.75,0.2429,0.1429,653.1163,226.383137267919
2026-05-31 06:28:00,335.0,182.5,0.2429,0.1429,658.8481,226.26312609581612
2026-05-31 06:28:30,343.5,181.25,0.2429,0.1429,664.5862,225.27611219382777
2026-05-31 06:29:00,352.0,180.0,0.2429,0.1429,670.3311,225.25971033128965
2026-05-31 06:29:30,325.0,190.0,0.2429,0.1429,676.0829,225.00423623794532
2026-05-31 06:30:00,391.0,165.0,0.2462,0.1462,681.842,225.41991224178588
2026-05-31 06:30:30,360.0,140.0,0.2462,0.1462,687.6088,225.44382556435903
2026-05-31 06:31:00,377.5,130.0,0.2462,0.1462,693.3834,224.39607899299793
2026-05-31 06:31:30,395.0,140.0,0.2462,0.1462,699.1662,224.8848705903975
2026-05-31 06:32:00,377.5,135.0,0.2462,0.1462,704.9574,225.463462211791
2026-05-31 06:32:30,360.0,130.0,0.2462,0.1462,710.7575,225.24290939503632
2026-05-31 06:33:00,387.0,135.0,0.2462,0.1462,716.5666,225.58872570350908
2026-05-31 06:33:30,325.0,140.0,0.2462,0.1462,722.3851,225.48078919717045
2026-05-31 06:34:00,362.0,130.0,0.2462,0.1462,728.2133,225.43634062590158
2026-05-31 06:34:30,356.0,140.0,0.2462,0.1462,734.0515,225.92736831447021
2026-05-31 06:35:00,387.0,130.0,0.2462,0.1462,739.8999,225.91984203262012
2026-05-31 06:35:30,391.0,140.0,0.2462,0.1462,745.7589,226.6669763129476
2026-05-31 06:36:00,435.0,130.0,0.2462,0.1462,751.6287,226.57677882004583
2026-05-31 06:36:30,438.0,130.7143,0.2462,0.1462,757.5097,226.69626259862758
2026-05-31 06:37:00,469.0,131.4286,0.2462,0.1462,763.4022,227.1288274389481
2026-05-31 06:37:30,433.0,132.1429,0.2462,0.1462,769.3064,227.80611371034396
2026-05-31 06:38:00,475.0,132.8571,0.2462,0.1462,775.2227,228.31980897547282
2026-05-31 06:38:30,508.0,133.5714,0.2462,0.1462,781.1514,228.1232144709401
2026-05-31 06:39:00,489.0,134.2857,0.2462,0.1462,787.0927,227.6659259562895
2026-05-31 06:39:30,531.0,135.0,0.2462,0.1462,793.047,226.70278201908283
2026-05-31 06:40:00,542.8,135.7143,0.2462,0.1462,799.0145,226.03631372302283
2026-05-31 06:40:30,554.6,136.4286,0.2462,0.1462,804.9955,226.7851236716098
2026-05-31 06:41:00,566.4,137.1429,0.2462,0.1462,810.9904,226.63495023516145
2026-05-31 06:41:30,578.2,137.8571,0.2462,0.1462,816.9995,226.84777142513622
2026-05-31 06:42:00,590.0,138.5714,0.2462,0.1462,823.0229,226.5056281880986
2026-05-31 06:42:30,580.0,139.2857,0.2462,0.1462,829.0612,227.32595092905066
2026-05-31 06:43:00,587.0,140.0,0.2462,0.1462,835.1144,227.18096994345825
2026-05-31 06:43:30,595.0,135.0,0.2462,0.1462,841.183,226.53265869448438
2026-05-31 06:44:00,594.0,130.0,0.2462,0.1462,847.2672,226.33224271768597
2026-05-31 06:44:30,583.0,132.5,0.2462,0.1462,853.3674,226.79071136078164
2026-05-31 06:45:00,588.0,135.0,0.2494,0.1493,859.4838,227.11602947377048
2026-05-31 06:45:30,518.0,137.5,0.2494,0.1493,865.6167,227.46581712495194
2026-05-31 06:46:00,498.0,140.0,0.2494,0.1493,871.7664,227.22754105974937
2026-05-31 06:46:30,478.0,130.0,0.2494,0.1493,877.9333,228.017937612021
2026-05-31 06:47:00,439.0,140.0,0.2494,0.1493,884.1176,227.73181055775194
2026-05-31 06:47:30,444.5,130.0,0.2494,0.1493,890.3196,227.79401592975034
2026-05-31 06:48:00,450.0,140.0,0.2494,0.1493,896.5396,227.18380271319168
2026-05-31 06:48:30,453.0,141.6667,0.2494,0.1493,902.7779,227.23866174364056
2026-05-31 06:49:00,421.0,143.3333,0.2494,0.1493,909.0349,226.72473303635653
2026-05-31 06:49:30,457.0,145.0,0.2494,0.1493,915.3108,226.7069663519951
2026-05-31 06:50:00,462.0,146.6667,0.2494,0.1493,921.6058,226.60295226195726
2026-05-31 06:50:30,467.0,148.3333,0.2494,0.1493,927.9204,225.98031397474526
2026-05-31 06:51:00,468.0,150.0,0.2494,0.1493,934.2548,225.38116380044272
2026-05-31 06:51:30,461.0,160.0,0.2494,0.1493,940.6093,225.58486850643845
2026-05-31 06:52:00,504.0,130.0,0.2494,0.1493,946.9842,225.60496429136506
2026-05-31 06:52:30,529.0,140.0,0.2494,0.1493,953.3797,224.81607013930028
2026-05-31 06:53:00,531.0,141.6667,0.2494,0.1493,959.7963,225.65425293187192
2026-05-31 06:53:30,503.0,143.3333,0.2494,0.1493,966.2342,224.8294808457594
2026-05-31 06:54:00,508.0,145.0,0.2494,0.1493,972.6937,224.10880056508628
2026-05-31 06:54:30,535.0,146.6667,0.2494,0.1493,979.175,223.98836237419624
2026-05-31 06:55:00,571.0,148.3333,0.2494,0.1493,985.6786,223.51657138067978
2026-05-31 06:55:30,588.0,150.0,0.2494,0.1493,992.2046,223.64072130555022
2026-05-31 06:56:00,605.0,135.0,0.2494,0.1493,998.7534,224.12089578799655
2026-05-31 06:56:30,616.0,120.0,0.2494,0.1493,1005.3253,223.54767115652118
2026-05-31 06:57:00,600.0,140.0,0.2494,0.1493,1011.9206,224.4231949397696
2026-05-31 06:57:30,610.0,120.0,0.2494,0.1493,1018.5396,224.35283004056902
2026-05-31 06:58:00,613.0,140.0,0.2494,0.1493,1025.1825,225.01366568305545
2026-05-31 06:58:30,617.0,133.3333,0.2494,0.1493,1031.8497,225.2070815761279
2026-05-31 06:59:00,643.5,126.6667,0.2494,0.1493,1038.5415,225.31959037463022
2026-05-31 06:59:30,670.0,120.0,0.2494,0.1493,1045.2582,226.09878403048572
2026-05-31 07:00:00,638.0,110.0,0.2494,0.1493,1052.0,225.80382129291095
2026-05-31 07:00:30,681.0,130.0,0.2494,0.1493,1058.7712,238.8154194937529
2026-05-31 07:01:00,682.0,110.0,0.2494,0.1493,1065.5754,251.56125767084364
2026-05-31 07:01:30,713.0,120.0,0.2494,0.1493,1072.4122,264.02554809873317
2026-05-31 07:02:00,710.0,100.0,0.2494,0.1493,1079.2813,276.3866886367945
2026-05-31 07:02:30,648.0,110.0,0.2494,0.1493,1086.1823,289.0555343190518
2026-05-31 07:03:00,705.0,120.0,0.2494,0.1493,1093.1148,301.6621165571339
2026-05-31 07:03:30,684.0,150.0,0.2494,0.1493,1100.0783,314.7249808959607
2026-05-31 07:04:00,715.0,120.0,0.2494,0.1493,1107.0726,326.364542611935
2026-05-31 07:04:30,752.0,100.0,0.2494,0.1493,1114.0972,338.92007066636
2026-05-31 07:05:00,721.0,120.0,0.2494,0.1493,1121.1517,350.82261262904035
2026-05-31 07:05:30,752.5,100.0,0.2494,0.1493,1128.2357,362.9562116668111
2026-05-31 07:06:00,784.0,102.5,0.2494,0.1493,1135.3489,375.79902538081274
2026-05-31 07:06:30,778.0,105.0,0.2494,0.1493,1142.4908,388.2826996935342
2026-05-31 07:07:00,799.0,107.5,0.2494,0.1493,1149.6611,401.4618848891934
2026-05-31 07:07:30,791.0,110.0,0.2494,0.1493,1156.8594,413.2864109864995
2026-05-31 07:08:00,818.0,90.0,0.2494,0.1493,1164.0853,426.88404165079095
2026-05-31 07:08:30,785.0,140.0,0.2494,0.1493,1171.3383,439.75638273841577
2026-05-31 07:09:00,789.0,130.0,0.2494,0.1493,1178.6182,451.39991462492236
2026-05-31 07:09:30,785.0,120.0,0.2494,0.1493,1185.9244,464.57139704689087
2026-05-31 07:10:00,791.0,100.0,0.2494,0.1493,1193.2567,477.26018284753417
2026-05-31 07:10:30,763.0,130.0,0.2494,0.1493,1200.6147,490.45440831983706
2026-05-31 07:11:00,762.5,126.6667,0.2494,0.1493,1207.9978,503.2510980204214
2026-05-31 07:11:30,762.0,123.3333,0.2494,0.1493,1215.4059,516.1760284979799
2026-05-31 07:12:00,779.0,120.0,0.2494,0.1493,1222.8384,528.9147351283453
2026-05-31 07:12:30,765.0,116.6667,0.2494,0.1493,1230.295,542.3919114988942
2026-05-31 07:13:00,795.0,113.3333,0.2494,0.1493,1237.7752,554.8389956436174
2026-05-31 07:13:30,752.0,110.0,0.2494,0.1493,1245.2788,567.1881050099126
2026-05-31 07:14:00,747.0,140.0,0.2494,0.1493,1252.8053,579.1333502938325
2026-05-31 07:14:30,823.0,135.0,0.2494,0.1493,1260.3543,590.8566588304369
2026-05-31 07:15:00,855.0,130.0,0.2494,0.1493,1267.9254,603.5648643065438
2026-05-31 07:15:30,865.0,140.0,0.2494,0.1493,1275.5183,615.2116485118911
2026-05-31 07:16:00,864.0,135.0,0.2494,0.1493,1283.1325,626.9233914238897
2026-05-31 07:16:30,889.0,130.0,0.2494,0.1493,1290.7676,640.579803507015
2026-05-31 07:17:00,904.0,125.0,0.2494,0.1493,1298.4234,652.5107771434488
2026-05-31 07:17:30,970.0,120.0,0.2494,0.1493,1306.0993,665.1467006814081
2026-05-31 07:18:00,999.0,110.0,0.2494,0.1493,1313.795,678.2865284455123
2026-05-31 07:18:30,994.0,112.0,0.2494,0.1493,1321.5101,691.0292885848779
2026-05-31 07:19:00,981.0,114.0,0.2494,0.1493,1329.2442,703.0409249135095
2026-05-31 07:19:30,1016.0,116.0,0.2494,0.1493,1336.997,715.8953452963523
2026-05-31 07:20:00,1015.0,118.0,0.2494,0.1493,1344.7679,728.2273294423226
2026-05-31 07:20:30,971.0,120.0,0.2494,0.1493,1352.5568,740.8743946507523
2026-05-31 07:21:00,1008.0,130.0,0.2494,0.1493,1360.363,753.0016961292282
2026-05-31 07:21:30,1018.0,126.6667,0.2494,0.1493,1368.1864,765.607991794283
2026-05-31 07:22:00,1014.0,123.3333,0.2494,0.1493,1376.0264,778.2928082500888
2026-05-31 07:22:30,1032.0,120.0,0.2494,0.1493,1383.8826,790.6967006984559
2026-05-31 07:23:00,1050.0,130.0,0.2494,0.1493,1391.7548,803.4659878128422
2026-05-31 07:23:30,1038.0,180.0,0.2494,0.1493,1399.6425,816.1160462116922
2026-05-31 07:24:00,1043.0,175.0,0.2494,0.1493,1407.5453,828.3789652726424
2026-05-31 07:24:30,1012.0,170.0,0.2494,0.1493,1415.4628,840.0404005692278
2026-05-31 07:25:00,961.0,175.0,0.2494,0.1493,1423.3946,852.4170264395347
2026-05-31 07:25:30,959.0,180.0,0.2494,0.1493,1431.3404,864.7558586585444
2026-05-31 07:26:00,988.0,185.0,0.2494,0.1493,1439.2998,878.1451996414106
2026-05-31 07:26:30,977.0,190.0,0.2494,0.1493,1447.2723,890.3259053890758
2026-05-31 07:27:00,937.0,200.0,0.2494,0.1493,1455.2576,903.8370701089464
2026-05-31 07:27:30,910.5,205.0,0.2494,0.1493,1463.2553,916.0556717873044
2026-05-31 07:28:00,884.0,210.0,0.2494,0.1493,1471.2649,927.594381793225
2026-05-31 07:28:30,869.0,205.0,0.2494,0.1493,1479.2862,940.9046307384307
2026-05-31 07:29:00,858.0,200.0,0.2494,0.1493,1487.3187,952.9044391184239
2026-05-31 07:29:30,868.0,190.0,0.2494,0.1493,1495.362,966.0602954100755
2026-05-31 07:30:00,871.0,195.0,0.24,0.14,1503.4158,978.5226603980769
2026-05-31 07:30:30,823.0,200.0,0.24,0.14,1511.4796,991.0478625335935
2026-05-31 07:31:00,851.0,170.0,0.24,0.14,1519.553,1003.5315137061726
2026-05-31 07:31:30,877.0,190.0,0.24,0.14,1527.6357,1015.9256591140163
2026-05-31 07:32:00,865.0,170.0,0.24,0.14,1535.7273,1028.5110784825804
2026-05-31 07:32:30,836.0,150.0,0.24,0.14,1543.8274,1040.9407329632152
2026-05-31 07:33:00,767.0,190.0,0.24,0.14,1551.9356,1053.8364623809305
2026-05-31 07:33:30,777.0,180.0,0.24,0.14,1560.0515,1065.7475576019447
2026-05-31 07:34:00,858.0,190.0,0.24,0.14,1568.1747,1078.218058750907
2026-05-31 07:34:30,875.0,180.0,0.24,0.14,1576.3049,1090.0513548645758
2026-05-31 07:35:00,904.0,1090.0,0.24,0.14,1584.4416,1102.497097221546
2026-05-31 07:35:30,932.0,2000.0,0.24,0.14,1592.5844,1114.9532085563892
2026-05-31 07:36:00,922.0,466.0,0.24,0.14,1600.733,1126.600565229746
2026-05-31 07:36:30,924.0,93.0,0.24,0.14,1608.8869,1138.9757498088516
2026-05-31 07:37:00,935.0,190.0,0.24,0.14,1617.0459,1151.2910016942806
2026-05-31 07:37:30,950.0,0.0,0.24,0.14,1625.2094,1164.0530436183267
2026-05-31 07:38:00,923.0,280.0,0.24,0.14,1633.3772,1176.4725340331593
2026-05-31 07:38:30,957.0,170.0,0.24,0.14,1641.5487,1189.6633057845704
2026-05-31 07:39:00,946.0,430.0,0.24,0.14,1649.7237,1202.6705892826508
2026-05-31 07:39:30,909.0,180.0,0.24,0.14,1657.9017,1216.1738961091137
2026-05-31 07:40:00,865.0,165.0,0.24,0.14,1666.0823,1228.9191840178546
2026-05-31 07:40:30,878.0,150.0,0.24,0.14,1674.2652,1240.846136859513
2026-05-31 07:41:00,854.0,180.0,0.24,0.14,1682.4499,1253.4546524703803
2026-05-31 07:41:30,925.0,170.0,0.24,0.14,1690.6362,1265.9282091104315
2026-05-31 07:42:00,926.0,180.0,0.24,0.14,1698.8235,1278.8302413843412
2026-05-31 07:42:30,888.0,200.0,0.24,0.14,1707.0115,1291.2186329159351
2026-05-31 07:43:00,913.0,150.0,0.24,0.14,1715.1998,1303.7198694914637
2026-05-31 07:43:30,938.0,155.0,0.24,0.14,1723.388,1316.254426270448
2026-05-31 07:44:00,893.0,160.0,0.24,0.14,1731.5757,1329.2134229167395
2026-05-31 07:44:30,871.0,0.0,0.24,0.14,1739.7626,1341.4907977295159
2026-05-31 07:45:00,829.0,180.0,0.2329,0.1329,1747.9482,1353.0633897296163
2026-05-31 07:45:30,857.0,176.6667,0.2329,0.1329,1756.1322,1365.3927792242023
2026-05-31 07:46:00,804.0,173.3333,0.2329,0.1329,1764.3142,1378.149834887961
2026-05-31 07:46:30,770.0,170.0,0.2329,0.1329,1772.4937,1390.0282275556976
2026-05-31 07:47:00,752.0,160.0,0.2329,0.1329,1780.6704,1402.648715450181
2026-05-31 07:47:30,765.5,170.0,0.2329,0.1329,1788.8439,1415.0308710251288
2026-05-31 07:48:00,779.0,130.0,0.2329,0.1329,1797.0138,1427.3860209154382
2026-05-31 07:48:30,757.0,150.0,0.2329,0.1329,1805.1797,1440.3000165724284
2026-05-31 07:49:00,783.0,130.0,0.2329,0.1329,1813.3413,1453.3465651883114
2026-05-31 07:49:30,790.0,160.0,0.2329,0.1329,1821.498,1465.0799434269454
2026-05-31 07:50:00,788.0,140.0,0.2329,0.1329,1829.6497,1477.3918684781859
2026-05-31 07:50:30,822.0,170.0,0.2329,0.1329,1837.7958,1489.8113372527541
2026-05-31 07:51:00,856.0,180.0,0.2329,0.1329,1845.9359,1502.960711323915
2026-05-31 07:51:30,897.0,130.0,0.2329,0.1329,1854.0698,1515.9473225687275
2026-05-31 07:52:00,955.0,160.0,0.2329,0.1329,1862.1969,1528.9735155054368
2026-05-31 07:52:30,1025.0,130.0,0.2329,0.1329,1870.3169,1541.8008201633647
2026-05-31 07:53:00,1020.0,155.0,0.2329,0.1329,1878.4294,1553.9122218015946
2026-05-31 07:53:30,1019.0,130.0,0.2329,0.1329,1886.5341,1566.332532734277
2026-05-31 07:54:00,1004.5,140.0,0.2329,0.1329,1894.6304,1579.8783543711409
2026-05-31 07:54:30,990.0,70.0,0.2329,0.1329,1902.7182,1593.2164265054632
2026-05-31 07:55:00,986.0,130.0,0.2329,0.1329,1910.7968,1606.1103864768418
2026-05-31 07:55:30,982.0,120.0,0.2329,0.1329,1918.8661,1619.0543735716535
2026-05-31 07:56:00,925.0,80.0,0.2329,0.1329,1926.9255,1631.7607799980822
2026-05-31 07:56:30,934.0,565.0,0.2329,0.1329,1934.9746,1644.3335107432126
2026-05-31 07:57:00,918.0,119.0,0.2329,0.1329,1943.0132,1656.781191200952
2026-05-31 07:57:30,896.0,100.0,0.2329,0.1329,1951.0408,1668.4941923545375
2026-05-31 07:58:00,911.0,140.0,0.2329,0.1329,1959.057,1681.2200019134236
2026-05-31 07:58:30,919.3333,180.0,0.2329,0.1329,1967.0614,1693.9536010068498
2026-05-31 07:59:00,927.6667,170.0,0.2329,0.1329,1975.0536,1705.7731133336144
2026-05-31 07:59:30,936.0,160.0,0.2329,0.1329,1983.0333,1717.8207209129557
2026-05-31 08:00:00,963.5,120.0,0.236,0.136,1991.0,1729.8417515897804
2026-05-31 08:00:30,991.0,110.0,0.236,0.136,1998.9678,1729.5809543852308
2026-05-31 08:01:00,1025.0,100.0,0.236,0.136,2006.9509,1728.7898547627663
2026-05-31 08:01:30,1006.0,150.0,0.236,0.136,2014.9488,1716.6406028496303
2026-05-31 08:02:00,1020.0,140.0,0.236,0.136,2022.9613,1703.7314816707233
2026-05-31 08:02:30,1034.0,130.0,0.236,0.136,2030.988,1691.6876060286854
2026-05-31 08:03:00,973.0,120.0,0.236,0.136,2039.0286,1679.4821783909606
2026-05-31 08:03:30,967.5,125.0,0.236,0.136,2047.0828,1666.1686096648207
2026-05-31 08:04:00,962.0,130.0,0.236,0.136,2055.1502,1653.9222075962034
2026-05-31 08:04:30,911.0,140.0,0.236,0.136,2063.2305,1641.2669682514631
2026-05-31 08:05:00,895.0,100.0,0.236,0.136,2071.3234,1629.2845045639876
2026-05-31 08:05:30,901.0,130.0,0.236,0.136,2079.4285,1616.0525643479764
2026-05-31 08:06:00,893.0,120.0,0.236,0.136,2087.5455,1603.48050570403
2026-05-31 08:06:30,923.0,90.0,0.236,0.136,2095.6741,1590.5272606543729
2026-05-31 08:07:00,917.0,110.0,0.236,0.136,2103.814,1578.5410653018819
2026-05-31 08:07:30,974.0,120.0,0.236,0.136,2111.9647,1565.645331985824
2026-05-31 08:08:00,964.0,130.0,0.236,0.136,2120.1261,1552.6749216311648
2026-05-31 08:08:30,921.0,120.0,0.236,0.136,2128.2977,1539.2938672164469
2026-05-31 08:09:00,917.0,100.0,0.236,0.136,2136.4793,1526.7751307479055
2026-05-31 08:09:30,928.0,110.0,0.236,0.136,2144.6704,1513.5210613837094
2026-05-31 08:10:00,939.0,140.0,0.236,0.136,2152.8708,1500.7640923700394
2026-05-31 08:10:30,974.0,170.0,0.236,0.136,2161.0802,1488.5752098288908
2026-05-31 08:11:00,1006.0,120.0,0.236,0.136,2169.2981,1475.982260270797
2026-05-31 08:11:30,1041.0,110.0,0.236,0.136,2177.5243,1463.842253408394
2026-05-31 08:12:00,1040.5,150.0,0.236,0.136,2185.7585,1450.437547193681
2026-05-31 08:12:30,1040.0,997.0,0.236,0.136,2194.0003,1437.0759987404795
2026-05-31 08:13:00,1073.0,2050.0,0.236,0.136,2202.2494,1424.5708973655744
2026-05-31 08:13:30,1149.0,2000.0,0.236,0.136,2210.5054,1412.2349075497686
2026-05-31 08:14:00,1149.5,130.0,0.236,0.136,2218.7681,1399.2560127147008
2026-05-31 08:14:30,1150.0,170.0,0.236,0.136,2227.0371,1386.656178394965
2026-05-31 08:15:00,1207.0,0.0,0.2301,0.1301,2235.312,1374.4287082193612
2026-05-31 08:15:30,1205.0,160.0,0.2301,0.1301,2243.5925,1361.5623912499527
2026-05-31 08:16:00,1221.0,140.0,0.2301,0.1301,2251.8784,1349.370118374133
2026-05-31 08:16:30,1207.0,145.0,0.2301,0.1301,2260.1692,1336.7069804157045
2026-05-31 08:17:00,1268.0,150.0,0.2301,0.1301,2268.4647,1324.682907840913
2026-05-31 08:17:30,1303.5,120.0,0.2301,0.1301,2276.7645,1312.6922033702501
2026-05-31 08:18:00,1339.0,170.0,0.2301,0.1301,2285.0683,1299.4614112773022
2026-05-31 08:18:30,1411.0,0.0,0.2301,0.1301,2293.3757,1286.6872397894663
2026-05-31 08:19:00,1409.0,120.0,0.2301,0.1301,2301.6864,1273.4634845299634
2026-05-31 08:19:30,1374.0,140.0,0.2301,0.1301,2310.0002,1260.649403477514
2026-05-31 08:20:00,1373.0,134.0,0.2301,0.1301,2318.3166,1248.3154300397202
2026-05-31 08:20:30,1368.0,128.0,0.2301,0.1301,2326.6353,1235.89548107487
2026-05-31 08:21:00,1429.0,122.0,0.2301,0.1301,2334.956,1223.326083184049
2026-05-31 08:21:30,1402.0,116.0,0.2301,0.1301,2343.2784,1210.9321221602452
2026-05-31 08:22:00,1481.0,110.0,0.2301,0.1301,2351.6022,1197.4407326248952
2026-05-31 08:22:30,1516.0,106.6667,0.2301,0.1301,2359.9269,1184.292433785234
2026-05-31 08:23:00,1586.0,103.3333,0.2301,0.1301,2368.2524,1172.206864190858
2026-05-31 08:23:30,1531.0,100.0,0.2301,0.1301,2376.5781,1159.583361977598
2026-05-31 08:24:00,1547.0,140.0,0.2301,0.1301,2384.9039,1147.8088458281247
2026-05-31 08:24:30,1558.0,150.0,0.2301,0.1301,2393.2294,1136.1754839828661
2026-05-31 08:25:00,1628.0,130.0,0.2301,0.1301,2401.5543,1122.97361691884
2026-05-31 08:25:30,1678.0,140.0,0.2301,0.1301,2409.8782,1111.4817896067552
2026-05-31 08:26:00,1679.0,110.0,0.2301,0.1301,2418.2007,1098.7913752313152
2026-05-31 08:26:30,1681.0,130.0,0.2301,0.1301,2426.5217,1086.239462701705
2026-05-31 08:27:00,1789.0,110.0,0.2301,0.1301,2434.8407,1073.1527742655194
2026-05-31 08:27:30,1790.0,115.0,0.2301,0.1301,2443.1573,1061.5398064725978
2026-05-31 08:28:00,1822.0,120.0,0.2301,0.1301,2451.4714,1049.2843356371966
2026-05-31 08:28:30,1854.0,150.0,0.2301,0.1301,2459.7825,1036.8611874410342
2026-05-31 08:29:00,1886.0,120.0,0.2301,0.1301,2468.0903,1024.589807044476
2026-05-31 08:29:30,1918.0,90.0,0.2301,0.1301,2476.3946,1011.3749245235589
2026-05-31 08:30:00,1909.0,120.0,0.2187,0.1187,2484.6948,999.0831681798154
2026-05-31 08:30:30,1846.0,110.0,0.2187,0.1187,2492.9908,986.6956921727385
2026-05-31 08:31:00,1956.0,100.0,0.2187,0.1187,2501.2822,974.3045645485489
2026-05-31 08:31:30,1976.0,110.0,0.2187,0.1187,2509.5687,960.7282234739743
2026-05-31 08:32:00,1965.0,120.0,0.2187,0.1187,2517.8498,947.9723649780284
2026-05-31 08:32:30,2001.0,110.0,0.2187,0.1187,2526.1254,934.5894358743844
2026-05-31 08:33:00,1987.0,100.0,0.2187,0.1187,2534.3951,921.2127545804026
2026-05-31 08:33:30,1988.0,50.0,0.2187,0.1187,2542.6585,908.9444902162803
2026-05-31 08:34:00,1987.0,100.0,0.2187,0.1187,2550.9153,896.928353719022
2026-05-31 08:34:30,2052.0,130.0,0.2187,0.1187,2559.1652,885.2613545439932
2026-05-31 08:35:00,2062.0,160.0,0.2187,0.1187,2567.4079,872.718364002935
2026-05-31 08:35:30,2110.0,90.0,0.2187,0.1187,2575.6429,859.5855009323822
2026-05-31 08:36:00,2013.0,130.0,0.2187,0.1187,2583.8701,847.0657624115223
2026-05-31 08:36:30,2070.0,595.0,0.2187,0.1187,2592.089,834.5887462273587
2026-05-31 08:37:00,2104.0,170.0,0.2187,0.1187,2600.2994,821.8585865600996
2026-05-31 08:37:30,2041.0,190.0,0.2187,0.1187,2608.5009,809.4176381249875
2026-05-31 08:38:00,2107.0,175.0,0.2187,0.1187,2616.6931,796.413994873848
2026-05-31 08:38:30,2083.0,160.0,0.2187,0.1187,2624.8758,783.3962346528139
2026-05-31 08:39:00,2145.0,190.0,0.2187,0.1187,2633.0485,769.9348643430733
2026-05-31 08:39:30,2187.0,185.0,0.2187,0.1187,2641.2111,757.342262030306
2026-05-31 08:40:00,2084.0,180.0,0.2187,0.1187,2649.3631,744.6776949923218
2026-05-31 08:40:30,1877.0,165.0,0.2187,0.1187,2657.5042,731.620135114336
2026-05-31 08:41:00,1951.0,150.0,0.2187,0.1187,2665.6342,718.4115806004156
2026-05-31 08:41:30,2140.0,170.0,0.2187,0.1187,2673.7525,705.7529450064413
2026-05-31 08:42:00,2235.0,160.0,0.2187,0.1187,2681.859,693.3677373223644
2026-05-31 08:42:30,2227.0,200.0,0.2187,0.1187,2689.9533,681.3527494435523
2026-05-31 08:43:00,2222.0,160.0,0.2187,0.1187,2698.0351,668.920960070151
2026-05-31 08:43:30,2223.0,220.0,0.2187,0.1187,2706.104,656.7426422730907
2026-05-31 08:44:00,2224.0,210.0,0.2187,0.1187,2714.1597,643.8693978905372
2026-05-31 08:44:30,2067.0,200.0,0.2187,0.1187,2722.2019,631.6692477657796
2026-05-31 08:45:00,1910.0,205.0,0.22,0.12,2730.2303,619.3297800715274
2026-05-31 08:45:30,1915.0,210.0,0.22,0.12,2738.2444,607.4001934086194
2026-05-31 08:46:00,1950.0,170.0,0.22,0.12,2746.2441,595.4738635912511
2026-05-31 08:46:30,2021.0,180.0,0.22,0.12,2754.2288,583.6106088718856
2026-05-31 08:47:00,1966.0,190.0,0.22,0.12,2762.1985,570.7753658738721
2026-05-31 08:47:30,2018.0,200.0,0.22,0.12,2770.1526,558.3652673313494
2026-05-31 08:48:00,2192.0,195.0,0.22,0.12,2778.0909,547.0637082155047
2026-05-31 08:48:30,2154.0,190.0,0.22,0.12,2786.013,535.2850159806836
2026-05-31 08:49:00,2164.0,220.0,0.22,0.12,2793.9186,522.458912198595
2026-05-31 08:49:30,2189.0,215.0,0.22,0.12,2801.8074,510.6481990714944
2026-05-31 08:50:00,2124.0,210.0,0.22,0.12,2809.679,497.75142544302236
2026-05-31 08:50:30,2134.0,230.0,0.22,0.12,2817.5331,485.00893810957865
2026-05-31 08:51:00,2119.0,220.0,0.22,0.12,2825.3695,471.85743677609
2026-05-31 08:51:30,2193.0,240.0,0.22,0.12,2833.1876,459.06416083893356
2026-05-31 08:52:00,2236.0,230.0,0.22,0.12,2840.9873,446.78794325744667
2026-05-31 08:52:30,2237.0,210.0,0.22,0.12,2848.7682,433.9030664908835
2026-05-31 08:53:00,2314.0,230.0,0.22,0.12,2856.53,421.312785997151
2026-05-31 08:53:30,2201.0,220.0,0.22,0.12,2864.2723,409.5968613998058
2026-05-31 08:54:00,2168.0,230.0,0.22,0.12,2871.9948,396.5702988926781
2026-05-31 08:54:30,2164.0,240.0,0.22,0.12,2879.6971,383.67027935615687
2026-05-31 08:55:00,2310.0,225.0,0.22,0.12,2887.379,371.5909490190681
2026-05-31 08:55:30,2378.0,210.0,0.22,0.12,2895.0401,358.4640385095838
2026-05-31 08:56:00,2376.0,240.0,0.22,0.12,2902.6801,344.8285749421027
2026-05-31 08:56:30,2332.0,150.0,0.22,0.12,2910.2986,332.17023624240124
2026-05-31 08:57:00,2339.0,170.0,0.22,0.12,2917.8954,320.024224510039
2026-05-31 08:57:30,2246.0,110.0,0.22,0.12,2925.47,308.23965094433424
2026-05-31 08:58:00,2198.0,130.0,0.22,0.12,2933.0222,295.4045397643705
2026-05-31 08:58:30,2139.0,150.0,0.22,0.12,2940.5517,282.6789150857425
2026-05-31 08:59:00,2179.0,170.0,0.22,0.12,2948.058,270.6006798657136
2026-05-31 08:59:30,2321.0,150.0,0.22,0.12,2955.5409,258.6273098198195
2026-05-31 09:00:00,2300.5,190.0,0.2228,0.1228,2963.0,245.82379993329357
2026-05-31 09:00:30,2280.0,170.0,0.2228,0.1228,2970.4488,233.2089464207219
2026-05-31 09:01:00,2253.0,140.0,0.2228,0.1228,2977.9008,220.87805245768214
2026-05-31 09:01:30,2230.0,170.0,0.2228,0.1228,2985.3557,219.9441102473784
2026-05-31 09:02:00,2198.0,140.0,0.2228,0.1228,2992.8131,219.92553072738048
2026-05-31 09:02:30,2211.0,145.0,0.2228,0.1228,3000.2728,219.42903322542398
2026-05-31 09:03:00,2244.0,150.0,0.2228,0.1228,3007.7343,219.2918076151112
2026-05-31 09:03:30,2293.0,130.0,0.2228,0.1228,3015.1974,219.30675285286833
2026-05-31 09:04:00,2326.0,140.0,0.2228,0.1228,3022.6618,219.1436025683356
2026-05-31 09:04:30,2321.0,130.0,0.2228,0.1228,3030.1271,219.51156185681003
2026-05-31 09:05:00,2291.0,120.0,0.2228,0.1228,3037.5931,218.47486474811316
2026-05-31 09:05:30,2190.0,140.0,0.2228,0.1228,3045.0593,218.75019599968758
2026-05-31 09:06:00,2176.0,160.0,0.2228,0.1228,3052.5256,218.06949564208824
2026-05-31 09:06:30,2186.0,155.0,0.2228,0.1228,3059.9915,218.693869466501
2026-05-31 09:07:00,2213.0,150.0,0.2228,0.1228,3067.4568,217.69501496344066
2026-05-31 09:07:30,2154.0,140.0,0.2228,0.1228,3074.9211,218.44477739230558
2026-05-31 09:08:00,2016.0,180.0,0.2228,0.1228,3082.3841,217.96458900497976
2026-05-31 09:08:30,2070.0,150.0,0.2228,0.1228,3089.8455,217.8301613981873
2026-05-31 09:09:00,2214.0,153.3333,0.2228,0.1228,3097.305,217.7653656229018
2026-05-31 09:09:30,2247.0,156.6667,0.2228,0.1228,3104.7622,218.55154298864161
2026-05-31 09:10:00,2389.0,160.0,0.2228,0.1228,3112.2169,219.547806380793
2026-05-31 09:10:30,2527.0,150.0,0.2228,0.1228,3119.6687,218.69822908289416
2026-05-31 09:11:00,2556.0,140.0,0.2228,0.1228,3127.1173,218.37457155471287
2026-05-31 09:11:30,2380.0,170.0,0.2228,0.1228,3134.5624,218.36299279178562
2026-05-31 09:12:00,2588.0,160.0,0.2228,0.1228,3142.0037,218.51843911895511
2026-05-31 09:12:30,2482.0,150.0,0.2228,0.1228,3149.4408,219.33202810725598
2026-05-31 09:13:00,2549.0,160.0,0.2228,0.1228,3156.8734,219.607217031392
2026-05-31 09:13:30,2278.0,180.0,0.2228,0.1228,3164.3012,219.15547634338893
2026-05-31 09:14:00,2325.0,170.0,0.2228,0.1228,3171.7239,220.1569891830798
2026-05-31 09:14:30,2392.0,160.0,0.2228,0.1228,3179.1412,220.17472220737744
2026-05-31 09:15:00,2285.0,170.0,0.2187,0.1171,3186.5527,220.30449489910245
2026-05-31 09:15:30,2370.0,120.0,0.2187,0.1171,3193.9582,221.15612057701324
2026-05-31 09:16:00,2455.0,130.0,0.2187,0.1171,3201.3572,221.2436458990391
2026-05-31 09:16:30,2722.0,140.0,0.2187,0.1171,3208.7496,221.2178739603836
2026-05-31 09:17:00,2618.0,130.0,0.2187,0.1171,3216.135,220.5631888894761
2026-05-31 09:17:30,2606.0,300.0,0.2187,0.1171,3223.5129,219.989543305376
2026-05-31 09:18:00,2768.0,150.0,0.2187,0.1171,3230.8833,220.53816929863396
2026-05-31 09:18:30,2563.0,0.0,0.2187,0.1171,3238.2456,220.66028732762297
2026-05-31 09:19:00,2523.0,140.0,0.2187,0.1171,3245.5997,221.80339216981136
2026-05-31 09:19:30,2791.0,180.0,0.2187,0.1171,3252.9451,221.78741114300777
2026-05-31 09:20:00,2655.0,140.0,0.2187,0.1171,3260.2816,222.10092824738575
2026-05-31 09:20:30,2873.0,150.0,0.2187,0.1171,3267.6088,221.95103808581413
2026-05-31 09:21:00,2793.0,140.0,0.2187,0.1171,3274.9265,222.91570837541317
2026-05-31 09:21:30,2789.0,150.0,0.2187,0.1171,3282.2342,223.5597187254026
2026-05-31 09:22:00,2637.0,160.0,0.2187,0.1171,3289.5318,224.40339740545565
2026-05-31 09:22:30,2726.0,180.0,0.2187,0.1171,3296.8188,225.38266329272818
2026-05-31 09:23:00,2419.0,140.0,0.2187,0.1171,3304.0949,224.79586462803255
2026-05-31 09:23:30,2573.0,150.0,0.2187,0.1171,3311.3599,225.13763155239215
2026-05-31 09:24:00,2639.0,165.0,0.2187,0.1171,3318.6134,224.96661482410943
2026-05-31 09:24:30,2507.0,180.0,0.2187,0.1171,3325.8551,225.10790136595566
2026-05-31 09:25:00,2524.0,110.0,0.2187,0.1171,3333.0847,224.929953135993
2026-05-31 09:25:30,2291.0,160.0,0.2187,0.1171,3340.3018,224.57919187915954
2026-05-31 09:26:00,2025.0,130.0,0.2187,0.1171,3347.5061,224.84987215865138
2026-05-31 09:26:30,1728.0,140.0,0.2187,0.1171,3354.6974,225.25845870462297
2026-05-31 09:27:00,1648.0,120.0,0.2187,0.1171,3361.8753,225.276371630729
2026-05-31 09:27:30,1612.0,130.0,0.2187,0.1171,3369.0394,224.21429191854185
2026-05-31 09:28:00,1343.0,136.6667,0.2187,0.1171,3376.1895,224.30144769434932
2026-05-31 09:28:30,1302.0,143.3333,0.2187,0.1171,3383.3252,223.65475653218786
2026-05-31 09:29:00,1494.0,150.0,0.2187,0.1171,3390.4463,223.66592961563637
2026-05-31 09:29:30,1871.0,120.0,0.2187,0.1171,3397.5524,223.9929996296615
2026-05-31 09:30:00,2208.0,0.0,0.2293,0.1219,3404.6431,224.12119886404565
2026-05-31 09:30:30,2257.0,0.0,0.2293,0.1219,3411.7182,224.0862601778633
2026-05-31 09:31:00,2371.5,9.75,0.2293,0.1219,3418.7774,224.3294422168827
2026-05-31 09:31:30,2486.0,76.25,0.2293,0.1219,3425.8203,225.47731283359767
2026-05-31 09:32:00,2740.0,129.25,0.2293,0.1219,3432.8466,226.06773581266378
2026-05-31 09:32:30,2899.0,139.0,0.2293,0.1219,3439.856,226.57346351077106
2026-05-31 09:33:00,2961.0,171.75,0.2293,0.1219,3446.8481,226.94761778568505
2026-05-31 09:33:30,2955.0,107.0,0.2293,0.1219,3453.8227,227.4510112537071
2026-05-31 09:34:00,2910.0,210.3333,0.2293,0.1219,3460.7795,226.45111231379275
2026-05-31 09:34:30,2930.0,153.6667,0.2293,0.1219,3467.718,226.02428236412396
2026-05-31 09:35:00,2906.0,141.0,0.2293,0.1219,3474.6381,226.47769724708252
2026-05-31 09:35:30,2926.0,167.0,0.2293,0.1219,3481.5393,226.1068574044801
2026-05-31 09:36:00,2925.0,158.0,0.2293,0.1219,3488.4214,226.6870522180889
2026-05-31 09:36:30,2891.0,149.0,0.2293,0.1219,3495.284,227.3988383125375
2026-05-31 09:37:00,2960.0,142.0,0.2293,0.1219,3502.1268,227.92431218773348
2026-05-31 09:37:30,2959.0,139.0,0.2293,0.1219,3508.9496,227.24668432000482
2026-05-31 09:38:00,2961.0,129.0,0.2293,0.1219,3515.7519,228.0349500439043
2026-05-31 09:38:30,3009.0,124.0,0.2293,0.1219,3522.5335,227.73410638001556
2026-05-31 09:39:00,3040.0,171.0,0.2293,0.1219,3529.294,228.22113122394174
2026-05-31 09:39:30,3091.0,175.0,0.2293,0.1219,3536.0332,228.07074901234856
2026-05-31 09:40:00,3035.0,135.0,0.2293,0.1219,3542.7506,228.60897542988508
2026-05-31 09:40:30,2987.0,142.0,0.2293,0.1219,3549.4461,228.80226791642218
2026-05-31 09:41:00,3056.0,159.0,0.2293,0.1219,3556.1192,229.2467968571303
2026-05-31 09:41:30,3057.0,147.5,0.2293,0.1219,3562.7697,228.76607332250396
2026-05-31 09:42:00,3055.0,166.0,0.2293,0.1219,3569.3972,228.31494592530044
2026-05-31 09:42:30,3179.0,159.0,0.2293,0.1219,3576.0014,228.29892637364432
2026-05-31 09:43:00,3111.0,182.0,0.2293,0.1219,3582.582,227.74980618975877
2026-05-31 09:43:30,3071.0,227.5,0.2293,0.1219,3589.1387,227.84254380165703
2026-05-31 09:44:00,2922.0,225.75,0.2293,0.1219,3595.6711,228.44367159634015
2026-05-31 09:44:30,3006.0,224.0,0.2293,0.1219,3602.179,228.93571130354934
2026-05-31 09:45:00,3150.0,213.0,0.2208,0.1164,3608.662,229.85073188305947
2026-05-31 09:45:30,3089.0,191.5,0.2208,0.1164,3615.1198,229.0114402068555
2026-05-31 09:46:00,3081.0,185.0,0.2208,0.1164,3621.552,228.42516296329583
2026-05-31 09:46:30,3072.0,182.0,0.2208,0.1164,3627.9585,228.2042278379283
2026-05-31 09:47:00,3063.0,204.0,0.2208,0.1164,3634.3387,228.85326151142183
2026-05-31 09:47:30,3119.0,0.0,0.2208,0.1164,3640.6925,229.0642109577793
2026-05-31 09:48:00,3115.0,150.0,0.2208,0.1164,3647.0195,228.17918741005778
2026-05-31 09:48:30,3127.0,110.0,0.2208,0.1164,3653.3194,227.61168148250087
2026-05-31 09:49:00,3208.0,120.0,0.2208,0.1164,3659.5919,228.19182787223096
2026-05-31 09:49:30,3209.0,130.0,0.2208,0.1164,3665.8366,228.26124877140776
2026-05-31 09:50:00,3195.0,110.0,0.2208,0.1164,3672.0532,228.47625425648013
2026-05-31 09:50:30,3187.0,170.0,0.2208,0.1164,3678.2415,229.2139082193289
2026-05-31 09:51:00,3184.0,180.0,0.2208,0.1164,3684.401,229.8877432919218
2026-05-31 09:51:30,3274.0,190.0,0.2208,0.1164,3690.5315,229.8379331806117
2026-05-31 09:52:00,3330.0,200.0,0.2208,0.1164,3696.6327,229.1694787680489
2026-05-31 09:52:30,3310.0,190.0,0.2208,0.1164,3702.7042,229.77045671468196
2026-05-31 09:53:00,3279.0,180.0,0.2208,0.1164,3708.7457,229.51793422808348
2026-05-31 09:53:30,3309.0,200.0,0.2208,0.1164,3714.7569,229.7285665395262
2026-05-31 09:54:00,3330.0,170.0,0.2208,0.1164,3720.7375,229.8697122133945
2026-05-31 09:54:30,3343.0,190.0,0.2208,0.1164,3726.6871,229.77725711706836
2026-05-31 09:55:00,3331.0,200.0,0.2208,0.1164,3732.6055,228.96312839839118
2026-05-31 09:55:30,3342.0,160.0,0.2208,0.1164,3738.4923,228.50701852917706
2026-05-31 09:56:00,3314.0,165.0,0.2208,0.1164,3744.3472,229.53140250591466
2026-05-31 09:56:30,3362.0,170.0,0.2208,0.1164,3750.1699,229.84522840841055
2026-05-31 09:57:00,3349.0,160.0,0.2208,0.1164,3755.9601,228.73256840695043
2026-05-31 09:57:30,3333.0,190.0,0.2208,0.1164,3761.7174,228.03540729929375
2026-05-31 09:58:00,3371.0,140.0,0.2208,0.1164,3767.4415,228.32850280384088
2026-05-31 09:58:30,3336.0,150.0,0.2208,0.1164,3773.1322,228.14833721473812
2026-05-31 09:59:00,3425.0,140.0,0.2208,0.1164,3778.789,227.8061640008289
2026-05-31 09:59:30,3396.0,170.0,0.2208,0.1164,3784.4117,227.67177479843315
2026-05-31 10:00:00,3395.0,180.0,0.2275,0.1165,3790.0,228.16837056124098
2026-05-31 10:00:30,3394.0,190.0,0.2275,0.1165,3795.5713,228.9136499419442
2026-05-31 10:01:00,3416.0,170.0,0.2275,0.1165,3801.1432,229.74594888515003
2026-05-31 10:01:30,3432.0,140.0,0.2275,0.1165,3806.7153,230.25836191790097
2026-05-31 10:02:00,3433.0,160.0,0.2275,0.1165,3812.2871,230.8009945504617
2026-05-31 10:02:30,3440.5,170.0,0.2275,0.1165,3817.8583,230.93499444656854
2026-05-31 10:03:00,3448.0,180.0,0.2275,0.1165,3823.4284,231.36671491006098
2026-05-31 10:03:30,3447.0,140.0,0.2275,0.1165,3828.9972,231.91739503127923
2026-05-31 10:04:00,3511.0,160.0,0.2275,0.1165,3834.5641,232.99977364534212
2026-05-31 10:04:30,3490.0,165.0,0.2275,0.1165,3840.1287,232.38568832085775
2026-05-31 10:05:00,3393.0,170.0,0.2275,0.1165,3845.6908,232.478040267915
2026-05-31 10:05:30,3474.0,150.0,0.2275,0.1165,3851.2498,232.73986171768146
2026-05-31 10:06:00,3541.0,170.0,0.2275,0.1165,3856.8054,232.79241163700237
2026-05-31 10:06:30,3567.0,200.0,0.2275,0.1165,3862.3572,232.12220229388504
2026-05-31 10:07:00,3539.0,140.0,0.2275,0.1165,3867.9048,232.137156544323
2026-05-31 10:07:30,3551.0,170.0,0.2275,0.1165,3873.4478,231.66157987188154
2026-05-31 10:08:00,3526.0,150.0,0.2275,0.1165,3878.9858,231.72418288370744
2026-05-31 10:08:30,3502.0,140.0,0.2275,0.1165,3884.5184,231.91890997988742
2026-05-31 10:09:00,3556.0,190.0,0.2275,0.1165,3890.0452,232.01574534091034
2026-05-31 10:09:30,3653.0,155.0,0.2275,0.1165,3895.5658,231.75525550624943
2026-05-31 10:10:00,3116.0,120.0,0.2275,0.1165,3901.0798,231.7409381675764
2026-05-31 10:10:30,3258.0,90.0,0.2275,0.1165,3906.5868,231.69369338970074
2026-05-31 10:11:00,2714.0,110.0,0.2275,0.1165,3912.0864,231.69684233171407
2026-05-31 10:11:30,3026.0,120.0,0.2275,0.1165,3917.5782,231.61860559459072
2026-05-31 10:12:00,3487.0,100.0,0.2275,0.1165,3923.0619,231.92265746962818
2026-05-31 10:12:30,3747.0,110.0,0.2275,0.1165,3928.537,230.84454862461777
2026-05-31 10:13:00,3725.0,140.0,0.2275,0.1165,3934.0031,230.97729545133708
2026-05-31 10:13:30,3784.0,115.0,0.2275,0.1165,3939.4598,231.53837537194607
2026-05-31 10:14:00,3809.0,90.0,0.2275,0.1165,3944.9068,231.30229690411502
2026-05-31 10:14:30,3872.0,120.0,0.2275,0.1165,3950.3436,232.18790841564228
2026-05-31 10:15:00,3890.0,80.0,0.2232,0.0982,3955.7698,231.91151967868578
2026-05-31 10:15:30,3915.0,90.0,0.2232,0.0982,3961.1851,231.6757976949654
2026-05-31 10:16:00,3741.0,105.0,0.2232,0.0982,3966.589,231.135565423767
2026-05-31 10:16:30,3525.0,120.0,0.2232,0.0982,3971.9812,230.67160556496577
2026-05-31 10:17:00,2843.0,110.0,0.2232,0.0982,3977.3612,231.48135925282904
2026-05-31 10:17:30,2418.0,100.0,0.2232,0.0982,3982.7286,232.38305992334827
2026-05-31 10:18:00,2559.5,90.0,0.2232,0.0982,3988.0831,232.15750658226676
2026-05-31 10:18:30,2701.0,110.0,0.2232,0.0982,3993.4243,232.21446122344727
2026-05-31 10:19:00,2778.0,100.0,0.2232,0.0982,3998.7517,231.9032424812928
2026-05-31 10:19:30,3801.0,110.0,0.2232,0.0982,4004.065,231.55263041562864
2026-05-31 10:20:00,4128.0,100.0,0.2232,0.0982,4009.3638,231.020336984021
2026-05-31 10:20:30,3657.0,90.0,0.2232,0.0982,4014.6476,230.6748396485437
2026-05-31 10:21:00,2350.0,80.0,0.2232,0.0982,4019.9161,229.82906633739174
2026-05-31 10:21:30,2949.0,100.0,0.2232,0.0982,4025.1689,229.90481264891062
2026-05-31 10:22:00,2636.0,110.0,0.2232,0.0982,4030.4055,229.79818919550036
2026-05-31 10:22:30,2712.0,120.0,0.2232,0.0982,4035.6256,228.9618519584952
2026-05-31 10:23:00,2364.0,123.3333,0.2232,0.0982,4040.8288,229.94577068744294
2026-05-31 10:23:30,2568.0,126.6667,0.2232,0.0982,4046.0147,229.31905505472744
2026-05-31 10:24:00,2751.0,130.0,0.2232,0.0982,4051.1829,228.86803489041299
2026-05-31 10:24:30,2174.0,126.6667,0.2232,0.0982,4056.333,228.21179522806742
2026-05-31 10:25:00,2512.0,123.3333,0.2232,0.0982,4061.4645,229.07756508265666
2026-05-31 10:25:30,1911.0,120.0,0.2232,0.0982,4066.5772,229.44966531134057
2026-05-31 10:26:00,2125.0,110.0,0.2232,0.0982,4071.6706,229.4340902481662
2026-05-31 10:26:30,2023.0,100.0,0.2232,0.0982,4076.7442,228.7731307524595
2026-05-31 10:27:00,2196.0,90.0,0.2232,0.0982,4081.7978,228.59755489875857
2026-05-31 10:27:30,2072.0,130.0,0.2232,0.0982,4086.8309,228.56901324974035
2026-05-31 10:28:00,1973.0,0.0,0.2232,0.0982,4091.843,228.76454184996246
2026-05-31 10:28:30,1909.0,0.0,0.2232,0.0982,4096.8339,228.61968518423282
2026-05-31 10:29:00,1633.0,0.0,0.2232,0.0982,4101.8032,229.1620719245818
2026-05-31 10:29:30,1505.0,0.0,0.2232,0.0982,4106.7503,228.44118616063082
2026-05-31 10:30:00,1550.0,0.0,0.2214,0.0937,4111.6749,228.25698062974473
2026-05-31 10:30:30,1516.0,0.0,0.2214,0.0937,4116.5767,228.64478240074746
2026-05-31 10:31:00,1568.0,78.5,0.2214,0.0937,4121.4552,229.14244542319187
2026-05-31 10:31:30,1592.0,44.5,0.2214,0.0937,4126.3101,228.5460980607528
2026-05-31 10:32:00,1713.0,160.5,0.2214,0.0937,4131.1409,228.49200389265883
2026-05-31 10:32:30,1714.0,174.25,0.2214,0.0937,4135.9472,229.00249558720017
2026-05-31 10:33:00,2105.0,213.0,0.2214,0.0937,4140.7286,229.07370417111085
2026-05-31 10:33:30,2089.0,155.0,0.2214,0.0937,4145.4848,229.07811960297292
2026-05-31 10:34:00,2073.0,158.6667,0.2214,0.0937,4150.2153,229.63136208308774
2026-05-31 10:34:30,1966.0,160.0,0.2214,0.0937,4154.9198,229.40096644953002
2026-05-31 10:35:00,1769.0,152.0,0.2214,0.0937,4159.5979,229.50140308046718
2026-05-31 10:35:30,1877.0,140.0,0.2214,0.0937,4164.249,230.10029133722622
2026-05-31 10:36:00,1874.0,191.0,0.2214,0.0937,4168.873,229.5359135354113
2026-05-31 10:36:30,1790.0,144.0,0.2214,0.0937,4173.4693,228.4012812761856
2026-05-31 10:37:00,1505.0,211.0,0.2214,0.0937,4178.0376,228.50118929866483
2026-05-31 10:37:30,1330.0,181.0,0.2214,0.0937,4182.5774,228.40071657622335
2026-05-31 10:38:00,1345.0,190.5,0.2214,0.0937,4187.0884,228.1485664998891
2026-05-31 10:38:30,1351.0,122.0,0.2214,0.0937,4191.5702,228.69761169864103
2026-05-31 10:39:00,1337.0,86.5,0.2214,0.0937,4196.0223,228.61896734914265
2026-05-31 10:39:30,1323.0,121.0,0.2214,0.0937,4200.4444,227.82851177662198
2026-05-31 10:40:00,1196.0,138.0,0.2214,0.0937,4204.8361,227.53269242564366
2026-05-31 10:40:30,1166.0,179.0,0.2214,0.0937,4209.197,228.25277827744597
2026-05-31 10:41:00,1136.0,209.0,0.2214,0.0937,4213.5267,228.2693110921328
2026-05-31 10:41:30,1134.0,155.0,0.2214,0.0937,4217.8247,229.12791221858305
2026-05-31 10:42:00,1103.0,133.0,0.2214,0.0937,4222.0908,228.8682395645973
2026-05-31 10:42:30,1166.0,119.0,0.2214,0.0937,4226.3244,228.887487225866
2026-05-31 10:43:00,1135.0,117.5,0.2214,0.0937,4230.5252,229.87025785834086
2026-05-31 10:43:30,1120.0,187.5,0.2214,0.0937,4234.6929,230.14318790220676
2026-05-31 10:44:00,1197.0,119.0,0.2214,0.0937,4238.8269,229.57062165197922
2026-05-31 10:44:30,1168.0,156.0,0.2214,0.0937,4242.927,228.9025363686363
2026-05-31 10:45:00,1209.0,169.0,0.2099,0.0776,4246.9926,228.04780787352075
2026-05-31 10:45:30,1216.0,195.5,0.2099,0.0776,4251.0235,228.45251042656903
2026-05-31 10:46:00,1246.0,167.0,0.2099,0.0776,4255.0191,228.50757427536988
2026-05-31 10:46:30,1327.0,141.0,0.2099,0.0776,4258.9792,228.0229744611771
2026-05-31 10:47:00,1396.0,184.0,0.2099,0.0776,4262.9033,227.89260939774422
2026-05-31 10:47:30,1825.0,148.0,0.2099,0.0776,4266.7911,227.11018910321965
2026-05-31 10:48:00,2624.0,153.5,0.2099,0.0776,4270.642,227.92170199648203
2026-05-31 10:48:30,1551.0,159.0,0.2099,0.0776,4274.4558,227.4229328647289
2026-05-31 10:49:00,1557.0,132.0,0.2099,0.0776,4278.232,227.21256832036843
2026-05-31 10:49:30,1563.0,134.0,0.2099,0.0776,4281.9703,226.25624219479715
2026-05-31 10:50:00,1559.0,164.0,0.2099,0.0776,4285.6702,226.40759369550815
2026-05-31 10:50:30,1664.0,183.0,0.2099,0.0776,4289.3313,225.68892710765192
2026-05-31 10:51:00,1686.0,213.0,0.2099,0.0776,4292.9533,225.2211693492113
2026-05-31 10:51:30,1748.0,203.0,0.2099,0.0776,4296.5357,225.18192070581117
2026-05-31 10:52:00,1792.0,181.0,0.2099,0.0776,4300.0782,225.4508500244318
2026-05-31 10:52:30,1794.0,346.0,0.2099,0.0776,4303.5803,225.72506282821652
2026-05-31 10:53:00,2658.0,181.5,0.2099,0.0776,4307.0416,225.46056427840207
2026-05-31 10:53:30,3900.0,98.0,0.2099,0.0776,4310.4619,224.56654135232313
2026-05-31 10:54:00,4083.0,166.5,0.2099,0.0776,4313.8405,224.4303956949733
2026-05-31 10:54:30,4834.0,76.5,0.2099,0.0776,4317.1773,224.79655883354496
2026-05-31 10:55:00,4774.0,167.0,0.2099,0.0776,4320.4717,224.63101761215236
2026-05-31 10:55:30,4670.0,156.0,0.2099,0.0776,4323.7234,225.42774818376338
2026-05-31 10:56:00,4599.0,149.0,0.2099,0.0776,4326.9319,224.79386245723245
2026-05-31 10:56:30,4220.0,177.5,0.2099,0.0776,4330.0969,224.78848832220046
2026-05-31 10:57:00,4444.0,197.0,0.2099,0.0776,4333.218,225.41155666952025
2026-05-31 10:57:30,4640.0,288.0,0.2099,0.0776,4336.2948,225.61306594503841
2026-05-31 10:58:00,4286.0,194.5,0.2099,0.0776,4339.3269,225.79596128914048
2026-05-31 10:58:30,4410.0,230.0,0.2099,0.0776,4342.3138,226.7929102954173
2026-05-31 10:59:00,4524.0,150.0,0.2099,0.0776,4345.2553,227.46392950233974
2026-05-31 10:59:30,4600.0,176.0,0.2099,0.0776,4348.1508,227.44490915550404
2026-05-31 11:00:00,4276.0,184.0,0.2124,0.083,4351.0,227.27649714621535
2026-05-31 11:00:30,3885.0,110.5,0.2124,0.083,4353.8294,239.03516591014414
2026-05-31 11:01:00,4593.0,127.0,0.2124,0.083,4356.6653,251.31092217704227
2026-05-31 11:01:30,4531.0,144.0,0.2124,0.083,4359.5072,263.65831096253595
2026-05-31 11:02:00,4439.0,148.0,0.2124,0.083,4362.3547,276.5006883052998
2026-05-31 11:02:30,4133.0,137.0,0.2124,0.083,4365.2072,289.91458469427016
2026-05-31 11:03:00,4301.0,783.0,0.2124,0.083,4368.0642,302.6781023060038
2026-05-31 11:03:30,2965.0,501.5,0.2124,0.083,4370.9252,315.34284029113564
2026-05-31 11:04:00,3821.0,213.0,0.2124,0.083,4373.7896,327.15277334970204
2026-05-31 11:04:30,2756.5,216.0,0.2124,0.083,4376.657,340.0655399482603
2026-05-31 11:05:00,1692.0,176.0,0.2124,0.083,4379.5269,353.3587325391478
2026-05-31 11:05:30,1527.0,202.3333,0.2124,0.083,4382.3988,365.80410909477246
2026-05-31 11:06:00,1501.0,239.0,0.2124,0.083,4385.2721,378.32773921609146
2026-05-31 11:06:30,1487.6,224.5,0.2124,0.083,4388.1463,391.0447582138674
2026-05-31 11:07:00,1474.2,210.0,0.2124,0.083,4391.0209,404.2347257056854
2026-05-31 11:07:30,1460.8,219.5,0.2124,0.083,4393.8955,417.2587089208498
2026-05-31 11:08:00,1447.4,240.5,0.2124,0.083,4396.7694,429.7227391336588
2026-05-31 11:08:30,1434.0,248.0,0.2124,0.083,4399.6423,442.9483143141932
2026-05-31 11:09:00,1393.0,240.5,0.2124,0.083,4402.5135,455.54577022464616
2026-05-31 11:09:30,2723.0,210.5,0.2124,0.083,4405.3826,468.0393098595298
2026-05-31 11:10:00,2252.0,248.0,0.2124,0.083,4408.2491,480.20822311279437
2026-05-31 11:10:30,1896.0,241.0,0.2124,0.083,4411.1124,492.75514515139764
2026-05-31 11:11:00,1359.0,197.0,0.2124,0.083,4413.972,505.730123790145
2026-05-31 11:11:30,1321.0,206.5,0.2124,0.083,4416.8275,517.912671593965
2026-05-31 11:12:00,1320.0,195.0,0.2124,0.083,4419.6783,530.5443069814075
2026-05-31 11:12:30,1265.0,208.0,0.2124,0.083,4422.5239,543.9211607353429
2026-05-31 11:13:00,1287.0,207.0,0.2124,0.083,4425.3639,556.053679527268
2026-05-31 11:13:30,1329.0,197.0,0.2124,0.083,4428.1976,568.1085468289883
2026-05-31 11:14:00,1362.0,218.0,0.2124,0.083,4431.0246,581.0157109108746
2026-05-31 11:14:30,1395.0,221.0,0.2124,0.083,4433.8443,592.8782009639746
2026-05-31 11:15:00,1483.0,229.0,0.2192,0.1064,4436.6564,605.8037712737885
2026-05-31 11:15:30,2129.0,217.0,0.2192,0.1064,4439.4601,618.5542865319119
2026-05-31 11:16:00,4126.0,227.0,0.2192,0.1064,4442.2552,631.1521383908598
2026-05-31 11:16:30,2666.0,229.0,0.2192,0.1064,4445.0409,643.9748454173343
2026-05-31 11:17:00,1692.0,231.0,0.2192,0.1064,4447.8169,655.7099623705492
2026-05-31 11:17:30,1736.0,248.0,0.2192,0.1064,4450.5826,667.4273975653864
2026-05-31 11:18:00,1638.0,198.0,0.2192,0.1064,4453.3375,679.7333184876628
2026-05-31 11:18:30,1759.0,212.0,0.2192,0.1064,4456.081,692.802568726344
2026-05-31 11:19:00,1919.0,860.0,0.2192,0.1064,4458.8128,705.4057662005956
2026-05-31 11:19:30,1725.0,170.0,0.2192,0.1064,4461.5322,718.5635269575938
2026-05-31 11:20:00,1824.5,160.0,0.2192,0.1064,4464.2388,731.5283738007145
2026-05-31 11:20:30,1924.0,200.0,0.2192,0.1064,4466.932,743.8333302726412
2026-05-31 11:21:00,2459.0,185.0,0.2192,0.1064,4469.6114,756.5242701331223
2026-05-31 11:21:30,3768.0,170.0,0.2192,0.1064,4472.2764,768.9390580594221
2026-05-31 11:22:00,5165.0,176.6667,0.2192,0.1064,4474.9266,781.6977923142326
2026-05-31 11:22:30,5154.0,183.3333,0.2192,0.1064,4477.5613,795.0361404532231
2026-05-31 11:23:00,1558.0,190.0,0.2192,0.1064,4480.1802,806.447811582359
2026-05-31 11:23:30,1418.0,140.0,0.2192,0.1064,4482.7826,819.0850460166566
2026-05-31 11:24:00,1610.0,130.0,0.2192,0.1064,4485.3681,832.1870618882317
2026-05-31 11:24:30,1482.0,125.0,0.2192,0.1064,4487.9362,845.3042543640403
2026-05-31 11:25:00,1328.0,120.0,0.2192,0.1064,4490.4864,857.3200439654873
2026-05-31 11:25:30,1264.0,130.0,0.2192,0.1064,4493.0181,869.7272929831789
2026-05-31 11:26:00,1248.0,125.0,0.2192,0.1064,4495.5308,881.5687808773147
2026-05-31 11:26:30,1288.0,120.0,0.2192,0.1064,4498.0241,894.9571874770722
2026-05-31 11:27:00,1311.0,130.0,0.2192,0.1064,4500.4974,908.240260332353
2026-05-31 11:27:30,1347.0,120.0,0.2192,0.1064,4502.9502,921.0345431091195
2026-05-31 11:28:00,1442.0,130.0,0.2192,0.1064,4505.382,933.2195878272631
2026-05-31 11:28:30,1444.0,120.0,0.2192,0.1064,4507.7923,946.6483113395299
2026-05-31 11:29:00,1476.0,130.0,0.2192,0.1064,4510.1805,958.2015383920534
2026-05-31 11:29:30,1310.0,135.0,0.2192,0.1064,4512.5463,971.247954404326
2026-05-31 11:30:00,1280.0,140.0,0.2147,0.0808,4514.889,983.2204206167017
2026-05-31 11:30:30,1247.0,120.0,0.2147,0.0808,4517.2081,1016.296675151559
2026-05-31 11:31:00,1212.0,130.0,0.2147,0.0808,4519.5032,1049.9254486253765
2026-05-31 11:31:30,1215.0,125.0,0.2147,0.0808,4521.7738,1083.0550734418696
2026-05-31 11:32:00,1243.0,120.0,0.2147,0.0808,4524.0192,1115.6765788587204
2026-05-31 11:32:30,1282.0,130.0,0.2147,0.0808,4526.2391,1149.047348715933
2026-05-31 11:33:00,1304.0,135.0,0.2147,0.0808,4528.4328,1181.980617962808
2026-05-31 11:33:30,1393.0,140.0,0.2147,0.0808,4530.6,1215.3055984130876
2026-05-31 11:34:00,1478.0,135.0,0.2147,0.0808,4532.74,1248.3016793469344
2026-05-31 11:34:30,1575.0,130.0,0.2147,0.0808,4534.8524,1282.3939045253835
2026-05-31 11:35:00,1676.0,126.6667,0.2147,0.0808,4536.9367,1315.4060025622553
2026-05-31 11:35:30,1710.5,123.3333,0.2147,0.0808,4538.9923,1348.483559340945
2026-05-31 11:36:00,1745.0,120.0,0.2147,0.0808,4541.0187,1382.8921528317887
2026-05-31 11:36:30,5519.0,130.0,0.2147,0.0808,4543.0155,1416.2121515312017
2026-05-31 11:37:00,5485.0,150.0,0.2147,0.0808,4544.9821,1449.3606198565803
2026-05-31 11:37:30,5315.0,140.0,0.2147,0.0808,4546.918,1482.9830797195934
2026-05-31 11:38:00,5480.0,130.0,0.2147,0.0808,4548.8228,1516.7529401375823
2026-05-31 11:38:30,5411.0,120.0,0.2147,0.0808,4550.6958,1550.3518423955118
2026-05-31 11:39:00,5346.0,130.0,0.2147,0.0808,4552.5365,1583.8703601526684
2026-05-31 11:39:30,5305.0,140.0,0.2147,0.0808,4554.3446,1617.4992408681792
2026-05-31 11:40:00,5284.0,130.0,0.2147,0.0808,4556.1194,1650.9233623886014
2026-05-31 11:40:30,5238.0,140.0,0.2147,0.0808,4557.8605,1684.4776524018628
2026-05-31 11:41:00,4992.0,120.0,0.2147,0.0808,4559.5673,1717.6102380998673
2026-05-31 11:41:30,2173.0,130.0,0.2147,0.0808,4561.2393,1750.3744728987263
2026-05-31 11:42:00,4828.0,120.0,0.2147,0.0808,4562.8761,1783.7838405001576
2026-05-31 11:42:30,5449.0,140.0,0.2147,0.0808,4564.477,1816.3071755611738
2026-05-31 11:43:00,2255.0,130.0,0.2147,0.0808,4566.0417,1849.1580590142084
2026-05-31 11:43:30,2071.0,150.0,0.2147,0.0808,4567.5695,1881.8359313303781
2026-05-31 11:44:00,2072.0,140.0,0.2147,0.0808,4569.0601,1915.934993739183
2026-05-31 11:44:30,2073.0,160.0,0.2147,0.0808,4570.5128,1949.922399535656
2026-05-31 11:45:00,2151.0,110.0,0.199,0.0704,4571.9271,1983.8565651225458
2026-05-31 11:45:30,2387.0,116.6667,0.199,0.0704,4573.3026,2016.7534797157684
2026-05-31 11:46:00,2265.0,123.3333,0.199,0.0704,4574.6388,2049.6225092216855
2026-05-31 11:46:30,2148.0,130.0,0.199,0.0704,4575.9351,2083.6200390661916
2026-05-31 11:47:00,1990.0,150.0,0.199,0.0704,4577.191,2116.018978844326
2026-05-31 11:47:30,1959.0,130.0,0.199,0.0704,4578.406,2149.007807564579
2026-05-31 11:48:00,2056.0,125.0,0.199,0.0704,4579.5796,2181.32651762
2026-05-31 11:48:30,2068.0,120.0,0.199,0.0704,4580.7113,2214.8500173091747
2026-05-31 11:49:00,2066.0,115.0,0.199,0.0704,4581.8006,2247.5367495860587
2026-05-31 11:49:30,2161.0,110.0,0.199,0.0704,4582.8469,2281.2648909702007
2026-05-31 11:50:00,2949.0,130.0,0.199,0.0704,4583.8498,2314.3866100620276
2026-05-31 11:50:30,5500.0,110.0,0.199,0.0704,4584.8088,2348.3646355179426
2026-05-31 11:51:00,3916.0,170.0,0.199,0.0704,4585.7233,2382.066404367766
2026-05-31 11:51:30,2332.0,125.0,0.199,0.0704,4586.5928,2416.1069890403987
2026-05-31 11:52:00,2210.0,80.0,0.199,0.0704,4587.4168,2449.2125867872833
2026-05-31 11:52:30,2161.0,90.0,0.199,0.0704,4588.1949,2482.3313626316904
2026-05-31 11:53:00,4338.0,110.0,0.199,0.0704,4588.9264,2515.885357529931
2026-05-31 11:53:30,5511.0,130.0,0.199,0.0704,4589.611,2549.6378109101324
2026-05-31 11:54:00,5411.0,100.0,0.199,0.0704,4590.248,2583.222579408351
2026-05-31 11:54:30,5095.0,80.0,0.199,0.0704,4590.837,2616.1987463329965
2026-05-31 11:55:00,5196.0,60.0,0.199,0.0704,4591.3774,2649.463974736202
2026-05-31 11:55:30,4795.0,100.0,0.199,0.0704,4591.8688,2683.0830136600034
2026-05-31 11:56:00,4434.0,120.0,0.199,0.0704,4592.3107,2716.3527999295975
2026-05-31 11:56:30,2082.0,115.0,0.199,0.0704,4592.7025,2748.854117996181
2026-05-31 11:57:00,2139.0,110.0,0.199,0.0704,4593.0436,2782.389881767759
2026-05-31 11:57:30,1714.0,100.0,0.199,0.0704,4593.3337,2816.5049649780417
2026-05-31 11:58:00,1529.0,90.0,0.199,0.0704,4593.5722,2849.792681647189
2026-05-31 11:58:30,1348.0,100.0,0.199,0.0704,4593.7586,2882.4913538039964
2026-05-31 11:59:00,1247.0,110.0,0.199,0.0704,4593.8924,2915.209071108693
2026-05-31 11:59:30,1171.0,80.0,0.199,0.0704,4593.973,2948.0266175281954
2026-05-31 12:00:00,1155.0,90.0,0.17,0.0625,4594.0,2981.058971671188
2026-05-31 12:00:30,1163.0,80.0,0.17,0.0625,4593.992,3002.316902434126
2026-05-31 12:01:00,1123.0,100.0,0.17,0.0625,4593.9681,3022.8001253111647
2026-05-31 12:01:30,1203.0,120.0,0.17,0.0625,4593.9283,3043.7475386356073
2026-05-31 12:02:00,1248.0,140.0,0.17,0.0625,4593.8727,3063.456296820367
2026-05-31 12:02:30,1335.0,150.0,0.17,0.0625,4593.8015,3083.3299980537363
2026-05-31 12:03:00,1403.0,140.0,0.17,0.0625,4593.7148,3103.326550482028
2026-05-31 12:03:30,1525.0,100.0,0.17,0.0625,4593.6126,3123.847673949535
2026-05-31 12:04:00,1685.0,140.0,0.17,0.0625,4593.495,3145.260893473553
2026-05-31 12:04:30,1815.0,130.0,0.17,0.0625,4593.3621,3166.242125811585
2026-05-31 12:05:00,2044.0,140.0,0.17,0.0625,4593.2141,3186.462614797113
2026-05-31 12:05:30,5218.0,130.0,0.17,0.0625,4593.051,3207.1639189952552
2026-05-31 12:06:00,4279.0,100.0,0.17,0.0625,4592.8729,3228.260789934598
2026-05-31 12:06:30,3466.5,150.0,0.17,0.0625,4592.6799,3249.5067655928765
2026-05-31 12:07:00,2654.0,160.0,0.17,0.0625,4592.4721,3269.7729171718033
2026-05-31 12:07:30,2208.0,150.0,0.17,0.0625,4592.2496,3289.8530436894157
2026-05-31 12:08:00,2120.0,140.0,0.17,0.0625,4592.0125,3310.5257053244222
2026-05-31 12:08:30,1995.0,145.0,0.17,0.0625,4591.7608,3330.461452228836
2026-05-31 12:09:00,2019.0,150.0,0.17,0.0625,4591.4948,3351.087033479064
2026-05-31 12:09:30,1780.0,120.0,0.17,0.0625,4591.2145,3371.1088867867275
2026-05-31 12:10:00,1731.0,90.0,0.17,0.0625,4590.9199,3392.034824956127
2026-05-31 12:10:30,1696.0,140.0,0.17,0.0625,4590.6112,3413.0132382399393
2026-05-31 12:11:00,1739.0,120.0,0.17,0.0625,4590.2884,3433.2106870008834
2026-05-31 12:11:30,1909.0,100.0,0.17,0.0625,4589.9518,3453.709447411552
2026-05-31 12:12:00,1763.0,95.0,0.17,0.0625,4589.6012,3474.2274581009165
2026-05-31 12:12:30,2578.0,90.0,0.17,0.0625,4589.237,3494.5656343464884
2026-05-31 12:13:00,1706.0,100.0,0.17,0.0625,4588.8591,3515.4637704242064
2026-05-31 12:13:30,1773.0,105.0,0.17,0.0625,4588.4676,3536.294647425576
2026-05-31 12:14:00,2070.0,110.0,0.17,0.0625,4588.0626,3556.9064045266464
2026-05-31 12:14:30,2324.0,120.0,0.17,0.0625,4587.6443,3577.632921738377
2026-05-31 12:15:00,2995.0,110.0,0.16,0.0526,4587.2128,3598.2029193533467
2026-05-31 12:15:30,2131.0,105.0,0.16,0.0526,4586.768,3618.2698586382376
2026-05-31 12:16:00,1523.0,100.0,0.16,0.0526,4586.3102,3639.409165202082
2026-05-31 12:16:30,1395.0,160.0,0.16,0.0526,4585.8394,3659.403312560516
2026-05-31 12:17:00,1331.0,170.0,0.16,0.0526,4585.3557,3680.5400892134326
2026-05-31 12:17:30,1200.0,160.0,0.16,0.0526,4584.8592,3701.3841003461516
2026-05-31 12:18:00,1158.0,150.0,0.16,0.0526,4584.35,3722.5412747816454
2026-05-31 12:18:30,1154.0,190.0,0.16,0.0526,4583.8282,3743.3594935007077
2026-05-31 12:19:00,1132.0,200.0,0.16,0.0526,4583.2938,3763.3012121080455
2026-05-31 12:19:30,1186.0,150.0,0.16,0.0526,4582.7471,3783.396827816978
2026-05-31 12:20:00,1251.0,170.0,0.16,0.0526,4582.1881,3803.626850846219
2026-05-31 12:20:30,1262.0,166.6667,0.16,0.0526,4581.6168,3825.1774651140367
2026-05-31 12:21:00,1201.0,163.3333,0.16,0.0526,4581.0334,3845.6132766547953
2026-05-31 12:21:30,1153.0,160.0,0.16,0.0526,4580.438,3866.5281792049386
2026-05-31 12:22:00,1143.0,170.0,0.16,0.0526,4579.8306,3886.354552140648
2026-05-31 12:22:30,1133.0,190.0,0.16,0.0526,4579.2114,3906.9515788510307
2026-05-31 12:23:00,1120.0,140.0,0.16,0.0526,4578.5805,3928.6835775930344
2026-05-31 12:23:30,1121.0,180.0,0.16,0.0526,4577.9379,3949.3655079798177
2026-05-31 12:24:00,1122.0,170.0,0.16,0.0526,4577.2837,3969.5793623069753
2026-05-31 12:24:30,1102.0,160.0,0.16,0.0526,4576.6181,3989.510986299172
2026-05-31 12:25:00,1090.0,180.0,0.16,0.0526,4575.9412,4010.193065500683
2026-05-31 12:25:30,1004.0,185.0,0.16,0.0526,4575.2529,4030.1250175710734
2026-05-31 12:26:00,991.0,190.0,0.16,0.0526,4574.5535,4051.3082922198882
2026-05-31 12:26:30,925.0,180.0,0.16,0.0526,4573.843,4071.6217369599876
2026-05-31 12:27:00,875.0,190.0,0.16,0.0526,4573.1215,4091.460241157109
2026-05-31 12:27:30,878.0,150.0,0.16,0.0526,4572.3892,4112.794901209947
2026-05-31 12:28:00,801.0,170.0,0.16,0.0526,4571.646,4134.543279515
2026-05-31 12:28:30,780.0,165.0,0.16,0.0526,4570.8922,4155.479539757721
2026-05-31 12:29:00,738.0,160.0,0.16,0.0526,4570.1277,4177.057364657515
2026-05-31 12:29:30,674.0,150.0,0.16,0.0526,4569.3527,4197.54497744962
2026-05-31 12:30:00,607.0,160.0,0.159,0.0454,4568.5674,4218.5800154159715
2026-05-31 12:30:30,605.0,200.0,0.159,0.0454,4567.7717,4218.358825043437
2026-05-31 12:31:00,569.0,185.0,0.159,0.0454,4566.9658,4218.192213507561
2026-05-31 12:31:30,540.0,170.0,0.159,0.0454,4566.1498,4197.626687035662
2026-05-31 12:32:00,496.0,190.0,0.159,0.0454,4565.3237,4176.850843644132
2026-05-31 12:32:30,474.0,170.0,0.159,0.0454,4564.4877,4155.855825546211
2026-05-31 12:33:00,405.0,200.0,0.159,0.0454,4563.6419,4135.8505917293205
2026-05-31 12:33:30,404.0,180.0,0.159,0.0454,4562.7863,4114.514230646264
2026-05-31 12:34:00,408.0,200.0,0.159,0.0454,4561.9211,4093.428255859021
2026-05-31 12:34:30,375.0,185.0,0.159,0.0454,4561.0463,4071.6257085907064
2026-05-31 12:35:00,379.0,170.0,0.159,0.0454,4560.1621,4050.99180330913
2026-05-31 12:35:30,407.0,150.0,0.159,0.0454,4559.2685,4030.6327407653944
2026-05-31 12:36:00,372.0,130.0,0.159,0.0454,4558.3656,4009.740904592689
2026-05-31 12:36:30,376.0,120.0,0.159,0.0454,4557.4536,3989.265205361162
2026-05-31 12:37:00,351.0,140.0,0.159,0.0454,4556.5325,3967.9206757148145
2026-05-31 12:37:30,377.5,130.0,0.159,0.0454,4555.6024,3947.654498730482
2026-05-31 12:38:00,404.0,110.0,0.159,0.0454,4554.6634,3925.769437963363
2026-05-31 12:38:30,405.0,120.0,0.159,0.0454,4553.7157,3904.611508962512
2026-05-31 12:39:00,406.0,116.6667,0.159,0.0454,4552.7592,3884.352907339075
2026-05-31 12:39:30,454.0,113.3333,0.159,0.0454,4551.7942,3863.7695681102564
2026-05-31 12:40:00,456.0,110.0,0.159,0.0454,4550.8206,3842.9973521116185
2026-05-31 12:40:30,459.0,130.0,0.159,0.0454,4549.8386,3821.8995740424507
2026-05-31 12:41:00,497.0,100.0,0.159,0.0454,4548.8483,3801.3179483826684
2026-05-31 12:41:30,498.0,110.0,0.159,0.0454,4547.8499,3780.5212836685323
2026-05-31 12:42:00,497.0,120.0,0.159,0.0454,4546.8432,3759.593820286928
2026-05-31 12:42:30,486.5,130.0,0.159,0.0454,4545.8286,3738.7435055547935
2026-05-31 12:43:00,476.0,140.0,0.159,0.0454,4544.806,3717.5380403130284
2026-05-31 12:43:30,479.0,150.0,0.159,0.0454,4543.7756,3697.61992709043
2026-05-31 12:44:00,448.0,160.0,0.159,0.0454,4542.7374,3676.4393790776066
2026-05-31 12:44:30,476.0,180.0,0.159,0.0454,4541.6916,3654.998202105896
2026-05-31 12:45:00,510.0,200.0,0.159,0.053,4540.6383,3633.5830763470212
2026-05-31 12:45:30,544.0,225.0,0.159,0.053,4539.5775,3613.140291210441
2026-05-31 12:46:00,547.0,250.0,0.159,0.053,4538.5093,3592.7757850717385
2026-05-31 12:46:30,556.0,140.0,0.159,0.053,4537.4339,3570.8294471934014
2026-05-31 12:47:00,522.0,131.0,0.159,0.053,4536.3513,3549.9508606359786
2026-05-31 12:47:30,519.3333,33.0,0.159,0.053,4535.2616,3529.257175565084
2026-05-31 12:48:00,516.6667,128.0,0.159,0.053,4534.165,3509.1169252719137
2026-05-31 12:48:30,514.0,140.0,0.159,0.053,4533.0615,3488.706035784015
2026-05-31 12:49:00,500.5,0.0,0.159,0.053,4531.9511,3468.0314262367056
2026-05-31 12:49:30,487.0,75.0,0.159,0.053,4530.8341,3447.6785644882757
2026-05-31 12:50:00,476.0,150.0,0.159,0.053,4529.7105,3427.7100912209544
2026-05-31 12:50:30,475.0,30.0,0.159,0.053,4528.5804,3407.065041281787
2026-05-31 12:51:00,473.0,130.0,0.159,0.053,4527.4439,3385.3758115902688
2026-05-31 12:51:30,456.5,60.0,0.159,0.053,4526.3011,3363.576345221176
2026-05-31 12:52:00,440.0,140.0,0.159,0.053,4525.1521,3343.3698319704763
2026-05-31 12:52:30,476.0,240.0,0.159,0.053,4523.9969,3322.4378004614505
2026-05-31 12:53:00,477.0,99.0,0.159,0.053,4522.8357,3301.68010780564
2026-05-31 12:53:30,478.0,147.0,0.159,0.053,4521.6686,3280.1815429316653
2026-05-31 12:54:00,477.0,155.0,0.159,0.053,4520.4957,3258.9778447640174
2026-05-31 12:54:30,476.0,192.0,0.159,0.053,4519.317,3238.2123111746973
2026-05-31 12:55:00,515.0,164.5,0.159,0.053,4518.1327,3217.4259334916537
2026-05-31 12:55:30,510.0,137.0,0.159,0.053,4516.9428,3196.012928507824
2026-05-31 12:56:00,513.0,155.0,0.159,0.053,4515.7475,3175.97103930203
2026-05-31 12:56:30,516.0,109.0,0.159,0.053,4514.5468,3155.097963126435
2026-05-31 12:57:00,536.0,144.0,0.159,0.053,4513.3408,3133.699330326134
2026-05-31 12:57:30,556.0,117.0,0.159,0.053,4512.1297,3111.8439901110683
2026-05-31 12:58:00,506.0,200.0,0.159,0.053,4510.9135,3090.7214011764777
2026-05-31 12:58:30,506.5,140.0,0.159,0.053,4509.6924,3070.259480023632
2026-05-31 12:59:00,507.0,90.0,0.159,0.053,4508.4663,3049.261357946486
2026-05-31 12:59:30,515.0,50.0,0.159,0.053,4507.2355,3029.198824936507
2026-05-31 13:00:00,513.0,137.0,0.16,0.0534,4506.0,3009.385401409878
2026-05-31 13:00:30,495.0,135.8333,0.16,0.0534,4504.7259,2987.997997081669
2026-05-31 13:01:00,510.0,134.6667,0.16,0.0534,4503.3798,2967.2037566264257
2026-05-31 13:01:30,442.0,133.5,0.16,0.0534,4501.9624,2934.5484367622744
2026-05-31 13:02:00,425.5,132.3333,0.16,0.0534,4500.4743,2901.8399813412343
2026-05-31 13:02:30,409.0,131.1667,0.16,0.0534,4498.9162,2868.7613613930303
2026-05-31 13:03:00,427.0,130.0,0.16,0.0534,4497.2887,2836.199154874975
2026-05-31 13:03:30,445.0,132.0,0.16,0.0534,4495.5927,2802.7480487984785
2026-05-31 13:04:00,403.0,134.0,0.16,0.0534,4493.8287,2768.932853996571
2026-05-31 13:04:30,443.0,136.0,0.16,0.0534,4491.9975,2735.2897453673386
2026-05-31 13:05:00,437.0,138.0,0.16,0.0534,4490.0996,2702.5883210049938
2026-05-31 13:05:30,481.0,140.0,0.16,0.0534,4488.1359,2669.2389856493423
2026-05-31 13:06:00,482.0,120.0,0.16,0.0534,4486.1069,2635.717862343902
2026-05-31 13:06:30,517.0,130.0,0.16,0.0534,4484.0134,2602.067063254289
2026-05-31 13:07:00,551.0,120.0,0.16,0.0534,4481.856,2568.758553064209
2026-05-31 13:07:30,555.0,130.0,0.16,0.0534,4479.6355,2535.609541439731
2026-05-31 13:08:00,553.0,110.0,0.16,0.0534,4477.3524,2502.244702940362
2026-05-31 13:08:30,556.0,130.0,0.16,0.0534,4475.0076,2469.416952624456
2026-05-31 13:09:00,559.0,120.0,0.16,0.0534,4472.6016,2435.9583582035348
2026-05-31 13:09:30,599.0,140.0,0.16,0.0534,4470.1351,2402.7684862074602
2026-05-31 13:10:00,633.0,137.5,0.16,0.0534,4467.6089,2369.53813965486
2026-05-31 13:10:30,640.0,135.0,0.16,0.0534,4465.0235,2336.0663878230257
2026-05-31 13:11:00,708.0,132.5,0.16,0.0534,4462.3798,2303.239193164175
2026-05-31 13:11:30,719.0,130.0,0.16,0.0534,4459.6783,2269.712003421323
2026-05-31 13:12:00,783.0,127.5,0.16,0.0534,4456.9197,2236.693794853252
2026-05-31 13:12:30,789.0,125.0,0.16,0.0534,4454.1048,2203.2953426323934
2026-05-31 13:13:00,814.0,122.5,0.16,0.0534,4451.2342,2169.6011124627867
2026-05-31 13:13:30,820.0,120.0,0.16,0.0534,4448.3086,2136.246339785261
2026-05-31 13:14:00,819.0,150.0,0.16,0.0534,4445.3286,2102.179355387506
2026-05-31 13:14:30,855.0,160.0,0.16,0.0534,4442.295,2069.1455136235427
2026-05-31 13:15:00,823.0,166.6667,0.16,0.0501,4439.2085,2035.4447226253546
2026-05-31 13:15:30,805.0,173.3333,0.16,0.0501,4436.0696,2002.5044846846695
2026-05-31 13:16:00,764.0,180.0,0.16,0.0501,4432.8791,1969.0681357229564
2026-05-31 13:16:30,762.0,120.0,0.16,0.0501,4429.6378,1936.2086285007774
2026-05-31 13:17:00,756.0,170.0,0.16,0.0501,4426.3461,1902.5224688484243
2026-05-31 13:17:30,774.0,150.0,0.16,0.0501,4423.0049,1869.1938417578447
2026-05-31 13:18:00,792.0,145.0,0.16,0.0501,4419.6148,1836.118222130687
2026-05-31 13:18:30,788.0,140.0,0.16,0.0501,4416.1765,1801.816818827176
2026-05-31 13:19:00,801.0,150.0,0.16,0.0501,4412.6907,1768.6023932280473
2026-05-31 13:19:30,783.0,160.0,0.16,0.0501,4409.1581,1735.8120128686999
2026-05-31 13:20:00,820.0,155.0,0.16,0.0501,4405.5792,1703.0403051147025
2026-05-31 13:20:30,829.0,150.0,0.16,0.0501,4401.9549,1669.6583068675277
2026-05-31 13:21:00,867.0,160.0,0.16,0.0501,4398.2858,1636.4897624130067
2026-05-31 13:21:30,854.0,170.0,0.16,0.0501,4394.5726,1603.0821942555754
2026-05-31 13:22:00,910.0,180.0,0.16,0.0501,4390.816,1570.3702730467942
2026-05-31 13:22:30,928.0,170.0,0.16,0.0501,4387.0165,1537.1162643404155
2026-05-31 13:23:00,946.0,160.0,0.16,0.0501,4383.1751,1503.282889191088
2026-05-31 13:23:30,1003.0,150.0,0.16,0.0501,4379.2922,1469.7444180450036
2026-05-31 13:24:00,1002.5,160.0,0.16,0.0501,4375.3686,1436.874985081354
2026-05-31 13:24:30,1002.0,140.0,0.16,0.0501,4371.4049,1403.4896842773437
2026-05-31 13:25:00,997.0,150.0,0.16,0.0501,4367.4019,1370.9523615862834
2026-05-31 13:25:30,1014.0,160.0,0.16,0.0501,4363.3603,1338.717922281815
2026-05-31 13:26:00,1019.0,155.0,0.16,0.0501,4359.2806,1304.7250206685535
2026-05-31 13:26:30,1014.0,150.0,0.16,0.0501,4355.1636,1271.5147010288567
2026-05-31 13:27:00,1013.0,160.0,0.16,0.0501,4351.01,1238.4808197256714
2026-05-31 13:27:30,1019.0,150.0,0.16,0.0501,4346.8205,1205.4397729256186
2026-05-31 13:28:00,1001.0,180.0,0.16,0.0501,4342.5957,1171.661110263243
2026-05-31 13:28:30,983.0,170.0,0.16,0.0501,4338.3363,1137.3678933192575
2026-05-31 13:29:00,979.0,160.0,0.16,0.0501,4334.043,1103.3778830249682
2026-05-31 13:29:30,966.0,150.0,0.16,0.0501,4329.7164,1070.731901890743
2026-05-31 13:30:00,997.0,250.0,0.16,0.0502,4325.3573,1037.1293846151398
2026-05-31 13:30:30,979.0,220.0,0.16,0.0502,4320.9664,1003.9475023037795
2026-05-31 13:31:00,961.0,200.0,0.16,0.0502,4316.5443,970.638339402762
2026-05-31 13:31:30,1002.0,220.0,0.16,0.0502,4312.0916,957.9080676439837
2026-05-31 13:32:00,956.0,210.0,0.16,0.0502,4307.6092,945.6695599972833
2026-05-31 13:32:30,957.0,220.0,0.16,0.0502,4303.0975,932.7230518817862
2026-05-31 13:33:00,900.0,230.0,0.16,0.0502,4298.5575,920.1255419428521
2026-05-31 13:33:30,910.0,240.0,0.16,0.0502,4293.9896,908.286483421844
2026-05-31 13:34:00,801.0,220.0,0.16,0.0502,4289.3947,895.6955960363138
2026-05-31 13:34:30,805.0,261.0,0.16,0.0502,4284.7733,883.4837662368154
2026-05-31 13:35:00,792.0,258.0,0.16,0.0502,4280.1262,870.6178125157887
2026-05-31 13:35:30,756.0,241.0,0.16,0.0502,4275.4541,858.3641832352749
2026-05-31 13:36:00,720.0,240.0,0.16,0.0502,4270.7575,845.3439354298663
2026-05-31 13:36:30,792.0,232.0,0.16,0.0502,4266.0373,833.1052556846854
2026-05-31 13:37:00,783.0,233.0,0.16,0.0502,4261.294,820.7911578019362
2026-05-31 13:37:30,833.0,229.0,0.16,0.0502,4256.5285,807.2838560749929
2026-05-31 13:38:00,873.0,603.0,0.16,0.0502,4251.7412,795.326716795147
2026-05-31 13:38:30,881.0,305.0,0.16,0.0502,4246.933,782.9259630821801
2026-05-31 13:39:00,889.0,337.0,0.16,0.0502,4242.1045,769.8924646284457
2026-05-31 13:39:30,881.5,336.0,0.16,0.0502,4237.2564,757.0852883285821
2026-05-31 13:40:00,874.0,373.0,0.16,0.0502,4232.3894,745.1154816163682
2026-05-31 13:40:30,829.0,439.0,0.16,0.0502,4227.5041,732.207875089161
2026-05-31 13:41:00,819.0,386.0,0.16,0.0502,4222.6012,718.8212282416557
2026-05-31 13:41:30,749.0,364.0,0.16,0.0502,4217.6815,706.9217063903255
2026-05-31 13:42:00,752.0,364.5,0.16,0.0502,4212.7455,694.1971427499396
2026-05-31 13:42:30,684.0,365.0,0.16,0.0502,4207.794,682.2787755224014
2026-05-31 13:43:00,636.0,376.0,0.16,0.0502,4202.8277,670.7371278410225
2026-05-31 13:43:30,635.0,392.0,0.16,0.0502,4197.8472,657.7513846789512
2026-05-31 13:44:00,592.0,400.0,0.16,0.0502,4192.8532,644.5022675651643
2026-05-31 13:44:30,570.0,378.0,0.16,0.0502,4187.8464,632.3509398630873
2026-05-31 13:45:00,569.0,390.0,0.16,0.0502,4182.8275,619.9038417783472
2026-05-31 13:45:30,566.0,401.0,0.16,0.0502,4177.7972,606.9893823287017
2026-05-31 13:46:00,563.0,392.0,0.16,0.0502,4172.7561,594.2947391375673
2026-05-31 13:46:30,561.0,393.0,0.16,0.0502,4167.7049,581.9552704735713
2026-05-31 13:47:00,563.0,391.0,0.16,0.0502,4162.6443,570.2849452764218
2026-05-31 13:47:30,629.0,365.0,0.16,0.0502,4157.575,558.5928206244199
2026-05-31 13:48:00,557.0,365.5,0.16,0.0502,4152.4977,545.7281534515621
2026-05-31 13:48:30,565.0,366.0,0.16,0.0502,4147.413,532.878760958021
2026-05-31 13:49:00,607.0,369.0,0.16,0.0502,4142.3216,520.0871609305453
2026-05-31 13:49:30,639.0,325.0,0.16,0.0502,4137.2242,506.78645348428194
2026-05-31 13:50:00,676.0,317.0,0.16,0.0502,4132.1215,493.8978652474716
2026-05-31 13:50:30,741.0,311.0,0.16,0.0502,4127.0142,480.4068766867715
2026-05-31 13:51:00,848.0,315.0,0.16,0.0502,4121.9029,468.55972461084303
2026-05-31 13:51:30,1007.0,346.0,0.16,0.0502,4116.7884,456.83768036168783
2026-05-31 13:52:00,1163.0,318.0,0.16,0.0502,4111.6712,443.52866178659247
2026-05-31 13:52:30,1309.0,334.0,0.16,0.0502,4106.5522,430.6533859634987
2026-05-31 13:53:00,1492.0,313.0,0.16,0.0502,4101.4319,418.03933927747687
2026-05-31 13:53:30,1619.0,300.0,0.16,0.0502,4096.3111,406.6227696639289
2026-05-31 13:54:00,1637.5,302.0,0.16,0.0502,4091.1904,394.5938829235632
2026-05-31 13:54:30,1656.0,306.0,0.16,0.0502,4086.0705,381.4976880441634
2026-05-31 13:55:00,1692.0,331.0,0.16,0.0502,4080.9521,369.1212106000708
2026-05-31 13:55:30,1728.0,316.0,0.16,0.0502,4075.8359,356.5365590237843
2026-05-31 13:56:00,1818.0,325.0,0.16,0.0502,4070.7225,343.7401760575854
2026-05-31 13:56:30,1855.0,321.0,0.16,0.0502,4065.6127,331.5806809631295
2026-05-31 13:57:00,1875.0,341.0,0.16,0.0502,4060.507,319.346445569294
2026-05-31 13:57:30,1791.0,359.0,0.16,0.0502,4055.4063,307.0838288720814
2026-05-31 13:58:00,1640.0,377.0,0.16,0.0502,4050.3112,294.6121166996732
2026-05-31 13:58:30,1530.0,346.0,0.16,0.0502,4045.2223,281.40516281641766
2026-05-31 13:59:00,1452.0,956.0,0.16,0.0502,4040.1404,268.95085456653516
2026-05-31 13:59:30,1423.0,1001.0,0.16,0.0502,4035.066,255.3747252014823
2026-05-31 14:00:00,1528.0,1029.0,0.176,0.0585,4030.0,242.36578641369866
2026-05-31 14:00:30,1743.0,941.0,0.176,0.0585,4024.9073,229.8465585936472
2026-05-31 14:01:00,2288.0,723.0,0.176,0.0585,4019.7529,217.60147536762545
2026-05-31 14:01:30,2066.0,513.0,0.176,0.0585,4014.5376,216.97550028104052
2026-05-31 14:02:00,2242.0,133.0,0.176,0.0585,4009.2621,216.3787594574251
2026-05-31 14:02:30,2098.0,188.0,0.176,0.0585,4003.9273,216.38402509155955
2026-05-31 14:03:00,1881.0,240.0,0.176,0.0585,3998.5338,216.6372333204758
2026-05-31 14:03:30,1764.0,538.0,0.176,0.0585,3993.0824,217.10137559781208
2026-05-31 14:04:00,1620.0,157.0,0.176,0.0585,3987.5739,216.7678176761709
2026-05-31 14:04:30,1521.0,202.0,0.176,0.0585,3982.009,216.4619776903065
2026-05-31 14:05:00,1415.0,311.0,0.176,0.0585,3976.3885,215.64256877146528
2026-05-31 14:05:30,1353.0,193.0,0.176,0.0585,3970.7132,215.80746252767048
2026-05-31 14:06:00,1318.0,441.0,0.176,0.0585,3964.9837,215.51552558556165
2026-05-31 14:06:30,1323.0,292.0,0.176,0.0585,3959.2009,216.14606390037633
2026-05-31 14:07:00,1276.0,307.0,0.176,0.0585,3953.3655,215.79503127637224
2026-05-31 14:07:30,1271.0,308.0,0.176,0.0585,3947.4783,216.56891688322315
2026-05-31 14:08:00,1253.0,311.0,0.176,0.0585,3941.54,217.02958703217834
2026-05-31 14:08:30,1217.0,1655.0,0.176,0.0585,3935.5514,217.05885189049408
2026-05-31 14:09:00,1147.0,1427.0,0.176,0.0585,3929.5133,217.42414888254555
2026-05-31 14:09:30,1149.0,305.0,0.176,0.0585,3923.4263,218.23190421774
2026-05-31 14:10:00,1053.0,302.0,0.176,0.0585,3917.2912,217.84142753856716
2026-05-31 14:10:30,1066.0,288.0,0.176,0.0585,3911.1089,218.22842243881615
2026-05-31 14:11:00,1079.0,283.0,0.176,0.0585,3904.8801,217.54419526105218
2026-05-31 14:11:30,1039.0,300.0,0.176,0.0585,3898.6054,218.12806968291042
2026-05-31 14:12:00,991.0,288.0,0.176,0.0585,3892.2857,217.9687775437051
2026-05-31 14:12:30,944.0,283.0,0.176,0.0585,3885.9218,218.8571902867884
2026-05-31 14:13:00,929.0,284.5,0.176,0.0585,3879.5143,219.00377599068133
2026-05-31 14:13:30,869.0,286.0,0.176,0.0585,3873.0641,219.22843052971922
2026-05-31 14:14:00,865.0,332.0,0.176,0.0585,3866.5719,220.05439238700703
2026-05-31 14:14:30,765.0,1736.0,0.176,0.0585,3860.0385,220.2512887754586
2026-05-31 14:15:00,799.0,341.0,0.1855,0.0646,3853.4646,220.5964526638232
2026-05-31 14:15:30,790.0,316.0,0.1855,0.0646,3846.8509,220.57453148914314
2026-05-31 14:16:00,834.0,375.0,0.1855,0.0646,3840.1982,220.97596016764686
2026-05-31 14:16:30,868.0,0.0,0.1855,0.0646,3833.5074,220.74433506428798
2026-05-31 14:17:00,844.0,1663.0,0.1855,0.0646,3826.7791,221.29786523925475
2026-05-31 14:17:30,915.0,200.0,0.1855,0.0646,3820.014,222.284696659881
2026-05-31 14:18:00,893.0,278.0,0.1855,0.0646,3813.2131,221.98727822310255
2026-05-31 14:18:30,968.0,130.0,0.1855,0.0646,3806.3769,221.95783359331548
2026-05-31 14:19:00,974.0,209.0,0.1855,0.0646,3799.5063,222.8655531613322
2026-05-31 14:19:30,1033.0,0.0,0.1855,0.0646,3792.602,222.34497639174063
2026-05-31 14:20:00,1095.0,308.25,0.1855,0.0646,3785.6648,222.30424786616808
2026-05-31 14:20:30,1155.0,616.5,0.1855,0.0646,3778.6954,222.3185486102837
2026-05-31 14:21:00,1297.0,924.75,0.1855,0.0646,3771.6946,221.9860361955921
2026-05-31 14:21:30,1404.0,1233.0,0.1855,0.0646,3764.6632,221.78244118541477
2026-05-31 14:22:00,1574.0,150.0,0.1855,0.0646,3757.6019,221.6133147060023
2026-05-31 14:22:30,1831.0,151.8,0.1855,0.0646,3750.5114,220.8717741241731
2026-05-31 14:23:00,1958.0,153.6,0.1855,0.0646,3743.3925,221.33533648340907
2026-05-31 14:23:30,2111.0,155.4,0.1855,0.0646,3736.246,221.84309527617327
2026-05-31 14:24:00,2192.0,157.2,0.1855,0.0646,3729.0727,221.52087396773123
2026-05-31 14:24:30,2516.0,159.0,0.1855,0.0646,3721.8732,221.61329234706875
2026-05-31 14:25:00,4305.0,178.0,0.1855,0.0646,3714.6483,220.80271823950264
2026-05-31 14:25:30,3624.5,167.0,0.1855,0.0646,3707.3989,220.83142736135818
2026-05-31 14:26:00,2944.0,165.0,0.1855,0.0646,3700.1256,221.44271848315105
2026-05-31 14:26:30,2650.0,169.0,0.1855,0.0646,3692.8292,221.27090661431174
2026-05-31 14:27:00,2459.0,148.0,0.1855,0.0646,3685.5105,221.93595547916019
2026-05-31 14:27:30,5277.0,156.0,0.1855,0.0646,3678.1702,221.53912569660315
2026-05-31 14:28:00,5614.0,373.0,0.1855,0.0646,3670.8091,221.66843373995482
2026-05-31 14:28:30,2164.0,264.5,0.1855,0.0646,3663.4279,221.59048224354873
2026-05-31 14:29:00,2286.0,156.0,0.1855,0.0646,3656.0274,221.49363379504544
2026-05-31 14:29:30,1994.0,141.0,0.1855,0.0646,3648.6084,220.497163307748
2026-05-31 14:30:00,2168.0,168.0,0.185,0.0684,3641.1716,220.91460692657108
2026-05-31 14:30:30,2105.0,160.0,0.185,0.0684,3633.7177,221.53681136408383
2026-05-31 14:31:00,2357.0,150.0,0.185,0.0684,3626.2475,221.511217031555
2026-05-31 14:31:30,2458.0,171.0,0.185,0.0684,3618.7618,221.8235795400599
2026-05-31 14:32:00,2121.0,244.0,0.185,0.0684,3611.2614,222.25188457699662
2026-05-31 14:32:30,1981.0,206.0,0.185,0.0684,3603.7469,222.11621393438915
2026-05-31 14:33:00,1858.0,37.0,0.185,0.0684,3596.2192,221.5164293889383
2026-05-31 14:33:30,1701.0,0.0,0.185,0.0684,3588.6789,220.9063303196939
2026-05-31 14:34:00,1591.0,148.0,0.185,0.0684,3581.127,222.06898899694295
2026-05-31 14:34:30,1393.0,159.0,0.185,0.0684,3573.564,222.8847361434588
2026-05-31 14:35:00,1298.0,171.0,0.185,0.0684,3565.9908,223.40917220530162
2026-05-31 14:35:30,1183.0,164.0,0.185,0.0684,3558.4081,223.26787802198717
2026-05-31 14:36:00,1113.0,182.0,0.185,0.0684,3550.8167,222.71762154275572
2026-05-31 14:36:30,1043.0,181.0,0.185,0.0684,3543.2174,222.70675571281905
2026-05-31 14:37:00,1002.0,194.0,0.185,0.0684,3535.6108,222.4833605024217
2026-05-31 14:37:30,1031.0,210.0,0.185,0.0684,3527.9978,222.93448389256557
2026-05-31 14:38:00,1054.0,208.0,0.185,0.0684,3520.3791,222.60562036396865
2026-05-31 14:38:30,1106.0,210.0,0.185,0.0684,3512.7554,221.82691733540904
2026-05-31 14:39:00,1158.0,249.0,0.185,0.0684,3505.1276,222.0930350956665
2026-05-31 14:39:30,1230.0,0.0,0.185,0.0684,3497.4963,222.869153600494
2026-05-31 14:40:00,1311.0,147.0,0.185,0.0684,3489.8624,222.99596965043597
2026-05-31 14:40:30,1403.0,554.0,0.185,0.0684,3482.2266,222.59599005532507
2026-05-31 14:41:00,1611.5,215.0,0.185,0.0684,3474.5896,223.4033582264051
2026-05-31 14:41:30,1820.0,385.0,0.185,0.0684,3466.9522,222.81478234822433
2026-05-31 14:42:00,4447.0,1162.0,0.185,0.0684,3459.3152,222.98001712799572
2026-05-31 14:42:30,2026.0,572.0,0.185,0.0684,3451.6792,223.0758487361282
2026-05-31 14:43:00,5165.0,280.0,0.185,0.0684,3444.0452,222.7884468459072
2026-05-31 14:43:30,3877.0,939.0,0.185,0.0684,3436.4138,222.32259478719942
2026-05-31 14:44:00,4325.0,624.5,0.185,0.0684,3428.7857,223.39419476837702
2026-05-31 14:44:30,2124.0,310.0,0.185,0.0684,3421.1618,223.4153499156626
2026-05-31 14:45:00,5260.0,493.0,0.1868,0.0674,3413.5428,223.0177889744561
2026-05-31 14:45:30,5122.0,316.0,0.1868,0.0674,3405.9294,223.86708992039442
2026-05-31 14:46:00,5132.0,229.0,0.1868,0.0674,3398.3225,224.35339785298873
2026-05-31 14:46:30,4451.0,275.0,0.1868,0.0674,3390.7227,224.21902943794834
2026-05-31 14:47:00,4669.0,271.0,0.1868,0.0674,3383.1308,224.54449596631952
2026-05-31 14:47:30,1555.0,265.0,0.1868,0.0674,3375.5476,224.55634948560424
2026-05-31 14:48:00,1443.0,274.0,0.1868,0.0674,3367.9739,224.68271310931615
2026-05-31 14:48:30,1414.0,273.0,0.1868,0.0674,3360.4103,224.30801332849953
2026-05-31 14:49:00,1578.0,270.0,0.1868,0.0674,3352.8577,225.22878225836672
2026-05-31 14:49:30,1502.0,288.0,0.1868,0.0674,3345.3167,225.3521122605888
2026-05-31 14:50:00,1678.0,227.0,0.1868,0.0674,3337.7883,224.91138186403023
2026-05-31 14:50:30,2281.0,233.0,0.1868,0.0674,3330.273,225.03889394851632
2026-05-31 14:51:00,4936.0,239.0,0.1868,0.0674,3322.7717,224.58249752290982
2026-05-31 14:51:30,1886.0,227.0,0.1868,0.0674,3315.2852,224.76831136877257
2026-05-31 14:52:00,2708.0,235.0,0.1868,0.0674,3307.8141,224.62544550657057
2026-05-31 14:52:30,1713.0,216.0,0.1868,0.0674,3300.3593,224.49754550624556
2026-05-31 14:53:00,2304.0,220.0,0.1868,0.0674,3292.9215,224.84891966448302
2026-05-31 14:53:30,3245.0,226.0,0.1868,0.0674,3285.5014,224.11326583322273
2026-05-31 14:54:00,4850.0,217.5,0.1868,0.0674,3278.0998,224.02976350809868
2026-05-31 14:54:30,2075.0,209.0,0.1868,0.0674,3270.7175,224.0173290838617
2026-05-31 14:55:00,2492.0,221.0,0.1868,0.0674,3263.3552,223.85940025978607
2026-05-31 14:55:30,2843.0,203.0,0.1868,0.0674,3256.0137,224.3591113665787
2026-05-31 14:56:00,3492.0,212.0,0.1868,0.0674,3248.6937,224.41303994494555
2026-05-31 14:56:30,3842.5,193.0,0.1868,0.0674,3241.3961,224.08008833237966
2026-05-31 14:57:00,4193.0,212.0,0.1868,0.0674,3234.1214,224.4217385821941
2026-05-31 14:57:30,1718.0,196.0,0.1868,0.0674,3226.8706,224.64288782671994
2026-05-31 14:58:00,2416.0,193.0,0.1868,0.0674,3219.6443,224.37645893542924
2026-05-31 14:58:30,1571.0,187.5,0.1868,0.0674,3212.4434,224.8609276299276
2026-05-31 14:59:00,1447.0,182.0,0.1868,0.0674,3205.2685,225.73972155351387
2026-05-31 14:59:30,3857.0,176.5,0.1868,0.0674,3198.1205,226.7509374517562
2026-05-31 15:00:00,2430.0,171.0,0.1852,0.0557,3191.0,226.8848676075311
2026-05-31 15:00:30,1832.0,196.0,0.1852,0.0557,3183.8869,227.52207853098398
2026-05-31 15:01:00,2000.0,189.0,0.1852,0.0557,3176.7604,227.50931827563926
2026-05-31 15:01:30,1869.0,183.5,0.1852,0.0557,3169.6211,227.3744491022295
2026-05-31 15:02:00,1753.0,178.0,0.1852,0.0557,3162.469,228.24747643640958
2026-05-31 15:02:30,1691.0,172.5,0.1852,0.0557,3155.3046,228.9507360807107
2026-05-31 15:03:00,1724.0,167.0,0.1852,0.0557,3148.128,228.6087441058089
2026-05-31 15:03:30,1715.0,161.5,0.1852,0.0557,3140.9396,228.93986973465232
2026-05-31 15:04:00,2370.0,156.0,0.1852,0.0557,3133.7397,229.1973710980039
2026-05-31 15:04:30,1859.0,157.5,0.1852,0.0557,3126.5286,229.61976314184196
2026-05-31 15:05:00,1943.0,159.0,0.1852,0.0557,3119.3065,229.4447760252579
2026-05-31 15:05:30,1986.0,158.0,0.1852,0.0557,3112.0738,229.93794596679584
2026-05-31 15:06:00,1872.0,157.0,0.1852,0.0557,3104.8307,230.44542646808722
2026-05-31 15:06:30,1791.0,156.0,0.1852,0.0557,3097.5775,229.535515737472
2026-05-31 15:07:00,1991.0,155.0,0.1852,0.0557,3090.3146,230.50759937859706
2026-05-31 15:07:30,2100.0,154.0,0.1852,0.0557,3083.0421,229.99243165962162
2026-05-31 15:08:00,2403.0,153.0,0.1852,0.0557,3075.7604,229.68673466734393
2026-05-31 15:08:30,1998.0,156.0,0.1852,0.0557,3068.4698,229.260729342032
2026-05-31 15:09:00,2173.0,151.0,0.1852,0.0557,3061.1706,229.27553975376804
2026-05-31 15:09:30,3293.0,159.0,0.1852,0.0557,3053.863,229.0360147762498
2026-05-31 15:10:00,2974.0,146.0,0.1852,0.0557,3046.5474,228.78457436535982
2026-05-31 15:10:30,2778.0,155.0,0.1852,0.0557,3039.224,229.42234953807625
2026-05-31 15:11:00,4664.0,154.6,0.1852,0.0557,3031.8932,230.20019129351684
2026-05-31 15:11:30,2573.0,154.2,0.1852,0.0557,3024.5551,230.2581900467342
2026-05-31 15:12:00,3381.5,153.8,0.1852,0.0557,3017.2102,229.78030871643116
2026-05-31 15:12:30,4190.0,153.4,0.1852,0.0557,3009.8586,229.42256695820882
2026-05-31 15:13:00,4177.0,153.0,0.1852,0.0557,3002.5008,229.92537569159245
2026-05-31 15:13:30,1868.0,148.0,0.1852,0.0557,2995.1369,229.73103308272303
2026-05-31 15:14:00,1640.0,163.0,0.1852,0.0557,2987.7673,229.66784268899966
2026-05-31 15:14:30,1497.0,158.0,0.1852,0.0557,2980.3922,229.32198287949453
2026-05-31 15:15:00,1426.0,156.0,0.1868,0.0558,2973.012,229.44790517850387
2026-05-31 15:15:30,1343.0,154.0,0.1868,0.0558,2965.6269,229.7838097004928
2026-05-31 15:16:00,1278.0,158.0,0.1868,0.0558,2958.2372,229.84392145779177
2026-05-31 15:16:30,1231.0,150.0,0.1868,0.0558,2950.8432,229.80579865817344
2026-05-31 15:17:00,1177.0,141.0,0.1868,0.0558,2943.4452,229.53122910189953
2026-05-31 15:17:30,1107.0,153.0,0.1868,0.0558,2936.0435,228.83638437002537
2026-05-31 15:18:00,1050.0,157.0,0.1868,0.0558,2928.6384,229.36035761936594
2026-05-31 15:18:30,973.0,138.0,0.1868,0.0558,2921.2302,230.2456724825961
2026-05-31 15:19:00,852.0,129.0,0.1868,0.0558,2913.8191,230.17854509358148
2026-05-31 15:19:30,810.0,134.0,0.1868,0.0558,2906.4054,230.20576012797827
2026-05-31 15:20:00,787.0,131.0,0.1868,0.0558,2898.9895,230.3676842021562
2026-05-31 15:20:30,733.0,159.0,0.1868,0.0558,2891.5716,230.02855612348074
2026-05-31 15:21:00,754.0,147.0,0.1868,0.0558,2884.1521,230.86501940664735
2026-05-31 15:21:30,792.0,136.0,0.1868,0.0558,2876.7311,230.8691610311984
2026-05-31 15:22:00,785.0,158.0,0.1868,0.0558,2869.309,231.17452992223056
2026-05-31 15:22:30,778.0,139.0,0.1868,0.0558,2861.8861,231.60335471046437
2026-05-31 15:23:00,858.0,147.0,0.1868,0.0558,2854.4627,230.80586866873483
2026-05-31 15:23:30,907.0,141.0,0.1868,0.0558,2847.039,229.97983663348393
2026-05-31 15:24:00,940.0,145.0,0.1868,0.0558,2839.6154,230.08096945359028
2026-05-31 15:24:30,1009.0,150.5,0.1868,0.0558,2832.1921,230.44940947399127
2026-05-31 15:25:00,1002.0,156.0,0.1868,0.0558,2824.7695,231.25045250311376
2026-05-31 15:25:30,995.0,148.0,0.1868,0.0558,2817.3477,230.98872299454203
2026-05-31 15:26:00,979.0,127.0,0.1868,0.0558,2809.9272,230.96343049442814
2026-05-31 15:26:30,974.0,126.0,0.1868,0.0558,2802.5082,230.76998980110753
2026-05-31 15:27:00,978.3333,142.0,0.1868,0.0558,2795.0909,230.4389429245711
2026-05-31 15:27:30,982.6667,149.0,0.1868,0.0558,2787.6757,230.5712825720634
2026-05-31 15:28:00,987.0,142.0,0.1868,0.0558,2780.2629,230.90498207216666
2026-05-31 15:28:30,996.0,125.0,0.1868,0.0558,2772.8528,231.20588627229637
2026-05-31 15:29:00,1008.0,128.0,0.1868,0.0558,2765.4456,231.12840106293325
2026-05-31 15:29:30,915.0,140.0,0.1868,0.0558,2758.0416,232.008004714906
2026-05-31 15:30:00,946.0,109.0,0.2014,0.0653,2750.6411,232.22542404518364
2026-05-31 15:30:30,927.0,126.5,0.2014,0.0653,2743.2445,232.41433430092056
2026-05-31 15:31:00,908.0,144.0,0.2014,0.0653,2735.8519,231.74514567865353
2026-05-31 15:31:30,912.0,131.0,0.2014,0.0653,2728.4637,231.01254366435998
2026-05-31 15:32:00,963.0,128.0,0.2014,0.0653,2721.0803,230.05680711445666
2026-05-31 15:32:30,942.0,120.0,0.2014,0.0653,2713.7017,230.71957605710733
2026-05-31 15:33:00,952.0,125.0,0.2014,0.0653,2706.3285,230.51401380434132
2026-05-31 15:33:30,951.0,111.0,0.2014,0.0653,2698.9608,230.67805240379474
2026-05-31 15:34:00,948.0,134.0,0.2014,0.0653,2691.5989,229.89953290834484
2026-05-31 15:34:30,949.0,137.8333,0.2014,0.0653,2684.2431,228.78742118943265
2026-05-31 15:35:00,980.0,141.6667,0.2014,0.0653,2676.8938,228.6768757483269
2026-05-31 15:35:30,1008.0,145.5,0.2014,0.0653,2669.5512,228.79793268936967
2026-05-31 15:36:00,1020.0,149.3333,0.2014,0.0653,2662.2155,229.9385597267586
2026-05-31 15:36:30,1017.0,153.1667,0.2014,0.0653,2654.8872,229.46235297589138
2026-05-31 15:37:00,1095.0,157.0,0.2014,0.0653,2647.5664,229.72440417599003
2026-05-31 15:37:30,1083.0,148.0,0.2014,0.0653,2640.2535,230.14180659609917
2026-05-31 15:38:00,1050.0,134.0,0.2014,0.0653,2632.9487,230.50840296770815
2026-05-31 15:38:30,983.0,153.0,0.2014,0.0653,2625.6524,231.35205087745854
2026-05-31 15:39:00,881.0,158.5,0.2014,0.0653,2618.3648,231.2969222388322
2026-05-31 15:39:30,786.0,164.0,0.2014,0.0653,2611.0862,230.16028102491683
2026-05-31 15:40:00,672.0,150.0,0.2014,0.0653,2603.8169,229.96416159144397
2026-05-31 15:40:30,583.0,161.0,0.2014,0.0653,2596.5572,231.0203610480657
2026-05-31 15:41:00,486.0,149.0,0.2014,0.0653,2589.3074,230.6272247512754
2026-05-31 15:41:30,437.0,158.0,0.2014,0.0653,2582.0678,230.6338209574697
2026-05-31 15:42:00,345.0,156.0,0.2014,0.0653,2574.8386,231.11634607608036
2026-05-31 15:42:30,348.0,151.0,0.2014,0.0653,2567.6203,230.0912917560268
2026-05-31 15:43:00,316.5,160.0,0.2014,0.0653,2560.4129,230.10009373231725
2026-05-31 15:43:30,285.0,167.0,0.2014,0.0653,2553.2169,230.39340499093385
2026-05-31 15:44:00,225.0,147.0,0.2014,0.0653,2546.0325,229.46629658376554
2026-05-31 15:44:30,224.5,155.0,0.2014,0.0653,2538.86,229.25136716978392
2026-05-31 15:45:00,224.0,163.0,0.2121,0.072,2531.6997,230.2381519871083
2026-05-31 15:45:30,225.5,180.0,0.2121,0.072,2524.5519,230.1903661930354
2026-05-31 15:46:00,227.0,184.5,0.2121,0.072,2517.4169,230.2570616173711
2026-05-31 15:46:30,229.0,189.0,0.2121,0.072,2510.295,230.9595860554587
2026-05-31 15:47:00,262.0,300.0,0.2121,0.072,2503.1864,230.1081162816357
2026-05-31 15:47:30,295.0,209.0,0.2121,0.072,2496.0914,229.8425922115026
2026-05-31 15:48:00,294.0,544.0,0.2121,0.072,2489.0104,230.3336989717456
2026-05-31 15:48:30,332.0,453.3333,0.2121,0.072,2481.9437,230.5611204317279
2026-05-31 15:49:00,326.0,362.6667,0.2121,0.072,2474.8914,230.29644628876713
2026-05-31 15:49:30,328.0,272.0,0.2121,0.072,2467.854,230.95180280249227
2026-05-31 15:50:00,361.0,181.3333,0.2121,0.072,2460.8316,231.00259475611787
2026-05-31 15:50:30,357.0,90.6667,0.2121,0.072,2453.8246,231.28682235899365
2026-05-31 15:51:00,380.0,0.0,0.2121,0.072,2446.8333,231.36205383755916
2026-05-31 15:51:30,403.0,199.0,0.2121,0.072,2439.858,230.1752363091755
2026-05-31 15:52:00,405.0,210.0,0.2121,0.072,2432.8989,230.68837280090113
2026-05-31 15:52:30,479.0,90.0,0.2121,0.072,2425.9564,230.51757972593984
2026-05-31 15:53:00,550.0,455.0,0.2121,0.072,2419.0307,230.63402925737526
2026-05-31 15:53:30,616.0,617.0,0.2121,0.072,2412.1221,230.45545832769545
2026-05-31 15:54:00,684.0,164.0,0.2121,0.072,2405.2309,230.32990511060814
2026-05-31 15:54:30,752.0,179.0,0.2121,0.072,2398.3574,230.25859525295976
2026-05-31 15:55:00,748.0,236.0,0.2121,0.072,2391.5019,230.0911006310117
2026-05-31 15:55:30,733.5,352.0,0.2121,0.072,2384.6647,230.04415034698613
2026-05-31 15:56:00,719.0,225.0,0.2121,0.072,2377.8461,230.26778906600418
2026-05-31 15:56:30,748.0,229.0,0.2121,0.072,2371.0463,230.60888912838072
2026-05-31 15:57:00,694.0,328.0,0.2121,0.072,2364.2656,230.40355503435032
2026-05-31 15:57:30,714.0,162.0,0.2121,0.072,2357.5044,230.57266389814933
2026-05-31 15:58:00,708.0,185.0,0.2121,0.072,2350.7629,230.391554566667
2026-05-31 15:58:30,702.0,184.0,0.2121,0.072,2344.0414,229.8312332351714
2026-05-31 15:59:00,696.0,113.0,0.2121,0.072,2337.3403,228.74945741039406
2026-05-31 15:59:30,653.0,392.0,0.2121,0.072,2330.6597,228.74748279347625
2026-05-31 16:00:00,637.0,390.0,0.1835,0.0701,2324.0,228.08491561344383
2026-05-31 16:00:30,624.0,724.0,0.1835,0.0701,2317.3528,227.5728520977064
2026-05-31 16:01:00,611.0,239.0,0.1835,0.0701,2310.7095,227.62328463221164
2026-05-31 16:01:30,597.5,236.3333,0.1835,0.0701,2304.0702,227.88836735495096
2026-05-31 16:02:00,584.0,233.6667,0.1835,0.0701,2297.435,228.18343991648382
2026-05-31 16:02:30,581.0,231.0,0.1835,0.0701,2290.8041,227.62527730878784
2026-05-31 16:03:00,578.0,228.3333,0.1835,0.0701,2284.1776,226.96012172061884
2026-05-31 16:03:30,615.0,225.6667,0.1835,0.0701,2277.5556,226.15606669147468
2026-05-31 16:04:00,650.0,223.0,0.1835,0.0701,2270.9381,226.34671242262422
2026-05-31 16:04:30,647.0,400.0,0.1835,0.0701,2264.3253,225.95944556720505
2026-05-31 16:05:00,680.0,254.0,0.1835,0.0701,2257.7173,226.52388062877128
2026-05-31 16:05:30,642.0,294.0,0.1835,0.0701,2251.1142,225.51856651661078
2026-05-31 16:06:00,570.0,258.0,0.1835,0.0701,2244.5161,225.00029475274314
2026-05-31 16:06:30,564.0,390.0,0.1835,0.0701,2237.9231,225.11560806315447
2026-05-31 16:07:00,535.0,232.0,0.1835,0.0701,2231.3354,224.28131886201314
2026-05-31 16:07:30,503.0,188.0,0.1835,0.0701,2224.753,224.0805646481863
2026-05-31 16:08:00,430.0,234.0,0.1835,0.0701,2218.1761,224.85824276073052
2026-05-31 16:08:30,428.0,281.0,0.1835,0.0701,2211.6047,225.10577921870282
2026-05-31 16:09:00,391.0,296.0,0.1835,0.0701,2205.039,225.5917768040298
2026-05-31 16:09:30,347.0,216.0,0.1835,0.0701,2198.4791,224.79257057561895
2026-05-31 16:10:00,335.5,112.0,0.1835,0.0701,2191.9251,225.06120863687605
2026-05-31 16:10:30,324.0,140.5,0.1835,0.0701,2185.377,224.74095744508185
2026-05-31 16:11:00,329.0,169.0,0.1835,0.0701,2178.8351,225.0266751288178
2026-05-31 16:11:30,299.0,197.5,0.1835,0.0701,2172.2994,224.8707466593427
2026-05-31 16:12:00,297.0,226.0,0.1835,0.0701,2165.77,225.5962939808695
2026-05-31 16:12:30,300.0,254.5,0.1835,0.0701,2159.247,225.95510702473123
2026-05-31 16:13:00,326.0,283.0,0.1835,0.0701,2152.7306,225.09910742956342
2026-05-31 16:13:30,370.0,323.0,0.1835,0.0701,2146.2209,224.45964435162793
2026-05-31 16:14:00,379.3333,366.0,0.1835,0.0701,2139.7179,223.80459014678704
2026-05-31 16:14:30,388.6667,162.0,0.1835,0.0701,2133.2217,223.5078916368988
2026-05-31 16:15:00,398.0,215.0,0.199,0.0881,2126.7326,223.24537249136486
2026-05-31 16:15:30,336.0,390.0,0.199,0.0881,2120.2505,222.98107719198975
2026-05-31 16:16:00,367.0,238.0,0.199,0.0881,2113.7757,222.91664644590062
2026-05-31 16:16:30,336.0,189.0,0.199,0.0881,2107.3081,223.5472106390999
2026-05-31 16:17:00,370.0,190.5,0.199,0.0881,2100.8479,223.417015542475
2026-05-31 16:17:30,398.0,192.0,0.199,0.0881,2094.3953,223.14955377338302
2026-05-31 16:18:00,367.0,200.0,0.199,0.0881,2087.9503,222.80940610334883
2026-05-31 16:18:30,368.0,208.0,0.199,0.0881,2081.5131,222.20152194450247
2026-05-31 16:19:00,339.0,232.0,0.199,0.0881,2075.0837,222.34886867314896
2026-05-31 16:19:30,335.0,218.0,0.199,0.0881,2068.6623,222.9308687849248
2026-05-31 16:20:00,336.0,140.0,0.199,0.0881,2062.2489,222.8242900186986
2026-05-31 16:20:30,304.0,150.0,0.199,0.0881,2055.8438,222.70343287597115
2026-05-31 16:21:00,284.5,158.0,0.199,0.0881,2049.4469,221.97769674976612
2026-05-31 16:21:30,265.0,160.5,0.199,0.0881,2043.0584,222.21332189207882
2026-05-31 16:22:00,303.0,163.0,0.199,0.0881,2036.6784,221.64330349592942
2026-05-31 16:22:30,300.0,153.0,0.199,0.0881,2030.3071,221.81223681529616
2026-05-31 16:23:00,299.5,138.0,0.199,0.0881,2023.9444,222.5683471204789
2026-05-31 16:23:30,299.0,145.0,0.199,0.0881,2017.5906,223.54994819529642
2026-05-31 16:24:00,303.0,140.0,0.199,0.0881,2011.2458,223.71130723062464
2026-05-31 16:24:30,312.6667,146.0,0.199,0.0881,2004.91,223.5508365133889
2026-05-31 16:25:00,322.3333,153.0,0.199,0.0881,1998.5834,223.0037368020245
2026-05-31 16:25:30,332.0,149.0,0.199,0.0881,1992.266,222.13060131968595
2026-05-31 16:26:00,367.0,147.0,0.199,0.0881,1985.958,221.46571982210043
2026-05-31 16:26:30,403.0,145.0,0.199,0.0881,1979.6595,221.42563220206083
2026-05-31 16:27:00,395.0,148.0,0.199,0.0881,1973.3706,221.56416609058394
2026-05-31 16:27:30,398.0,151.0,0.199,0.0881,1967.0915,220.91830058924134
2026-05-31 16:28:00,403.0,154.0,0.199,0.0881,1960.8221,220.71877003365762
2026-05-31 16:28:30,405.5,157.0,0.199,0.0881,1954.5627,221.2848293340129
2026-05-31 16:29:00,408.0,160.0,0.199,0.0881,1948.3132,221.6321028843219
2026-05-31 16:29:30,405.5,163.0,0.199,0.0881,1942.074,220.81741652647108
2026-05-31 16:30:00,403.0,162.0,0.2154,0.1153,1935.845,220.6587108423168
2026-05-31 16:30:30,371.0,149.0,0.2154,0.1153,1929.6264,220.4616010597397
2026-05-31 16:31:00,401.0,145.0,0.2154,0.1153,1923.4182,220.1668419892869
2026-05-31 16:31:30,413.0,137.0,0.2154,0.1153,1917.2206,221.32961521212613
2026-05-31 16:32:00,379.0,136.0,0.2154,0.1153,1911.0337,222.2603937479648
2026-05-31 16:32:30,413.0,138.0,0.2154,0.1153,1904.8576,222.06177942466087
2026-05-31 16:33:00,412.0,140.0,0.2154,0.1153,1898.6925,222.7212773120323
2026-05-31 16:33:30,413.0,139.5,0.2154,0.1153,1892.5383,222.34740002071305
2026-05-31 16:34:00,393.5,139.0,0.2154,0.1153,1886.3953,222.16936480439477
2026-05-31 16:34:30,374.0,148.0,0.2154,0.1153,1880.2635,222.6768243476999
2026-05-31 16:35:00,406.0,141.0,0.2154,0.1153,1874.143,222.06610645140844
2026-05-31 16:35:30,370.0,153.0,0.2154,0.1153,1868.034,221.20115634015062
2026-05-31 16:36:00,332.0,141.0,0.2154,0.1153,1861.9366,220.76179960503922
2026-05-31 16:36:30,273.0,144.0,0.2154,0.1153,1855.8508,220.72079961438305
2026-05-31 16:37:00,229.0,142.0,0.2154,0.1153,1849.7769,220.8371583232701
2026-05-31 16:37:30,230.0,138.0,0.2154,0.1153,1843.7148,220.17617015581718
2026-05-31 16:38:00,160.0,148.0,0.2154,0.1153,1837.6647,220.52626247750905
2026-05-31 16:38:30,157.5,154.0,0.2154,0.1153,1831.6267,219.67950250322912
2026-05-31 16:39:00,155.0,135.0,0.2154,0.1153,1825.601,219.12396393134944
2026-05-31 16:39:30,123.0,141.0,0.2154,0.1153,1819.5876,219.30362894843864
2026-05-31 16:40:00,91.0,143.0,0.2154,0.1153,1813.5866,219.18918187315862
2026-05-31 16:40:30,87.0,158.0,0.2154,0.1153,1807.5982,219.19184428789217
2026-05-31 16:41:00,71.0,145.0,0.2154,0.1153,1801.6224,219.3225630831885
2026-05-31 16:41:30,37.0,150.0,0.2154,0.1153,1795.6594,219.56777234895728
2026-05-31 16:42:00,29.0,153.0,0.2154,0.1153,1789.7092,219.6566828064374
2026-05-31 16:42:30,24.0,156.0,0.2154,0.1153,1783.7721,219.67199093023197
2026-05-31 16:43:00,0.0,142.0,0.2154,0.1153,1777.848,219.11480460491646
2026-05-31 16:43:30,0.0,157.0,0.2154,0.1153,1771.9372,218.85233697395614
2026-05-31 16:44:00,0.0,172.0,0.2154,0.1153,1766.0396,218.84265500377245
2026-05-31 16:44:30,0.0,174.0,0.2154,0.1153,1760.1555,218.58498841181296
2026-05-31 16:45:00,0.0,184.0,0.2262,0.1262,1754.2849,218.61884986705564
2026-05-31 16:45:30,0.0,180.0,0.2262,0.1262,1748.428,218.3652041737492
2026-05-31 16:46:00,0.0,193.0,0.2262,0.1262,1742.5847,218.1414637298575
2026-05-31 16:46:30,0.0,186.0,0.2262,0.1262,1736.7554,218.14637641067688
2026-05-31 16:47:00,0.0,194.0,0.2262,0.1262,1730.94,217.9580258507703
2026-05-31 16:47:30,0.0,196.0,0.2262,0.1262,1725.1387,217.58410436978056
2026-05-31 16:48:00,0.0,178.5,0.2262,0.1262,1719.3516,216.8744453124323
2026-05-31 16:48:30,0.0,161.0,0.2262,0.1262,1713.5788,216.9625823673197
2026-05-31 16:49:00,0.0,162.5,0.2262,0.1262,1707.8203,216.20934666163322
2026-05-31 16:49:30,0.0,164.0,0.2262,0.1262,1702.0764,215.2926247095647
2026-05-31 16:50:00,0.0,174.0,0.2262,0.1262,1696.3471,215.67198003041523
2026-05-31 16:50:30,0.0,147.0,0.2262,0.1262,1690.6326,216.1162897249239
2026-05-31 16:51:00,0.0,156.0,0.2262,0.1262,1684.9329,216.57181043383696
2026-05-31 16:51:30,0.0,143.0,0.2262,0.1262,1679.2481,216.95331074914918
2026-05-31 16:52:00,0.0,148.0,0.2262,0.1262,1673.5784,217.44521936686445
2026-05-31 16:52:30,0.0,143.0,0.2262,0.1262,1667.9238,218.29868520113212
2026-05-31 16:53:00,0.0,149.0,0.2262,0.1262,1662.2846,218.5965428092303
2026-05-31 16:53:30,0.0,132.0,0.2262,0.1262,1656.6607,218.90006215258
2026-05-31 16:54:00,0.0,161.0,0.2262,0.1262,1651.0523,218.1896387136241
2026-05-31 16:54:30,0.0,142.0,0.2262,0.1262,1645.4595,218.5446594075411
2026-05-31 16:55:00,0.0,152.0,0.2262,0.1262,1639.8824,219.1175392892101
2026-05-31 16:55:30,0.0,150.0,0.2262,0.1262,1634.3212,219.1876406868679
2026-05-31 16:56:00,0.0,149.0,0.2262,0.1262,1628.7759,219.16010559728912
2026-05-31 16:56:30,0.0,157.0,0.2262,0.1262,1623.2466,219.42537648445278
2026-05-31 16:57:00,0.0,149.0,0.2262,0.1262,1617.7335,218.687711743738
2026-05-31 16:57:30,0.0,134.0,0.2262,0.1262,1612.2366,218.69589215064377
2026-05-31 16:58:00,0.0,145.0,0.2262,0.1262,1606.7561,218.50998680229384
2026-05-31 16:58:30,0.0,160.0,0.2262,0.1262,1601.2921,218.62604362252367
2026-05-31 16:59:00,0.0,136.0,0.2262,0.1262,1595.8447,219.57141512032229
2026-05-31 16:59:30,0.0,144.0,0.2262,0.1262,1590.4139,218.6362311792855
2026-05-31 17:00:00,0.0,159.0,0.2095,0.1095,1585.0,219.80040362444112
2026-05-31 17:00:30,0.0,162.2,0.2095,0.1095,1579.6017,219.9072828771523
2026-05-31 17:01:00,0.0,165.4,0.2095,0.1095,1574.2178,219.28709596609087
2026-05-31 17:01:30,73.0,168.6,0.2095,0.1095,1568.848,219.7338808897197
2026-05-31 17:02:00,88.0,171.8,0.2095,0.1095,1563.4924,219.17610904877657
2026-05-31 17:02:30,91.0,175.0,0.2095,0.1095,1558.1508,218.92942981653005
2026-05-31 17:03:00,127.0,131.0,0.2095,0.1095,1552.823,219.8274556433779
2026-05-31 17:03:30,124.0,141.5,0.2095,0.1095,1547.509,219.66662113376353
2026-05-31 17:04:00,124.5,152.0,0.2095,0.1095,1542.2087,219.58774961696952
2026-05-31 17:04:30,125.0,151.0,0.2095,0.1095,1536.9218,219.81218947444188
2026-05-31 17:05:00,94.0,140.0,0.2095,0.1095,1531.6484,219.95172539476368
2026-05-31 17:05:30,89.0,155.0,0.2095,0.1095,1526.3883,220.83756439076043
2026-05-31 17:06:00,79.0,142.0,0.2095,0.1095,1521.1413,221.14681848317753
2026-05-31 17:06:30,39.0,171.0,0.2095,0.1095,1515.9074,221.87769558308727
2026-05-31 17:07:00,34.0,157.0,0.2095,0.1095,1510.6865,222.15678769138003
2026-05-31 17:07:30,29.0,170.0,0.2095,0.1095,1505.4783,222.22675845944593
2026-05-31 17:08:00,0.0,144.0,0.2095,0.1095,1500.2829,222.39543791011417
2026-05-31 17:08:30,0.0,214.0,0.2095,0.1095,1495.1001,222.69649869891145
2026-05-31 17:09:00,0.0,205.0,0.2095,0.1095,1489.9298,221.82248453814557
2026-05-31 17:09:30,0.0,203.0,0.2095,0.1095,1484.7718,221.9824873807099
2026-05-31 17:10:00,0.0,227.0,0.2095,0.1095,1479.6261,222.46955509797255
2026-05-31 17:10:30,0.0,272.0,0.2095,0.1095,1474.4925,222.47001663110146
2026-05-31 17:11:00,0.0,257.0,0.2095,0.1095,1469.371,221.32651016276813
2026-05-31 17:11:30,0.0,160.0,0.2095,0.1095,1464.2613,221.34691864666263
2026-05-31 17:12:00,0.0,239.0,0.2095,0.1095,1459.1634,221.36146921396238
2026-05-31 17:12:30,0.0,209.0,0.2095,0.1095,1454.0772,220.4296974610455
2026-05-31 17:13:00,0.0,311.0,0.2095,0.1095,1449.0026,221.1029414084736
2026-05-31 17:13:30,0.0,296.0,0.2095,0.1095,1443.9394,222.00600926017316
2026-05-31 17:14:00,0.0,586.0,0.2095,0.1095,1438.8875,222.67855424337162
2026-05-31 17:14:30,0.0,238.0,0.2095,0.1095,1433.8468,222.67622708375686
2026-05-31 17:15:00,0.0,588.0,0.2214,0.1214,1428.8172,222.644745538735
2026-05-31 17:15:30,0.0,281.0,0.2214,0.1214,1423.7986,223.13104355388825
2026-05-31 17:16:00,0.0,215.0,0.2214,0.1214,1418.7908,223.45521104451436
2026-05-31 17:16:30,0.0,149.0,0.2214,0.1214,1413.7938,222.83636524028677
2026-05-31 17:17:00,0.0,248.0,0.2214,0.1214,1408.8074,222.6986066594791
2026-05-31 17:17:30,0.0,268.0,0.2214,0.1214,1403.8315,222.9457188778418
2026-05-31 17:18:00,0.0,270.1429,0.2214,0.1214,1398.866,222.43278616982303
2026-05-31 17:18:30,0.0,272.2857,0.2214,0.1214,1393.9108,222.2143395183259
2026-05-31 17:19:00,0.0,274.4286,0.2214,0.1214,1388.9657,221.80210209104428
2026-05-31 17:19:30,0.0,276.5714,0.2214,0.1214,1384.0307,221.86185321412813
2026-05-31 17:20:00,0.0,278.7143,0.2214,0.1214,1379.1056,221.29394646304857
2026-05-31 17:20:30,0.0,280.8571,0.2214,0.1214,1374.1904,221.2322496792916
2026-05-31 17:21:00,0.0,283.0,0.2214,0.1214,1369.2848,221.32723813115174
2026-05-31 17:21:30,0.0,282.0,0.2214,0.1214,1364.3888,221.36209962685123
2026-05-31 17:22:00,0.0,181.0,0.2214,0.1214,1359.5023,221.6502880655449
2026-05-31 17:22:30,0.0,316.0,0.2214,0.1214,1354.6251,221.75083467381728
2026-05-31 17:23:00,0.0,219.0,0.2214,0.1214,1349.7572,221.83773285218282
2026-05-31 17:23:30,0.0,216.0,0.2214,0.1214,1344.8983,220.81940881888275
2026-05-31 17:24:00,0.0,223.0,0.2214,0.1214,1340.0485,221.24984682536768
2026-05-31 17:24:30,0.0,287.0,0.2214,0.1214,1335.2076,220.76836907644852
2026-05-31 17:25:00,0.0,240.0,0.2214,0.1214,1330.3754,221.3841978715471
2026-05-31 17:25:30,0.0,226.0,0.2214,0.1214,1325.5519,221.74552562276267
2026-05-31 17:26:00,0.0,354.0,0.2214,0.1214,1320.7369,222.6262289347056
2026-05-31 17:26:30,0.0,219.0,0.2214,0.1214,1315.9304,223.14785162560656
2026-05-31 17:27:00,0.0,206.0,0.2214,0.1214,1311.1321,222.8500182394276
2026-05-31 17:27:30,0.0,216.0,0.2214,0.1214,1306.3421,223.1451580337758
2026-05-31 17:28:00,0.0,162.0,0.2214,0.1214,1301.5601,222.38544178437814
2026-05-31 17:28:30,0.0,168.0,0.2214,0.1214,1296.7861,221.69651811299903
2026-05-31 17:29:00,0.0,281.0,0.2214,0.1214,1292.0199,221.80261341833184
2026-05-31 17:29:30,0.0,172.0,0.2214,0.1214,1287.2615,221.98090156566434
2026-05-31 17:30:00,0.0,183.0,0.2395,0.1395,1282.5106,222.49132193391924
2026-05-31 17:30:30,24.0,320.0,0.2395,0.1395,1277.7673,222.69268403320564
2026-05-31 17:31:00,61.0,195.0,0.2395,0.1395,1273.0313,223.13610527414875
2026-05-31 17:31:30,78.0,156.0,0.2395,0.1395,1268.3026,222.3958958083688
2026-05-31 17:32:00,95.0,150.0,0.2395,0.1395,1263.581,222.16114117987297
2026-05-31 17:32:30,92.0,152.0,0.2395,0.1395,1258.8665,221.85283533034732
2026-05-31 17:33:00,94.0,154.0,0.2395,0.1395,1254.1589,221.935324318475
2026-05-31 17:33:30,95.0,152.0,0.2395,0.1395,1249.4581,222.3864015033362
2026-05-31 17:34:00,126.0,161.0,0.2395,0.1395,1244.7639,222.58595063784838
2026-05-31 17:34:30,125.0,156.0,0.2395,0.1395,1240.0763,222.8259041911264
2026-05-31 17:35:00,126.0,151.0,0.2395,0.1395,1235.3952,223.65949737922378
2026-05-31 17:35:30,128.0,165.0,0.2395,0.1395,1230.7204,223.80376400542235
2026-05-31 17:36:00,130.0,315.0,0.2395,0.1395,1226.0519,224.08595300400694
2026-05-31 17:36:30,159.0,99.0,0.2395,0.1395,1221.3894,224.62905177707393
2026-05-31 17:37:00,128.0,167.0,0.2395,0.1395,1216.7329,223.94864701730071
2026-05-31 17:37:30,130.0,385.0,0.2395,0.1395,1212.0823,224.00400052465375
2026-05-31 17:38:00,160.0,152.0,0.2395,0.1395,1207.4375,224.16925731393854
2026-05-31 17:38:30,126.0,146.0,0.2395,0.1395,1202.7982,223.9758980563885
2026-05-31 17:39:00,159.0,172.0,0.2395,0.1395,1198.1645,224.14455734549628
2026-05-31 17:39:30,164.0,169.0,0.2395,0.1395,1193.5363,224.99237238071004
2026-05-31 17:40:00,163.0,162.0,0.2395,0.1395,1188.9133,224.69245108906887
2026-05-31 17:40:30,162.0,163.0,0.2395,0.1395,1184.2954,224.3696153830985
2026-05-31 17:41:00,161.0,154.0,0.2395,0.1395,1179.6827,224.0747763143875
2026-05-31 17:41:30,160.0,167.0,0.2395,0.1395,1175.0748,223.91227184702612
2026-05-31 17:42:00,163.0,153.0,0.2395,0.1395,1170.4718,223.5511971148834
2026-05-31 17:42:30,164.0,164.0,0.2395,0.1395,1165.8736,224.37883143853048
2026-05-31 17:43:00,165.0,159.0,0.2395,0.1395,1161.2799,225.03220144477908
2026-05-31 17:43:30,160.0,154.0,0.2395,0.1395,1156.6907,224.96930740759225
2026-05-31 17:44:00,164.0,143.0,0.2395,0.1395,1152.1058,224.8265019227915
2026-05-31 17:44:30,162.5,173.0,0.2395,0.1395,1147.5252,224.81719591693852
2026-05-31 17:45:00,161.0,178.0,0.25,0.1498,1142.9487,224.55858757782698
2026-05-31 17:45:30,129.0,182.0,0.25,0.1498,1138.3763,224.8587808302994
2026-05-31 17:46:00,127.0,152.0,0.25,0.1498,1133.8077,224.37769423555818
2026-05-31 17:46:30,96.0,158.0,0.25,0.1498,1129.2429,224.62301365927866
2026-05-31 17:47:00,94.5,174.0,0.25,0.1498,1124.6818,224.54848356837496
2026-05-31 17:47:30,93.0,162.0,0.25,0.1498,1120.1243,225.3681026071138
2026-05-31 17:48:00,93.5,165.0,0.25,0.1498,1115.5701,225.3032525638004
2026-05-31 17:48:30,94.0,168.0,0.25,0.1498,1111.0193,225.384544012083
2026-05-31 17:49:00,88.0,185.0,0.25,0.1498,1106.4717,225.81763703475096
2026-05-31 17:49:30,80.0,237.0,0.25,0.1498,1101.9272,226.8639592282533
2026-05-31 17:50:00,75.0,245.5,0.25,0.1498,1097.3857,226.65408154139365
2026-05-31 17:50:30,71.0,254.0,0.25,0.1498,1092.847,226.0225294580505
2026-05-31 17:51:00,40.0,279.0,0.25,0.1498,1088.311,225.36180497058237
2026-05-31 17:51:30,39.0,245.0,0.25,0.1498,1083.7777,225.91508019501092
2026-05-31 17:52:00,41.0,254.0,0.25,0.1498,1079.2469,225.86506207556138
2026-05-31 17:52:30,40.6667,233.0,0.25,0.1498,1074.7184,225.21324664840452
2026-05-31 17:53:00,40.3333,218.0,0.25,0.1498,1070.1923,225.30991157581443
2026-05-31 17:53:30,40.0,220.0,0.25,0.1498,1065.6683,225.30334935556223
2026-05-31 17:54:00,39.6667,232.0,0.25,0.1498,1061.1463,225.37043881537573
2026-05-31 17:54:30,39.3333,249.0,0.25,0.1498,1056.6263,226.10263466481445
2026-05-31 17:55:00,39.0,243.0,0.25,0.1498,1052.1081,225.89158485533454
2026-05-31 17:55:30,40.0,239.0,0.25,0.1498,1047.5916,225.11079755176962
2026-05-31 17:56:00,41.0,249.0,0.25,0.1498,1043.0766,224.6733259280707
2026-05-31 17:56:30,40.0,246.0,0.25,0.1498,1038.5631,224.7060383816334
2026-05-31 17:57:00,37.5,245.0,0.25,0.1498,1034.051,224.85140811956683
2026-05-31 17:57:30,35.0,121.0,0.25,0.1498,1029.5401,224.87453432410203
2026-05-31 17:58:00,32.5,236.0,0.25,0.1498,1025.0303,225.87355603069966
2026-05-31 17:58:30,30.0,207.0,0.25,0.1498,1020.5215,225.82766885200172
2026-05-31 17:59:00,32.0,213.0,0.25,0.1498,1016.0136,225.02829795830777
2026-05-31 17:59:30,39.0,214.0,0.25,0.1498,1011.5065,225.7316756243173
2026-05-31 18:00:00,40.0,147.0,0.2156,0.1156,1007.0,224.9810201805969
2026-05-31 18:00:30,39.0,160.6,0.2156,0.1156,1002.4921,225.46058744438207
2026-05-31 18:01:00,40.0,174.2,0.2156,0.1156,997.981,226.1543506055139
2026-05-31 18:01:30,39.5,187.8,0.2156,0.1156,993.4669,226.10763262587076
2026-05-31 18:02:00,39.0,201.4,0.2156,0.1156,988.95,225.8828995190334
2026-05-31 18:02:30,39.5,215.0,0.2156,0.1156,984.4305,225.4847771493076
2026-05-31 18:03:00,40.0,246.0,0.2156,0.1156,979.9085,225.15163119720597
2026-05-31 18:03:30,39.6667,204.0,0.2156,0.1156,975.3844,225.0034945592814
2026-05-31 18:04:00,39.3333,100.0,0.2156,0.1156,970.8582,224.55566478059094
2026-05-31 18:04:30,39.0,184.0,0.2156,0.1156,966.3301,224.20063832176007
2026-05-31 18:05:00,39.5,199.0,0.2156,0.1156,961.8005,223.62604251446686
2026-05-31 18:05:30,40.0,170.5,0.2156,0.1156,957.2695,223.45298187152943
2026-05-31 18:06:00,39.5,142.0,0.2156,0.1156,952.7372,223.91420198350156
2026-05-31 18:06:30,39.0,188.0,0.2156,0.1156,948.2039,223.55510800636495
2026-05-31 18:07:00,52.0,202.0,0.2156,0.1156,943.6697,223.8476358074416
2026-05-31 18:07:30,65.0,0.0,0.2156,0.1156,939.135,224.13667014199947
2026-05-31 18:08:00,78.0,324.0,0.2156,0.1156,934.5998,223.4846549951747
2026-05-31 18:08:30,80.0,143.0,0.2156,0.1156,930.0644,223.78781448444792
2026-05-31 18:09:00,81.0,111.0,0.2156,0.1156,925.5289,224.5861233544556
2026-05-31 18:09:30,79.0,152.0,0.2156,0.1156,920.9936,225.1876593346084
2026-05-31 18:10:00,78.0,126.0,0.2156,0.1156,916.4587,224.86512378010005
2026-05-31 18:10:30,77.0,127.0,0.2156,0.1156,911.9244,224.7158981875462
2026-05-31 18:11:00,70.0,136.0,0.2156,0.1156,907.3908,224.80309135768297
2026-05-31 18:11:30,68.0,138.0,0.2156,0.1156,902.8582,224.13299396662757
2026-05-31 18:12:00,38.0,298.0,0.2156,0.1156,898.3268,224.16571068773445
2026-05-31 18:12:30,40.0,173.0,0.2156,0.1156,893.7967,224.47111717468673
2026-05-31 18:13:00,39.0,251.0,0.2156,0.1156,889.2682,224.79418355208733
2026-05-31 18:13:30,38.0,205.0,0.2156,0.1156,884.7414,224.3383607193378
2026-05-31 18:14:00,38.5,194.0,0.2156,0.1156,880.2166,223.47764835146143
2026-05-31 18:14:30,39.0,236.0,0.2156,0.1156,875.694,224.13672148930175
2026-05-31 18:15:00,38.0,0.0,0.225,0.125,871.1737,224.00526149946307
2026-05-31 18:15:30,39.0,231.0,0.225,0.125,866.656,222.964978272242
2026-05-31 18:16:00,38.0,292.0,0.225,0.125,862.141,222.3305788438345
2026-05-31 18:16:30,39.0,210.0,0.225,0.125,857.629,222.11415406598604
2026-05-31 18:17:00,39.5,197.0,0.225,0.125,853.1201,222.2631978310983
2026-05-31 18:17:30,40.0,203.0,0.225,0.125,848.6146,222.08700453489547
2026-05-31 18:18:00,39.5,198.0,0.225,0.125,844.1127,222.5117012802302
2026-05-31 18:18:30,39.0,138.0,0.225,0.125,839.6145,223.31987909416299
2026-05-31 18:19:00,38.5,239.0,0.225,0.125,835.1202,223.81029775560157
2026-05-31 18:19:30,38.0,216.0,0.225,0.125,830.6301,223.07557405428628
2026-05-31 18:20:00,39.0,185.0,0.225,0.125,826.1444,223.56459670425423
2026-05-31 18:20:30,38.0,180.0,0.225,0.125,821.6632,223.80989808262675
2026-05-31 18:21:00,39.0,178.5,0.225,0.125,817.1867,223.8480249036246
2026-05-31 18:21:30,38.0,177.0,0.225,0.125,812.7152,223.13306892185113
2026-05-31 18:22:00,39.0,248.0,0.225,0.125,808.2489,222.76508832529404
2026-05-31 18:22:30,38.6667,245.0,0.225,0.125,803.7879,222.58773644002315
2026-05-31 18:23:00,38.3333,241.0,0.225,0.125,799.3324,222.24936617500722
2026-05-31 18:23:30,38.0,235.0,0.225,0.125,794.8826,222.39651976516714
2026-05-31 18:24:00,37.6667,245.0,0.225,0.125,790.4389,221.8429023466122
2026-05-31 18:24:30,37.3333,231.0,0.225,0.125,786.0012,222.80983370837268
2026-05-31 18:25:00,37.0,257.0,0.225,0.125,781.5699,222.83231491538768
2026-05-31 18:25:30,38.0,225.0,0.225,0.125,777.1451,223.3437616191283
2026-05-31 18:26:00,30.0,222.0,0.225,0.125,772.7271,222.58691466484748
2026-05-31 18:26:30,29.0,226.0,0.225,0.125,768.316,222.3553243273513
2026-05-31 18:27:00,28.0,228.0,0.225,0.125,763.912,222.490798799846
2026-05-31 18:27:30,0.0,242.0,0.225,0.125,759.5154,222.92842417605686
2026-05-31 18:28:00,0.0,234.0,0.225,0.125,755.1263,223.30295574151333
2026-05-31 18:28:30,0.0,237.0,0.225,0.125,750.7449,223.72380669349246
2026-05-31 18:29:00,0.0,230.0,0.225,0.125,746.3715,224.03522106043604
2026-05-31 18:29:30,0.0,218.0,0.225,0.125,742.0062,224.72368842565862
2026-05-31 18:30:00,0.0,232.0,0.2478,0.1478,737.6492,224.76511640455777
2026-05-31 18:30:30,0.0,236.0,0.2478,0.1478,733.3007,236.23545390853153
2026-05-31 18:31:00,0.0,234.0,0.2478,0.1478,728.961,248.9375607938067
2026-05-31 18:31:30,0.0,238.0,0.2478,0.1478,724.6302,261.50190112139387
2026-05-31 18:32:00,0.0,219.0,0.2478,0.1478,720.3085,273.96233492077687
2026-05-31 18:32:30,0.0,236.0,0.2478,0.1478,715.9962,287.23176959943754
2026-05-31 18:33:00,0.0,220.0,0.2478,0.1478,711.6934,299.35918799610823
2026-05-31 18:33:30,0.0,240.0,0.2478,0.1478,707.4003,311.9061451177366
2026-05-31 18:34:00,0.0,231.0,0.2478,0.1478,703.1171,325.0787364969635
2026-05-31 18:34:30,0.0,234.0,0.2478,0.1478,698.844,337.71210670417975
2026-05-31 18:35:00,0.0,228.0,0.2478,0.1478,694.5813,350.2190854460991
2026-05-31 18:35:30,0.0,235.0,0.2478,0.1478,690.3291,362.7436582839115
2026-05-31 18:36:00,0.0,219.0,0.2478,0.1478,686.0876,375.17470261020065
2026-05-31 18:36:30,0.0,217.5,0.2478,0.1478,681.857,387.5084114857356
2026-05-31 18:37:00,0.0,216.0,0.2478,0.1478,677.6375,399.98427372398254
2026-05-31 18:37:30,0.0,224.0,0.2478,0.1478,673.4293,412.28994244317124
2026-05-31 18:38:00,0.0,232.0,0.2478,0.1478,669.2327,424.8998199870747
2026-05-31 18:38:30,0.0,230.0,0.2478,0.1478,665.0478,437.7970166668681
2026-05-31 18:39:00,0.0,232.0,0.2478,0.1478,660.8748,450.2028592736709
2026-05-31 18:39:30,0.0,214.0,0.2478,0.1478,656.7138,462.0398635183297
2026-05-31 18:40:00,0.0,229.0,0.2478,0.1478,652.5652,474.4021632049909
2026-05-31 18:40:30,0.0,217.5,0.2478,0.1478,648.4292,486.1540924375067
2026-05-31 18:41:00,0.0,206.0,0.2478,0.1478,644.3058,499.2905933019971
2026-05-31 18:41:30,0.0,194.5,0.2478,0.1478,640.1953,511.5651782725583
2026-05-31 18:42:00,0.0,183.0,0.2478,0.1478,636.0979,523.9650531153486
2026-05-31 18:42:30,0.0,171.5,0.2478,0.1478,632.0139,535.858086914469
2026-05-31 18:43:00,0.0,160.0,0.2478,0.1478,627.9433,548.3353593187595
2026-05-31 18:43:30,0.0,198.0,0.2478,0.1478,623.8864,561.6213670090375
2026-05-31 18:44:00,0.0,202.0,0.2478,0.1478,619.8435,574.5955420526665
2026-05-31 18:44:30,0.0,225.0,0.2478,0.1478,615.8146,587.866344456041
2026-05-31 18:45:00,0.0,224.0,0.2519,0.1519,611.8001,600.3271342909095
2026-05-31 18:45:30,0.0,194.0,0.2519,0.1519,607.8,612.7177419543907
2026-05-31 18:46:00,0.0,199.0,0.2519,0.1519,603.8147,625.0958176687847
2026-05-31 18:46:30,0.0,208.0,0.2519,0.1519,599.8442,636.9003457601797
2026-05-31 18:47:00,0.0,199.0,0.2519,0.1519,595.8888,649.7733933762955
2026-05-31 18:47:30,0.0,207.0,0.2519,0.1519,591.9488,661.709413945486
2026-05-31 18:48:00,0.0,205.0,0.2519,0.1519,588.0242,674.6664334836427
2026-05-31 18:48:30,0.0,178.0,0.2519,0.1519,584.1153,687.9314180583065
2026-05-31 18:49:00,0.0,176.0,0.2519,0.1519,580.2223,700.3357043607532
2026-05-31 18:49:30,0.0,172.0,0.2519,0.1519,576.3454,712.2472168639484
2026-05-31 18:50:00,0.0,190.0,0.2519,0.1519,572.4848,725.3406350857144
2026-05-31 18:50:30,0.0,183.0,0.2519,0.1519,568.6407,737.7870692844674
2026-05-31 18:51:00,0.0,180.0,0.2519,0.1519,564.8132,750.3949458739759
2026-05-31 18:51:30,0.0,193.0,0.2519,0.1519,561.0027,762.2842542922953
2026-05-31 18:52:00,0.0,192.5,0.2519,0.1519,557.2092,773.8149378976979
2026-05-31 18:52:30,0.0,192.0,0.2519,0.1519,553.4331,787.044999101572
2026-05-31 18:53:00,0.0,205.0,0.2519,0.1519,549.6744,799.6745121740963
2026-05-31 18:53:30,0.0,194.0,0.2519,0.1519,545.9334,811.7602818004035
2026-05-31 18:54:00,0.0,391.0,0.2519,0.1519,542.2102,825.25429880493
2026-05-31 18:54:30,0.0,341.0,0.2519,0.1519,538.5052,837.0575096856314
2026-05-31 18:55:00,0.0,363.0,0.2519,0.1519,534.8184,849.2424496900527
2026-05-31 18:55:30,0.0,366.0,0.2519,0.1519,531.1501,861.5622905808666
2026-05-31 18:56:00,0.0,375.0,0.2519,0.1519,527.5005,874.3757709714533
2026-05-31 18:56:30,0.0,382.0,0.2519,0.1519,523.8698,886.314177925698
2026-05-31 18:57:00,0.0,388.0,0.2519,0.1519,520.2582,899.1766328042803
2026-05-31 18:57:30,0.0,443.0,0.2519,0.1519,516.6658,912.0742090215463
2026-05-31 18:58:00,0.0,521.0,0.2519,0.1519,513.0929,923.8063798328743
2026-05-31 18:58:30,0.0,532.0,0.2519,0.1519,509.5397,936.3229787653661
2026-05-31 18:59:00,0.0,533.0,0.2519,0.1519,506.0063,948.6109611997249
2026-05-31 18:59:30,0.0,534.0,0.2519,0.1519,502.493,961.0417549974884
2026-05-31 19:00:00,0.0,483.0,0.2494,0.1493,499.0,973.9923938550317
2026-05-31 19:00:30,0.0,1807.0,0.2494,0.1493,495.5202,1011.3856083096562
2026-05-31 19:01:00,0.0,1510.0,0.2494,0.1493,492.0464,1048.7523709581403
2026-05-31 19:01:30,0.0,1430.0,0.2494,0.1493,488.5787,1085.2630350634784
2026-05-31 19:02:00,0.0,1560.0,0.2494,0.1493,485.1172,1122.8786992041853
2026-05-31 19:02:30,0.0,1590.0,0.2494,0.1493,481.6619,1160.911509070028
2026-05-31 19:03:00,0.0,1570.0,0.2494,0.1493,478.213,1198.7331546849462
2026-05-31 19:03:30,0.0,1650.0,0.2494,0.1493,474.7704,1236.14600490701
2026-05-31 19:04:00,0.0,1660.0,0.2494,0.1493,471.3343,1273.8736156956534
2026-05-31 19:04:30,0.0,1760.0,0.2494,0.1493,467.9047,1312.5591550508973
2026-05-31 19:05:00,0.0,1790.0,0.2494,0.1493,464.4817,1350.7260065330477
2026-05-31 19:05:30,0.0,1900.0,0.2494,0.1493,461.0653,1387.7155081842986
2026-05-31 19:06:00,0.0,1940.0,0.2494,0.1493,457.6557,1424.5180797570827
2026-05-31 19:06:30,0.0,2030.0,0.2494,0.1493,454.2529,1462.0094940427743
2026-05-31 19:07:00,0.0,2070.0,0.2494,0.1493,450.8569,1499.6325494628502
2026-05-31 19:07:30,0.0,2125.0,0.2494,0.1493,447.4679,1537.0781027864382
2026-05-31 19:08:00,0.0,2180.0,0.2494,0.1493,444.0859,1574.8286921551967
2026-05-31 19:08:30,0.0,2270.0,0.2494,0.1493,440.7109,1612.3708931406295
2026-05-31 19:09:00,0.0,2340.0,0.2494,0.1493,437.3431,1649.6431418653272
2026-05-31 19:09:30,0.0,2420.0,0.2494,0.1493,433.9825,1687.4491542395633
2026-05-31 19:10:00,0.0,2490.0,0.2494,0.1493,430.6292,1725.2593859812948
2026-05-31 19:10:30,0.0,2620.0,0.2494,0.1493,427.2833,1762.9809603339752
2026-05-31 19:11:00,0.0,2690.0,0.2494,0.1493,423.9448,1800.8993087526603
2026-05-31 19:11:30,0.0,2730.0,0.2494,0.1493,420.6137,1839.173035295097
2026-05-31 19:12:00,0.0,2830.0,0.2494,0.1493,417.2903,1876.4004656753932
2026-05-31 19:12:30,0.0,2900.0,0.2494,0.1493,413.9744,1913.370837592648
2026-05-31 19:13:00,0.0,2970.0,0.2494,0.1493,410.6663,1949.8906344934453
2026-05-31 19:13:30,0.0,3140.0,0.2494,0.1493,407.3659,1986.8359031902476
2026-05-31 19:14:00,0.0,3150.0,0.2494,0.1493,404.0734,2025.270424210048
2026-05-31 19:14:30,0.0,3270.0,0.2494,0.1493,400.7887,2062.2439696892293
2026-05-31 19:15:00,0.0,3330.0,0.2542,0.1542,397.5121,2100.6030516657734
2026-05-31 19:15:30,0.0,3480.0,0.2542,0.1542,394.2435,2138.6770999484456
2026-05-31 19:16:00,0.0,3510.0,0.2542,0.1542,390.983,2175.8170145966346
2026-05-31 19:16:30,0.0,3590.0,0.2542,0.1542,387.7307,2214.4418058729434
2026-05-31 19:17:00,0.0,3610.0,0.2542,0.1542,384.4867,2251.8695897881544
2026-05-31 19:17:30,0.0,3630.0,0.2542,0.1542,381.251,2289.63547091573
2026-05-31 19:18:00,0.0,3700.0,0.2542,0.1542,378.0236,2326.677015108175
2026-05-31 19:18:30,0.0,3730.0,0.2542,0.1542,374.8048,2364.2526678624854
2026-05-31 19:19:00,0.0,3750.0,0.2542,0.1542,371.5945,2401.7236832060257
2026-05-31 19:19:30,0.0,3770.0,0.2542,0.1542,368.3927,2439.446715558354
2026-05-31 19:20:00,0.0,3800.0,0.2542,0.1542,365.1997,2476.768718628271
2026-05-31 19:20:30,0.0,3840.0,0.2542,0.1542,362.0154,2514.364950036404
2026-05-31 19:21:00,0.0,3860.0,0.2542,0.1542,358.8399,2552.2568967523375
2026-05-31 19:21:30,0.0,3880.0,0.2542,0.1542,355.6732,2590.6562150328327
2026-05-31 19:22:00,0.0,3870.0,0.2542,0.1542,352.5156,2628.5555606628996
2026-05-31 19:22:30,0.0,3900.25,0.2542,0.1542,349.3669,2666.668850301413
2026-05-31 19:23:00,0.0,3930.5,0.2542,0.1542,346.2274,2703.825149424975
2026-05-31 19:23:30,0.0,3960.75,0.2542,0.1542,343.097,2742.409342247456
2026-05-31 19:24:00,0.0,3991.0,0.2542,0.1542,339.9758,2780.080719236384
2026-05-31 19:24:30,0.0,4015.0,0.2542,0.1542,336.8639,2817.7168648406628
2026-05-31 19:25:00,0.0,4012.0,0.2542,0.1542,333.7614,2854.310745112646
2026-05-31 19:25:30,0.0,4054.0,0.2542,0.1542,330.6683,2891.7632224583826
2026-05-31 19:26:00,0.0,3870.0,0.2542,0.1542,327.5847,2929.6079742097595
2026-05-31 19:26:30,0.0,3616.5,0.2542,0.1542,324.5107,2967.600999373223
2026-05-31 19:27:00,0.0,3363.0,0.2542,0.1542,321.4464,3005.3535487429253
2026-05-31 19:27:30,0.0,3490.0,0.2542,0.1542,318.3917,3042.5567542471244
2026-05-31 19:28:00,0.0,3230.0,0.2542,0.1542,315.3469,3079.9736040053094
2026-05-31 19:28:30,0.0,3200.0,0.2542,0.1542,312.3118,3117.0617307263965
2026-05-31 19:29:00,0.0,350.0,0.2542,0.1542,309.2868,3154.789347037594
2026-05-31 19:29:30,0.0,320.0,0.2542,0.1542,306.2717,3191.7179517762565
2026-05-31 19:30:00,0.0,330.0,0.2557,0.1557,303.2666,3228.6560389245856
2026-05-31 19:30:30,0.0,325.0,0.2557,0.1557,300.2717,3253.760867711309
2026-05-31 19:31:00,0.0,320.0,0.2557,0.1557,297.287,3278.437429215491
2026-05-31 19:31:30,0.0,330.0,0.2557,0.1557,294.3126,3303.854930460267
2026-05-31 19:32:00,0.0,320.0,0.2557,0.1557,291.3485,3329.352960169289
2026-05-31 19:32:30,25.0,330.0,0.2557,0.1557,288.3948,3353.398999026953
2026-05-31 19:33:00,32.0,320.0,0.2557,0.1557,285.4516,3378.878474330149
2026-05-31 19:33:30,33.0,330.0,0.2557,0.1557,282.5189,3403.1557663812273
2026-05-31 19:34:00,64.0,345.0,0.2557,0.1557,279.5968,3428.1451283649676
2026-05-31 19:34:30,63.0,360.0,0.2557,0.1557,276.6855,3453.218689728217
2026-05-31 19:35:00,78.5,375.0,0.2557,0.1557,273.7848,3478.3092601444346
2026-05-31 19:35:30,94.0,390.0,0.2557,0.1557,270.8951,3502.9155631183394
2026-05-31 19:36:00,93.0,380.0,0.2557,0.1557,268.0162,3527.83734967965
2026-05-31 19:36:30,97.0,390.0,0.2557,0.1557,265.1482,3553.4479826250545
2026-05-31 19:37:00,127.0,380.0,0.2557,0.1557,262.2913,3578.428541850196
2026-05-31 19:37:30,126.0,370.0,0.2557,0.1557,259.4455,3603.5531758018305
2026-05-31 19:38:00,162.0,380.0,0.2557,0.1557,256.6109,3627.4036658684627
2026-05-31 19:38:30,164.0,376.6667,0.2557,0.1557,253.7875,3652.6683159427575
2026-05-31 19:39:00,165.0,373.3333,0.2557,0.1557,250.9754,3678.232142722724
2026-05-31 19:39:30,165.25,370.0,0.2557,0.1557,248.1747,3702.840336265556
2026-05-31 19:40:00,165.5,372.0,0.2557,0.1557,245.3854,3727.470064132992
2026-05-31 19:40:30,165.75,374.0,0.2557,0.1557,242.6077,3753.5133137523108
2026-05-31 19:41:00,166.0,376.0,0.2557,0.1557,239.8416,3778.0047744739613
2026-05-31 19:41:30,159.0,378.0,0.2557,0.1557,237.0871,3803.4491051544674
2026-05-31 19:42:00,162.0,380.0,0.2557,0.1557,234.3443,3828.555454832129
2026-05-31 19:42:30,95.0,379.0909,0.2557,0.1557,231.6133,3854.096854100522
2026-05-31 19:43:00,92.0,378.1818,0.2557,0.1557,228.8942,3878.6466797616313
2026-05-31 19:43:30,90.0,377.2727,0.2557,0.1557,226.1871,3902.853807259919
2026-05-31 19:44:00,71.0,376.3636,0.2557,0.1557,223.4919,3927.3522466187083
2026-05-31 19:44:30,39.0,375.4545,0.2557,0.1557,220.8088,3951.787666546503
2026-05-31 19:45:00,32.0,374.5455,0.2725,0.1725,218.1378,3976.5717273623013
2026-05-31 19:45:30,28.0,373.6364,0.2725,0.1725,215.4791,4001.4634227511974
2026-05-31 19:46:00,0.0,372.7273,0.2725,0.1725,212.8326,4027.3836124998406
2026-05-31 19:46:30,0.0,371.8182,0.2725,0.1725,210.1985,4052.108812859061
2026-05-31 19:47:00,0.0,370.9091,0.2725,0.1725,207.5769,4077.353678687758
2026-05-31 19:47:30,0.0,370.0,0.2725,0.1725,204.9677,4101.801108973737
2026-05-31 19:48:00,0.0,380.0,0.2725,0.1725,202.371,4126.196898331647
2026-05-31 19:48:30,0.0,390.0,0.2725,0.1725,199.787,4150.4987006926285
2026-05-31 19:49:00,0.0,380.0,0.2725,0.1725,197.2157,4175.331785425492
2026-05-31 19:49:30,0.0,410.0,0.2725,0.1725,194.6572,4200.441708625518
2026-05-31 19:50:00,0.0,900.0,0.2725,0.1725,192.1115,4225.235163468671
2026-05-31 19:50:30,0.0,890.0,0.2725,0.1725,189.5787,4250.184598957244
2026-05-31 19:51:00,0.0,880.0,0.2725,0.1725,187.0588,4275.636932717951
2026-05-31 19:51:30,0.0,870.0,0.2725,0.1725,184.5521,4300.690337998586
2026-05-31 19:52:00,0.0,880.0,0.2725,0.1725,182.0584,4326.556388248787
2026-05-31 19:52:30,0.0,870.0,0.2725,0.1725,179.5779,4351.653738439245
2026-05-31 19:53:00,0.0,850.0,0.2725,0.1725,177.1107,4375.854561654195
2026-05-31 19:53:30,0.0,860.0,0.2725,0.1725,174.6568,4400.886193635162
2026-05-31 19:54:00,0.0,854.2857,0.2725,0.1725,172.2163,4425.7805557601505
2026-05-31 19:54:30,0.0,848.5714,0.2725,0.1725,169.7892,4450.683284151749
2026-05-31 19:55:00,0.0,842.8571,0.2725,0.1725,167.3757,4475.612758154725
2026-05-31 19:55:30,0.0,837.1429,0.2725,0.1725,164.9758,4500.672507171756
2026-05-31 19:56:00,0.0,831.4286,0.2725,0.1725,162.5895,4524.793301866648
2026-05-31 19:56:30,0.0,825.7143,0.2725,0.1725,160.217,4550.139868671874
2026-05-31 19:57:00,0.0,820.0,0.2725,0.1725,157.8583,4575.003067855077
2026-05-31 19:57:30,0.0,1040.0,0.2725,0.1725,155.5135,4598.861648090797
2026-05-31 19:58:00,0.0,1080.0,0.2725,0.1725,153.1826,4624.132975070013
2026-05-31 19:58:30,0.0,1070.0,0.2725,0.1725,150.8658,4649.939187991169
2026-05-31 19:59:00,0.0,1188.4444,0.2725,0.1725,148.563,4674.949724594378
2026-05-31 19:59:30,0.0,1306.8889,0.2725,0.1725,146.2744,4699.947557333926
2026-05-31 20:00:00,0.0,1425.3333,0.2596,0.1596,144.0,4724.844714504458
2026-05-31 20:00:30,0.0,1543.7778,0.2596,0.1596,141.7373,4725.2394351860985
2026-05-31 20:01:00,0.0,1662.2222,0.2596,0.1596,139.4836,4725.039249378459
2026-05-31 20:01:30,0.0,1780.6667,0.2596,0.1596,137.2389,4700.417500545769
2026-05-31 20:02:00,0.0,1899.1111,0.2596,0.1596,135.0034,4675.760890580176
2026-05-31 20:02:30,0.0,2017.5556,0.2596,0.1596,132.7771,4650.5743588335
2026-05-31 20:03:00,0.0,2136.0,0.2596,0.1596,130.56,4625.089585771896
2026-05-31 20:03:30,0.0,2690.0,0.2596,0.1596,128.352,4600.690761379383
2026-05-31 20:04:00,0.0,530.0,0.2596,0.1596,126.1534,4575.515255260302
2026-05-31 20:04:30,0.0,2627.0,0.2596,0.1596,123.9641,4550.515702425718
2026-05-31 20:05:00,0.0,768.0,0.2596,0.1596,121.7841,4525.86065584627
2026-05-31 20:05:30,0.0,1094.4,0.2596,0.1596,119.6135,4501.088721369184
2026-05-31 20:06:00,0.0,1420.8,0.2596,0.1596,117.4523,4476.137817829522
2026-05-31 20:06:30,0.0,1747.2,0.2596,0.1596,115.3005,4450.862388911831
2026-05-31 20:07:00,0.0,2073.6,0.2596,0.1596,113.1583,4425.864020334447
2026-05-31 20:07:30,0.0,2400.0,0.2596,0.1596,111.0256,4401.089370644254
2026-05-31 20:08:00,0.0,2445.0,0.2596,0.1596,108.9024,4375.505823024149
2026-05-31 20:08:30,0.0,2490.0,0.2596,0.1596,106.7889,4349.916346831682
2026-05-31 20:09:00,0.0,2351.5,0.2596,0.1596,104.685,4324.5651191581555
2026-05-31 20:09:30,0.0,2213.0,0.2596,0.1596,102.5908,4299.41807642923
2026-05-31 20:10:00,0.0,2370.0,0.2596,0.1596,100.5063,4274.132732431329
2026-05-31 20:10:30,0.0,641.0,0.2596,0.1596,98.4316,4248.205871017454
2026-05-31 20:11:00,0.0,2180.0,0.2596,0.1596,96.3666,4223.060676116084
2026-05-31 20:11:30,0.0,360.0,0.2596,0.1596,94.3115,4198.157339787281
2026-05-31 20:12:00,0.0,310.0,0.2596,0.1596,92.2663,4172.587095522334
2026-05-31 20:12:30,0.0,320.0,0.2596,0.1596,90.231,4148.3356665257725
2026-05-31 20:13:00,0.0,318.3333,0.2596,0.1596,88.2056,4123.416487783575
2026-05-31 20:13:30,0.0,316.6667,0.2596,0.1596,86.1902,4099.0764105587305
2026-05-31 20:14:00,0.0,315.0,0.2596,0.1596,84.1848,4074.1465688434014
2026-05-31 20:14:30,0.0,313.3333,0.2596,0.1596,82.1894,4049.8017482654395
2026-05-31 20:15:00,0.0,311.6667,0.262,0.162,80.2042,4024.2068254721057
2026-05-31 20:15:30,0.0,310.0,0.262,0.162,78.2291,3998.7040004962664
2026-05-31 20:16:00,0.0,320.0,0.262,0.162,76.2641,3974.6217354854293
2026-05-31 20:16:30,0.0,318.8889,0.262,0.162,74.3094,3949.6859771395625
2026-05-31 20:17:00,0.0,317.7778,0.262,0.162,72.3649,3925.2577507435926
2026-05-31 20:17:30,0.0,316.6667,0.262,0.162,70.4307,3900.15790030488
2026-05-31 20:18:00,0.0,315.5556,0.262,0.162,68.5068,3876.0062103644555
2026-05-31 20:18:30,0.0,314.4444,0.262,0.162,66.5933,3850.864856718456
2026-05-31 20:19:00,0.0,313.3333,0.262,0.162,64.6901,3825.5630542274894
2026-05-31 20:19:30,0.0,312.2222,0.262,0.162,62.7974,3800.810695097201
2026-05-31 20:20:00,0.0,311.1111,0.262,0.162,60.9152,3776.097534829723
2026-05-31 20:20:30,0.0,310.0,0.262,0.162,59.0434,3750.7837493743614
2026-05-31 20:21:00,0.0,320.0,0.262,0.162,57.1822,3725.687228368214
2026-05-31 20:21:30,0.0,319.0,0.262,0.162,55.3316,3699.930914456864
2026-05-31 20:22:00,0.0,318.0,0.262,0.162,53.4916,3675.290295703324
2026-05-31 20:22:30,0.0,317.0,0.262,0.162,51.6623,3649.2884813240817
2026-05-31 20:23:00,0.0,316.0,0.262,0.162,49.8436,3624.419881232548
2026-05-31 20:23:30,0.0,315.0,0.262,0.162,48.0357,3598.7396692617094
2026-05-31 20:24:00,0.0,314.0,0.262,0.162,46.2385,3573.7465952385655
2026-05-31 20:24:30,0.0,313.0,0.262,0.162,44.4522,3548.3699377493003
2026-05-31 20:25:00,0.0,312.0,0.262,0.162,42.6767,3523.3994276005374
2026-05-31 20:25:30,0.0,311.0,0.262,0.162,40.912,3498.435588240157
2026-05-31 20:26:00,0.0,310.0,0.262,0.162,39.1583,3473.1639293147246
2026-05-31 20:26:30,0.0,330.0,0.262,0.162,37.4156,3447.0218477325393
2026-05-31 20:27:00,0.0,320.0,0.262,0.162,35.6838,3422.136855062321
2026-05-31 20:27:30,0.0,2048.0,0.262,0.162,33.9631,3397.1052828916722
2026-05-31 20:28:00,0.0,227.0,0.262,0.162,32.2534,3371.8752490104785
2026-05-31 20:28:30,0.0,330.0,0.262,0.162,30.5548,3347.559941597289
2026-05-31 20:29:00,0.0,350.0,0.262,0.162,28.8674,3321.5612340764874
2026-05-31 20:29:30,0.0,320.0,0.262,0.162,27.1912,3296.915989878525
2026-05-31 20:30:00,0.0,335.0,0.2748,0.1748,25.5262,3271.719660088905
2026-05-31 20:30:30,0.0,350.0,0.2748,0.1748,23.8724,3246.4524418193837
2026-05-31 20:31:00,0.0,214.0,0.2748,0.1748,22.2299,3221.903835372211
2026-05-31 20:31:30,0.0,330.0,0.2748,0.1748,20.5988,3183.672265399732
2026-05-31 20:32:00,0.0,2370.0,0.2748,0.1748,0.0,3145.207037799427
2026-05-31 20:32:30,0.0,350.0,0.2748,0.1748,0.0,3107.7372988389316
2026-05-31 20:33:00,0.0,380.0,0.2748,0.1748,0.0,3069.8643691041702
2026-05-31 20:33:30,0.0,370.0,0.2748,0.1748,0.0,3032.9510413781304
2026-05-31 20:34:00,0.0,320.0,0.2748,0.1748,0.0,2995.5301007682324
2026-05-31 20:34:30,0.0,360.0,0.2748,0.1748,0.0,2958.037807403668
2026-05-31 20:35:00,0.0,320.0,0.2748,0.1748,0.0,2919.8134627925797
2026-05-31 20:35:30,0.0,330.0,0.2748,0.1748,0.0,2882.860071408226
2026-05-31 20:36:00,0.0,325.0,0.2748,0.1748,0.0,2844.905602943452
2026-05-31 20:36:30,0.0,320.0,0.2748,0.1748,0.0,2807.4955600736084
2026-05-31 20:37:00,0.0,330.0,0.2748,0.1748,0.0,2770.6326283584067
2026-05-31 20:37:30,0.0,320.0,0.2748,0.1748,0.0,2733.117434239948
2026-05-31 20:38:00,0.0,330.0,0.2748,0.1748,0.0,2695.8759541690547
2026-05-31 20:38:30,0.0,320.0,0.2748,0.1748,0.0,2657.9902048089307
2026-05-31 20:39:00,0.0,350.0,0.2748,0.1748,0.0,2619.819409195151
2026-05-31 20:39:30,0.0,330.0,0.2748,0.1748,0.0,2583.303795360414
2026-05-31 20:40:00,0.0,326.6667,0.2748,0.1748,0.0,2546.753678908906
2026-05-31 20:40:30,0.0,323.3333,0.2748,0.1748,0.0,2508.2648244358734
2026-05-31 20:41:00,0.0,320.0,0.2748,0.1748,0.0,2470.980360526411
2026-05-31 20:41:30,0.0,340.0,0.2748,0.1748,0.0,2433.6524352680362
2026-05-31 20:42:00,0.0,360.0,0.2748,0.1748,0.0,2395.7119664786424
2026-05-31 20:42:30,0.0,380.0,0.2748,0.1748,0.0,2358.4541778861485
2026-05-31 20:43:00,0.0,400.0,0.2748,0.1748,0.0,2320.752976589281
2026-05-31 20:43:30,0.0,420.0,0.2748,0.1748,0.0,2283.6018113649243
2026-05-31 20:44:00,0.0,430.0,0.2748,0.1748,0.0,2246.8209008582166
2026-05-31 20:44:30,0.0,480.0,0.2748,0.1748,0.0,2209.66793706939
2026-05-31 20:45:00,0.0,390.0,0.2748,0.1748,0.0,2171.9682833093016
2026-05-31 20:45:30,0.0,420.0,0.2748,0.1748,0.0,2134.5682118966583
2026-05-31 20:46:00,0.0,410.0,0.2748,0.1748,0.0,2096.53110922747
2026-05-31 20:46:30,0.0,370.0,0.2748,0.1748,0.0,2059.733436640939
2026-05-31 20:47:00,0.0,400.0,0.2748,0.1748,0.0,2022.459929632912
2026-05-31 20:47:30,0.0,408.0,0.2748,0.1748,0.0,1985.4242353210057
2026-05-31 20:48:00,0.0,416.0,0.2748,0.1748,0.0,1948.723607299774
2026-05-31 20:48:30,0.0,424.0,0.2748,0.1748,0.0,1910.9063794569022
2026-05-31 20:49:00,0.0,432.0,0.2748,0.1748,0.0,1874.2164944350677
2026-05-31 20:49:30,0.0,440.0,0.2748,0.1748,0.0,1836.321640662107
2026-05-31 20:50:00,0.0,400.0,0.2748,0.1748,0.0,1798.2722371231832
2026-05-31 20:50:30,0.0,380.0,0.2748,0.1748,0.0,1761.2387211574755
2026-05-31 20:51:00,0.0,390.0,0.2748,0.1748,0.0,1724.1430108106224
2026-05-31 20:51:30,0.0,667.0,0.2748,0.1748,0.0,1686.9098817856075
2026-05-31 20:52:00,0.0,390.0,0.2748,0.1748,0.0,1648.6246290847107
2026-05-31 20:52:30,0.0,415.0,0.2748,0.1748,0.0,1609.9907147091303
2026-05-31 20:53:00,0.0,440.0,0.2748,0.1748,0.0,1572.1418973358889
2026-05-31 20:53:30,0.0,390.0,0.2748,0.1748,0.0,1534.8711171426253
2026-05-31 20:54:00,0.0,400.0,0.2748,0.1748,0.0,1497.1826925000064
2026-05-31 20:54:30,0.0,1068.0,0.2748,0.1748,0.0,1460.3422394378672
2026-05-31 20:55:00,0.0,420.0,0.2748,0.1748,0.0,1423.6721464674692
2026-05-31 20:55:30,0.0,430.0,0.2748,0.1748,0.0,1386.696778955502
2026-05-31 20:56:00,0.0,440.0,0.2748,0.1748,0.0,1349.7908752102146
2026-05-31 20:56:30,0.0,410.0,0.2748,0.1748,0.0,1312.549470991068
2026-05-31 20:57:00,0.0,880.0,0.2748,0.1748,0.0,1274.7569960771345
2026-05-31 20:57:30,0.0,400.0,0.2748,0.1748,0.0,1238.280340772532
2026-05-31 20:58:00,0.0,390.0,0.2748,0.1748,0.0,1200.7055893792822
2026-05-31 20:58:30,0.0,430.0,0.2748,0.1748,0.0,1162.446730088174
2026-05-31 20:59:00,0.0,390.0,0.2748,0.1748,0.0,1125.5054124999194
2026-05-31 20:59:30,0.0,400.0,0.2748,0.1748,0.0,1088.277589917074
2026-05-31 21:00:00,0.0,440.0,0.2725,0.1725,0.0,1050.1591650094365
2026-05-31 21:00:30,0.0,400.0,0.2725,0.1725,0.0,1023.9544339932386
2026-05-31 21:01:00,0.0,395.0,0.2725,0.1725,0.0,998.9444303105416
2026-05-31 21:01:30,0.0,390.0,0.2725,0.1725,0.0,999.2563004921226
2026-05-31 21:02:00,0.0,410.0,0.2725,0.1725,0.0,998.4848419807635
2026-05-31 21:02:30,0.0,390.0,0.2725,0.1725,0.0,998.8053336206183
2026-05-31 21:03:00,0.0,380.0,0.2725,0.1725,0.0,998.5508332911409
2026-05-31 21:03:30,0.0,400.0,0.2725,0.1725,0.0,998.040299029503
2026-05-31 21:04:00,0.0,380.0,0.2725,0.1725,0.0,998.0960835680615
2026-05-31 21:04:30,0.0,376.6667,0.2725,0.1725,0.0,997.0789952487919
2026-05-31 21:05:00,0.0,373.3333,0.2725,0.1725,0.0,996.6118732016489
2026-05-31 21:05:30,0.0,370.0,0.2725,0.1725,0.0,997.3349643272378
2026-05-31 21:06:00,0.0,372.0,0.2725,0.1725,0.0,997.6230560825829
2026-05-31 21:06:30,0.0,374.0,0.2725,0.1725,0.0,997.9730234826135
2026-05-31 21:07:00,0.0,376.0,0.2725,0.1725,0.0,997.1185460238619
2026-05-31 21:07:30,0.0,378.0,0.2725,0.1725,0.0,997.2239051922658
2026-05-31 21:08:00,0.0,380.0,0.2725,0.1725,0.0,997.9950735681031
2026-05-31 21:08:30,0.0,370.0,0.2725,0.1725,0.0,997.855438139196
2026-05-31 21:09:00,0.0,320.0,0.2725,0.1725,0.0,998.0451703929544
2026-05-31 21:09:30,0.0,318.0,0.2725,0.1725,0.0,997.8141296262107
2026-05-31 21:10:00,0.0,316.0,0.2725,0.1725,0.0,997.7401868946214
2026-05-31 21:10:30,0.0,314.0,0.2725,0.1725,0.0,998.7019947879206
2026-05-31 21:11:00,0.0,312.0,0.2725,0.1725,0.0,998.590232925169
2026-05-31 21:11:30,0.0,310.0,0.2725,0.1725,0.0,998.0379801570376
2026-05-31 21:12:00,0.0,312.5,0.2725,0.1725,0.0,999.1733587348689
2026-05-31 21:12:30,0.0,315.0,0.2725,0.1725,0.0,998.3906977792938
2026-05-31 21:13:00,0.0,317.5,0.2725,0.1725,0.0,998.2506838939148
2026-05-31 21:13:30,0.0,320.0,0.2725,0.1725,0.0,998.0871081397668
2026-05-31 21:14:00,0.0,315.0,0.2725,0.1725,0.0,997.7513682772111
2026-05-31 21:14:30,0.0,310.0,0.2725,0.1725,0.0,997.5368246273566
2026-05-31 21:15:00,0.0,315.0,0.268,0.168,0.0,997.6208405404846
2026-05-31 21:15:30,0.0,320.0,0.268,0.168,0.0,998.5936544463091
2026-05-31 21:16:00,0.0,310.0,0.268,0.168,0.0,998.7078706499802
2026-05-31 21:16:30,0.0,309.2308,0.268,0.168,0.0,998.552988100082
2026-05-31 21:17:00,0.0,308.4615,0.268,0.168,0.0,998.5061802492189
2026-05-31 21:17:30,0.0,307.6923,0.268,0.168,0.0,999.0511658811039
2026-05-31 21:18:00,0.0,306.9231,0.268,0.168,0.0,998.2720350028992
2026-05-31 21:18:30,0.0,306.1538,0.268,0.168,0.0,997.6034320248433
2026-05-31 21:19:00,0.0,305.3846,0.268,0.168,0.0,997.6440790377804
2026-05-31 21:19:30,0.0,304.6154,0.268,0.168,0.0,997.1878511265951
2026-05-31 21:20:00,0.0,303.8462,0.268,0.168,0.0,997.15241646239
2026-05-31 21:20:30,0.0,303.0769,0.268,0.168,0.0,997.3237722234222
2026-05-31 21:21:00,0.0,302.3077,0.268,0.168,0.0,997.1859666161539
2026-05-31 21:21:30,0.0,301.5385,0.268,0.168,0.0,996.8913869050298
2026-05-31 21:22:00,0.0,300.7692,0.268,0.168,0.0,996.4275372664291
2026-05-31 21:22:30,0.0,300.0,0.268,0.168,0.0,997.1480468920404
2026-05-31 21:23:00,0.0,301.1111,0.268,0.168,0.0,996.9221588036246
2026-05-31 21:23:30,0.0,302.2222,0.268,0.168,0.0,996.4419675732065
2026-05-31 21:24:00,0.0,303.3333,0.268,0.168,0.0,996.4793557554115
2026-05-31 21:24:30,0.0,304.4444,0.268,0.168,0.0,996.1208483327423
2026-05-31 21:25:00,0.0,305.5556,0.268,0.168,0.0,996.2872152680867
2026-05-31 21:25:30,0.0,306.6667,0.268,0.168,0.0,995.9820747982868
2026-05-31 21:26:00,0.0,307.7778,0.268,0.168,0.0,995.8480886383737
2026-05-31 21:26:30,0.0,308.8889,0.268,0.168,0.0,996.5413924139916
2026-05-31 21:27:00,0.0,310.0,0.268,0.168,0.0,996.3045650863645
2026-05-31 21:27:30,0.0,305.0,0.268,0.168,0.0,996.0688241592871
2026-05-31 21:28:00,0.0,300.0,0.268,0.168,0.0,996.2060601971625
2026-05-31 21:28:30,0.0,310.0,0.268,0.168,0.0,995.357170142203
2026-05-31 21:29:00,0.0,300.0,0.268,0.168,0.0,996.5161419275597
2026-05-31 21:29:30,0.0,303.3333,0.268,0.168,0.0,996.1106279508679
2026-05-31 21:30:00,0.0,306.6667,0.2607,0.1607,0.0,996.2939952051827
2026-05-31 21:30:30,0.0,310.0,0.2607,0.1607,0.0,996.9264412387358
2026-05-31 21:31:00,0.0,320.0,0.2607,0.1607,0.0,997.2276925542691
2026-05-31 21:31:30,0.0,316.6667,0.2607,0.1607,0.0,1010.0028779126842
2026-05-31 21:32:00,0.0,313.3333,0.2607,0.1607,0.0,1023.2596306645335
2026-05-31 21:32:30,0.0,310.0,0.2607,0.1607,0.0,1036.0607431865274
2026-05-31 21:33:00,0.0,320.0,0.2607,0.1607,0.0,1048.277642700678
2026-05-31 21:33:30,0.0,325.0,0.2607,0.1607,0.0,1060.6879486267155
2026-05-31 21:34:00,0.0,330.0,0.2607,0.1607,0.0,1072.9634274857212
2026-05-31 21:34:30,0.0,350.0,0.2607,0.1607,0.0,1085.160022916146
2026-05-31 21:35:00,0.0,400.0,0.2607,0.1607,0.0,1097.5778657450026
2026-05-31 21:35:30,0.0,390.0,0.2607,0.1607,0.0,1110.007722405643
2026-05-31 21:36:00,0.0,400.0,0.2607,0.1607,0.0,1122.2209942680063
2026-05-31 21:36:30,0.0,396.6667,0.2607,0.1607,0.0,1133.8065078792722
2026-05-31 21:37:00,0.0,393.3333,0.2607,0.1607,0.0,1145.5359733105256
2026-05-31 21:37:30,0.0,390.0,0.2607,0.1607,0.0,1158.7603963757838
2026-05-31 21:38:00,0.0,400.0,0.2607,0.1607,0.0,1171.2014195254337
2026-05-31 21:38:30,0.0,410.0,0.2607,0.1607,0.0,1183.5739358852547
2026-05-31 21:39:00,0.0,412.5,0.2607,0.1607,0.0,1196.0846945907163
2026-05-31 21:39:30,0.0,415.0,0.2607,0.1607,0.0,1207.7903417604903
2026-05-31 21:40:00,0.0,417.5,0.2607,0.1607,0.0,1219.2952687686582
2026-05-31 21:40:30,0.0,420.0,0.2607,0.1607,0.0,1232.1760236280466
2026-05-31 21:41:00,0.0,417.1429,0.2607,0.1607,0.0,1244.1552893325302
2026-05-31 21:41:30,0.0,414.2857,0.2607,0.1607,0.0,1255.79761849198
2026-05-31 21:42:00,0.0,411.4286,0.2607,0.1607,0.0,1268.5187044387228
2026-05-31 21:42:30,0.0,408.5714,0.2607,0.1607,0.0,1280.7124670701353
2026-05-31 21:43:00,0.0,405.7143,0.2607,0.1607,0.0,1293.0820950217155
2026-05-31 21:43:30,0.0,402.8571,0.2607,0.1607,0.0,1305.8314983083771
2026-05-31 21:44:00,0.0,400.0,0.2607,0.1607,0.0,1318.3081337802469
2026-05-31 21:44:30,0.0,350.0,0.2607,0.1607,0.0,1330.1432335739896
2026-05-31 21:45:00,0.0,345.0,0.2587,0.1587,0.0,1343.4756027907865
2026-05-31 21:45:30,0.0,340.0,0.2587,0.1587,0.0,1356.1072749188436
2026-05-31 21:46:00,0.0,350.0,0.2587,0.1587,0.0,1368.8341036187678
2026-05-31 21:46:30,0.0,330.0,0.2587,0.1587,0.0,1381.4756910726808
2026-05-31 21:47:00,0.0,420.0,0.2587,0.1587,0.0,1394.1213411765666
2026-05-31 21:47:30,0.0,530.0,0.2587,0.1587,0.0,1406.1270850052872
2026-05-31 21:48:00,0.0,560.0,0.2587,0.1587,0.0,1418.879575641523
2026-05-31 21:48:30,0.0,470.0,0.2587,0.1587,0.0,1432.4062974328385
2026-05-31 21:49:00,0.0,410.0,0.2587,0.1587,0.0,1443.9387311269088
2026-05-31 21:49:30,0.0,400.0,0.2587,0.1587,0.0,1456.2772613892243
2026-05-31 21:50:00,0.0,300.0,0.2587,0.1587,0.0,1469.1083464797268
2026-05-31 21:50:30,0.0,310.0,0.2587,0.1587,0.0,1481.7887800968088
2026-05-31 21:51:00,0.0,290.0,0.2587,0.1587,0.0,1493.4981263243249
2026-05-31 21:51:30,0.0,300.0,0.2587,0.1587,0.0,1505.349248026496
2026-05-31 21:52:00,0.0,290.0,0.2587,0.1587,0.0,1517.9895646340506
2026-05-31 21:52:30,0.0,288.0,0.2587,0.1587,0.0,1531.4912092072998
2026-05-31 21:53:00,0.0,286.0,0.2587,0.1587,0.0,1544.2128548894107
2026-05-31 21:53:30,0.0,284.0,0.2587,0.1587,0.0,1557.2733579440878
2026-05-31 21:54:00,0.0,282.0,0.2587,0.1587,0.0,1569.044934187417
2026-05-31 21:54:30,0.0,280.0,0.2587,0.1587,0.0,1580.5527779280067
2026-05-31 21:55:00,0.0,290.0,0.2587,0.1587,0.0,1592.7535602314235
2026-05-31 21:55:30,0.0,280.0,0.2587,0.1587,0.0,1605.2849591811653
2026-05-31 21:56:00,0.0,277.5,0.2587,0.1587,0.0,1617.6583061630918
2026-05-31 21:56:30,0.0,275.0,0.2587,0.1587,0.0,1629.6164211905639
2026-05-31 21:57:00,0.0,272.5,0.2587,0.1587,0.0,1642.0757500016653
2026-05-31 21:57:30,0.0,270.0,0.2587,0.1587,0.0,1654.4174346936577
2026-05-31 21:58:00,0.0,290.0,0.2587,0.1587,0.0,1666.4313566500718
2026-05-31 21:58:30,0.0,280.0,0.2587,0.1587,0.0,1679.4877458252906
2026-05-31 21:59:00,0.0,278.0,0.2587,0.1587,0.0,1692.4999141391825
2026-05-31 21:59:30,0.0,276.0,0.2587,0.1587,0.0,1704.8512922745126
2026-05-31 22:00:00,0.0,274.0,0.2623,0.1623,0.0,1718.0360253014323
2026-05-31 22:00:30,0.0,272.0,0.2623,0.1623,0.0,1718.2433639323485
2026-05-31 22:01:00,0.0,270.0,0.2623,0.1623,0.0,1717.7208258787662
2026-05-31 22:01:30,0.0,280.0,0.2623,0.1623,0.0,1717.0196038696417
2026-05-31 22:02:00,0.0,372.5,0.2623,0.1623,0.0,1717.5280125679533
2026-05-31 22:02:30,0.0,465.0,0.2623,0.1623,0.0,1717.829239910786
2026-05-31 22:03:00,0.0,557.5,0.2623,0.1623,0.0,1718.397785649066
2026-05-31 22:03:30,0.0,650.0,0.2623,0.1623,0.0,1718.5250531575005
2026-05-31 22:04:00,0.0,340.0,0.2623,0.1623,0.0,1718.647281441794
2026-05-31 22:04:30,0.0,336.6667,0.2623,0.1623,0.0,1719.5740159663162
2026-05-31 22:05:00,0.0,333.3333,0.2623,0.1623,0.0,1719.9441365564182
2026-05-31 22:05:30,0.0,330.0,0.2623,0.1623,0.0,1719.3265332243363
2026-05-31 22:06:00,0.0,335.0,0.2623,0.1623,0.0,1718.8090790217364
2026-05-31 22:06:30,0.0,340.0,0.2623,0.1623,0.0,1718.0827741300911
2026-05-31 22:07:00,0.0,335.0,0.2623,0.1623,0.0,1719.0904825188557
2026-05-31 22:07:30,0.0,330.0,0.2623,0.1623,0.0,1718.4337864518636
2026-05-31 22:08:00,0.0,332.5,0.2623,0.1623,0.0,1718.4430743854348
2026-05-31 22:08:30,0.0,335.0,0.2623,0.1623,0.0,1718.5716222794
2026-05-31 22:09:00,0.0,337.5,0.2623,0.1623,0.0,1719.2535822900313
2026-05-31 22:09:30,0.0,340.0,0.2623,0.1623,0.0,1719.3947955834637
2026-05-31 22:10:00,0.0,355.0,0.2623,0.1623,0.0,1719.7734171480395
2026-05-31 22:10:30,0.0,370.0,0.2623,0.1623,0.0,1719.282076868643
2026-05-31 22:11:00,0.0,380.0,0.2623,0.1623,0.0,1720.236138639286
2026-05-31 22:11:30,0.0,376.6667,0.2623,0.1623,0.0,1720.0231686641387
2026-05-31 22:12:00,0.0,373.3333,0.2623,0.1623,0.0,1720.0336480655085
2026-05-31 22:12:30,0.0,370.0,0.2623,0.1623,0.0,1720.3982767705927
2026-05-31 22:13:00,0.0,366.6667,0.2623,0.1623,0.0,1720.6109756561495
2026-05-31 22:13:30,0.0,363.3333,0.2623,0.1623,0.0,1720.8460758025603
2026-05-31 22:14:00,0.0,360.0,0.2623,0.1623,0.0,1720.9884344042082
2026-05-31 22:14:30,0.0,365.0,0.2623,0.1623,0.0,1721.425969320144
2026-05-31 22:15:00,0.0,370.0,0.2694,0.1694,0.0,1721.559899886016
2026-05-31 22:15:30,0.0,375.0,0.2694,0.1694,0.0,1720.7241097701806
2026-05-31 22:16:00,0.0,380.0,0.2694,0.1694,0.0,1719.6499980142244
2026-05-31 22:16:30,0.0,370.0,0.2694,0.1694,0.0,1719.2369496182469
2026-05-31 22:17:00,0.0,365.0,0.2694,0.1694,0.0,1718.9781118995056
2026-05-31 22:17:30,0.0,360.0,0.2694,0.1694,0.0,1718.5310276535542
2026-05-31 22:18:00,0.0,370.0,0.2694,0.1694,0.0,1718.7520829841064
2026-05-31 22:18:30,0.0,360.0,0.2694,0.1694,0.0,1719.4720167789949
2026-05-31 22:19:00,0.0,370.0,0.2694,0.1694,0.0,1719.3304311340294
2026-05-31 22:19:30,0.0,360.0,0.2694,0.1694,0.0,1719.2403696603915
2026-05-31 22:20:00,0.0,350.0,0.2694,0.1694,0.0,1718.5746602514419
2026-05-31 22:20:30,0.0,330.0,0.2694,0.1694,0.0,1718.8140719265575
2026-05-31 22:21:00,0.0,320.0,0.2694,0.1694,0.0,1718.6492170536078
2026-05-31 22:21:30,0.0,312.5,0.2694,0.1694,0.0,1718.7007441801127
2026-05-31 22:22:00,0.0,305.0,0.2694,0.1694,0.0,1718.2921124975649
2026-05-31 22:22:30,0.0,297.5,0.2694,0.1694,0.0,1718.1232691403757
2026-05-31 22:23:00,0.0,290.0,0.2694,0.1694,0.0,1717.978245184249
2026-05-31 22:23:30,0.0,280.0,0.2694,0.1694,0.0,1718.309099939888
2026-05-31 22:24:00,0.0,290.0,0.2694,0.1694,0.0,1717.5735092150915
2026-05-31 22:24:30,0.0,280.0,0.2694,0.1694,0.0,1717.501993121112
2026-05-31 22:25:00,0.0,290.0,0.2694,0.1694,0.0,1717.8655802392036
2026-05-31 22:25:30,0.0,300.0,0.2694,0.1694,0.0,1718.3994800151258
2026-05-31 22:26:00,0.0,315.0,0.2694,0.1694,0.0,1718.883941929819
2026-05-31 22:26:30,0.0,330.0,0.2694,0.1694,0.0,1718.5336002402714
2026-05-31 22:27:00,0.0,320.0,0.2694,0.1694,0.0,1717.9811399110042
2026-05-31 22:27:30,0.0,310.0,0.2694,0.1694,0.0,1717.6877223920155
2026-05-31 22:28:00,0.0,315.0,0.2694,0.1694,0.0,1718.0303714475342
2026-05-31 22:28:30,0.0,320.0,0.2694,0.1694,0.0,1717.9699945335626
2026-05-31 22:29:00,0.0,325.0,0.2694,0.1694,0.0,1717.3965991156704
2026-05-31 22:29:30,0.0,330.0,0.2694,0.1694,0.0,1717.7631397121306
2026-05-31 22:30:00,0.0,340.0,0.2741,0.1741,0.0,1718.3609972702834
2026-05-31 22:30:30,0.0,343.3333,0.2741,0.1741,0.0,1718.9629625548112
2026-05-31 22:31:00,0.0,346.6667,0.2741,0.1741,0.0,1718.57719780737
2026-05-31 22:31:30,0.0,350.0,0.2741,0.1741,0.0,1706.7721072465133
2026-05-31 22:32:00,0.0,340.0,0.2741,0.1741,0.0,1694.484153859049
2026-05-31 22:32:30,0.0,335.0,0.2741,0.1741,0.0,1681.4874947899832
2026-05-31 22:33:00,0.0,330.0,0.2741,0.1741,0.0,1668.609561917922
2026-05-31 22:33:30,0.0,370.0,0.2741,0.1741,0.0,1656.191549215793
2026-05-31 22:34:00,0.0,320.0,0.2741,0.1741,0.0,1643.5759284657038
2026-05-31 22:34:30,0.0,1310.0,0.2741,0.1741,0.0,1631.0088619667933
2026-05-31 22:35:00,0.0,2300.0,0.2741,0.1741,0.0,1618.8199248151636
2026-05-31 22:35:30,0.0,2320.0,0.2741,0.1741,0.0,1606.2812369703927
2026-05-31 22:36:00,0.0,2325.0,0.2741,0.1741,0.0,1594.6986640625048
2026-05-31 22:36:30,0.0,2330.0,0.2741,0.1741,0.0,1582.889723553705
2026-05-31 22:37:00,0.0,2320.0,0.2741,0.1741,0.0,1570.489938207775
2026-05-31 22:37:30,0.0,2310.0,0.2741,0.1741,0.0,1557.125304967295
2026-05-31 22:38:00,0.0,2315.0,0.2741,0.1741,0.0,1545.3245224102875
2026-05-31 22:38:30,0.0,2320.0,0.2741,0.1741,0.0,1533.011867885398
2026-05-31 22:39:00,0.0,370.0,0.2741,0.1741,0.0,1520.9353831585365
2026-05-31 22:39:30,0.0,330.0,0.2741,0.1741,0.0,1509.3982379650975
2026-05-31 22:40:00,0.0,325.0,0.2741,0.1741,0.0,1497.738466831635
2026-05-31 22:40:30,0.0,320.0,0.2741,0.1741,0.0,1485.399797603573
2026-05-31 22:41:00,0.0,330.0,0.2741,0.1741,0.0,1472.9228081586928
2026-05-31 22:41:30,0.0,325.0,0.2741,0.1741,0.0,1460.5381837474604
2026-05-31 22:42:00,0.0,320.0,0.2741,0.1741,0.0,1448.094394432599
2026-05-31 22:42:30,0.0,310.0,0.2741,0.1741,0.0,1435.6892147287447
2026-05-31 22:43:00,0.0,320.0,0.2741,0.1741,0.0,1424.1775595394158
2026-05-31 22:43:30,0.0,319.0,0.2741,0.1741,0.0,1411.9221933493823
2026-05-31 22:44:00,0.0,318.0,0.2741,0.1741,0.0,1398.7716381696
2026-05-31 22:44:30,0.0,317.0,0.2741,0.1741,0.0,1387.1804105852866
2026-05-31 22:45:00,0.0,316.0,0.2542,0.1542,0.0,1374.0362297448812
2026-05-31 22:45:30,0.0,315.0,0.2542,0.1542,0.0,1361.028397499092
2026-05-31 22:46:00,0.0,314.0,0.2542,0.1542,0.0,1348.042435247458
2026-05-31 22:46:30,0.0,313.0,0.2542,0.1542,0.0,1335.7270486760797
2026-05-31 22:47:00,0.0,312.0,0.2542,0.1542,0.0,1322.597317078273
2026-05-31 22:47:30,0.0,311.0,0.2542,0.1542,0.0,1311.2458815185748
2026-05-31 22:48:00,0.0,310.0,0.2542,0.1542,0.0,1298.028579079611
2026-05-31 22:48:30,0.0,280.0,0.2542,0.1542,0.0,1284.479479053779
2026-05-31 22:49:00,0.0,270.0,0.2542,0.1542,0.0,1272.9108504783896
2026-05-31 22:49:30,0.0,280.0,0.2542,0.1542,0.0,1261.0251381031928
2026-05-31 22:50:00,0.0,270.0,0.2542,0.1542,0.0,1248.448639383005
2026-05-31 22:50:30,0.0,280.0,0.2542,0.1542,0.0,1235.5545479059992
2026-05-31 22:51:00,0.0,290.0,0.2542,0.1542,0.0,1223.3211073062732
2026-05-31 22:51:30,0.0,285.0,0.2542,0.1542,0.0,1211.0061715838026
2026-05-31 22:52:00,0.0,280.0,0.2542,0.1542,0.0,1198.3984912399674
2026-05-31 22:52:30,0.0,278.0,0.2542,0.1542,0.0,1185.2725298128657
2026-05-31 22:53:00,0.0,276.0,0.2542,0.1542,0.0,1173.4519324005253
2026-05-31 22:53:30,0.0,274.0,0.2542,0.1542,0.0,1160.1213202867534
2026-05-31 22:54:00,0.0,272.0,0.2542,0.1542,0.0,1148.798307434893
2026-05-31 22:54:30,0.0,270.0,0.2542,0.1542,0.0,1137.0479294670017
2026-05-31 22:55:00,0.0,273.3333,0.2542,0.1542,0.0,1124.1942393457855
2026-05-31 22:55:30,0.0,276.6667,0.2542,0.1542,0.0,1111.3451839907514
2026-05-31 22:56:00,0.0,280.0,0.2542,0.1542,0.0,1099.201832744078
2026-05-31 22:56:30,0.0,277.5,0.2542,0.1542,0.0,1086.572188286131
2026-05-31 22:57:00,0.0,275.0,0.2542,0.1542,0.0,1075.200828169372
2026-05-31 22:57:30,0.0,272.5,0.2542,0.1542,0.0,1062.9065756337577
2026-05-31 22:58:00,0.0,270.0,0.2542,0.1542,0.0,1050.7390386280983
2026-05-31 22:58:30,0.0,280.0,0.2542,0.1542,0.0,1038.049265726525
2026-05-31 22:59:00,0.0,275.0,0.2542,0.1542,0.0,1025.536495752383
2026-05-31 22:59:30,0.0,270.0,0.2542,0.1542,0.0,1012.7918205789089
2026-05-31 23:00:00,0.0,280.0,0.2651,0.1651,0.0,1000.1268581092656
2026-05-31 23:00:30,0.0,270.0,0.2651,0.1651,0.0,988.2682546080265
2026-05-31 23:01:00,0.0,260.0,0.2651,0.1651,0.0,975.8747389977692
2026-05-31 23:01:30,0.0,250.0,0.2651,0.1651,0.0,963.5017551484885
2026-05-31 23:02:00,0.0,240.0,0.2651,0.1651,0.0,950.8835532825334
2026-05-31 23:02:30,0.0,230.0,0.2651,0.1651,0.0,938.5056600846846
2026-05-31 23:03:00,0.0,220.0,0.2651,0.1651,0.0,926.2902377675722
2026-05-31 23:03:30,0.0,210.0,0.2651,0.1651,0.0,913.6435973977012
2026-05-31 23:04:00,0.0,217.5,0.2651,0.1651,0.0,901.2226343074659
2026-05-31 23:04:30,0.0,225.0,0.2651,0.1651,0.0,887.7537660592474
2026-05-31 23:05:00,0.0,232.5,0.2651,0.1651,0.0,874.8822092330047
2026-05-31 23:05:30,0.0,240.0,0.2651,0.1651,0.0,862.2780567135266
2026-05-31 23:06:00,0.0,247.5,0.2651,0.1651,0.0,850.6937552027346
2026-05-31 23:06:30,0.0,255.0,0.2651,0.1651,0.0,839.1837262544136
2026-05-31 23:07:00,0.0,262.5,0.2651,0.1651,0.0,826.64989578717
2026-05-31 23:07:30,0.0,270.0,0.2651,0.1651,0.0,813.8771956709672
2026-05-31 23:08:00,0.0,310.0,0.2651,0.1651,0.0,800.8135671465415
2026-05-31 23:08:30,0.0,320.0,0.2651,0.1651,0.0,787.769704478696
2026-05-31 23:09:00,0.0,317.5,0.2651,0.1651,0.0,774.848349064251
2026-05-31 23:09:30,0.0,315.0,0.2651,0.1651,0.0,762.037522495581
2026-05-31 23:10:00,0.0,312.5,0.2651,0.1651,0.0,748.3897964754382
2026-05-31 23:10:30,0.0,310.0,0.2651,0.1651,0.0,735.4265677569622
2026-05-31 23:11:00,0.0,320.0,0.2651,0.1651,0.0,722.4505495567745
2026-05-31 23:11:30,0.0,317.5,0.2651,0.1651,0.0,710.5131215481725
2026-05-31 23:12:00,0.0,315.0,0.2651,0.1651,0.0,698.0066873955401
2026-05-31 23:12:30,0.0,312.5,0.2651,0.1651,0.0,686.2502405432648
2026-05-31 23:13:00,0.0,310.0,0.2651,0.1651,0.0,674.361802337109
2026-05-31 23:13:30,0.0,313.3333,0.2651,0.1651,0.0,661.3366538800103
2026-05-31 23:14:00,0.0,316.6667,0.2651,0.1651,0.0,648.3853280552299
2026-05-31 23:14:30,0.0,320.0,0.2651,0.1651,0.0,635.2625536720541
2026-05-31 23:15:00,0.0,310.0,0.2562,0.1562,0.0,622.5690666844571
2026-05-31 23:15:30,0.0,315.0,0.2562,0.1562,0.0,610.3262510693829
2026-05-31 23:16:00,0.0,320.0,0.2562,0.1562,0.0,597.7215546324841
2026-05-31 23:16:30,0.0,330.0,0.2562,0.1562,0.0,585.5927342706111
2026-05-31 23:17:00,0.0,360.0,0.2562,0.1562,0.0,573.1907885052284
2026-05-31 23:17:30,0.0,350.0,0.2562,0.1562,0.0,560.6408596595368
2026-05-31 23:18:00,0.0,360.0,0.2562,0.1562,0.0,547.6262473285983
2026-05-31 23:18:30,0.0,430.0,0.2562,0.1562,0.0,535.2525349721966
2026-05-31 23:19:00,0.0,420.0,0.2562,0.1562,0.0,522.1459121741143
2026-05-31 23:19:30,0.0,390.0,0.2562,0.1562,0.0,509.7691568810441
2026-05-31 23:20:00,0.0,430.0,0.2562,0.1562,0.0,497.33514167814405
2026-05-31 23:20:30,0.0,440.0,0.2562,0.1562,0.0,484.2328383633119
2026-05-31 23:21:00,0.0,400.0,0.2562,0.1562,0.0,471.7345542176237
2026-05-31 23:21:30,0.0,390.0,0.2562,0.1562,0.0,459.4881662262304
2026-05-31 23:22:00,0.0,400.0,0.2562,0.1562,0.0,447.9385189222871
2026-05-31 23:22:30,0.0,370.0,0.2562,0.1562,0.0,434.7651210596708
2026-05-31 23:23:00,0.0,340.0,0.2562,0.1562,0.0,422.8864826066513
2026-05-31 23:23:30,0.0,310.0,0.2562,0.1562,0.0,410.1774073651668
2026-05-31 23:24:00,0.0,300.0,0.2562,0.1562,0.0,397.7705995913445
2026-05-31 23:24:30,0.0,290.0,0.2562,0.1562,0.0,385.5073360345549
2026-05-31 23:25:00,0.0,295.0,0.2562,0.1562,0.0,372.9618162190582
2026-05-31 23:25:30,0.0,300.0,0.2562,0.1562,0.0,360.2160149157007
2026-05-31 23:26:00,0.0,296.6667,0.2562,0.1562,0.0,347.9580987412885
2026-05-31 23:26:30,0.0,293.3333,0.2562,0.1562,0.0,336.2727022936226
2026-05-31 23:27:00,0.0,290.0,0.2562,0.1562,0.0,324.2663264121245
2026-05-31 23:27:30,0.0,293.3333,0.2562,0.1562,0.0,312.7171314306787
2026-05-31 23:28:00,0.0,296.6667,0.2562,0.1562,0.0,299.8575725743207
2026-05-31 23:28:30,0.0,300.0,0.2562,0.1562,0.0,288.37635369212876
2026-05-31 23:29:00,0.0,280.0,0.2562,0.1562,0.0,276.06469781434043
2026-05-31 23:29:30,0.0,290.0,0.2562,0.1562,0.0,262.8863300472818
2026-05-31 23:30:00,0.0,300.0,0.2511,0.1511,0.0,250.13818613422933
2026-05-31 23:30:30,0.0,310.0,0.2511,0.1511,0.0,237.11586376240535
2026-05-31 23:31:00,0.0,320.0,0.2511,0.1511,0.0,224.36238181130273
2026-05-31 23:31:30,0.0,330.0,0.2511,0.1511,0.0,223.8062758457688
2026-05-31 23:32:00,0.0,340.0,0.2511,0.1511,0.0,223.20799326149697
2026-05-31 23:32:30,0.0,350.0,0.2511,0.1511,0.0,223.71437804547477
2026-05-31 23:33:00,0.0,360.0,0.2511,0.1511,0.0,224.29291520115873
2026-05-31 23:33:30,0.0,355.0,0.2511,0.1511,0.0,224.27126643923108
2026-05-31 23:34:00,0.0,350.0,0.2511,0.1511,0.0,223.97906170054188
2026-05-31 23:34:30,0.0,360.0,0.2511,0.1511,0.0,223.9887152443431
2026-05-31 23:35:00,0.0,351.4286,0.2511,0.1511,0.0,224.13898409190327
2026-05-31 23:35:30,0.0,342.8571,0.2511,0.1511,0.0,224.23606764183236
2026-05-31 23:36:00,0.0,334.2857,0.2511,0.1511,0.0,223.72586087284031
2026-05-31 23:36:30,0.0,325.7143,0.2511,0.1511,0.0,223.31676431321551
2026-05-31 23:37:00,0.0,317.1429,0.2511,0.1511,0.0,223.855755918257
2026-05-31 23:37:30,0.0,308.5714,0.2511,0.1511,0.0,224.2603530372159
2026-05-31 23:38:00,0.0,300.0,0.2511,0.1511,0.0,223.8690004342078
2026-05-31 23:38:30,0.0,290.0,0.2511,0.1511,0.0,224.17915616664814
2026-05-31 23:39:00,0.0,300.0,0.2511,0.1511,0.0,224.04108135104198
2026-05-31 23:39:30,0.0,297.5,0.2511,0.1511,0.0,223.3633191884736
2026-05-31 23:40:00,0.0,295.0,0.2511,0.1511,0.0,223.06326339184773
2026-05-31 23:40:30,0.0,292.5,0.2511,0.1511,0.0,222.88748376905303
2026-05-31 23:41:00,0.0,290.0,0.2511,0.1511,0.0,223.4494263042737
2026-05-31 23:41:30,0.0,300.0,0.2511,0.1511,0.0,223.93284153552443
2026-05-31 23:42:00,0.0,296.6667,0.2511,0.1511,0.0,224.25658043957364
2026-05-31 23:42:30,0.0,293.3333,0.2511,0.1511,0.0,223.9837573782322
2026-05-31 23:43:00,0.0,290.0,0.2511,0.1511,0.0,223.23542372867925
2026-05-31 23:43:30,0.0,286.6667,0.2511,0.1511,0.0,222.69505545371942
2026-05-31 23:44:00,0.0,283.3333,0.2511,0.1511,0.0,223.298764086945
2026-05-31 23:44:30,0.0,280.0,0.2511,0.1511,0.0,222.54837744034805
2026-05-31 23:45:00,0.0,282.0,0.2462,0.1462,0.0,222.61782857130052
2026-05-31 23:45:30,0.0,284.0,0.2462,0.1462,0.0,222.79706451311267
2026-05-31 23:46:00,0.0,286.0,0.2462,0.1462,0.0,223.36655691952248
2026-05-31 23:46:30,0.0,288.0,0.2462,0.1462,0.0,222.7133993670507
2026-05-31 23:47:00,0.0,290.0,0.2462,0.1462,0.0,222.86940005533162
2026-05-31 23:47:30,0.0,291.4286,0.2462,0.1462,0.0,222.10033614861206
2026-05-31 23:48:00,0.0,292.8571,0.2462,0.1462,0.0,222.2297047869322
2026-05-31 23:48:30,0.0,294.2857,0.2462,0.1462,0.0,222.81757822721596
2026-05-31 23:49:00,0.0,295.7143,0.2462,0.1462,0.0,222.18058732658295
2026-05-31 23:49:30,0.0,297.1429,0.2462,0.1462,0.0,221.86077895134275
2026-05-31 23:50:00,0.0,298.5714,0.2462,0.1462,0.0,221.67551178250855
2026-05-31 23:50:30,0.0,300.0,0.2462,0.1462,0.0,221.9555087637187
2026-05-31 23:51:00,0.0,280.0,0.2462,0.1462,0.0,221.93183341430935
2026-05-31 23:51:30,0.0,290.0,0.2462,0.1462,0.0,222.53316749870788
2026-05-31 23:52:00,0.0,280.0,0.2462,0.1462,0.0,223.19538254804493
2026-05-31 23:52:30,0.0,290.0,0.2462,0.1462,0.0,223.47511806591027
2026-05-31 23:53:00,0.0,286.6667,0.2462,0.1462,0.0,222.8870868679067
2026-05-31 23:53:30,0.0,283.3333,0.2462,0.1462,0.0,223.6675145665724
2026-05-31 23:54:00,0.0,280.0,0.2462,0.1462,0.0,222.63151206568168
2026-05-31 23:54:30,0.0,270.0,0.2462,0.1462,0.0,222.3325646929031
2026-05-31 23:55:00,0.0,260.0,0.2462,0.1462,0.0,223.02686699131488
2026-05-31 23:55:30,0.0,261.6667,0.2462,0.1462,0.0,223.47342347471994
2026-05-31 23:56:00,0.0,263.3333,0.2462,0.1462,0.0,222.7911477863893
2026-05-31 23:56:30,0.0,265.0,0.2462,0.1462,0.0,223.8099494223693
2026-05-31 23:57:00,0.0,266.6667,0.2462,0.1462,0.0,222.7855494778386
2026-05-31 23:57:30,0.0,268.3333,0.2462,0.1462,0.0,221.79984765883958
2026-05-31 23:58:00,0.0,270.0,0.2462,0.1462,0.0,222.01421696848243
2026-05-31 23:58:30,0.0,260.0,0.2462,0.1462,0.0,222.13629100593724
2026-05-31 23:59:00,0.0,265.0,0.2462,0.1462,0.0,221.21664032042744
2026-05-31 23:59:30,0.0,270.0,0.2462,0.1462,0.0,220.94464823259503
