timestamp,pv_power,house_load,tariff_price,prod_price,forecast_pv_power,load_forecast
2026-05-31 00:00:00,0.0,266.82375263704085,0.251,0.151,0.0,206.57142833333333
2026-05-31 00:00:30,0.0,175.83729462375175,0.251,0.151,0.0,207.18969508196722
2026-05-31 00:01:00,0.0,257.03591901742277,0.251,0.151,0.0,207.81105967741937
2026-05-31 00:01:30,0.0,262.5502616668544,0.251,0.151,0.0,208.43537460317458
2026-05-31 00:02:00,0.0,175.66636152869887,0.251,0.151,0.0,209.0625
2026-05-31 00:02:30,0.0,285.2886841225809,0.251,0.151,0.0,209.69230769230768
2026-05-31 00:03:00,0.0,171.2672312666519,0.251,0.151,0.0,210.15151515151516
2026-05-31 00:03:30,0.0,241.68430569907383,0.251,0.151,0.0,210.7462686567164
2026-05-31 00:04:00,0.0,286.6414679536275,0.251,0.151,0.0,211.47058823529412
2026-05-31 00:04:30,0.0,178.6159908839706,0.251,0.151,0.0,211.8840579710145
2026-05-31 00:05:00,0.0,233.60998530531032,0.251,0.151,0.0,212.27731142857144
2026-05-31 00:05:30,0.0,241.80955218558034,0.251,0.151,0.0,212.6512014084507
2026-05-31 00:06:00,0.0,226.93940302055478,0.251,0.151,0.0,213.00653611111113
2026-05-31 00:06:30,0.0,245.7432114514167,0.251,0.151,0.0,213.3440780821918
2026-05-31 00:07:00,0.0,222.37031660513645,0.251,0.151,0.0,213.6645472972973
2026-05-31 00:07:30,0.0,193.3208944708023,0.251,0.151,0.0,213.968628
2026-05-31 00:08:00,0.0,156.1935649752176,0.251,0.151,0.0,214.25696710526316
2026-05-31 00:08:30,0.0,178.05281564724677,0.251,0.151,0.0,214.53017662337663
2026-05-31 00:09:00,0.0,193.94024948528534,0.251,0.151,0.0,214.78883974358976
2026-05-31 00:09:30,0.0,259.2988576436079,0.251,0.151,0.0,215.03350759493668
2026-05-31 00:10:00,0.0,224.19199709554238,0.251,0.151,0.0,215.26470625000002
2026-05-31 00:10:30,0.0,173.80151153474722,0.251,0.151,0.0,215.48293456790122
2026-05-31 00:11:00,0.0,214.92096690878287,0.251,0.151,0.0,215.68866585365853
2026-05-31 00:11:30,0.0,210.8215501912549,0.251,0.151,0.0,215.88235301204818
2026-05-31 00:12:00,0.0,216.5729734055265,0.251,0.151,0.0,216.0644261904762
2026-05-31 00:12:30,0.0,250.7296541137333,0.251,0.151,0.0,216.23529411764707
2026-05-31 00:13:00,0.0,194.7687349438027,0.251,0.151,0.0,216.3953488372093
2026-05-31 00:13:30,0.0,205.4180504066117,0.251,0.151,0.0,216.66666666666666
2026-05-31 00:14:00,0.0,234.8248786402296,0.251,0.151,0.0,216.8181818181818
2026-05-31 00:14:30,0.0,157.6660006141668,0.251,0.151,0.0,217.02247191011236
2026-05-31 00:15:00,0.0,210.89770989330788,0.2506,0.1506,0.0,217.27777777777777
2026-05-31 00:15:30,0.0,262.8265948616613,0.2506,0.1506,0.0,217.41758241758242
2026-05-31 00:16:00,0.0,291.60021634253553,0.2506,0.1506,0.0,217.6086956521739
2026-05-31 00:16:30,0.0,170.54597508146134,0.2506,0.1506,0.0,217.8494623655914
2026-05-31 00:17:00,0.0,235.96884100728727,0.2506,0.1506,0.0,217.9787234042553
2026-05-31 00:17:30,0.0,244.09132386361114,0.2506,0.1506,0.0,217.57894736842104
2026-05-31 00:18:00,0.0,256.6241106251289,0.2506,0.1506,0.0,217.08333333333334
2026-05-31 00:18:30,0.0,293.6008521908389,0.2506,0.1506,0.0,216.64948453608247
2026-05-31 00:19:00,0.0,196.66184166337254,0.2506,0.1506,0.0,216.27551020408163
2026-05-31 00:19:30,0.0,175.64848812801773,0.2506,0.1506,0.0,215.8080808080808
2026-05-31 00:20:00,0.0,243.5364607101289,0.2506,0.1506,0.0,215.55
2026-05-31 00:20:30,0.0,277.18224972059346,0.2506,0.1506,0.0,215.34653465346534
2026-05-31 00:21:00,0.0,295.10272595712433,0.2506,0.1506,0.0,215.19607843137254
2026-05-31 00:21:30,0.0,228.5478186052257,0.2506,0.1506,0.0,215.0323621359223
2026-05-31 00:22:00,0.0,164.5385238295699,0.2506,0.1506,0.0,214.85576923076923
2026-05-31 00:22:30,0.0,293.1421988914907,0.2506,0.1506,0.0,214.66666666666666
2026-05-31 00:23:00,0.0,272.4620048347307,0.2506,0.1506,0.0,214.46540849056603
2026-05-31 00:23:30,0.0,234.00966750768384,0.2506,0.1506,0.0,214.25233644859813
2026-05-31 00:24:00,0.0,154.8095016204579,0.2506,0.1506,0.0,214.02777777777777
2026-05-31 00:24:30,0.0,263.9927843540138,0.2506,0.1506,0.0,213.85321100917432
2026-05-31 00:25:00,0.0,179.745075903766,0.2506,0.1506,0.0,213.72727272727272
2026-05-31 00:25:30,0.0,257.8062030123396,0.2506,0.1506,0.0,213.51351351351352
2026-05-31 00:26:00,0.0,244.8063505092303,0.2506,0.1506,0.0,213.34821428571428
2026-05-31 00:26:30,0.0,279.1785660929104,0.2506,0.1506,0.0,213.23008849557522
2026-05-31 00:27:00,0.0,211.59703031622982,0.2506,0.1506,0.0,213.02631578947367
2026-05-31 00:27:30,0.0,223.25916194472325,0.2506,0.1506,0.0,212.91304347826087
2026-05-31 00:28:00,0.0,241.33988278069745,0.2506,0.1506,0.0,212.7155172413793
2026-05-31 00:28:30,0.0,283.6760634833198,0.2506,0.1506,0.0,212.43589743589743
2026-05-31 00:29:00,0.0,277.5572456938794,0.2506,0.1506,0.0,212.13276864406782
2026-05-31 00:29:30,0.0,176.48639123346433,0.2506,0.1506,0.0,211.80672268907563
2026-05-31 00:30:00,0.0,257.67108924950793,0.25,0.15,0.0,211.45833333333334
2026-05-31 00:30:30,0.0,187.5636876601944,0.25,0.15,0.0,210.875
2026-05-31 00:31:00,0.0,279.15194277140307,0.25,0.15,0.0,210.29166666666666
2026-05-31 00:31:30,0.0,286.99414238258566,0.25,0.15,0.0,209.70833333333334
2026-05-31 00:32:00,0.0,156.0536774549918,0.25,0.15,0.0,209.125
2026-05-31 00:32:30,0.0,159.70842917653573,0.25,0.15,0.0,208.58333333333334
2026-05-31 00:33:00,0.0,212.28618229848522,0.25,0.15,0.0,207.91666666666666
2026-05-31 00:33:30,0.0,291.41588712833686,0.25,0.15,0.0,207.375
2026-05-31 00:34:00,0.0,206.60427760663978,0.25,0.15,0.0,206.79166666666666
2026-05-31 00:34:30,0.0,212.73435085065964,0.25,0.15,0.0,206.10416666666666
2026-05-31 00:35:00,0.0,247.0616488570634,0.25,0.15,0.0,205.47916666666666
2026-05-31 00:35:30,0.0,210.7827587099147,0.25,0.15,0.0,204.79166666666666
2026-05-31 00:36:00,0.0,168.07459107393387,0.25,0.15,0.0,204.04166666666666
2026-05-31 00:36:30,0.0,161.48306806559128,0.25,0.15,0.0,203.32638916666667
2026-05-31 00:37:00,0.0,171.68315312822358,0.25,0.15,0.0,202.64583333333334
2026-05-31 00:37:30,0.0,227.86912561039674,0.25,0.15,0.0,202.0
2026-05-31 00:38:00,0.0,204.0872806279583,0.25,0.15,0.0,201.38888916666667
2026-05-31 00:38:30,0.0,287.95030265390784,0.25,0.15,0.0,200.70833333333334
2026-05-31 00:39:00,0.0,155.66756283483065,0.25,0.15,0.0,200.05555583333336
2026-05-31 00:39:30,0.0,164.62379518158858,0.25,0.15,0.0,199.33333333333334
2026-05-31 00:40:00,0.0,216.58549524850173,0.25,0.15,0.0,198.875
2026-05-31 00:40:30,0.0,284.3787727460517,0.25,0.15,0.0,198.76388916666667
2026-05-31 00:41:00,0.0,198.79055351891304,0.25,0.15,0.0,198.64583333333334
2026-05-31 00:41:30,0.0,250.82924925213229,0.25,0.15,0.0,198.52083333333334
2026-05-31 00:42:00,0.0,184.2986741062153,0.25,0.15,0.0,198.29166666666666
2026-05-31 00:42:30,0.0,240.63735728803795,0.25,0.15,0.0,198.08333333333334
2026-05-31 00:43:00,0.0,227.35365312522538,0.25,0.15,0.0,197.95833333333334
2026-05-31 00:43:30,0.0,267.6080156650519,0.25,0.15,0.0,197.79166666666666
2026-05-31 00:44:00,0.0,179.59372560226825,0.25,0.15,0.0,197.71166666666667
2026-05-31 00:44:30,0.0,169.54548988422607,0.25,0.15,0.0,197.55166666666668
2026-05-31 00:45:00,0.0,255.93482537561448,0.2483,0.1483,0.0,197.43666666666667
2026-05-31 00:45:30,0.0,169.88492530673676,0.2483,0.1483,0.0,197.36666666666667
2026-05-31 00:46:00,0.0,266.6267341368198,0.2483,0.1483,0.0,197.21666666666667
2026-05-31 00:46:30,0.0,222.85254785266892,0.2483,0.1483,0.0,197.04916666666668
2026-05-31 00:47:00,0.0,292.0533389894885,0.2483,0.1483,0.0,196.86416666666668
2026-05-31 00:47:30,0.0,188.52010392481318,0.2483,0.1483,0.0,196.6616666666667
2026-05-31 00:48:00,0.0,157.54397292357226,0.2483,0.1483,0.0,196.44166666666666
2026-05-31 00:48:30,0.0,262.2095182243593,0.2483,0.1483,0.0,196.39166666666668
2026-05-31 00:49:00,0.0,201.8785810934654,0.2483,0.1483,0.0,196.30333333333334
2026-05-31 00:49:30,0.0,219.553512193057,0.2483,0.1483,0.0,196.17666666666668
2026-05-31 00:50:00,0.0,177.463430450629,0.2483,0.1483,0.0,196.08111083333333
2026-05-31 00:50:30,0.0,254.51164212040118,0.2483,0.1483,0.0,196.01666666666668
2026-05-31 00:51:00,0.0,181.71266414786317,0.2483,0.1483,0.0,195.98333333333332
2026-05-31 00:51:30,0.0,260.8345406978001,0.2483,0.1483,0.0,195.9116666666667
2026-05-31 00:52:00,0.0,160.30520817804216,0.2483,0.1483,0.0,195.80166666666668
2026-05-31 00:52:30,0.0,177.46765505295457,0.2483,0.1483,0.0,195.77833333333334
2026-05-31 00:53:00,0.0,229.11149466573255,0.2483,0.1483,0.0,195.675
2026-05-31 00:53:30,0.0,178.12091125520845,0.2483,0.1483,0.0,195.65833333333333
2026-05-31 00:54:00,0.0,271.9800253551987,0.2483,0.1483,0.0,195.56166666666667
2026-05-31 00:54:30,0.0,264.49569320908245,0.2483,0.1483,0.0,195.45166666666668
2026-05-31 00:55:00,0.0,243.5574620742778,0.2483,0.1483,0.0,195.32833333333335
2026-05-31 00:55:30,0.0,258.89851202509567,0.2483,0.1483,0.0,195.19166666666666
2026-05-31 00:56:00,0.0,248.1922183022391,0.2483,0.1483,0.0,195.04166666666666
2026-05-31 00:56:30,0.0,237.01976843546817,0.2483,0.1483,0.0,194.79166666666666
2026-05-31 00:57:00,0.0,244.78342077788398,0.2483,0.1483,0.0,194.40277749999998
2026-05-31 00:57:30,0.0,167.49046917495394,0.2483,0.1483,0.0,193.77777749999998
2026-05-31 00:58:00,0.0,217.92254911544813,0.2483,0.1483,0.0,192.91666666666666
2026-05-31 00:58:30,0.0,289.71153965216826,0.2483,0.1483,0.0,192.125
2026-05-31 00:59:00,0.0,198.83752949169252,0.2483,0.1483,0.0,191.40277749999998
2026-05-31 00:59:30,0.0,211.7253773615201,0.2483,0.1483,0.0,190.65476166666667
2026-05-31 01:00:00,0.0,245.29206949760066,0.2483,0.1483,0.0,189.8809525
2026-05-31 01:00:30,0.0,288.7669557854449,0.2483,0.1483,0.0,189.17857166666667
2026-05-31 01:01:00,0.0,159.29492342015016,0.2483,0.1483,0.0,188.54761916666666
2026-05-31 01:01:30,0.0,190.24301429235328,0.2483,0.1483,0.0,187.82142833333333
2026-05-31 01:02:00,0.0,257.4676884190208,0.2483,0.1483,0.0,187.06944416666664
2026-05-31 01:02:30,0.0,220.3069800875195,0.2483,0.1483,0.0,186.29166666666666
2026-05-31 01:03:00,0.0,151.76496762265415,0.2483,0.1483,0.0,185.58333333333334
2026-05-31 01:03:30,0.0,194.39435385420626,0.2483,0.1483,0.0,184.77777749999998
2026-05-31 01:04:00,0.0,221.71104273915194,0.2483,0.1483,0.0,183.875
2026-05-31 01:04:30,0.0,183.3146485114588,0.2483,0.1483,0.0,183.125
2026-05-31 01:05:00,0.0,187.5696943085295,0.2483,0.1483,0.0,182.463235
2026-05-31 01:05:30,0.0,286.89082475333385,0.2483,0.1483,0.0,181.72303916666667
2026-05-31 01:06:00,0.0,276.04377813514697,0.2483,0.1483,0.0,181.15441166666668
2026-05-31 01:06:30,0.0,259.0107309508955,0.2483,0.1483,0.0,180.5073525
2026-05-31 01:07:00,0.0,154.39153060530384,0.2483,0.1483,0.0,179.94852916666665
2026-05-31 01:07:30,0.0,189.44271533832048,0.2483,0.1483,0.0,179.3112741666667
2026-05-31 01:08:00,0.0,156.51240140763,0.2483,0.1483,0.0,178.70669833333332
2026-05-31 01:08:30,0.0,205.72931545166693,0.2483,0.1483,0.0,178.13480333333334
2026-05-31 01:09:00,0.0,213.51870596381517,0.2483,0.1483,0.0,177.5955875
2026-05-31 01:09:30,0.0,169.54850441906692,0.2483,0.1483,0.0,176.97794083333335
2026-05-31 01:10:00,0.0,168.8550827835302,0.2483,0.1483,0.0,176.4068625
2026-05-31 01:10:30,0.0,215.72864292942666,0.2483,0.1483,0.0,175.8823525
2026-05-31 01:11:00,0.0,247.4439469713997,0.2483,0.1483,0.0,175.69607833333333
2026-05-31 01:11:30,0.0,232.6924461042798,0.2483,0.1483,0.0,175.84803916666667
2026-05-31 01:12:00,0.0,180.2711564124455,0.2483,0.1483,0.0,175.838235
2026-05-31 01:12:30,0.0,213.67847360858525,0.2483,0.1483,0.0,175.75
2026-05-31 01:13:00,0.0,186.22719714838067,0.2483,0.1483,0.0,175.69444416666664
2026-05-31 01:13:30,0.0,282.5491831485141,0.2483,0.1483,0.0,175.58333333333334
2026-05-31 01:14:00,0.0,266.15113848502307,0.2483,0.1483,0.0,175.58333333333334
2026-05-31 01:14:30,0.0,172.33938171035487,0.2483,0.1483,0.0,175.45833333333334
2026-05-31 01:15:00,0.0,172.2668679890568,0.2457,0.1457,0.0,175.25
2026-05-31 01:15:30,0.0,160.81557002363175,0.2457,0.1457,0.0,175.08333333333334
2026-05-31 01:16:00,0.0,242.7341850086233,0.2457,0.1457,0.0,174.95833333333334
2026-05-31 01:16:30,0.0,299.6145911200134,0.2457,0.1457,0.0,174.875
2026-05-31 01:17:00,0.0,193.43466379359484,0.2457,0.1457,0.0,174.95833333333334
2026-05-31 01:17:30,0.0,204.99663884962,0.2457,0.1457,0.0,175.5
2026-05-31 01:18:00,0.0,196.5650313231108,0.2457,0.1457,0.0,176.16666666666666
2026-05-31 01:18:30,0.0,260.4558080707209,0.2457,0.1457,0.0,176.70833333333334
2026-05-31 01:19:00,0.0,222.28534237711105,0.2457,0.1457,0.0,177.29166666666666
2026-05-31 01:19:30,0.0,234.50455271069757,0.2457,0.1457,0.0,177.91666666666666
2026-05-31 01:20:00,0.0,281.75246685899776,0.2457,0.1457,0.0,178.33333333333334
2026-05-31 01:20:30,0.0,184.21681281556135,0.2457,0.1457,0.0,178.79166666666666
2026-05-31 01:21:00,0.0,187.24193123686467,0.2457,0.1457,0.0,179.125
2026-05-31 01:21:30,0.0,207.55367322154763,0.2457,0.1457,0.0,179.55555583333336
2026-05-31 01:22:00,0.0,158.72722775818553,0.2457,0.1457,0.0,179.91666666666666
2026-05-31 01:22:30,0.0,282.34518595554687,0.2457,0.1457,0.0,180.26388916666667
2026-05-31 01:23:00,0.0,292.99590215321984,0.2457,0.1457,0.0,180.59722250000002
2026-05-31 01:23:30,0.0,194.8437657778219,0.2457,0.1457,0.0,180.91666666666666
2026-05-31 01:24:00,0.0,262.17066739185634,0.2457,0.1457,0.0,181.33333333333334
2026-05-31 01:24:30,0.0,212.4231669070722,0.2457,0.1457,0.0,181.625
2026-05-31 01:25:00,0.0,214.36430106751217,0.2457,0.1457,0.0,181.79166666666666
2026-05-31 01:25:30,0.0,171.4160886678658,0.2457,0.1457,0.0,182.0
2026-05-31 01:26:00,0.0,253.5741036511851,0.2457,0.1457,0.0,182.125
2026-05-31 01:26:30,0.0,174.12929500145657,0.2457,0.1457,0.0,182.25
2026-05-31 01:27:00,0.0,217.70451592167706,0.2457,0.1457,0.0,182.5
2026-05-31 01:27:30,0.0,250.4083534894002,0.2457,0.1457,0.0,182.67857166666667
2026-05-31 01:28:00,0.0,268.05914213072134,0.2457,0.1457,0.0,182.95238083333334
2026-05-31 01:28:30,0.0,251.26345816983002,0.2457,0.1457,0.0,183.32142833333333
2026-05-31 01:29:00,0.0,274.06067681203564,0.2457,0.1457,0.0,183.73015833333332
2026-05-31 01:29:30,0.0,264.2935610175918,0.2457,0.1457,0.0,184.17857166666667
2026-05-31 01:30:00,0.0,250.13335035495223,0.2457,0.1457,0.0,184.66666666666666
2026-05-31 01:30:30,0.0,231.48713625991147,0.2457,0.1457,0.0,185.125
2026-05-31 01:31:00,0.0,227.7669694099788,0.2457,0.1457,0.0,185.04166666666666
2026-05-31 01:31:30,0.0,188.5309917482255,0.2457,0.1457,0.0,185.0
2026-05-31 01:32:00,0.0,283.4066603069746,0.2457,0.1457,0.0,184.83333333333334
2026-05-31 01:32:30,0.0,230.0431915099293,0.2457,0.1457,0.0,184.73611083333333
2026-05-31 01:33:00,0.0,265.98047423945036,0.2457,0.1457,0.0,184.70833333333334
2026-05-31 01:33:30,0.0,181.92273876141869,0.2457,0.1457,0.0,184.625
2026-05-31 01:34:00,0.0,210.23122656193536,0.2457,0.1457,0.0,184.54166666666666
2026-05-31 01:34:30,0.0,268.6047923472256,0.2457,0.1457,0.0,184.52083333333334
2026-05-31 01:35:00,0.0,257.5474799214496,0.2457,0.1457,0.0,184.5625
2026-05-31 01:35:30,0.0,246.95048163799203,0.2457,0.1457,0.0,184.54166666666666
2026-05-31 01:36:00,0.0,166.5123340802783,0.2457,0.1457,0.0,184.56944416666664
2026-05-31 01:36:30,0.0,171.61394691083837,0.2457,0.1457,0.0,184.60416666666666
2026-05-31 01:37:00,0.0,286.8373567364995,0.2457,0.1457,0.0,184.64583333333334
2026-05-31 01:37:30,0.0,296.3962124425598,0.2457,0.1457,0.0,184.58333333333334
2026-05-31 01:38:00,0.0,264.55246118398026,0.2457,0.1457,0.0,184.58333333333334
2026-05-31 01:38:30,0.0,247.81341349226608,0.2457,0.1457,0.0,184.75
2026-05-31 01:39:00,0.0,218.53784135935564,0.2457,0.1457,0.0,184.98611083333333
2026-05-31 01:39:30,0.0,224.59402254885515,0.2457,0.1457,0.0,185.125
2026-05-31 01:40:00,0.0,256.39928569519066,0.2457,0.1457,0.0,185.33333333333334
2026-05-31 01:40:30,0.0,290.9399717424604,0.2457,0.1457,0.0,185.44444416666664
2026-05-31 01:41:00,0.0,245.20569230140046,0.2457,0.1457,0.0,185.5509258333333
2026-05-31 01:41:30,0.0,194.10400023453664,0.2457,0.1457,0.0,185.65277749999998
2026-05-31 01:42:00,0.0,273.96901522234623,0.2457,0.1457,0.0,185.84722166666668
2026-05-31 01:42:30,0.0,289.9922009669174,0.2457,0.1457,0.0,186.00925833333335
2026-05-31 01:43:00,0.0,217.1509489569878,0.2457,0.1457,0.0,186.13888833333334
2026-05-31 01:43:30,0.0,213.33636002951252,0.2457,0.1457,0.0,186.36111083333333
2026-05-31 01:44:00,0.0,158.7142146955035,0.2457,0.1457,0.0,186.50925916666665
2026-05-31 01:44:30,0.0,170.33605133991765,0.2457,0.1457,0.0,186.75
2026-05-31 01:45:00,0.0,210.4432807616044,0.2457,0.1457,0.0,186.95833333333334
2026-05-31 01:45:30,0.0,166.5445108305127,0.2457,0.1457,0.0,187.04166666666666
2026-05-31 01:46:00,0.0,283.7930772036794,0.2457,0.1457,0.0,187.18055583333336
2026-05-31 01:46:30,0.0,256.6778542522562,0.2457,0.1457,0.0,187.3125
2026-05-31 01:47:00,0.0,162.74725339381826,0.2457,0.1457,0.0,187.4375
2026-05-31 01:47:30,0.0,284.3541746254345,0.2457,0.1457,0.0,187.5
2026-05-31 01:48:00,0.0,231.30289642637763,0.2457,0.1457,0.0,187.575
2026-05-31 01:48:30,0.0,210.85297644250994,0.2457,0.1457,0.0,187.475
2026-05-31 01:49:00,0.0,293.0545577674797,0.2457,0.1457,0.0,187.40833333333333
2026-05-31 01:49:30,0.0,231.71274723918734,0.2457,0.1457,0.0,187.375
2026-05-31 01:50:00,0.0,203.3986952782441,0.2457,0.1457,0.0,187.30555583333336
2026-05-31 01:50:30,0.0,248.4320253926538,0.2457,0.1457,0.0,187.2
2026-05-31 01:51:00,0.0,169.2249124096054,0.2457,0.1457,0.0,187.05833333333334
2026-05-31 01:51:30,0.0,196.1252110258173,0.2457,0.1457,0.0,186.95
2026-05-31 01:52:00,0.0,192.96378442674302,0.2457,0.1457,0.0,186.875
2026-05-31 01:52:30,0.0,196.1434167889016,0.2457,0.1457,0.0,186.70833333333334
2026-05-31 01:53:00,0.0,201.37706911083046,0.2457,0.1457,0.0,186.70833333333334
2026-05-31 01:53:30,0.0,209.99697158228543,0.2457,0.1457,0.0,186.63425916666665
2026-05-31 01:54:00,0.0,238.92421753864636,0.2457,0.1457,0.0,186.65277749999998
2026-05-31 01:54:30,0.0,187.98013533822586,0.2457,0.1457,0.0,186.69722166666668
2026-05-31 01:55:00,0.0,299.37433273252685,0.2457,0.1457,0.0,186.76759166666668
2026-05-31 01:55:30,0.0,204.3691449161628,0.2457,0.1457,0.0,186.86388833333334
2026-05-31 01:56:00,0.0,155.1507525034498,0.2457,0.1457,0.0,186.98611083333333
2026-05-31 01:56:30,0.0,151.06518789716372,0.2457,0.1457,0.0,187.13425916666665
2026-05-31 01:57:00,0.0,184.51402710858753,0.2457,0.1457,0.0,187.20833333333334
2026-05-31 01:57:30,0.0,256.80597839781,0.2457,0.1457,0.0,187.30555583333336
2026-05-31 01:58:00,0.0,289.4841181802936,0.2457,0.1457,0.0,187.375
2026-05-31 01:58:30,0.0,188.84069744824004,0.2457,0.1457,0.0,187.41666666666666
2026-05-31 01:59:00,0.0,279.884156977835,0.2457,0.1457,0.0,187.44444500000003
2026-05-31 01:59:30,0.0,215.77224570826047,0.2457,0.1457,0.0,187.45833333333334
2026-05-31 02:00:00,0.0,164.3988210500768,0.2457,0.1457,0.0,187.45833333333334
2026-05-31 02:00:30,0.0,269.09468446691733,0.2457,0.1457,0.0,187.45833333333334
2026-05-31 02:01:00,0.0,210.94799597801213,0.2457,0.1457,0.0,187.36805583333336
2026-05-31 02:01:30,0.0,212.0635982732823,0.2457,0.1457,0.0,187.35416666666666
2026-05-31 02:02:00,0.0,224.69227815435352,0.2457,0.1457,0.0,187.34722250000002
2026-05-31 02:02:30,0.0,205.4542367624078,0.2457,0.1457,0.0,187.34722250000002
2026-05-31 02:03:00,0.0,151.9421620604441,0.2457,0.1457,0.0,187.35416666666666
2026-05-31 02:03:30,0.0,258.005368386699,0.2457,0.1457,0.0,187.36805583333336
2026-05-31 02:04:00,0.0,253.80091518787955,0.2457,0.1457,0.0,187.38888916666667
2026-05-31 02:04:30,0.0,226.4523938040366,0.2457,0.1457,0.0,187.41666666666666
2026-05-31 02:05:00,0.0,221.32375446332017,0.2457,0.1457,0.0,187.35416666666666
2026-05-31 02:05:30,0.0,297.98654363855,0.2457,0.1457,0.0,187.36805583333336
2026-05-31 02:06:00,0.0,215.98517237120348,0.2457,0.1457,0.0,187.20833333333334
2026-05-31 02:06:30,0.0,186.54348094278276,0.2457,0.1457,0.0,187.125
2026-05-31 02:07:00,0.0,292.389803780683,0.2457,0.1457,0.0,187.04166666666666
2026-05-31 02:07:30,0.0,179.75057043229023,0.2457,0.1457,0.0,187.125
2026-05-31 02:08:00,0.0,189.14562753710186,0.2457,0.1457,0.0,187.26388916666667
2026-05-31 02:08:30,0.0,253.04630856433755,0.2457,0.1457,0.0,187.45833333333334
2026-05-31 02:09:00,0.0,241.85281948744256,0.2457,0.1457,0.0,187.54166666666666
2026-05-31 02:09:30,0.0,228.42112094156252,0.2457,0.1457,0.0,187.625
2026-05-31 02:10:00,0.0,272.4338768714913,0.2457,0.1457,0.0,187.58333333333334
2026-05-31 02:10:30,0.0,297.91001370031887,0.2457,0.1457,0.0,187.66666666666666
2026-05-31 02:11:00,0.0,186.4855998599437,0.2457,0.1457,0.0,187.5
2026-05-31 02:11:30,0.0,192.15217387259656,0.2457,0.1457,0.0,186.91666666666666
2026-05-31 02:12:00,0.0,232.0475164064535,0.2457,0.1457,0.0,186.51190499999998
2026-05-31 02:12:30,0.0,249.9405267027519,0.2457,0.1457,0.0,186.20238083333334
2026-05-31 02:13:00,0.0,164.01637064954298,0.2457,0.1457,0.0,185.8769841666667
2026-05-31 02:13:30,0.0,213.54270758889703,0.2457,0.1457,0.0,185.53571416666668
2026-05-31 02:14:00,0.0,177.68119756405363,0.2457,0.1457,0.0,185.17857166666667
2026-05-31 02:14:30,0.0,206.76836597504945,0.2457,0.1457,0.0,184.91666666666666
2026-05-31 02:15:00,0.0,182.46410669777345,0.2457,0.1457,0.0,184.70833333333334
2026-05-31 02:15:30,0.0,151.23151212160332,0.2457,0.1457,0.0,184.45833333333334
2026-05-31 02:16:00,0.0,159.56552376626075,0.2457,0.1457,0.0,184.10416666666666
2026-05-31 02:16:30,0.0,165.04666351583802,0.2457,0.1457,0.0,183.64583333333334
2026-05-31 02:17:00,0.0,252.24451639072927,0.2457,0.1457,0.0,183.08333333333334
2026-05-31 02:17:30,0.0,291.0349519831924,0.2457,0.1457,0.0,182.45833333333334
2026-05-31 02:18:00,0.0,202.1600473026733,0.2457,0.1457,0.0,181.875
2026-05-31 02:18:30,0.0,221.18606043592462,0.2457,0.1457,0.0,181.45833333333334
2026-05-31 02:19:00,0.0,226.8928913605247,0.2457,0.1457,0.0,180.875
2026-05-31 02:19:30,0.0,249.6424467195278,0.2457,0.1457,0.0,180.3125
2026-05-31 02:20:00,0.0,214.41504510943503,0.2457,0.1457,0.0,179.77083333333334
2026-05-31 02:20:30,0.0,272.68306676642743,0.2457,0.1457,0.0,179.125
2026-05-31 02:21:00,0.0,214.91450729524124,0.2457,0.1457,0.0,178.54166666666666
2026-05-31 02:21:30,0.0,176.965349121571,0.2457,0.1457,0.0,177.79166666666666
2026-05-31 02:22:00,0.0,190.57414951594012,0.2457,0.1457,0.0,177.41666666666666
2026-05-31 02:22:30,0.0,233.6167095993644,0.2457,0.1457,0.0,177.36111083333333
2026-05-31 02:23:00,0.0,166.3053273320905,0.2457,0.1457,0.0,177.41666666666666
2026-05-31 02:23:30,0.0,282.0751545355331,0.2457,0.1457,0.0,177.58333333333334
2026-05-31 02:24:00,0.0,162.9683200814839,0.2457,0.1457,0.0,177.70833333333334
2026-05-31 02:24:30,0.0,168.77397666568368,0.2457,0.1457,0.0,177.95833333333334
2026-05-31 02:25:00,0.0,206.72942670225518,0.2457,0.1457,0.0,179.04166666666666
2026-05-31 02:25:30,0.0,154.6429796972733,0.2457,0.1457,0.0,179.91666666666666
2026-05-31 02:26:00,0.0,259.50687193458646,0.2457,0.1457,0.0,180.75
2026-05-31 02:26:30,0.0,254.18359353816007,0.2457,0.1457,0.0,181.5
2026-05-31 02:27:00,0.0,191.5110769034533,0.2457,0.1457,0.0,182.16666666666666
2026-05-31 02:27:30,0.0,223.1501369569226,0.2457,0.1457,0.0,182.86309500000002
2026-05-31 02:28:00,0.0,255.94208085438285,0.2457,0.1457,0.0,183.58928583333332
2026-05-31 02:28:30,0.0,199.3974943550877,0.2457,0.1457,0.0,184.30877999999998
2026-05-31 02:29:00,0.0,286.9256664468657,0.2457,0.1457,0.0,185.0215775
2026-05-31 02:29:30,0.0,283.9249253032958,0.2457,0.1457,0.0,185.72767833333333
2026-05-31 02:30:00,0.0,191.42167025020757,0.2457,0.1457,0.0,186.42708333333334
2026-05-31 02:30:30,0.0,200.55891838487418,0.2457,0.1457,0.0,187.11979166666666
2026-05-31 02:31:00,0.0,198.10583739279392,0.2457,0.1457,0.0,188.31770833333334
2026-05-31 02:31:30,0.0,181.7831850696508,0.2457,0.1457,0.0,189.5625
2026-05-31 02:32:00,0.0,268.6980435673131,0.2457,0.1457,0.0,190.85416666666666
2026-05-31 02:32:30,0.0,256.7050287431057,0.2457,0.1457,0.0,192.12326416666667
2026-05-31 02:33:00,0.0,182.30393021878285,0.2457,0.1457,0.0,193.36979166666666
2026-05-31 02:33:30,0.0,188.87699327726858,0.2457,0.1457,0.0,194.59375
2026-05-31 02:34:00,0.0,293.546073006544,0.2457,0.1457,0.0,195.90625
2026-05-31 02:34:30,0.0,170.47989001496117,0.2457,0.1457,0.0,197.18229166666666
2026-05-31 02:35:00,0.0,293.99407506014757,0.2457,0.1457,0.0,198.421875
2026-05-31 02:35:30,0.0,262.3681968715098,0.2457,0.1457,0.0,199.75
2026-05-31 02:36:00,0.0,269.13501653853655,0.2457,0.1457,0.0,201.05555583333336
2026-05-31 02:36:30,0.0,192.23718312710676,0.2457,0.1457,0.0,202.25
2026-05-31 02:37:00,0.0,172.5310855709784,0.2457,0.1457,0.0,203.5
2026-05-31 02:37:30,0.0,266.50678952290866,0.2457,0.1457,0.0,204.88888916666667
2026-05-31 02:38:00,0.0,294.3487770254096,0.2457,0.1457,0.0,206.25
2026-05-31 02:38:30,0.0,197.9268943668767,0.2457,0.1457,0.0,207.58333333333334
2026-05-31 02:39:00,0.0,258.96297950714666,0.2457,0.1457,0.0,208.80555583333336
2026-05-31 02:39:30,0.0,202.4933811168059,0.2457,0.1457,0.0,210.08333333333334
2026-05-31 02:40:00,0.0,227.61464845830955,0.2457,0.1457,0.0,211.25
2026-05-31 02:40:30,0.0,165.78890427865466,0.2457,0.1457,0.0,212.51041666666666
2026-05-31 02:41:00,0.0,178.28893473498485,0.2457,0.1457,0.0,213.77199083333335
2026-05-31 02:41:30,0.0,268.34275291170775,0.2457,0.1457,0.0,215.03472250000002
2026-05-31 02:42:00,0.0,267.36099762670005,0.2457,0.1457,0.0,216.29861166666666
2026-05-31 02:42:30,0.0,155.6490084014923,0.2457,0.1457,0.0,217.56365833333334
2026-05-31 02:43:00,0.0,221.71549017781052,0.2457,0.1457,0.0,218.82986166666666
2026-05-31 02:43:30,0.0,227.5810638396568,0.2457,0.1457,0.0,220.09722250000002
2026-05-31 02:44:00,0.0,250.04192400305402,0.2457,0.1457,0.0,221.36574083333335
2026-05-31 02:44:30,0.0,254.9120510672046,0.2457,0.1457,0.0,222.375
2026-05-31 02:45:00,0.0,197.1362074486731,0.2457,0.1457,0.0,223.125
2026-05-31 02:45:30,0.0,279.65679429996226,0.2457,0.1457,0.0,223.70833333333334
2026-05-31 02:46:00,0.0,196.932682055672,0.2457,0.1457,0.0,224.29166666666666
2026-05-31 02:46:30,0.0,221.41856168252147,0.2457,0.1457,0.0,224.875
2026-05-31 02:47:00,0.0,153.02144836449006,0.2457,0.1457,0.0,225.45833333333334
2026-05-31 02:47:30,0.0,178.44769618374985,0.2457,0.1457,0.0,226.20833333333334
2026-05-31 02:48:00,0.0,297.27171318750254,0.2457,0.1457,0.0,226.97857166666665
2026-05-31 02:48:30,0.0,161.7417906426716,0.2457,0.1457,0.0,227.7690475
2026-05-31 02:49:00,0.0,188.4673678902194,0.2457,0.1457,0.0,228.57976166666668
2026-05-31 02:49:30,0.0,208.8090342625399,0.2457,0.1457,0.0,229.41071416666668
2026-05-31 02:50:00,0.0,184.34791337055654,0.2457,0.1457,0.0,230.26190499999998
2026-05-31 02:50:30,0.0,240.9998405100253,0.2457,0.1457,0.0,231.13333333333333
2026-05-31 02:51:00,0.0,208.59948124052605,0.2457,0.1457,0.0,232.025
2026-05-31 02:51:30,0.0,151.247670973686,0.2457,0.1457,0.0,232.84166666666667
2026-05-31 02:52:00,0.0,233.2136916210269,0.2457,0.1457,0.0,233.69444416666664
2026-05-31 02:52:30,0.0,200.7241053085041,0.2457,0.1457,0.0,234.58333333333334
2026-05-31 02:53:00,0.0,155.99373825077626,0.2457,0.1457,0.0,235.41666666666666
2026-05-31 02:53:30,0.0,196.3083697678685,0.2457,0.1457,0.0,236.1574075
2026-05-31 02:54:00,0.0,152.0045355542927,0.2457,0.1457,0.0,236.88055583333335
2026-05-31 02:54:30,0.0,234.4692767202769,0.2457,0.1457,0.0,237.58611166666665
2026-05-31 02:55:00,0.0,162.98139470783863,0.2457,0.1457,0.0,238.27407499999998
2026-05-31 02:55:30,0.0,156.65026304594915,0.2457,0.1457,0.0,238.944445
2026-05-31 02:56:00,0.0,251.44329722608916,0.2457,0.1457,0.0,239.59722250000002
2026-05-31 02:56:30,0.0,165.8128131110808,0.2457,0.1457,0.0,240.23240750000002
2026-05-31 02:57:00,0.0,292.7154624726368,0.2457,0.1457,0.0,240.85
2026-05-31 02:57:30,0.0,181.89691544926666,0.2457,0.1457,0.0,241.45
2026-05-31 02:58:00,0.0,243.87355829874505,0.2457,0.1457,0.0,242.08333333333334
2026-05-31 02:58:30,0.0,206.82000937340928,0.2457,0.1457,0.0,242.75
2026-05-31 02:59:00,0.0,162.97404408235786,0.2457,0.1457,0.0,243.52777749999998
2026-05-31 02:59:30,0.0,239.96418621623124,0.2457,0.1457,0.0,244.25
2026-05-31 03:00:00,0.0,270.6820428047824,0.245,0.145,0.0,245.08333333333334
2026-05-31 03:00:30,0.0,167.53281848161097,0.245,0.145,0.0,245.91666666666666
2026-05-31 03:01:00,0.0,162.07355569623624,0.245,0.145,0.0,246.67361083333333
2026-05-31 03:01:30,0.0,168.1013326220514,0.245,0.145,0.0,247.35416666666666
2026-05-31 03:02:00,0.0,244.6618690086789,0.245,0.145,0.0,247.95833333333334
2026-05-31 03:02:30,0.0,276.45142506708146,0.245,0.145,0.0,248.59722166666663
2026-05-31 03:03:00,0.0,225.4362157296623,0.245,0.145,0.0,249.27083333333334
2026-05-31 03:03:30,0.0,297.85970702672216,0.245,0.145,0.0,249.97916666666666
2026-05-31 03:04:00,0.0,207.6371577165909,0.245,0.145,0.0,250.61111083333333
2026-05-31 03:04:30,0.0,234.7239895535355,0.245,0.145,0.0,251.25641
2026-05-31 03:05:00,0.0,234.81450369543003,0.245,0.145,0.0,251.91506416666667
2026-05-31 03:05:30,0.0,162.14059313724414,0.245,0.145,0.0,252.58707249999998
2026-05-31 03:06:00,0.0,224.60092413589797,0.245,0.145,0.0,253.27243583333333
2026-05-31 03:06:30,0.0,193.64496801289636,0.245,0.145,0.0,253.97115416666665
2026-05-31 03:07:00,0.0,160.23835332495253,0.245,0.145,0.0,254.59294916666667
2026-05-31 03:07:30,0.0,197.81661289221273,0.245,0.145,0.0,255.13782083333334
2026-05-31 03:08:00,0.0,273.89797244722195,0.245,0.145,0.0,255.60576916666665
2026-05-31 03:08:30,0.0,193.976248486382,0.245,0.145,0.0,255.996795
2026-05-31 03:09:00,0.0,278.3298865153809,0.245,0.145,0.0,256.4775641666667
2026-05-31 03:09:30,0.0,184.84541615511256,0.245,0.145,0.0,257.04807666666665
2026-05-31 03:10:00,0.0,173.6891458533699,0.245,0.145,0.0,257.7083333333333
2026-05-31 03:10:30,0.0,205.28521327640388,0.245,0.145,0.0,258.2083333333333
2026-05-31 03:11:00,0.0,154.95903834878845,0.245,0.145,0.0,258.5416666666667
2026-05-31 03:11:30,0.0,268.3500859956981,0.245,0.145,0.0,258.9375
2026-05-31 03:12:00,0.0,203.93417424642402,0.245,0.145,0.0,259.300595
2026-05-31 03:12:30,0.0,196.71328943216002,0.245,0.145,0.0,259.6309525
2026-05-31 03:13:00,0.0,249.0387367730446,0.245,0.145,0.0,259.92857166666664
2026-05-31 03:13:30,0.0,290.0712510729716,0.245,0.145,0.0,260.29761916666666
2026-05-31 03:14:00,0.0,167.95989934221177,0.245,0.145,0.0,260.6675825
2026-05-31 03:14:30,0.0,228.9316262910322,0.245,0.145,0.0,261.03846166666665
2026-05-31 03:15:00,0.0,245.90258644953707,0.2395,0.1395,0.0,261.41025666666667
2026-05-31 03:15:30,0.0,263.4804408879701,0.2395,0.1395,0.0,261.87820500000004
2026-05-31 03:16:00,0.0,239.35708283725302,0.2395,0.1395,0.0,262.3798075
2026-05-31 03:16:30,0.0,158.54661151366295,0.2395,0.1395,0.0,262.9150641666667
2026-05-31 03:17:00,0.0,255.97090097671662,0.2395,0.1395,0.0,263.48397416666666
2026-05-31 03:17:30,0.0,190.3018793754269,0.2395,0.1395,0.0,264.08653833333335
2026-05-31 03:18:00,0.0,231.770926599674,0.2395,0.1395,0.0,264.61859
2026-05-31 03:18:30,0.0,279.2405808425002,0.2395,0.1395,0.0,265.08012833333333
2026-05-31 03:19:00,0.0,228.7518234633919,0.2395,0.1395,0.0,265.6378208333333
2026-05-31 03:19:30,0.0,170.87539247891596,0.2395,0.1395,0.0,266.2291666666667
2026-05-31 03:20:00,0.0,189.04569729137975,0.2395,0.1395,0.0,266.8541666666667
2026-05-31 03:20:30,0.0,223.8109613497686,0.2395,0.1395,0.0,267.5833333333333
2026-05-31 03:21:00,0.0,158.7634537051982,0.2395,0.1395,0.0,268.25
2026-05-31 03:21:30,0.0,287.28151889072836,0.2395,0.1395,0.0,269.0416666666667
2026-05-31 03:22:00,0.0,181.9629928555515,0.2395,0.1395,0.0,269.5833333333333
2026-05-31 03:22:30,0.0,202.92201242720103,0.2395,0.1395,0.0,269.75
2026-05-31 03:23:00,0.0,261.7614658766817,0.2395,0.1395,0.0,269.9166666666667
2026-05-31 03:23:30,0.0,228.657614811411,0.2395,0.1395,0.0,269.9166666666667
2026-05-31 03:24:00,0.0,263.04263180828025,0.2395,0.1395,0.0,269.8333333333333
2026-05-31 03:24:30,0.0,256.3872825487307,0.2395,0.1395,0.0,269.6666666666667
2026-05-31 03:25:00,0.0,189.83387800013955,0.2395,0.1395,0.0,268.8333333333333
2026-05-31 03:25:30,0.0,184.0277727679176,0.2395,0.1395,0.0,268.2291666666667
2026-05-31 03:26:00,0.0,281.7145403471387,0.2395,0.1395,0.0,267.6875
2026-05-31 03:26:30,0.0,190.87110201949645,0.2395,0.1395,0.0,267.1666666666667
2026-05-31 03:27:00,0.0,162.047458309737,0.2395,0.1395,0.0,266.6666666666667
2026-05-31 03:27:30,0.0,295.58352585640114,0.2395,0.1395,0.0,266.2083333333333
2026-05-31 03:28:00,0.0,252.62615909545767,0.2395,0.1395,0.0,265.625
2026-05-31 03:28:30,0.0,248.53266473059585,0.2395,0.1395,0.0,265.0642358333333
2026-05-31 03:29:00,0.0,204.21599790603372,0.2395,0.1395,0.0,264.5260416666667
2026-05-31 03:29:30,0.0,215.79145795634372,0.2395,0.1395,0.0,264.0104166666667
2026-05-31 03:30:00,0.0,220.57416471736178,0.234,0.134,0.0,263.4479166666667
2026-05-31 03:30:30,0.0,205.4743614464561,0.234,0.134,0.0,262.8385416666667
2026-05-31 03:31:00,0.0,250.9891481971923,0.234,0.134,0.0,262.265625
2026-05-31 03:31:30,0.0,191.07718423518548,0.234,0.134,0.0,261.7291666666667
2026-05-31 03:32:00,0.0,174.3351779156282,0.234,0.134,0.0,261.1458333333333
2026-05-31 03:32:30,0.0,159.8089601029676,0.234,0.134,0.0,260.515625
2026-05-31 03:33:00,0.0,244.07791368175862,0.234,0.134,0.0,259.9635416666667
2026-05-31 03:33:30,0.0,199.95987837279648,0.234,0.134,0.0,259.3229166666667
2026-05-31 03:34:00,0.0,262.3989613155134,0.234,0.134,0.0,258.71875
2026-05-31 03:34:30,0.0,290.3305881551919,0.234,0.134,0.0,258.1510416666667
2026-05-31 03:35:00,0.0,206.59597393729715,0.234,0.134,0.0,257.59479166666665
2026-05-31 03:35:30,0.0,252.06897376692928,0.234,0.134,0.0,257.05
2026-05-31 03:36:00,0.0,292.16245696740566,0.234,0.134,0.0,256.51666666666665
2026-05-31 03:36:30,0.0,276.9644656748261,0.234,0.134,0.0,256.0833333333333
2026-05-31 03:37:00,0.0,298.9487801667193,0.234,0.134,0.0,255.58333333333334
2026-05-31 03:37:30,0.0,285.12810164190023,0.234,0.134,0.0,255.11111083333333
2026-05-31 03:38:00,0.0,243.75342244465202,0.234,0.134,0.0,254.55555583333336
2026-05-31 03:38:30,0.0,247.19909870049008,0.234,0.134,0.0,253.91666666666666
2026-05-31 03:39:00,0.0,195.274335065135,0.234,0.134,0.0,253.27777749999998
2026-05-31 03:39:30,0.0,272.32888404048464,0.234,0.134,0.0,253.33333333333334
2026-05-31 03:40:00,0.0,272.29094474022816,0.234,0.134,0.0,253.33333333333334
2026-05-31 03:40:30,0.0,286.08695171730375,0.234,0.134,0.0,253.23958333333334
2026-05-31 03:41:00,0.0,151.55597306107416,0.234,0.134,0.0,253.05208333333334
2026-05-31 03:41:30,0.0,293.24452441030223,0.234,0.134,0.0,252.9375
2026-05-31 03:42:00,0.0,196.58844838152118,0.234,0.134,0.0,252.82175916666665
2026-05-31 03:42:30,0.0,154.25568017428753,0.234,0.134,0.0,252.70486083333333
2026-05-31 03:43:00,0.0,279.1933818581268,0.234,0.134,0.0,252.586805
2026-05-31 03:43:30,0.0,176.54948073100945,0.234,0.134,0.0,252.46759166666666
2026-05-31 03:44:00,0.0,155.14537073501424,0.234,0.134,0.0,252.34722166666668
2026-05-31 03:44:30,0.0,219.4420188687954,0.234,0.134,0.0,252.48611083333333
2026-05-31 03:45:00,0.0,229.93610717906608,0.2371,0.1371,0.0,252.88425916666665
2026-05-31 03:45:30,0.0,213.83101642406098,0.2371,0.1371,0.0,253.54166666666666
2026-05-31 03:46:00,0.0,216.15415026546725,0.2371,0.1371,0.0,254.23611083333333
2026-05-31 03:46:30,0.0,290.8629499632394,0.2371,0.1371,0.0,254.875
2026-05-31 03:47:00,0.0,253.07857934537253,0.2371,0.1371,0.0,255.45833333333334
2026-05-31 03:47:30,0.0,183.00652788821589,0.2371,0.1371,0.0,255.875
2026-05-31 03:48:00,0.0,181.1593197760339,0.2371,0.1371,0.0,256.238095
2026-05-31 03:48:30,0.0,279.6016125972865,0.2371,0.1371,0.0,256.54761916666666
2026-05-31 03:49:00,0.0,249.67942268655742,0.2371,0.1371,0.0,256.87301583333334
2026-05-31 03:49:30,0.0,175.55855452817497,0.2371,0.1371,0.0,257.21428583333335
2026-05-31 03:50:00,0.0,293.82312918872685,0.2371,0.1371,0.0,257.57142833333336
2026-05-31 03:50:30,0.0,210.23910046038063,0.2371,0.1371,0.0,257.875
2026-05-31 03:51:00,0.0,227.97416166877628,0.2371,0.1371,0.0,258.125
2026-05-31 03:51:30,0.0,236.94703187733214,0.2371,0.1371,0.0,258.5416666666667
2026-05-31 03:52:00,0.0,282.63999524738375,0.2371,0.1371,0.0,258.8888891666667
2026-05-31 03:52:30,0.0,167.16480602959533,0.2371,0.1371,0.0,259.1666666666667
2026-05-31 03:53:00,0.0,200.2053396078864,0.2371,0.1371,0.0,259.5
2026-05-31 03:53:30,0.0,251.65034312647794,0.2371,0.1371,0.0,260.0
2026-05-31 03:54:00,0.0,269.4248146070976,0.2371,0.1371,0.0,260.425
2026-05-31 03:54:30,0.0,253.80978111697962,0.2371,0.1371,0.0,260.83055583333334
2026-05-31 03:55:00,0.0,253.06050884466123,0.2371,0.1371,0.0,261.21666666666664
2026-05-31 03:55:30,0.0,158.9821019543897,0.2371,0.1371,0.0,261.5833333333333
2026-05-31 03:56:00,0.0,183.7681006414134,0.2371,0.1371,0.0,262.0416666666667
2026-05-31 03:56:30,0.0,264.3679461837663,0.2371,0.1371,0.0,262.425
2026-05-31 03:57:00,0.0,219.82597699576195,0.2371,0.1371,0.0,262.9
2026-05-31 03:57:30,0.0,156.52401737635392,0.2371,0.1371,0.0,263.35555583333337
2026-05-31 03:58:00,0.0,215.78963953544806,0.2371,0.1371,0.0,263.7916666666667
2026-05-31 03:58:30,0.0,290.79759740063935,0.2371,0.1371,0.0,264.2083333333333
2026-05-31 03:59:00,0.0,159.29904781332942,0.2371,0.1371,0.0,264.125
2026-05-31 03:59:30,0.0,190.98513997522147,0.2371,0.1371,0.0,264.2083333333333
2026-05-31 04:00:00,0.0,218.00735085894343,0.2382,0.1382,0.0,264.19444416666664
2026-05-31 04:00:30,0.0,231.92289207499027,0.2382,0.1382,0.0,264.0833333333333
2026-05-31 04:01:00,0.0,206.3680357901444,0.2382,0.1382,0.0,264.0416666666667
2026-05-31 04:01:30,0.0,224.76213218023386,0.2382,0.1382,0.0,264.06944416666664
2026-05-31 04:02:00,0.0,246.31338509006488,0.2382,0.1382,0.0,264.1666666666667
2026-05-31 04:02:30,0.0,189.44174028266588,0.2382,0.1382,0.0,264.2222225
2026-05-31 04:03:00,0.0,221.45084449509014,0.2382,0.1382,0.0,264.2361108333333
2026-05-31 04:03:30,0.0,170.4953417608457,0.2382,0.1382,0.0,264.2083333333333
2026-05-31 04:04:00,0.0,286.46006843587725,0.2382,0.1382,0.0,264.25
2026-05-31 04:04:30,0.0,249.04300622624837,0.2382,0.1382,0.0,264.2713675
2026-05-31 04:05:00,0.0,255.68454252713155,0.2382,0.1382,0.0,264.2724358333333
2026-05-31 04:05:30,0.0,204.87178534085854,0.2382,0.1382,0.0,264.25320500000004
2026-05-31 04:06:00,0.0,160.78655241607356,0.2382,0.1382,0.0,264.3108975
2026-05-31 04:06:30,0.0,203.365303847909,0.2382,0.1382,0.0,264.3344016666667
2026-05-31 04:07:00,0.0,236.27198392562366,0.2382,0.1382,0.0,264.3237175
2026-05-31 04:07:30,0.0,162.76551856012435,0.2382,0.1382,0.0,264.2788458333333
2026-05-31 04:08:00,0.0,294.5957944458304,0.2382,0.1382,0.0,264.2692308333333
2026-05-31 04:08:30,0.0,269.11919285531224,0.2382,0.1382,0.0,264.29487166666667
2026-05-31 04:09:00,0.0,282.17905239046434,0.2382,0.1382,0.0,264.2724358333333
2026-05-31 04:09:30,0.0,198.3852057605987,0.2382,0.1382,0.0,264.20192333333335
2026-05-31 04:10:00,0.0,162.9391814346154,0.2382,0.1382,0.0,264.2083333333333
2026-05-31 04:10:30,0.0,270.9379056519132,0.2382,0.1382,0.0,264.125
2026-05-31 04:11:00,0.0,170.16654629127163,0.2382,0.1382,0.0,264.2083333333333
2026-05-31 04:11:30,0.0,266.19540837555957,0.2382,0.1382,0.0,264.2291666666667
2026-05-31 04:12:00,0.0,251.30509815973198,0.2382,0.1382,0.0,264.2986108333333
2026-05-31 04:12:30,0.0,235.62861557809953,0.2382,0.1382,0.0,264.4166666666667
2026-05-31 04:13:00,0.0,156.96523766565966,0.2382,0.1382,0.0,264.5833333333333
2026-05-31 04:13:30,0.0,211.87145436005036,0.2382,0.1382,0.0,264.5833333333333
2026-05-31 04:14:00,0.0,187.86642001912907,0.2382,0.1382,0.0,264.56125333333335
2026-05-31 04:14:30,0.0,234.83272298395767,0.2382,0.1382,0.0,264.5170941666667
2026-05-31 04:15:00,0.0,184.50224855185823,0.2373,0.1373,0.0,264.450855
2026-05-31 04:15:30,0.0,262.83973374030506,0.2373,0.1373,0.0,264.36253666666664
2026-05-31 04:16:00,0.0,219.6305175937891,0.2373,0.1373,0.0,264.2521375
2026-05-31 04:16:30,0.0,233.34857351835927,0.2373,0.1373,0.0,264.11965833333335
2026-05-31 04:17:00,0.0,201.40257175058687,0.2373,0.1373,0.0,263.9651
2026-05-31 04:17:30,0.0,190.03768564989005,0.2373,0.1373,0.0,263.78846166666665
2026-05-31 04:18:00,0.0,240.03086372175142,0.2373,0.1373,0.0,263.58974333333333
2026-05-31 04:18:30,0.0,295.18027160268514,0.2373,0.1373,0.0,263.46153833333335
2026-05-31 04:19:00,0.0,232.84971158942147,0.2373,0.1373,0.0,263.4038458333333
2026-05-31 04:19:30,0.0,165.49795557078497,0.2373,0.1373,0.0,263.25
2026-05-31 04:20:00,0.0,155.26111132752146,0.2373,0.1373,0.0,263.05555583333336
2026-05-31 04:20:30,0.0,200.47016455674148,0.2373,0.1373,0.0,262.75
2026-05-31 04:21:00,0.0,255.46412774799114,0.2373,0.1373,0.0,262.5
2026-05-31 04:21:30,0.0,253.76722313866742,0.2373,0.1373,0.0,262.2916666666667
2026-05-31 04:22:00,0.0,170.90494351035477,0.2373,0.1373,0.0,261.9583333333333
2026-05-31 04:22:30,0.0,203.45302851353878,0.2373,0.1373,0.0,261.875
2026-05-31 04:23:00,0.0,178.2285281318411,0.2373,0.1373,0.0,261.5416666666667
2026-05-31 04:23:30,0.0,261.5557324033241,0.2373,0.1373,0.0,261.375
2026-05-31 04:24:00,0.0,274.1764085020099,0.2373,0.1373,0.0,261.2361108333333
2026-05-31 04:24:30,0.0,284.5700935545403,0.2373,0.1373,0.0,261.125
2026-05-31 04:25:00,0.0,252.18508123530836,0.2373,0.1373,0.0,260.9166666666667
2026-05-31 04:25:30,0.0,172.18233452653308,0.2373,0.1373,0.0,260.7152775
2026-05-31 04:26:00,0.0,165.6670857055564,0.2373,0.1373,0.0,260.5208333333333
2026-05-31 04:26:30,0.0,179.9847896555486,0.2373,0.1373,0.0,260.3333333333333
2026-05-31 04:27:00,0.0,237.20470351161794,0.2373,0.1373,0.0,260.25
2026-05-31 04:27:30,0.0,287.8145405351108,0.2373,0.1373,0.0,260.05555583333336
2026-05-31 04:28:00,0.0,234.0919555182886,0.2373,0.1373,0.0,259.9166666666667
2026-05-31 04:28:30,0.0,283.30438507936753,0.2373,0.1373,0.0,259.7222225
2026-05-31 04:29:00,0.0,192.87156485494674,0.2373,0.1373,0.0,259.5416666666667
2026-05-31 04:29:30,0.0,173.82784204315357,0.2373,0.1373,0.0,259.375
2026-05-31 04:30:00,0.0,204.92454714854168,0.245,0.145,0.0,259.1666666666667
2026-05-31 04:30:30,0.0,224.18847911783755,0.245,0.145,0.0,259.0277775
2026-05-31 04:31:00,0.0,242.1083855037333,0.245,0.145,0.0,258.875
2026-05-31 04:31:30,0.0,202.93368617070936,0.245,0.145,0.0,258.7083333333333
2026-05-31 04:32:00,0.0,162.0034490569115,0.245,0.145,0.0,258.5
2026-05-31 04:32:30,0.0,270.17544260518207,0.245,0.145,0.0,258.35
2026-05-31 04:33:00,0.0,232.82615964558855,0.245,0.145,0.0,258.1333333333333
2026-05-31 04:33:30,0.0,279.2549879910994,0.245,0.145,0.0,258.01666666666665
2026-05-31 04:34:00,0.0,208.75290535932962,0.245,0.145,0.0,257.875
2026-05-31 04:34:30,0.0,195.8734499296513,0.245,0.145,0.0,257.7083333333333
2026-05-31 04:35:00,0.0,268.78418610093433,0.245,0.145,0.0,257.44166666666666
2026-05-31 04:35:30,0.0,277.2612041345046,0.245,0.145,0.0,257.2416666666667
2026-05-31 04:36:00,0.0,178.01104642116553,0.245,0.145,0.0,256.98333333333335
2026-05-31 04:36:30,0.0,186.45677502144875,0.245,0.145,0.0,256.6666666666667
2026-05-31 04:37:00,0.0,162.80842517225858,0.245,0.145,0.0,256.3452383333333
2026-05-31 04:37:30,0.0,238.0440378460142,0.245,0.145,0.0,255.95238083333334
2026-05-31 04:38:00,0.0,299.0433713294483,0.245,0.145,0.0,255.59920583333331
2026-05-31 04:38:30,0.0,222.75096722319978,0.245,0.145,0.0,255.28571416666668
2026-05-31 04:39:00,0.0,262.7448101845814,0.245,0.145,0.0,255.01190499999998
2026-05-31 04:39:30,0.0,171.5998994747069,0.245,0.145,0.0,254.08333333333334
2026-05-31 04:40:00,0.0,169.4185049860051,0.245,0.145,0.0,253.25
2026-05-31 04:40:30,0.0,162.34754245034955,0.245,0.145,0.0,252.45833333333334
2026-05-31 04:41:00,0.0,187.7509371727516,0.245,0.145,0.0,251.70833333333334
2026-05-31 04:41:30,0.0,201.89444674222077,0.245,0.145,0.0,250.90277749999998
2026-05-31 04:42:00,0.0,253.68292473581454,0.245,0.145,0.0,250.11574083333335
2026-05-31 04:42:30,0.0,259.4515943193202,0.245,0.145,0.0,249.34722250000002
2026-05-31 04:43:00,0.0,184.04451773849814,0.245,0.145,0.0,248.48611166666666
2026-05-31 04:43:30,0.0,219.8655943684821,0.245,0.145,0.0,247.62963083333335
2026-05-31 04:44:00,0.0,223.56661378509426,0.245,0.145,0.0,246.77777833333332
2026-05-31 04:44:30,0.0,260.8374883446675,0.245,0.145,0.0,245.93055583333336
2026-05-31 04:45:00,0.0,217.68486756471333,0.2359,0.1359,0.0,245.08796333333336
2026-05-31 04:45:30,0.0,256.73075732897803,0.2359,0.1359,0.0,244.25
2026-05-31 04:46:00,0.0,195.59055604803433,0.2359,0.1359,0.0,243.41666666666666
2026-05-31 04:46:30,0.0,219.71511256119197,0.2359,0.1359,0.0,242.6875
2026-05-31 04:47:00,0.0,159.14614412037352,0.2359,0.1359,0.0,242.0625
2026-05-31 04:47:30,0.0,181.10964354680655,0.2359,0.1359,0.0,241.54166666666666
2026-05-31 04:48:00,0.0,286.7869713064978,0.2359,0.1359,0.0,241.08333333333334
2026-05-31 04:48:30,0.0,189.55671176161349,0.2359,0.1359,0.0,240.58333333333334
2026-05-31 04:49:00,0.0,298.2248168563725,0.2359,0.1359,0.0,240.0888891666667
2026-05-31 04:49:30,0.0,172.89925311553748,0.2359,0.1359,0.0,239.6
2026-05-31 04:50:00,0.0,244.55744686131874,0.2359,0.1359,0.0,239.11666666666667
2026-05-31 04:50:30,0.0,194.40521015938447,0.2359,0.1359,0.0,238.70833333333334
2026-05-31 04:51:00,0.0,235.59717922145455,0.2359,0.1359,0.0,238.375
2026-05-31 04:51:30,0.0,244.05380962310068,0.2359,0.1359,0.0,238.0
2026-05-31 04:52:00,0.0,280.6739610493083,0.2359,0.1359,0.0,237.70833333333334
2026-05-31 04:52:30,0.0,215.30340702585886,0.2359,0.1359,0.0,237.5
2026-05-31 04:53:00,0.0,241.329281294616,0.2359,0.1359,0.0,237.25
2026-05-31 04:53:30,0.0,284.5974363919704,0.2359,0.1359,0.0,236.92083333333332
2026-05-31 04:54:00,0.0,178.8461575633853,0.2359,0.1359,0.0,236.67916666666667
2026-05-31 04:54:30,0.0,195.22603478705952,0.2359,0.1359,0.0,237.04027749999997
2026-05-31 04:55:00,0.0,215.59509728905726,0.2359,0.1359,0.0,237.34583333333333
2026-05-31 04:55:30,0.0,166.56086505947485,0.2359,0.1359,0.0,237.7625
2026-05-31 04:56:00,0.0,199.58638755561154,0.2359,0.1359,0.0,238.0125
2026-05-31 04:56:30,0.0,176.46679060339852,0.2359,0.1359,0.0,238.17916666666667
2026-05-31 04:57:00,0.0,239.27221360730942,0.2359,0.1359,0.0,238.09583333333333
2026-05-31 04:57:30,0.0,220.42751630501198,0.2359,0.1359,0.0,238.0125
2026-05-31 04:58:00,0.0,241.033962856675,0.2359,0.1359,0.0,237.92916666666667
2026-05-31 04:58:30,0.0,164.70769639921585,0.2359,0.1359,0.0,237.84583333333333
2026-05-31 04:59:00,0.0,164.14303200578388,0.2359,0.1359,0.0,238.2625
2026-05-31 04:59:30,0.0,286.4396076075027,0.2359,0.1359,0.0,238.62361083333332
2026-05-31 05:00:00,0.0,243.49105368123543,0.2397,0.1397,0.0,239.0263891666667
2026-05-31 05:00:30,0.0,153.16216212407494,0.2397,0.1397,0.0,239.47083333333333
2026-05-31 05:01:00,0.0,256.8123101603238,0.2397,0.1397,0.0,239.84583333333333
2026-05-31 05:01:30,0.0,215.2803733490636,0.2397,0.1397,0.0,240.20694500000002
2026-05-31 05:02:00,0.0,254.64098901524375,0.2397,0.1397,0.0,240.55416666666667
2026-05-31 05:02:30,0.0,242.84322104742535,0.2397,0.1397,0.0,240.8875
2026-05-31 05:03:00,0.0,163.68609308063276,0.2397,0.1397,0.0,241.31805583333335
2026-05-31 05:03:30,0.0,290.4703782469404,0.2397,0.1397,0.0,241.67916666666667
2026-05-31 05:04:00,0.0,241.602238599511,0.2397,0.1397,0.0,242.1375
2026-05-31 05:04:30,0.0,164.26019851674275,0.2397,0.1397,0.0,242.5888891666667
2026-05-31 05:05:00,0.0,296.6863340871621,0.2397,0.1397,0.0,243.03333333333333
2026-05-31 05:05:30,0.0,179.12992220067878,0.2397,0.1397,0.0,243.47083333333333
2026-05-31 05:06:00,0.0,219.82436979602522,0.2397,0.1397,0.0,243.80416666666667
2026-05-31 05:06:30,0.0,217.58857330108765,0.2397,0.1397,0.0,244.24861083333332
2026-05-31 05:07:00,0.0,183.0504930724498,0.2397,0.1397,0.0,244.6375
2026-05-31 05:07:30,0.0,238.9527805792294,0.2397,0.1397,0.0,245.1375
2026-05-31 05:08:00,0.0,195.6929917964866,0.2397,0.1397,0.0,245.5125
2026-05-31 05:08:30,0.0,291.6030074965547,0.2397,0.1397,0.0,245.8875
2026-05-31 05:09:00,0.0,196.49495570834344,0.2397,0.1397,0.0,246.34583333333333
2026-05-31 05:09:30,0.0,288.6318115774732,0.2397,0.1397,0.0,246.7625
2026-05-31 05:10:00,0.0,191.19891227634747,0.2397,0.1397,0.0,247.17916666666667
2026-05-31 05:10:30,0.0,291.4437283385987,0.2397,0.1397,0.0,247.09583333333333
2026-05-31 05:11:00,0.0,250.5105996687165,0.2397,0.1397,0.0,247.5125
2026-05-31 05:11:30,0.0,211.28697948624483,0.2397,0.1397,0.0,247.99166666666667
2026-05-31 05:12:00,0.0,169.67274920459593,0.2397,0.1397,0.0,248.4222225
2026-05-31 05:12:30,0.0,222.72242849273619,0.2397,0.1397,0.0,248.80416666666667
2026-05-31 05:13:00,0.0,252.85945082301058,0.2397,0.1397,0.0,249.1375
2026-05-31 05:13:30,0.0,198.56831815571738,0.2397,0.1397,0.0,249.30416666666667
2026-05-31 05:14:00,0.0,278.8438449801895,0.2397,0.1397,0.0,249.23009249999998
2026-05-31 05:14:30,0.0,182.60579728896963,0.2397,0.1397,0.0,249.20694416666666
2026-05-31 05:15:00,0.0,223.08463823692594,0.2341,0.1341,0.0,249.23472166666667
2026-05-31 05:15:30,0.0,189.80811883745778,0.2341,0.1341,0.0,248.77175833333334
2026-05-31 05:16:00,0.0,269.9190810041163,0.2341,0.1341,0.0,248.81805500000002
2026-05-31 05:16:30,0.0,280.1094015696309,0.2341,0.1341,0.0,248.8875
2026-05-31 05:17:00,0.0,233.57042586316743,0.2341,0.1341,0.0,248.98009249999998
2026-05-31 05:17:30,0.0,179.6906739998056,0.2341,0.1341,0.0,249.09583333333333
2026-05-31 05:18:00,0.0,169.43619444085024,0.2341,0.1341,0.0,249.2347225
2026-05-31 05:18:30,0.0,209.73084881247797,0.2341,0.1341,0.0,249.30416666666667
2026-05-31 05:19:00,0.0,225.03720225203642,0.2341,0.1341,0.0,249.30416666666667
2026-05-31 05:19:30,0.0,241.57242497229709,0.2341,0.1341,0.0,249.30416666666667
2026-05-31 05:20:00,0.0,220.01351945803523,0.2341,0.1341,0.0,249.5263883333333
2026-05-31 05:20:30,0.0,249.38411367255082,0.2341,0.1341,0.0,249.97083333333333
2026-05-31 05:21:00,0.0,290.248629646991,0.2341,0.1341,0.0,250.6375
2026-05-31 05:21:30,0.0,222.8517990725847,0.2341,0.1341,0.0,250.97083333333333
2026-05-31 05:22:00,0.0,189.21980167638597,0.2341,0.1341,0.0,251.33194416666666
2026-05-31 05:22:30,0.0,189.67995512364365,0.2341,0.1341,0.0,251.47083333333333
2026-05-31 05:23:00,0.0,160.55295168621421,0.2341,0.1341,0.0,251.72083333333333
2026-05-31 05:23:30,0.0,153.09255188399888,0.2341,0.1341,0.0,251.80416666666667
2026-05-31 05:24:00,0.0,220.09969310991443,0.2341,0.1341,0.0,251.9847225
2026-05-31 05:24:30,0.0,159.26221671112657,0.2341,0.1341,0.0,252.22083333333333
2026-05-31 05:25:00,0.0,279.8598349751686,0.2341,0.1341,0.0,252.5125
2026-05-31 05:25:30,0.0,191.86008830986748,0.2341,0.1341,0.0,252.94305583333335
2026-05-31 05:26:00,0.0,151.29680789648407,0.2341,0.1341,0.0,253.5125
2026-05-31 05:26:30,0.0,284.5412818876178,0.2341,0.1341,0.0,253.67916666666667
2026-05-31 05:27:00,0.0,226.55827316973563,0.2341,0.1341,0.0,253.72083333333333
2026-05-31 05:27:30,0.0,262.44900790516294,0.2341,0.1341,0.0,253.74861083333332
2026-05-31 05:28:00,0.0,213.80504173686572,0.2341,0.1341,0.0,254.22083333333333
2026-05-31 05:28:30,0.0,255.73216240417048,0.2341,0.1341,0.0,254.8875
2026-05-31 05:29:00,0.0,239.87363988292782,0.2341,0.1341,0.0,255.92916666666667
2026-05-31 05:29:30,0.0,152.3069628983253,0.2341,0.1341,0.0,257.09583333333336
2026-05-31 05:30:00,0.0,171.5753974647936,0.2327,0.1327,0.0,258.3875
2026-05-31 05:30:30,0.0,275.76830385814975,0.2327,0.1327,0.0,259.69305583333335
2026-05-31 05:31:00,0.0,260.7385877641416,0.2327,0.1327,0.0,262.3041666666667
2026-05-31 05:31:30,0.0,292.2809664664014,0.2327,0.1327,0.0,269.72083333333336
2026-05-31 05:32:00,0.0,175.88879400900694,0.2327,0.1327,0.0,274.47083333333336
2026-05-31 05:32:30,0.0,245.1627352929202,0.2327,0.1327,21.2136,282.87083333333334
2026-05-31 05:33:00,0.0,217.94958535399792,0.2327,0.1327,24.8129,292.17083333333335
2026-05-31 05:33:30,0.0,275.3521680876541,0.2327,0.1327,28.4069,301.5375
2026-05-31 05:34:00,0.0,223.29842572461405,0.2327,0.1327,31.9953,311.22083333333336
2026-05-31 05:34:30,0.0,203.43605589434677,0.2327,0.1327,35.578,321.72083333333336
2026-05-31 05:35:00,0.0,187.42449529719903,0.2327,0.1327,39.1547,332.97083333333336
2026-05-31 05:35:30,0.0,150.2277544957915,0.2327,0.1327,42.7252,344.34583333333336
2026-05-31 05:36:00,0.0,229.74502995415966,0.2327,0.1327,46.2894,355.97083333333336
2026-05-31 05:36:30,0.0,298.85684993822787,0.2327,0.1327,49.8471,368.22083333333336
2026-05-31 05:37:00,0.0,247.69460346788122,0.2327,0.1327,53.3979,381.12559500000003
2026-05-31 05:37:30,0.0,293.7235118362067,0.2327,0.1327,56.9419,394.43511916666665
2026-05-31 05:38:00,0.0,179.54483930521394,0.2327,0.1327,60.4787,408.0660716666667
2026-05-31 05:38:30,0.0,260.4935600663552,0.2327,0.1327,64.0081,422.35178583333334
2026-05-31 05:39:00,0.0,220.87532787788234,0.2327,0.1327,67.53,437.20892833333335
2026-05-31 05:39:30,0.0,233.74080605279747,0.2327,0.1327,71.0442,452.8875
2026-05-31 05:40:00,0.0,197.99924085395892,0.2327,0.1327,74.5504,468.97083333333336
2026-05-31 05:40:30,0.0,285.27514074789656,0.2327,0.1327,78.0484,485.84583333333336
2026-05-31 05:41:00,0.0,178.82543308595194,0.2327,0.1327,81.5381,502.9291666666667
2026-05-31 05:41:30,0.0,211.00272271240075,0.2327,0.1327,85.0193,520.9847225
2026-05-31 05:42:00,0.0,225.8651743980054,0.2327,0.1327,88.4918,539.2625
2026-05-31 05:42:30,0.0,201.4437591957937,0.2327,0.1327,91.9552,558.2625
2026-05-31 05:43:00,0.0,269.61472221068703,0.2327,0.1327,95.4096,577.7625
2026-05-31 05:43:30,0.0,279.3215638910058,0.2327,0.1327,98.8546,598.2486108333334
2026-05-31 05:44:00,0.0,291.64660729487025,0.2327,0.1327,102.2901,618.8875
2026-05-31 05:44:30,0.0,249.21404888326632,0.2327,0.1327,105.7158,640.6791666666667
2026-05-31 05:45:00,0.0,247.49918712354335,0.2245,0.1245,109.1317,662.7069441666666
2026-05-31 05:45:30,0.0,186.26898738907983,0.2245,0.1245,112.5373,685.8875
2026-05-31 05:46:00,0.0,241.2283479150245,0.2245,0.1245,115.9327,709.6375
2026-05-31 05:46:30,0.0,241.97216923756892,0.2245,0.1245,119.3175,734.2833333333333
2026-05-31 05:47:00,0.0,163.81528850876518,0.2245,0.1245,122.6916,759.575
2026-05-31 05:47:30,0.0,286.7795254070144,0.2245,0.1245,126.0547,785.5125
2026-05-31 05:48:00,0.0,212.19860794698275,0.2245,0.1245,129.4068,811.6791666666667
2026-05-31 05:48:30,0.0,194.65398523565662,0.2245,0.1245,132.7475,838.1791666666667
2026-05-31 05:49:00,0.0,166.3726045389901,0.2245,0.1245,136.0766,864.8125
2026-05-31 05:49:30,0.0,228.0934890265872,0.2245,0.1245,139.3941,891.8291666666667
2026-05-31 05:50:00,0.0,154.37646288158228,0.2245,0.1245,142.6996,918.9791666666666
2026-05-31 05:50:30,0.0,219.1040580146231,0.2245,0.1245,145.993,946.2625
2026-05-31 05:51:00,0.0,260.21807429498887,0.2245,0.1245,149.2741,973.6375
2026-05-31 05:51:30,0.0,232.4553649542095,0.2245,0.1245,152.5427,1001.0958333333333
2026-05-31 05:52:00,0.0,220.4999473169011,0.2245,0.1245,155.7985,1028.5958333333333
2026-05-31 05:52:30,0.0,229.3978441859078,0.2245,0.1245,159.0415,1056.3041666666666
2026-05-31 05:53:00,0.0,278.1508220386039,0.2245,0.1245,162.2713,1084.1375
2026-05-31 05:53:30,0.0,209.59613504997364,0.2245,0.1245,165.4878,1112.05
2026-05-31 05:54:00,0.0,273.3277053216794,0.2245,0.1245,168.6907,1140.125
2026-05-31 05:54:30,0.0,170.2129768637351,0.2245,0.1245,171.88,1167.7916666666667
2026-05-31 05:55:00,0.0,195.7959494092312,0.2245,0.1245,175.0554,1196.0416666666667
2026-05-31 05:55:30,0.0,241.19989218169565,0.2245,0.1245,178.2166,1224.2916666666667
2026-05-31 05:56:00,0.0,256.7771106490709,0.2245,0.1245,181.3636,1252.7083333333333
2026-05-31 05:56:30,0.0,205.74699368372168,0.2245,0.1245,184.496,1281.375
2026-05-31 05:57:00,0.0,185.05806459211124,0.2245,0.1245,187.6137,1310.4583333333333
2026-05-31 05:57:30,25.0,281.489839170667,0.2245,0.1245,190.7165,1339.8194441666667
2026-05-31 05:58:00,26.0,262.9772774689158,0.2245,0.1245,193.8042,1369.4583333333333
2026-05-31 05:58:30,27.0,211.86292540736204,0.2245,0.1245,196.8766,1399.375
2026-05-31 05:59:00,28.0,293.38498878327744,0.2245,0.1245,199.9335,1429.125
2026-05-31 05:59:30,29.0,157.0922983243406,0.2245,0.1245,202.9747,1458.9305558333333
2026-05-31 06:00:00,29.1667,218.17500818122068,0.229,0.129,206.0,1488.7916666666667
2026-05-31 06:00:30,29.3333,201.77255405118785,0.229,0.129,209.0119,1518.9583333333333
2026-05-31 06:01:00,29.5,282.91626736410274,0.229,0.129,212.0132,1546.9583333333333
2026-05-31 06:01:30,29.6667,193.87894382372104,0.229,0.129,215.004,1575.0694441666667
2026-05-31 06:02:00,29.8333,151.8902501156456,0.229,0.129,217.9844,1603.2916666666667
2026-05-31 06:02:30,30.0,204.92431921602093,0.229,0.129,220.9545,1600.9583333333333
2026-05-31 06:03:00,31.0,246.9516412408143,0.229,0.129,223.9144,1600.7083333333333
2026-05-31 06:03:30,39.0,194.1134741452996,0.229,0.129,226.8643,1600.0416666666667
2026-05-31 06:04:00,47.0,258.4257922153683,0.229,0.129,229.8043,1599.4583333333333
2026-05-31 06:04:30,55.0,269.9626635180837,0.229,0.129,232.7345,1598.8125
2026-05-31 06:05:00,53.0,294.57998566720187,0.229,0.129,235.655,1598.2708333333333
2026-05-31 06:05:30,83.0,232.23146794683328,0.229,0.129,238.566,1597.7291666666667
2026-05-31 06:06:00,84.0,282.4955729475969,0.229,0.129,241.4675,1597.1875
2026-05-31 06:06:30,83.0,193.127293204679,0.229,0.129,244.3597,1596.5416666666667
2026-05-31 06:07:00,86.0,278.51238021112226,0.229,0.129,247.2427,1595.9583333333333
2026-05-31 06:07:30,86.5,186.49618358363944,0.229,0.129,250.1166,1595.4791666666667
2026-05-31 06:08:00,87.0,240.11593272005132,0.229,0.129,252.9816,1595.2708333333333
2026-05-31 06:08:30,86.0,219.09476382277893,0.229,0.129,255.8377,1595.2083333333333
2026-05-31 06:09:00,88.0,249.32149912692608,0.229,0.129,258.6851,1595.2916666666667
2026-05-31 06:09:30,97.3333,251.66841380474312,0.229,0.129,261.5239,1595.5
2026-05-31 06:10:00,106.6667,228.90351501996074,0.229,0.129,264.3541,1595.6666666666667
2026-05-31 06:10:30,116.0,214.75194181443416,0.229,0.129,267.1761,1596.1666666666667
2026-05-31 06:11:00,102.5,218.25217039030414,0.229,0.129,269.9897,1596.0
2026-05-31 06:11:30,89.0,277.1942157594889,0.229,0.129,272.7953,1595.7708333333333
2026-05-31 06:12:00,119.0,189.48415664322852,0.229,0.129,275.5928,1595.7291666666667
2026-05-31 06:12:30,118.0,181.75751963257403,0.229,0.129,278.3825,1595.4583333333333
2026-05-31 06:13:00,116.0,150.73762052483337,0.229,0.129,281.1643,1595.2916666666667
2026-05-31 06:13:30,145.0,183.67277208314178,0.229,0.129,283.9386,1595.4166666666667
2026-05-31 06:14:00,119.0,215.58076971951613,0.229,0.129,286.7053,1595.8333333333333
2026-05-31 06:14:30,153.0,296.4300668247013,0.229,0.129,289.4645,1595.9583333333333
2026-05-31 06:15:00,152.0,237.08293723478496,0.2274,0.1274,292.2165,1596.375
2026-05-31 06:15:30,147.0,213.6300178161664,0.2274,0.1274,294.9613,1597.2083333333333
2026-05-31 06:16:00,146.0,287.626402156435,0.2274,0.1274,297.6991,1597.4583333333333
2026-05-31 06:16:30,157.0,281.5922890461467,0.2274,0.1274,300.4299,1597.8611108333332
2026-05-31 06:17:00,159.0,295.97378580507274,0.2274,0.1274,303.1539,1598.0
2026-05-31 06:17:30,161.0,276.54581466292433,0.2274,0.1274,305.8712,1598.1666666666667
2026-05-31 06:18:00,193.0,210.2269156062375,0.2274,0.1274,308.5819,1598.3611108333332
2026-05-31 06:18:30,192.0,178.54933461610193,0.2274,0.1274,311.2862,1598.4583333333333
2026-05-31 06:19:00,193.3333,152.59824693417627,0.2274,0.1274,313.9841,1598.7083333333333
2026-05-31 06:19:30,194.6667,274.51150652733264,0.2274,0.1274,316.6758,1599.125
2026-05-31 06:20:00,196.0,285.3426749392264,0.2274,0.1274,319.3614,1599.1805558333333
2026-05-31 06:20:30,195.0,245.94761116853493,0.2274,0.1274,322.041,1599.125
2026-05-31 06:21:00,192.0,207.45942049777273,0.2274,0.1274,324.7148,1598.9583333333333
2026-05-31 06:21:30,194.0,190.35512574167416,0.2274,0.1274,327.3828,1598.7083333333333
2026-05-31 06:22:00,196.0,214.85883410713842,0.2274,0.1274,330.0452,1598.5805558333334
2026-05-31 06:22:30,201.0,241.94427902097445,0.2274,0.1274,332.7021,1598.575
2026-05-31 06:23:00,200.0,183.8908398675376,0.2274,0.1274,335.3536,1598.6916666666666
2026-05-31 06:23:30,198.0,201.1535905461771,0.2274,0.1274,337.9998,1598.9583333333333
2026-05-31 06:24:00,202.0,275.6051853383625,0.2274,0.1274,340.6409,1599.2083333333333
2026-05-31 06:24:30,234.0,280.07437603402,0.2274,0.1274,343.2769,1599.25
2026-05-31 06:25:00,230.0,257.04920106915415,0.2274,0.1274,345.9081,1599.375
2026-05-31 06:25:30,265.0,158.2325897162175,0.2274,0.1274,348.5344,1599.5
2026-05-31 06:26:00,263.0,196.85481075014093,0.2274,0.1274,351.1561,1599.4166666666667
2026-05-31 06:26:30,266.0,252.59862127712836,0.2274,0.1274,353.7732,1599.7777775
2026-05-31 06:27:00,267.0,288.56451122253054,0.2274,0.1274,356.3859,1600.2083333333333
2026-05-31 06:27:30,266.0,222.9097732279969,0.2274,0.1274,358.9943,1600.7083333333333
2026-05-31 06:28:00,265.0,222.32896594628195,0.2274,0.1274,361.5985,1600.7083333333333
2026-05-31 06:28:30,302.0,240.54802268421273,0.2274,0.1274,364.1986,1599.875
2026-05-31 06:29:00,265.0,189.29471389376994,0.2274,0.1274,366.7948,1598.9583333333333
2026-05-31 06:29:30,280.0,256.5632301634612,0.2274,0.1274,369.3871,1597.75
2026-05-31 06:30:00,295.0,200.83484390948405,0.2165,0.1165,371.9757,1596.375
2026-05-31 06:30:30,264.0,259.9950026459519,0.2165,0.1165,374.5608,1595.0416666666667
2026-05-31 06:31:00,325.0,217.05851670422805,0.2165,0.1165,377.1423,1592.4583333333333
2026-05-31 06:31:30,329.0,249.99128839354074,0.2165,0.1165,379.7205,1585.0
2026-05-31 06:32:00,320.0,259.956629149314,0.2165,0.1165,382.2954,1580.25
2026-05-31 06:32:30,321.0,200.06351280411903,0.2165,0.1165,384.8672,1571.875
2026-05-31 06:33:00,325.0,230.8859517030986,0.2165,0.1165,387.436,1562.625
2026-05-31 06:33:30,330.0,274.71171664791945,0.2165,0.1165,390.0019,1553.2638891666668
2026-05-31 06:34:00,367.0,269.3157670569782,0.2165,0.1165,392.5651,1543.5416666666667
2026-05-31 06:34:30,372.0,288.71318969106653,0.2165,0.1165,395.1256,1532.9583333333333
2026-05-31 06:35:00,383.0,235.9611586492577,0.2165,0.1165,397.6836,1521.7916666666667
2026-05-31 06:35:30,394.0,229.19834285151106,0.2165,0.1165,400.2392,1510.375
2026-05-31 06:36:00,393.0,207.04569534668377,0.2165,0.1165,402.7925,1498.7083333333333
2026-05-31 06:36:30,386.0,233.0748707022426,0.2165,0.1165,405.3437,1486.5416666666667
2026-05-31 06:37:00,388.0,163.8299672250785,0.2165,0.1165,407.8928,1473.6805558333333
2026-05-31 06:37:30,390.0,198.4495776886924,0.2165,0.1165,410.4399,1460.375
2026-05-31 06:38:00,398.0,230.89954331925068,0.2165,0.1165,412.9853,1446.7083333333333
2026-05-31 06:38:30,393.0,217.99308205042243,0.2165,0.1165,415.529,1431.7083333333333
2026-05-31 06:39:00,399.0,216.19802653274905,0.2165,0.1165,418.0711,1415.7916666666667
2026-05-31 06:39:30,428.0,254.20514959998758,0.2165,0.1165,420.6117,1399.2083333333333
2026-05-31 06:40:00,425.0,290.63727986476835,0.2165,0.1165,423.151,1382.4583333333333
2026-05-31 06:40:30,402.0,214.20723928854156,0.2165,0.1165,425.6891,1364.875
2026-05-31 06:41:00,398.0,206.5114624494528,0.2165,0.1165,428.2261,1347.2916666666667
2026-05-31 06:41:30,457.0,290.785651496304,0.2165,0.1165,430.7621,1328.5416666666667
2026-05-31 06:42:00,427.0,169.84548950804174,0.2165,0.1165,433.2973,1309.4166666666667
2026-05-31 06:42:30,456.0,196.50144205792375,0.2165,0.1165,435.8318,1289.4166666666667
2026-05-31 06:43:00,462.0,185.60364016399555,0.2165,0.1165,438.3656,1269.25
2026-05-31 06:43:30,467.0,246.91752637888823,0.2165,0.1165,440.8989,1248.1041666666667
2026-05-31 06:44:00,474.0,227.52353598531894,0.2165,0.1165,443.4319,1226.8125
2026-05-31 06:44:30,469.0,214.99524193255814,0.2165,0.1165,445.9645,1204.375
2026-05-31 06:45:00,459.0,255.76629577874513,0.2125,0.1125,448.4971,1181.7083333333333
2026-05-31 06:45:30,465.0,280.79530492496747,0.2125,0.1125,451.0296,1157.7916666666667
2026-05-31 06:46:00,472.0,170.19882615766483,0.2125,0.1125,453.5622,1132.9583333333333
2026-05-31 06:46:30,511.0,285.3632835622732,0.2125,0.1125,456.0951,1107.2916666666667
2026-05-31 06:47:00,491.0,168.05275387983613,0.2125,0.1125,458.6283,1080.875
2026-05-31 06:47:30,514.0,187.88247791678384,0.2125,0.1125,461.1619,1053.875
2026-05-31 06:48:00,491.0,152.98907108884399,0.2125,0.1125,463.6961,1026.7916666666667
2026-05-31 06:48:30,514.0,277.3781088125987,0.2125,0.1125,466.231,999.4166666666666
2026-05-31 06:49:00,523.0,209.92792674744516,0.2125,0.1125,468.7668,971.8333333333334
2026-05-31 06:49:30,519.0,201.1748873609932,0.2125,0.1125,471.3034,944.0
2026-05-31 06:50:00,518.6667,150.9339224212593,0.2125,0.1125,473.8411,916.0833333333334
2026-05-31 06:50:30,518.3333,178.11747063279267,0.2125,0.1125,476.38,887.8333333333334
2026-05-31 06:51:00,518.0,292.56005848607936,0.2125,0.1125,478.9202,859.2916666666666
2026-05-31 06:51:30,551.0,155.9562618993487,0.2125,0.1125,481.4618,830.5416666666666
2026-05-31 06:52:00,518.0,232.87939297850465,0.2125,0.1125,484.0049,801.75
2026-05-31 06:52:30,540.0,283.70574666401785,0.2125,0.1125,486.5496,772.75
2026-05-31 06:53:00,583.0,196.56490971411705,0.2125,0.1125,489.0962,743.625
2026-05-31 06:53:30,549.0,186.21919297728425,0.2125,0.1125,491.6446,714.4583333333334
2026-05-31 06:54:00,566.0,283.37583675312715,0.2125,0.1125,494.195,685.0972225
2026-05-31 06:54:30,583.0,189.75429485346882,0.2125,0.1125,496.7476,655.5416666666666
2026-05-31 06:55:00,616.0,175.8414209730866,0.2125,0.1125,499.3024,625.4583333333334
2026-05-31 06:55:30,589.0,166.22590278623613,0.2125,0.1125,501.8595,595.5416666666666
2026-05-31 06:56:00,582.0,263.39037466403636,0.2125,0.1125,504.4192,565.7083333333334
2026-05-31 06:56:30,616.0,155.19805790651816,0.2125,0.1125,506.9814,535.7083333333334
2026-05-31 06:57:00,607.0,223.46419474936306,0.2125,0.1125,509.5464,505.2916666666667
2026-05-31 06:57:30,639.0,159.81935532238336,0.2125,0.1125,512.1142,474.375
2026-05-31 06:58:00,635.0,175.76190833841406,0.2125,0.1125,514.6849,443.375
2026-05-31 06:58:30,648.0,189.288082589176,0.2125,0.1125,517.2588,411.875
2026-05-31 06:59:00,667.0,251.24893862383524,0.2125,0.1125,519.8358,380.875
2026-05-31 06:59:30,637.0,217.91495253369288,0.2125,0.1125,522.4162,349.5416666666667
2026-05-31 07:00:00,673.0,260.05988644522097,0.2155,0.1155,525.0,318.375
2026-05-31 07:00:30,685.0,291.8510930689879,0.2155,0.1155,527.5855,286.7916666666667
2026-05-31 07:01:00,674.0,214.60700250793326,0.2155,0.1155,530.1707,257.5
2026-05-31 07:01:30,681.0,253.40564433240831,0.2155,0.1155,532.7558,228.16666666666666
2026-05-31 07:02:00,689.0,152.58826058765746,0.2155,0.1155,535.3405,198.58333333333334
2026-05-31 07:02:30,686.0,225.81390409418742,0.2155,0.1155,537.925,199.75
2026-05-31 07:03:00,719.0,276.530789581412,0.2155,0.1155,540.5092,198.91666666666666
2026-05-31 07:03:30,694.0,173.02830603658992,0.2155,0.1155,543.0931,198.33333333333334
2026-05-31 07:04:00,727.0,237.41628449143002,0.2155,0.1155,545.6766,197.75
2026-05-31 07:04:30,725.0,171.0499081677737,0.2155,0.1155,548.2598,196.75
2026-05-31 07:05:00,721.0,270.3326079309714,0.2155,0.1155,550.8425,195.91666666666666
2026-05-31 07:05:30,728.0,162.0934763686889,0.2155,0.1155,553.4249,195.14583333333334
2026-05-31 07:06:00,724.5,222.12491782948396,0.2155,0.1155,556.0067,194.4375
2026-05-31 07:06:30,721.0,199.42131386825855,0.2155,0.1155,558.5881,193.41666666666666
2026-05-31 07:07:00,734.0,210.29154264369353,0.2155,0.1155,561.1691,203.15
2026-05-31 07:07:30,760.0,297.552692849832,0.2155,0.1155,563.7494,201.2125
2026-05-31 07:08:00,728.0,191.03792360209275,0.2155,0.1155,566.3293,200.00416666666666
2026-05-31 07:08:30,793.0,284.5879244535321,0.2155,0.1155,568.9086,198.73333333333332
2026-05-31 07:09:00,759.0,257.95642364937254,0.2155,0.1155,571.4873,197.4
2026-05-31 07:09:30,782.0,262.6010467368176,0.2155,0.1155,574.0653,195.85833333333332
2026-05-31 07:10:00,779.0,184.3669844686231,0.2155,0.1155,576.6428,194.23333333333332
2026-05-31 07:10:30,776.0,193.1453327333254,0.2155,0.1155,579.2195,192.81666666666666
2026-05-31 07:11:00,773.0,262.07201080785893,0.2155,0.1155,581.7956,191.56666666666666
2026-05-31 07:11:30,790.0,243.0120705890119,0.2155,0.1155,584.371,190.31666666666666
2026-05-31 07:12:00,865.0,287.10624970215633,0.2155,0.1155,586.9456,188.81666666666666
2026-05-31 07:12:30,823.0,240.4317026627539,0.2155,0.1155,589.5195,187.65
2026-05-31 07:13:00,855.0,197.76577031378451,0.2155,0.1155,592.0926,186.48333333333332
2026-05-31 07:13:30,864.0,191.50862735486007,0.2155,0.1155,594.6648,185.60833333333332
2026-05-31 07:14:00,851.0,274.0642191112836,0.2155,0.1155,597.2363,184.525
2026-05-31 07:14:30,838.0,263.7851551438091,0.2155,0.1155,599.8069,183.60833333333332
2026-05-31 07:15:00,859.0,216.09424872322478,0.2119,0.1119,602.3766,182.525
2026-05-31 07:15:30,895.0,169.2276828465114,0.2119,0.1119,604.9453,189.46666666666667
2026-05-31 07:16:00,854.0,197.1259460681199,0.2119,0.1119,607.5132,188.3
2026-05-31 07:16:30,852.0,165.70241573327502,0.2119,0.1119,610.0801,186.88333333333333
2026-05-31 07:17:00,898.0,204.51541473257527,0.2119,0.1119,612.646,185.88333333333333
2026-05-31 07:17:30,881.0,264.0047439562019,0.2119,0.1119,615.211,188.43333333333334
2026-05-31 07:18:00,896.0,244.45280331401221,0.2119,0.1119,617.7749,187.35
2026-05-31 07:18:30,910.0,168.001861144781,0.2119,0.1119,620.3377,186.43333333333334
2026-05-31 07:19:00,911.0,152.86928527848778,0.2119,0.1119,622.8995,185.26666666666668
2026-05-31 07:19:30,894.0,192.63623981434557,0.2119,0.1119,625.4602,184.18333333333334
2026-05-31 07:20:00,935.0,261.7814574291384,0.2119,0.1119,628.0197,183.18333333333334
2026-05-31 07:20:30,950.0,275.582344797946,0.2119,0.1119,630.5781,183.35
2026-05-31 07:21:00,922.0,274.9528125685229,0.2119,0.1119,633.1353,182.43333333333334
2026-05-31 07:21:30,938.5,181.87824868824066,0.2119,0.1119,635.6913,181.51666666666668
2026-05-31 07:22:00,955.0,272.27929954790704,0.2119,0.1119,638.2462,182.45
2026-05-31 07:22:30,959.0,200.37950699839803,0.2119,0.1119,640.7997,181.06666666666666
2026-05-31 07:23:00,938.0,175.91129161628422,0.2119,0.1119,643.352,179.95
2026-05-31 07:23:30,947.0,264.34454679668977,0.2119,0.1119,645.903,181.49166666666667
2026-05-31 07:24:00,966.0,197.22311510545512,0.2119,0.1119,648.4527,181.89583333333334
2026-05-31 07:24:30,987.0,215.80360337959604,0.2119,0.1119,651.001,181.39583333333334
2026-05-31 07:25:00,998.0,164.28440575871605,0.2119,0.1119,653.548,180.6875
2026-05-31 07:25:30,992.0,272.23792090422694,0.2119,0.1119,656.0936,179.77083333333334
2026-05-31 07:26:00,1003.5,243.90406365285764,0.2119,0.1119,658.6378,178.85416666666666
2026-05-31 07:26:30,1015.0,199.80761420694563,0.2119,0.1119,661.1805,177.82638916666667
2026-05-31 07:27:00,1035.0,201.43351499727956,0.2119,0.1119,663.7218,176.60416666666666
2026-05-31 07:27:30,990.0,168.15535269468495,0.2119,0.1119,666.2616,175.52083333333334
2026-05-31 07:28:00,1024.0,271.8426704363573,0.2119,0.1119,668.7998,174.9375
2026-05-31 07:28:30,1066.0,169.11132192408544,0.2119,0.1119,671.3366,174.77083333333334
2026-05-31 07:29:00,1082.0,290.32754464402615,0.2119,0.1119,673.8717,174.02083333333334
2026-05-31 07:29:30,1089.0,197.8894654031683,0.2119,0.1119,676.4053,173.72916666666666
2026-05-31 07:30:00,1088.0,1743.9999241562793,0.245,0.145,678.9373,173.39583333333334
2026-05-31 07:30:30,1054.0,1790.26345301943,0.245,0.145,681.4677,172.27083333333334
2026-05-31 07:31:00,1086.0,1691.059032627494,0.245,0.145,683.9964,170.35416666666666
2026-05-31 07:31:30,1077.0,1754.485608288658,0.245,0.145,686.5234,170.0625
2026-05-31 07:32:00,1068.0,1669.6755502624073,0.245,0.145,689.0487,169.47916666666666
2026-05-31 07:32:30,1103.0,1793.3603397506809,0.245,0.145,691.5723,169.52083333333334
2026-05-31 07:33:00,1115.0,1694.3960549817773,0.245,0.145,694.0941,169.27083333333334
2026-05-31 07:33:30,1121.0,1730.472058866254,0.245,0.145,696.6142,169.13194416666664
2026-05-31 07:34:00,1135.0,1692.7954586418184,0.245,0.145,699.1324,168.85416666666666
2026-05-31 07:34:30,1136.0,1727.5997006726316,0.245,0.145,701.6489,174.05416666666667
2026-05-31 07:35:00,1148.0,1795.5331703524064,0.245,0.145,704.1635,173.6375
2026-05-31 07:35:30,1153.0,1724.1766530864074,0.245,0.145,706.6762,173.09583333333333
2026-05-31 07:36:00,1176.0,1687.2268257561907,0.245,0.145,709.187,173.0125
2026-05-31 07:36:30,1176.75,1786.4488174166158,0.245,0.145,711.6959,172.59583333333333
2026-05-31 07:37:00,1177.5,1776.49903423067,0.245,0.145,714.2028,172.29027749999997
2026-05-31 07:37:30,1178.25,1707.9287913289954,0.245,0.145,716.7078,171.92916666666667
2026-05-31 07:38:00,1179.0,1765.5264056525286,0.245,0.145,719.2107,171.5125
2026-05-31 07:38:30,1189.0,1675.6781438389671,0.245,0.145,721.7117,171.92916666666667
2026-05-31 07:39:00,1198.0,1753.4640570653742,0.245,0.145,724.2106,172.42916666666667
2026-05-31 07:39:30,1212.0,1686.0980275538234,0.245,0.145,726.7075,172.80416666666667
2026-05-31 07:40:00,1252.0,1729.6203376006856,0.245,0.145,729.2022,172.97083333333333
2026-05-31 07:40:30,1244.0,1777.0552863233004,0.245,0.145,731.6949,173.30416666666667
2026-05-31 07:41:00,1276.0,1798.880742443852,0.245,0.145,734.1854,173.6375
2026-05-31 07:41:30,1227.0,1795.0911920931642,0.245,0.145,736.6737,175.15416666666667
2026-05-31 07:42:00,1292.0,1652.6084257081247,0.245,0.145,739.1598,175.52916666666667
2026-05-31 07:42:30,1245.0,1697.0855798573086,0.245,0.145,741.6438,176.1125
2026-05-31 07:43:00,1295.0,1787.5658105402404,0.245,0.145,744.1255,174.9875
2026-05-31 07:43:30,1290.0,1770.4980170169424,0.245,0.145,746.6049,174.88333333333333
2026-05-31 07:44:00,1344.0,1787.4420469438069,0.245,0.145,749.0821,174.425
2026-05-31 07:44:30,1310.0,1719.4391527379103,0.245,0.145,751.5569,174.27916666666667
2026-05-31 07:45:00,1276.0,1666.713870905216,0.225,0.125,754.0294,173.77916666666667
2026-05-31 07:45:30,1367.0,1761.7957369742126,0.225,0.125,756.4996,173.8625
2026-05-31 07:46:00,1333.0,1729.1641693099664,0.225,0.125,758.9674,174.02916666666667
2026-05-31 07:46:30,1335.0,1710.9689550011506,0.225,0.125,761.4327,174.02916666666667
2026-05-31 07:47:00,1418.0,1682.797411390398,0.225,0.125,763.8957,174.19583333333333
2026-05-31 07:47:30,1374.0,1712.1816134551739,0.225,0.125,766.3562,174.3625
2026-05-31 07:48:00,1359.0,1679.9418851716737,0.225,0.125,768.8142,174.19583333333333
2026-05-31 07:48:30,1395.0,1718.3228157828312,0.225,0.125,771.2697,173.9875
2026-05-31 07:49:00,1408.0,1745.2602107350856,0.225,0.125,773.7226,173.8625
2026-05-31 07:49:30,1409.0,1729.0981175174843,0.225,0.125,776.1731,173.6125
2026-05-31 07:50:00,1407.0,1735.76999502283,0.225,0.125,778.6209,173.3625
2026-05-31 07:50:30,1408.0,1728.4239969062385,0.225,0.125,781.0662,173.02916666666667
2026-05-31 07:51:00,1459.0,1671.8341872072338,0.225,0.125,783.5088,173.1125
2026-05-31 07:51:30,1451.0,1677.3340559525539,0.225,0.125,785.9488,173.44583333333333
2026-05-31 07:52:00,1444.0,1788.3891340045554,0.225,0.125,788.3861,173.4875
2026-05-31 07:52:30,1452.0,1782.3335280934077,0.225,0.125,790.8207,173.57083333333333
2026-05-31 07:53:00,1460.0,1660.3643775950093,0.225,0.125,793.2526,173.52916666666667
2026-05-31 07:53:30,1478.0,1741.5101801617716,0.225,0.125,795.6818,173.52916666666667
2026-05-31 07:54:00,1489.0,1684.4627773849702,0.225,0.125,798.1081,173.5777775
2026-05-31 07:54:30,1522.0,1728.1754824198351,0.225,0.125,800.5317,173.675
2026-05-31 07:55:00,1534.0,1659.7095284047932,0.225,0.125,802.9525,173.82083333333333
2026-05-31 07:55:30,1548.0,1783.6955451534436,0.225,0.125,805.3704,173.7375
2026-05-31 07:56:00,1553.0,1710.2552997485925,0.225,0.125,807.7855,173.57083333333333
2026-05-31 07:56:30,1510.0,1701.9364820974506,0.225,0.125,810.1977,173.57083333333333
2026-05-31 07:57:00,1556.0,1700.5885577071676,0.225,0.125,812.6069,173.4875
2026-05-31 07:57:30,1555.0,1771.4293375371906,0.225,0.125,815.0133,173.82083333333333
2026-05-31 07:58:00,1542.0,1755.1210484022558,0.225,0.125,817.4166,173.65416666666667
2026-05-31 07:58:30,1603.0,1764.2850018319878,0.225,0.125,819.817,174.07083333333333
2026-05-31 07:59:00,1567.0,1662.2860293091576,0.225,0.125,822.2144,173.57083333333333
2026-05-31 07:59:30,1543.0,1677.2267090799721,0.225,0.125,824.6087,173.57083333333333
2026-05-31 08:00:00,1632.0,1701.7169575265134,0.2243,0.1243,827.0,173.57083333333333
2026-05-31 08:00:30,1630.0,1709.737251282325,0.2243,0.1243,829.3898,173.57083333333333
2026-05-31 08:01:00,1583.0,1738.1131836209906,0.2243,0.1243,831.7796,173.65416666666667
2026-05-31 08:01:30,1616.0,1712.7957770312094,0.2243,0.1243,834.1694,173.82083333333333
2026-05-31 08:02:00,1596.0,1795.9545375940518,0.2243,0.1243,836.5591,173.90416666666667
2026-05-31 08:02:30,1630.0,1682.8145978687621,0.2243,0.1243,838.9487,173.65416666666667
2026-05-31 08:03:00,1660.0,1659.634311052786,0.2243,0.1243,841.3381,173.07083333333333
2026-05-31 08:03:30,1682.0,1727.623460405425,0.2243,0.1243,843.7273,172.82083333333333
2026-05-31 08:04:00,1649.0,1780.1102543414042,0.2243,0.1243,846.1163,172.32083333333333
2026-05-31 08:04:30,1627.0,1751.421922014914,0.2243,0.1243,848.5049,172.2375
2026-05-31 08:05:00,1694.0,1670.0754241429886,0.2243,0.1243,850.8932,172.1125
2026-05-31 08:05:30,1663.0,1785.5198644061084,0.2243,0.1243,853.281,172.15416666666667
2026-05-31 08:06:00,1657.0,1671.556222292098,0.2243,0.1243,855.6684,172.07083333333333
2026-05-31 08:06:30,1728.0,1692.6705853607818,0.2243,0.1243,858.0553,172.40416666666667
2026-05-31 08:07:00,1718.0,1777.306065914547,0.2243,0.1243,860.4416,161.92083333333332
2026-05-31 08:07:30,1683.0,1777.496289945815,0.2243,0.1243,862.8273,162.8375
2026-05-31 08:08:00,1682.5,1759.1029759622659,0.2243,0.1243,865.2123,162.75416666666666
2026-05-31 08:08:30,1682.0,1779.7023838192395,0.2243,0.1243,867.5966,162.4625
2026-05-31 08:09:00,1715.0,1799.2946730230262,0.2243,0.1243,869.9801,162.29583333333332
2026-05-31 08:09:30,1680.0,1689.226447449878,0.2243,0.1243,872.3628,162.04583333333332
2026-05-31 08:10:00,1726.0,1765.8460145026286,0.2243,0.1243,874.7447,161.92083333333332
2026-05-31 08:10:30,1727.0,1691.6938920946636,0.2243,0.1243,877.1256,161.92083333333332
2026-05-31 08:11:00,1755.0,1688.1573921425893,0.2243,0.1243,879.5056,161.92083333333332
2026-05-31 08:11:30,1758.0,1768.4488087855796,0.2243,0.1243,881.8846,161.92083333333332
2026-05-31 08:12:00,1791.0,1651.162832506864,0.2243,0.1243,884.2625,162.17083333333332
2026-05-31 08:12:30,1802.5,1711.8091950289852,0.2243,0.1243,886.6392,162.25416666666666
2026-05-31 08:13:00,1814.0,1759.1251223000468,0.2243,0.1243,889.0149,162.50416666666666
2026-05-31 08:13:30,1817.5,1700.0057577400187,0.2243,0.1243,891.3893,162.17083333333332
2026-05-31 08:14:00,1821.0,1726.1860140227386,0.2243,0.1243,893.7624,161.8375
2026-05-31 08:14:30,1848.0,1711.6881517595466,0.2243,0.1243,896.1342,161.75416666666666
2026-05-31 08:15:00,1792.0,1662.308982429774,0.2457,0.1457,898.5047,161.25416666666666
2026-05-31 08:15:30,1826.0,1779.7258243059177,0.2457,0.1457,900.8737,153.0625
2026-05-31 08:16:00,1855.0,1698.5946161183665,0.2457,0.1457,903.2413,152.97916666666666
2026-05-31 08:16:30,1861.0,1673.2796041132176,0.2457,0.1457,905.6074,153.22916666666666
2026-05-31 08:17:00,1870.0,1781.2095798988885,0.2457,0.1457,907.9719,153.39583333333334
2026-05-31 08:17:30,1836.0,1653.3862646477355,0.2457,0.1457,910.3348,149.72083333333333
2026-05-31 08:18:00,1881.0,1718.4554316155838,0.2457,0.1457,912.696,149.47083333333333
2026-05-31 08:18:30,1884.0,1681.4041022011324,0.2457,0.1457,915.0555,149.3875
2026-05-31 08:19:00,1848.0,1734.4475935233336,0.2457,0.1457,917.4133,149.22083333333333
2026-05-31 08:19:30,1926.0,1694.2906518158836,0.2457,0.1457,919.7692,149.30416666666667
2026-05-31 08:20:00,1895.0,1794.4165698845604,0.2457,0.1457,922.1233,149.1375
2026-05-31 08:20:30,1892.0,1691.6488909399006,0.2457,0.1457,924.4755,147.97083333333333
2026-05-31 08:21:00,1903.0,1786.4723365086318,0.2457,0.1457,926.8257,147.55416666666667
2026-05-31 08:21:30,1914.0,1754.465820930619,0.2457,0.1457,929.1739,147.6375
2026-05-31 08:22:00,1912.0,1773.3438387243762,0.2457,0.1457,931.52,145.72083333333333
2026-05-31 08:22:30,1915.0,1787.8301860935553,0.2457,0.1457,933.864,145.97083333333333
2026-05-31 08:23:00,1949.0,1720.2165940472773,0.2457,0.1457,936.2059,145.80416666666667
2026-05-31 08:23:30,1932.0,1730.3642615848437,0.2457,0.1457,938.5455,143.07916666666668
2026-05-31 08:24:00,1915.0,1735.8062493879356,0.2457,0.1457,940.8829,141.25833333333333
2026-05-31 08:24:30,1976.0,1677.3131774494507,0.2457,0.1457,943.218,140.925
2026-05-31 08:25:00,1991.0,1798.2774558760366,0.2457,0.1457,945.5507,140.25833333333333
2026-05-31 08:25:30,1969.0,1760.7944320056029,0.2457,0.1457,947.881,139.925
2026-05-31 08:26:00,1968.0,1714.9452616985295,0.2457,0.1457,950.2088,139.55
2026-05-31 08:26:30,1967.0,1723.2183618537126,0.2457,0.1457,952.5342,139.13333333333333
2026-05-31 08:27:00,2000.0,1724.359496640153,0.2457,0.1457,954.8569,139.05
2026-05-31 08:27:30,2002.0,1756.9999393825149,0.2457,0.1457,957.1771,138.96666666666667
2026-05-31 08:28:00,2004.0,1683.1062817896548,0.2457,0.1457,959.4946,138.38333333333333
2026-05-31 08:28:30,2044.0,1766.9951780549138,0.2457,0.1457,961.8094,137.55
2026-05-31 08:29:00,2081.0,1797.7427506423542,0.2457,0.1457,964.1214,136.88333333333333
2026-05-31 08:29:30,2071.0,1654.9001354212924,0.2457,0.1457,966.4306,136.05
2026-05-31 08:30:00,2072.0,1754.3725561831288,0.2309,0.1309,968.737,135.3
2026-05-31 08:30:30,2078.0,1674.4630192450336,0.2309,0.1309,971.0404,135.75833333333333
2026-05-31 08:31:00,2045.0,242.1192713863509,0.2309,0.1309,973.3409,137.09166666666667
2026-05-31 08:31:30,2068.0,198.92343269593505,0.2309,0.1309,975.6384,136.34166666666667
2026-05-31 08:32:00,2079.0,216.96598738943553,0.2309,0.1309,977.9328,136.175
2026-05-31 08:32:30,2107.0,188.6403672725464,0.2309,0.1309,980.2242,135.25833333333333
2026-05-31 08:33:00,2103.0,157.91621092374243,0.2309,0.1309,982.5123,134.50833333333333
2026-05-31 08:33:30,2098.0,246.2160173471535,0.2309,0.1309,984.7973,134.00833333333333
2026-05-31 08:34:00,2097.0,258.9204515667217,0.2309,0.1309,987.0789,133.75833333333333
2026-05-31 08:34:30,2146.0,268.2208704642145,0.2309,0.1309,989.3573,127.55833333333334
2026-05-31 08:35:00,2143.0,263.51280743359774,0.2309,0.1309,991.6324,126.64166666666667
2026-05-31 08:35:30,2178.0,284.68904960629226,0.2309,0.1309,993.904,126.80833333333334
2026-05-31 08:36:00,2168.0,267.3469364390889,0.2309,0.1309,996.1721,126.30833333333334
2026-05-31 08:36:30,2195.0,159.3001148198967,0.2309,0.1309,998.4368,125.80833333333334
2026-05-31 08:37:00,2163.0,159.45448303731519,0.2309,0.1309,1000.6979,125.30833333333334
2026-05-31 08:37:30,2171.0,262.49719798916465,0.2309,0.1309,1002.9553,123.80833333333334
2026-05-31 08:38:00,2179.0,265.08087578985885,0.2309,0.1309,1005.2092,123.975
2026-05-31 08:38:30,2175.0,208.89975070973867,0.2309,0.1309,1007.4593,124.14166666666667
2026-05-31 08:39:00,2197.5,298.4008746065722,0.2309,0.1309,1009.7057,124.14166666666667
2026-05-31 08:39:30,2220.0,253.10491076324087,0.2309,0.1309,1011.9482,124.225
2026-05-31 08:40:00,2194.0,217.5042382563695,0.2309,0.1309,1014.1869,124.39166666666667
2026-05-31 08:40:30,2271.0,253.59413916779937,0.2309,0.1309,1016.4217,123.89166666666667
2026-05-31 08:41:00,2221.0,246.70309120405585,0.2309,0.1309,1018.6525,123.64166666666667
2026-05-31 08:41:30,2243.0,188.26926365125948,0.2309,0.1309,1020.8794,122.58333333333333
2026-05-31 08:42:00,2235.0,206.70585454168872,0.2309,0.1309,1023.1021,123.0
2026-05-31 08:42:30,2228.0,299.1268389517182,0.2309,0.1309,1025.3208,123.25
2026-05-31 08:43:00,2250.0,166.2905350232116,0.2309,0.1309,1027.5353,124.70833333333333
2026-05-31 08:43:30,2272.0,261.8670364498797,0.2309,0.1309,1029.7456,125.29166666666667
2026-05-31 08:44:00,2250.0,178.59205475988858,0.2309,0.1309,1031.9517,125.70833333333333
2026-05-31 08:44:30,2281.0,208.8424313315345,0.2309,0.1309,1034.1534,126.16666666666667
2026-05-31 08:45:00,2300.0,299.16420840792273,0.2195,0.1195,1036.3508,127.33333333333333
2026-05-31 08:45:30,2305.0,213.07952083532876,0.2195,0.1195,1038.5438,127.5
2026-05-31 08:46:00,2314.0,252.26477569336083,0.2195,0.1195,1040.7323,128.16666666666666
2026-05-31 08:46:30,2343.0,222.18078378015497,0.2195,0.1195,1042.9163,129.33333333333334
2026-05-31 08:47:00,2314.0,180.2437129259272,0.2195,0.1195,1045.0958,130.16666666666666
2026-05-31 08:47:30,2302.0,224.19740126268766,0.2195,0.1195,1047.2707,130.5
2026-05-31 08:48:00,2325.0,227.66663550090226,0.2195,0.1195,1049.4409,130.83333333333334
2026-05-31 08:48:30,2335.0,199.44781470960618,0.2195,0.1195,1051.6064,131.83333333333334
2026-05-31 08:49:00,2312.0,170.75293341789381,0.2195,0.1195,1053.7671,132.20833333333334
2026-05-31 08:49:30,2313.0,172.43006474549566,0.2195,0.1195,1055.9231,132.95833333333334
2026-05-31 08:50:00,2375.0,279.34617823400066,0.2195,0.1195,1058.0742,133.54166666666666
2026-05-31 08:50:30,2369.0,261.85024103768797,0.2195,0.1195,1060.2204,135.20833333333334
2026-05-31 08:51:00,2420.0,203.17347927391495,0.2195,0.1195,1062.3616,135.54166666666666
2026-05-31 08:51:30,2425.0,281.1675352086978,0.2195,0.1195,1064.4979,145.75
2026-05-31 08:52:00,2427.0,268.63232943469035,0.2195,0.1195,1066.629,144.83333333333334
2026-05-31 08:52:30,2453.0,160.8804240771664,0.2195,0.1195,1068.7551,145.41666666666666
2026-05-31 08:53:00,2490.0,178.54984035162454,0.2195,0.1195,1070.876,145.13333333333333
2026-05-31 08:53:30,2460.0,288.1434568478867,0.2195,0.1195,1072.9918,146.05
2026-05-31 08:54:00,2422.0,222.1525327839678,0.2195,0.1195,1075.1022,146.69583333333333
2026-05-31 08:54:30,2440.0,218.23174364590545,0.2195,0.1195,1077.2074,147.4875
2026-05-31 08:55:00,2458.0,199.91882555168866,0.2195,0.1195,1079.3072,146.425
2026-05-31 08:55:30,2488.0,297.2736694497994,0.2195,0.1195,1081.4016,147.00833333333333
2026-05-31 08:56:00,2453.0,216.4844656552737,0.2195,0.1195,1083.4906,147.59166666666667
2026-05-31 08:56:30,2534.0,162.46131871107863,0.2195,0.1195,1085.574,147.75833333333333
2026-05-31 08:57:00,2499.0,172.80428820319892,0.2195,0.1195,1087.6519,148.09166666666667
2026-05-31 08:57:30,2519.0,152.55089697120604,0.2195,0.1195,1089.7242,148.175
2026-05-31 08:58:00,2501.0,177.88650737342965,0.2195,0.1195,1091.7909,148.50833333333333
2026-05-31 08:58:30,2519.0,206.87906030710369,0.2195,0.1195,1093.8519,148.175
2026-05-31 08:59:00,2578.0,244.9700567189951,0.2195,0.1195,1095.9071,148.675
2026-05-31 08:59:30,2546.0,262.7856812869315,0.2195,0.1195,1097.9565,148.675
2026-05-31 09:00:00,2542.0,262.2406516037591,0.245,0.145,1100.0,148.59166666666667
2026-05-31 09:00:30,2584.0,179.9179592804063,0.245,0.145,1102.0417,147.50833333333333
2026-05-31 09:01:00,2562.0,261.73296237905924,0.245,0.145,1104.0856,146.35833333333332
2026-05-31 09:01:30,2574.0,272.0867781556917,0.245,0.145,1106.1314,145.6611108333333
2026-05-31 09:02:00,2611.0,160.14176551728252,0.245,0.145,1108.1791,145.47152749999998
2026-05-31 09:02:30,2581.0,208.2013930456719,0.245,0.145,1110.2285,146.14861083333332
2026-05-31 09:03:00,2583.0,244.43274246464017,0.245,0.145,1112.2795,147.36944416666665
2026-05-31 09:03:30,2613.0,202.72121925817308,0.245,0.145,1114.332,148.28194416666665
2026-05-31 09:04:00,2658.0,151.0742123708632,0.245,0.145,1116.3857,149.0048608333333
2026-05-31 09:04:30,2644.0,276.1521525302905,0.245,0.145,1118.4407,150.03819416666664
2026-05-31 09:05:00,2646.0,256.9079877134241,0.245,0.145,1120.4967,150.87152749999998
2026-05-31 09:05:30,2650.0,234.36029186372366,0.245,0.145,1122.5536,151.4215275
2026-05-31 09:06:00,2649.0,282.6999787105326,0.245,0.145,1124.6112,152.01319416666666
2026-05-31 09:06:30,2647.0,259.99215875115874,0.245,0.145,1126.6695,152.7340275
2026-05-31 09:07:00,2644.0,184.67220511137901,0.245,0.145,1128.7283,153.2090275
2026-05-31 09:07:30,2680.0,183.6495279492509,0.245,0.145,1130.7874,153.96736083333332
2026-05-31 09:08:00,2681.0,222.3862558938388,0.245,0.145,1132.8468,154.9840275
2026-05-31 09:08:30,2700.0,245.36558945772617,0.245,0.145,1134.9063,158.4215275
2026-05-31 09:09:00,2679.0,195.96070533553575,0.245,0.145,1136.9657,158.72152749999998
2026-05-31 09:09:30,2712.0,223.2658170811542,0.245,0.145,1139.0249,159.40486083333332
2026-05-31 09:10:00,2715.5,297.80695745294463,0.245,0.145,1141.0838,160.20486083333333
2026-05-31 09:10:30,2719.0,197.47147879188233,0.245,0.145,1143.1423,161.01319416666666
2026-05-31 09:11:00,2713.0,169.3338834886835,0.245,0.145,1145.2001,161.52986083333332
2026-05-31 09:11:30,2694.0,240.0324120736142,0.245,0.145,1147.2573,162.07986083333333
2026-05-31 09:12:00,2689.0,211.0450227234776,0.245,0.145,1149.3136,162.63819416666666
2026-05-31 09:12:30,2749.0,162.2845391334133,0.245,0.145,1151.3688,163.3173608333333
2026-05-31 09:13:00,2715.0,192.83630844476158,0.245,0.145,1153.423,163.78402749999998
2026-05-31 09:13:30,2765.0,202.474058297748,0.245,0.145,1155.4758,164.55069416666666
2026-05-31 09:14:00,2714.0,190.80560924565816,0.245,0.145,1157.5273,173.0673608333333
2026-05-31 09:14:30,2746.0,181.49180477494468,0.245,0.145,1159.5772,173.28402749999998
2026-05-31 09:15:00,2754.0,231.82618797159301,0.2174,0.1174,1161.6254,174.02569416666665
2026-05-31 09:15:30,2749.0,189.78934034339358,0.2174,0.1174,1163.6718,174.93402749999998
2026-05-31 09:16:00,2750.0,277.5447126041299,0.2174,0.1174,1165.7163,175.95069416666666
2026-05-31 09:16:30,2763.0,159.9413222329871,0.2174,0.1174,1167.7587,176.38402749999997
2026-05-31 09:17:00,2780.0,228.91402809370697,0.2174,0.1174,1169.7988,176.6715275
2026-05-31 09:17:30,2744.0,196.49705355885172,0.2174,0.1174,1171.8366,177.32986083333333
2026-05-31 09:18:00,2810.0,223.14504670398787,0.2174,0.1174,1173.8719,178.23819416666666
2026-05-31 09:18:30,2753.0,231.7005812692929,0.2174,0.1174,1175.9046,178.70486083333333
2026-05-31 09:19:00,2745.0,195.19490885384153,0.2174,0.1174,1177.9345,179.1298608333333
2026-05-31 09:19:30,2777.0,215.73079414381831,0.2174,0.1174,1179.9615,179.36736083333332
2026-05-31 09:20:00,2810.0,225.33267110580158,0.2174,0.1174,1181.9854,179.96736083333332
2026-05-31 09:20:30,2809.0,244.8699259018212,0.2174,0.1174,1184.0062,179.27569416666665
2026-05-31 09:21:00,2829.0,219.178299447794,0.2174,0.1174,1186.0236,179.30486083333332
2026-05-31 09:21:30,2813.0,187.81787218362712,0.2174,0.1174,1188.0377,179.73819416666666
2026-05-31 09:22:00,2828.0,229.01058259496887,0.2174,0.1174,1190.0481,181.0048608333333
2026-05-31 09:22:30,2812.0,293.1062604727676,0.2174,0.1174,1192.0548,182.05486083333332
2026-05-31 09:23:00,2845.0,185.64960980799282,0.2174,0.1174,1194.0576,182.90486083333332
2026-05-31 09:23:30,2842.0,231.86503139547057,0.2174,0.1174,1196.0565,183.6465275
2026-05-31 09:24:00,2844.0,192.9134857880835,0.2174,0.1174,1198.0512,184.86319416666666
2026-05-31 09:24:30,2860.0,235.49737149337088,0.2174,0.1174,1200.0417,185.82986083333333
2026-05-31 09:25:00,2849.0,236.6652244831601,0.2174,0.1174,1202.0277,187.09652749999998
2026-05-31 09:25:30,2845.0,194.1839234221232,0.2174,0.1174,1204.0092,187.80486083333332
2026-05-31 09:26:00,2841.0,285.0685345199198,0.2174,0.1174,1205.9861,188.30486083333332
2026-05-31 09:26:30,2858.0,294.071634796116,0.2174,0.1174,1207.9581,189.0215275
2026-05-31 09:27:00,2877.0,270.8988008786342,0.2174,0.1174,1209.9252,189.52986083333332
2026-05-31 09:27:30,2880.0,183.70955407870056,0.2174,0.1174,1211.8872,190.1298608333333
2026-05-31 09:28:00,2891.0,170.6015536783301,0.2174,0.1174,1213.844,190.87152749999998
2026-05-31 09:28:30,2903.0,189.99821532655938,0.2174,0.1174,1215.7955,192.1715275
2026-05-31 09:29:00,2878.0,245.08484891902668,0.2174,0.1174,1217.7414,193.38402749999997
2026-05-31 09:29:30,2910.0,153.42649805731205,0.2174,0.1174,1219.6817,194.68402749999998
2026-05-31 09:30:00,2945.0,255.9881353221373,0.2144,0.1144,1221.6163,195.7340275
2026-05-31 09:30:30,2889.0,151.72385186437873,0.2144,0.1144,1223.545,196.86736083333332
2026-05-31 09:31:00,2976.0,239.1187551886109,0.2144,0.1144,1225.4676,197.57986083333333
2026-05-31 09:31:30,2943.0,237.78979666475453,0.2144,0.1144,1227.384,198.45486083333333
2026-05-31 09:32:00,2941.0,188.4669110714405,0.2144,0.1144,1229.2942,198.96319416666665
2026-05-31 09:32:30,3000.0,255.86880457738187,0.2144,0.1144,1231.1979,199.9215275
2026-05-31 09:33:00,2992.0,154.366847588723,0.2144,0.1144,1233.095,200.97152749999998
2026-05-31 09:33:30,3001.0,232.74006129712012,0.2144,0.1144,1234.9855,201.18819416666665
2026-05-31 09:34:00,2981.0,180.85155714702185,0.2144,0.1144,1236.869,201.41319416666664
2026-05-31 09:34:30,3005.0,290.5785673297719,0.2144,0.1144,1238.7456,202.49236083333332
2026-05-31 09:35:00,3002.0,170.51769406033083,0.2144,0.1144,1240.6151,203.62569416666665
2026-05-31 09:35:30,2987.0,299.2100038474734,0.2144,0.1144,1242.4773,204.16736083333333
2026-05-31 09:36:00,2972.0,254.27839698898237,0.2144,0.1144,1244.3321,204.80347166666667
2026-05-31 09:36:30,2995.0,164.29153576821267,0.2144,0.1144,1246.1794,205.686805
2026-05-31 09:37:00,3005.0,259.54879932524494,0.2144,0.1144,1248.019,206.39513833333334
2026-05-31 09:37:30,2998.0,252.70231887859677,0.2144,0.1144,1249.8508,208.111805
2026-05-31 09:38:00,3066.0,233.5838539239895,0.2144,0.1144,1251.6746,208.29513833333334
2026-05-31 09:38:30,3054.0,193.4690987101987,0.2144,0.1144,1253.4904,208.28680500000002
2026-05-31 09:39:00,3041.0,195.7608802767811,0.2144,0.1144,1255.298,208.25347166666668
2026-05-31 09:39:30,3057.0,249.20541089663897,0.2144,0.1144,1257.0972,208.27013833333334
2026-05-31 09:40:00,3062.0,244.15403632929355,0.2144,0.1144,1258.888,208.236805
2026-05-31 09:40:30,3059.0,265.9248160396537,0.2144,0.1144,1260.6701,208.72847166666668
2026-05-31 09:41:00,3065.0,238.44679868211918,0.2144,0.1144,1262.4435,208.74513833333333
2026-05-31 09:41:30,3071.0,260.2106588013866,0.2144,0.1144,1264.208,208.49513833333333
2026-05-31 09:42:00,3062.0,187.5371515111362,0.2144,0.1144,1265.9635,208.22013833333332
2026-05-31 09:42:30,3057.0,191.1591376768072,0.2144,0.1144,1267.7097,208.15347166666666
2026-05-31 09:43:00,3084.0,228.9830645018183,0.2144,0.1144,1269.4467,208.211805
2026-05-31 09:43:30,3094.0,253.7697424411022,0.2144,0.1144,1271.1743,208.05347166666667
2026-05-31 09:44:00,3096.0,151.75001672315787,0.2144,0.1144,1272.8923,208.49097166666667
2026-05-31 09:44:30,3071.0,155.03591345691865,0.2144,0.1144,1274.6006,208.649305
2026-05-31 09:45:00,3083.0,290.65325360624877,0.2,0.1,1276.299,208.52847166666666
2026-05-31 09:45:30,3084.0,207.71627455117985,0.2,0.1,1277.9875,208.68263833333333
2026-05-31 09:46:00,3079.0,201.72756538156364,0.2,0.1,1279.6658,208.75347166666668
2026-05-31 09:46:30,3089.0,295.72062879386704,0.2,0.1,1281.3339,208.461805
2026-05-31 09:47:00,3095.0,279.5107236320531,0.2,0.1,1282.9916,208.30347166666667
2026-05-31 09:47:30,3096.0,217.65489291253573,0.2,0.1,1284.6388,208.68263833333333
2026-05-31 09:48:00,3123.0,228.63528123270837,0.2,0.1,1286.2753,209.14513833333334
2026-05-31 09:48:30,3118.0,156.39634820111792,0.2,0.1,1287.901,208.94513833333335
2026-05-31 09:49:00,3133.0,291.8411795620672,0.2,0.1,1289.5158,209.111805
2026-05-31 09:49:30,3148.0,298.21550054694893,0.2,0.1,1291.1195,209.15347166666666
2026-05-31 09:50:00,3142.0,170.6176860989238,0.2,0.1,1292.7121,209.361805
2026-05-31 09:50:30,3149.0,265.7634984681817,0.2,0.1,1294.2932,208.74513833333333
2026-05-31 09:51:00,3150.0,273.8384631991056,0.2,0.1,1295.8629,209.47847166666668
2026-05-31 09:51:30,3174.0,158.92095204339446,0.2,0.1,1297.421,200.25763833333335
2026-05-31 09:52:00,3159.0,150.2223497356572,0.2,0.1,1298.9674,202.774305
2026-05-31 09:52:30,3158.0,264.43138816266946,0.2,0.1,1300.5018,203.47430500000002
2026-05-31 09:53:00,3170.0,265.10103408210654,0.2,0.1,1302.0243,205.05763833333333
2026-05-31 09:53:30,3180.0,214.154940839816,0.2,0.1,1303.5345,205.60763833333334
2026-05-31 09:54:00,3236.0,268.27767227425727,0.2,0.1,1305.0325,206.24097166666667
2026-05-31 09:54:30,3175.0,272.5781711529045,0.2,0.1,1306.5181,206.79097166666668
2026-05-31 09:55:00,3226.0,292.8942469775076,0.2,0.1,1307.9911,209.124305
2026-05-31 09:55:30,3197.5,203.12983873028176,0.2,0.1,1309.4514,209.67013833333334
2026-05-31 09:56:00,3169.0,177.55169433128944,0.2,0.1,1310.8988,210.05347166666667
2026-05-31 09:56:30,3243.0,160.6373822163087,0.2,0.1,1312.3333,210.72013833333332
2026-05-31 09:57:00,3219.0,234.33871388849457,0.2,0.1,1313.7547,211.57013833333335
2026-05-31 09:57:30,3215.0,275.0368686324713,0.2,0.1,1315.1628,212.70347166666667
2026-05-31 09:58:00,3217.0,224.01912386601117,0.2,0.1,1316.5575,213.92013833333334
2026-05-31 09:58:30,3230.0,243.2899320527806,0.2,0.1,1317.9388,215.336805
2026-05-31 09:59:00,3217.0,220.0443439684638,0.2,0.1,1319.3064,216.54513833333334
2026-05-31 09:59:30,3235.0,276.02105807415523,0.2,0.1,1320.6601,217.97638833333335
2026-05-31 10:00:00,3215.0,157.04687329449797,0.162,0.062,1322.0,219.21388833333333
2026-05-31 10:00:30,3230.0,284.2805351651318,0.162,0.062,1323.3325,221.455555
2026-05-31 10:01:00,3245.0,278.98225650492805,0.162,0.062,1324.6644,223.85972166666667
2026-05-31 10:01:30,3237.0,157.85011969903363,0.162,0.062,1325.9954,225.51527750000002
2026-05-31 10:02:00,3239.0,252.09666983313576,0.162,0.062,1327.3255,226.92152750000002
2026-05-31 10:02:30,3260.0,196.71686505867712,0.162,0.062,1328.6545,227.61944416666668
2026-05-31 10:03:00,3307.0,199.46602602278116,0.162,0.062,1329.9825,227.94861083333336
2026-05-31 10:03:30,3244.0,293.9275518831822,0.162,0.062,1331.3091,228.1694441666667
2026-05-31 10:04:00,3303.0,175.66491463387592,0.162,0.062,1332.6345,228.82986083333336
2026-05-31 10:04:30,3305.0,283.8721592952171,0.162,0.062,1333.9584,229.1756941666667
2026-05-31 10:05:00,3311.0,281.10339868695496,0.162,0.062,1335.2807,229.4340275
2026-05-31 10:05:30,3320.0,153.64251898785747,0.162,0.062,1336.6014,229.94236083333334
2026-05-31 10:06:00,3310.0,260.7515695189351,0.162,0.062,1337.9203,230.47569416666667
2026-05-31 10:06:30,3325.0,208.40620510593135,0.162,0.062,1339.2373,230.82986083333336
2026-05-31 10:07:00,3353.0,281.73776504463865,0.162,0.062,1340.5523,231.3715275
2026-05-31 10:07:30,3310.0,253.69724607182843,0.162,0.062,1341.8653,231.7381941666667
2026-05-31 10:08:00,3323.0,167.50061882866237,0.162,0.062,1343.176,232.02152750000002
2026-05-31 10:08:30,3359.0,206.89608389245964,0.162,0.062,1344.4845,229.87986083333334
2026-05-31 10:09:00,3345.0,191.16456628020728,0.162,0.062,1345.7905,230.6694441666667
2026-05-31 10:09:30,3359.0,247.40515856095647,0.162,0.062,1347.094,231.36944416666668
2026-05-31 10:10:00,3368.0,289.4290312421982,0.162,0.062,1348.3949,231.78611083333334
2026-05-31 10:10:30,3300.0,265.5782980142391,0.162,0.062,1349.6931,231.86111083333336
2026-05-31 10:11:00,3320.5,220.81782995200084,0.162,0.062,1350.9884,231.97777750000003
2026-05-31 10:11:30,3341.0,206.9844532660484,0.162,0.062,1352.2808,232.05277750000002
2026-05-31 10:12:00,3344.0,275.35667223766626,0.162,0.062,1353.5702,231.8777775
2026-05-31 10:12:30,3374.0,294.3230747418087,0.162,0.062,1354.8564,231.74861083333334
2026-05-31 10:13:00,3395.0,287.25422776042024,0.162,0.062,1356.1393,231.61527750000002
2026-05-31 10:13:30,3377.0,161.64445614937682,0.162,0.062,1357.4189,231.14861083333335
2026-05-31 10:14:00,3416.0,242.29917544077875,0.162,0.062,1358.695,223.2152775
2026-05-31 10:14:30,3395.0,226.5176989346853,0.162,0.062,1359.9675,222.4569441666667
2026-05-31 10:15:00,3394.0,285.02589594505724,0.159,0.059,1361.2364,221.43194416666668
2026-05-31 10:15:30,3421.0,199.00962225684515,0.159,0.059,1362.5014,221.46111083333335
2026-05-31 10:16:00,3422.0,259.81953372542364,0.159,0.059,1363.7626,221.98611083333336
2026-05-31 10:16:30,3403.0,246.55724178379535,0.159,0.059,1365.0197,221.92777750000002
2026-05-31 10:17:00,3407.0,177.11177447148003,0.159,0.059,1366.2728,221.93611083333334
2026-05-31 10:17:30,3400.0,200.2574923494937,0.159,0.059,1367.5216,221.82777750000002
2026-05-31 10:18:00,3393.0,174.68441935529617,0.159,0.059,1368.7661,221.4652775
2026-05-31 10:18:30,3424.0,193.94339481866464,0.159,0.059,1370.0062,221.4569441666667
2026-05-31 10:19:00,3428.0,183.21792126762512,0.159,0.059,1371.2417,222.32361083333336
2026-05-31 10:19:30,3419.0,297.8495461993597,0.159,0.059,1372.4726,222.2944441666667
2026-05-31 10:20:00,3409.0,167.7330854895314,0.159,0.059,1373.6988,222.30277750000002
2026-05-31 10:20:30,3471.0,216.05743536967412,0.159,0.059,1374.9201,223.4194441666667
2026-05-31 10:21:00,3411.0,257.04983873174115,0.159,0.059,1376.1364,223.93611083333334
2026-05-31 10:21:30,3417.0,287.897350499491,0.159,0.059,1377.3477,224.13194416666667
2026-05-31 10:22:00,3474.0,274.6198044066172,0.159,0.059,1378.5538,223.66527750000003
2026-05-31 10:22:30,3485.0,273.1388611021829,0.159,0.059,1379.7546,223.45277750000002
2026-05-31 10:23:00,3462.0,247.73847873783754,0.159,0.059,1380.9501,223.47777750000003
2026-05-31 10:23:30,3521.0,175.31506005481384,0.159,0.059,1382.14,223.36944416666668
2026-05-31 10:24:00,3508.0,284.8987295918739,0.159,0.059,1383.3244,222.92222166666667
2026-05-31 10:24:30,3520.0,222.52656187130725,0.159,0.059,1384.503,222.2777775
2026-05-31 10:25:00,3488.0,259.44107196086173,0.159,0.059,1385.6759,221.71944416666668
2026-05-31 10:25:30,3512.0,175.0403177991516,0.159,0.059,1386.8428,221.89027750000002
2026-05-31 10:26:00,3489.0,252.61020082024373,0.159,0.059,1388.0037,222.2319441666667
2026-05-31 10:26:30,3475.5,297.14607170672343,0.159,0.059,1389.1585,222.6069441666667
2026-05-31 10:27:00,3462.0,248.87481392176602,0.159,0.059,1390.307,223.01527750000002
2026-05-31 10:27:30,3505.0,221.96153321811477,0.159,0.059,1391.4492,222.62361083333334
2026-05-31 10:28:00,3496.0,278.97538419033054,0.159,0.059,1392.585,222.0902775
2026-05-31 10:28:30,3538.0,183.29384035884942,0.159,0.059,1393.7142,221.67361083333336
2026-05-31 10:29:00,3520.0,256.2764527653972,0.159,0.059,1394.8367,221.42777750000002
2026-05-31 10:29:30,3536.0,261.19263973962336,0.159,0.059,1395.9525,220.94444416666667
2026-05-31 10:30:00,3524.5,155.812010501765,0.144,0.044,1397.0614,220.81111083333334
2026-05-31 10:30:30,3513.0,271.7297469484229,0.144,0.044,1398.1633,220.0756941666667
2026-05-31 10:31:00,3511.0,284.38392763256616,0.144,0.044,1399.2582,219.5756941666667
2026-05-31 10:31:30,3539.0,193.70293230832488,0.144,0.044,1400.3458,219.66736083333336
2026-05-31 10:32:00,3491.0,291.7547155580485,0.144,0.044,1401.4262,219.70486083333336
2026-05-31 10:32:30,3465.0,257.54890744782915,0.144,0.044,1402.4991,219.28819416666667
2026-05-31 10:33:00,3481.0,215.1562894383793,0.144,0.044,1403.5645,218.7006941666667
2026-05-31 10:33:30,3482.0,264.3746770605279,0.144,0.044,1404.6224,218.86736083333335
2026-05-31 10:34:00,3510.0,269.4091168736821,0.144,0.044,1405.6725,218.9340275
2026-05-31 10:34:30,3488.0,293.76536483688983,0.144,0.044,1406.7147,218.65486083333334
2026-05-31 10:35:00,3478.0,286.82586408726644,0.144,0.044,1407.7491,218.7381941666667
2026-05-31 10:35:30,3481.0,176.24272919845495,0.144,0.044,1408.7753,218.41319416666667
2026-05-31 10:36:00,3475.0,168.65071271128306,0.144,0.044,1409.7935,218.27708333333334
2026-05-31 10:36:30,3494.0,160.524214893305,0.144,0.044,1410.8034,218.10625
2026-05-31 10:37:00,3518.0,177.75540266810128,0.144,0.044,1411.8049,217.63541666666666
2026-05-31 10:37:30,3575.0,218.14358999061272,0.144,0.044,1412.798,217.37708333333333
2026-05-31 10:38:00,3580.0,247.821704001073,0.144,0.044,1413.7825,216.90208333333334
2026-05-31 10:38:30,3622.0,262.23506032471425,0.144,0.044,1414.7583,216.61875
2026-05-31 10:39:00,3648.0,213.4579046082639,0.144,0.044,1415.7253,216.85208333333333
2026-05-31 10:39:30,3655.0,168.70228597452999,0.144,0.044,1416.6834,217.04375
2026-05-31 10:40:00,3671.0,249.7669310213167,0.144,0.044,1417.6326,216.46041666666667
2026-05-31 10:40:30,3645.0,272.54778284292576,0.144,0.044,1418.5726,216.01041666666666
2026-05-31 10:41:00,3631.0,185.33879514938533,0.144,0.044,1419.5034,216.28541666666666
2026-05-31 10:41:30,3672.0,292.9887435649711,0.144,0.044,1420.425,216.62708333333333
2026-05-31 10:42:00,3700.0,255.45809282675515,0.144,0.044,1421.337,215.93541666666667
2026-05-31 10:42:30,3728.0,179.48893753713338,0.144,0.044,1422.2396,216.09375
2026-05-31 10:43:00,3701.0,241.13486738773685,0.144,0.044,1423.1325,215.74375
2026-05-31 10:43:30,3679.0,249.71817794175521,0.144,0.044,1424.0157,215.81041666666667
2026-05-31 10:44:00,3709.0,298.04526721205065,0.144,0.044,1424.889,215.98958333333334
2026-05-31 10:44:30,3679.0,151.79143068768724,0.144,0.044,1425.7524,215.73958333333334
2026-05-31 10:45:00,3704.0,290.06426040344155,0.135,0.035,1426.6057,215.44375
2026-05-31 10:45:30,3681.0,242.61434879053195,0.135,0.035,1427.4489,215.3590275
2026-05-31 10:46:00,3677.0,280.2552492474812,0.135,0.035,1428.2817,215.09375
2026-05-31 10:46:30,3678.0,229.1267981265073,0.135,0.035,1429.1042,214.76041666666666
2026-05-31 10:47:00,3677.0,230.35870466201501,0.135,0.035,1429.9163,214.62708333333333
2026-05-31 10:47:30,3717.0,179.17600715785503,0.135,0.035,1430.7177,214.45625
2026-05-31 10:48:00,3671.0,297.2397419337422,0.135,0.035,1431.5084,214.20208333333332
2026-05-31 10:48:30,3659.0,184.06338602146536,0.135,0.035,1432.2883,214.19375
2026-05-31 10:49:00,3740.0,230.13314705786473,0.135,0.035,1433.0573,214.23125
2026-05-31 10:49:30,3719.0,284.82426268836497,0.135,0.035,1433.8153,214.06458333333333
2026-05-31 10:50:00,3728.0,211.17657519809927,0.135,0.035,1434.5622,213.90625
2026-05-31 10:50:30,3737.0,163.19912183408343,0.135,0.035,1435.2978,213.77291666666667
2026-05-31 10:51:00,3781.0,159.57494494353904,0.135,0.035,1436.0221,213.33125
2026-05-31 10:51:30,3717.0,184.78249282568726,0.135,0.035,1436.735,212.71875
2026-05-31 10:52:00,3721.0,235.0033566125781,0.135,0.035,1437.4363,212.25208333333333
2026-05-31 10:52:30,3793.0,242.090996429594,0.135,0.035,1438.126,212.52708333333334
2026-05-31 10:53:00,3788.0,173.0612912241551,0.135,0.035,1438.8038,212.18125
2026-05-31 10:53:30,3793.0,168.07716953566552,0.135,0.035,1439.4699,211.16458333333333
2026-05-31 10:54:00,3795.0,292.2158473373629,0.135,0.035,1440.1239,210.27291666666667
2026-05-31 10:54:30,3786.0,225.41438471470155,0.135,0.035,1440.7659,209.25625
2026-05-31 10:55:00,3787.0,194.91328083994333,0.135,0.035,1441.3957,208.12291666666667
2026-05-31 10:55:30,3763.0,245.2586812199391,0.135,0.035,1442.0132,207.36041666666668
2026-05-31 10:56:00,3847.0,280.5208648384571,0.135,0.035,1442.6183,206.59375
2026-05-31 10:56:30,3846.0,233.9972108788475,0.135,0.035,1443.2109,205.96875
2026-05-31 10:57:00,3820.0,190.9977301397883,0.135,0.035,1443.7909,205.61041666666668
2026-05-31 10:57:30,3808.5,289.51036496591973,0.135,0.035,1444.3581,204.76041666666666
2026-05-31 10:58:00,3797.0,227.8564360466994,0.135,0.035,1444.9126,204.16041666666666
2026-05-31 10:58:30,3784.0,262.8243310202688,0.135,0.035,1445.4541,203.44375
2026-05-31 10:59:00,3794.0,246.63725375203444,0.135,0.035,1445.9826,202.76875
2026-05-31 10:59:30,3779.0,176.16206273286056,0.135,0.035,1446.4979,201.7875
2026-05-31 11:00:00,3760.5,269.418235018542,0.133,0.033,1447.0,201.33333333333334
2026-05-31 11:00:30,3742.0,243.31849444651377,0.133,0.033,1447.4953,200.90833333333333
2026-05-31 11:01:00,3753.0,190.51248937559416,0.133,0.033,1447.9902,200.02083333333334
2026-05-31 11:01:30,3808.0,182.5252418257749,0.133,0.033,1448.4848,199.40833333333333
2026-05-31 11:02:00,3803.0,220.58797445402803,0.133,0.033,1448.9789,198.89166666666668
2026-05-31 11:02:30,3814.0,255.80373612837087,0.133,0.033,1449.4725,197.88333333333333
2026-05-31 11:03:00,3787.0,294.94809826982066,0.133,0.033,1449.9655,197.03333333333333
2026-05-31 11:03:30,3797.0,293.1077054608022,0.133,0.033,1450.4578,195.99166666666667
2026-05-31 11:04:00,3786.0,227.41179657300844,0.133,0.033,1450.9495,195.55833333333334
2026-05-31 11:04:30,3821.0,263.3566801722499,0.133,0.033,1451.4403,195.29583333333332
2026-05-31 11:05:00,3789.0,225.44315630388292,0.133,0.033,1451.9303,195.6125
2026-05-31 11:05:30,3769.0,157.64385748425565,0.133,0.033,1452.4194,195.50416666666666
2026-05-31 11:06:00,3822.0,217.46774319030717,0.133,0.033,1452.9075,195.6625
2026-05-31 11:06:30,3771.0,165.5443096450499,0.133,0.033,1453.3946,195.5375
2026-05-31 11:07:00,3789.0,242.01257687693996,0.133,0.033,1453.8806,195.3875
2026-05-31 11:07:30,3780.0,204.1638289382404,0.133,0.033,1454.3654,195.4625
2026-05-31 11:08:00,3851.0,241.9582145730161,0.133,0.033,1454.849,195.6125
2026-05-31 11:08:30,3810.0,233.67345583208095,0.133,0.033,1455.3313,195.68333333333334
2026-05-31 11:09:00,3797.0,153.70988879515028,0.133,0.033,1455.8123,195.62708333333333
2026-05-31 11:09:30,3792.0,264.16416166723263,0.133,0.033,1456.2918,195.36041666666668
2026-05-31 11:10:00,3808.0,169.66850760591512,0.133,0.033,1456.7698,195.42708333333334
2026-05-31 11:10:30,3865.0,250.64487602312954,0.133,0.033,1457.2463,195.91041666666666
2026-05-31 11:11:00,3774.0,220.72567734918243,0.133,0.033,1457.7211,196.31875
2026-05-31 11:11:30,3805.0,206.2226485699585,0.133,0.033,1458.1943,196.72708333333333
2026-05-31 11:12:00,3804.0,236.9843221656705,0.133,0.033,1458.6658,197.04375
2026-05-31 11:12:30,3816.0,281.58462833140686,0.133,0.033,1459.1354,197.44375
2026-05-31 11:13:00,3846.5,154.933966332162,0.133,0.033,1459.6031,198.22708333333333
2026-05-31 11:13:30,3877.0,233.99657342549605,0.133,0.033,1460.0689,198.62708333333333
2026-05-31 11:14:00,3854.0,254.9527957219405,0.133,0.033,1460.5327,198.91875
2026-05-31 11:14:30,3888.0,278.6829992365546,0.133,0.033,1460.9945,200.41875
2026-05-31 11:15:00,3873.0,171.48169787046635,0.143,0.043,1461.4541,201.82708333333332
2026-05-31 11:15:30,3876.0,161.52254672399593,0.143,0.043,1461.9115,201.84791666666666
2026-05-31 11:16:00,3877.0,166.69151504416217,0.143,0.043,1462.3666,201.38958333333332
2026-05-31 11:16:30,3863.0,274.6630817509512,0.143,0.043,1462.8195,203.67291666666668
2026-05-31 11:17:00,3872.0,297.6495279153312,0.143,0.043,1463.2699,207.27708333333334
2026-05-31 11:17:30,3907.0,217.11434754457616,0.143,0.043,1463.7179,210.88541666666666
2026-05-31 11:18:00,3894.0,236.4998185349931,0.143,0.043,1464.1633,212.28125
2026-05-31 11:18:30,3925.0,283.69008472366073,0.143,0.043,1464.6062,213.59791666666666
2026-05-31 11:19:00,3917.0,188.07509604705308,0.143,0.043,1465.0464,214.30625
2026-05-31 11:19:30,3865.0,254.21025766464714,0.143,0.043,1465.484,215.75625
2026-05-31 11:20:00,3864.0,265.60943455210185,0.143,0.043,1465.9187,217.09791666666666
2026-05-31 11:20:30,3849.0,202.41451705192995,0.143,0.043,1466.3506,218.26458333333332
2026-05-31 11:21:00,3866.0,296.7766838677777,0.143,0.043,1466.7796,219.56875
2026-05-31 11:21:30,3890.0,296.0870835901838,0.143,0.043,1467.2056,220.73125
2026-05-31 11:22:00,3910.0,273.5402054420026,0.143,0.043,1467.6286,221.82291666666666
2026-05-31 11:22:30,3872.0,187.98923306624508,0.143,0.043,1468.0485,222.84375
2026-05-31 11:23:00,3884.0,163.31213043214245,0.143,0.043,1468.4653,223.88958333333332
2026-05-31 11:23:30,3874.0,285.5708763274645,0.143,0.043,1468.8788,224.61041666666668
2026-05-31 11:24:00,3871.0,166.97552854776575,0.143,0.043,1469.289,225.34097250000002
2026-05-31 11:24:30,3929.0,253.49877295416394,0.143,0.043,1469.6958,226.06458333333333
2026-05-31 11:25:00,3856.0,298.07079489299895,0.143,0.043,1470.0993,226.86041666666668
2026-05-31 11:25:30,3928.0,287.7898189923114,0.143,0.043,1470.4992,227.12291666666667
2026-05-31 11:26:00,3832.0,153.04519849565085,0.143,0.043,1470.8956,227.58125
2026-05-31 11:26:30,3933.0,190.51239125656699,0.143,0.043,1471.2884,227.94791666666666
2026-05-31 11:27:00,3870.0,299.54198117057626,0.143,0.043,1471.6775,228.33541666666667
2026-05-31 11:27:30,3885.0,252.61998497689382,0.143,0.043,1472.0629,229.28541666666666
2026-05-31 11:28:00,3889.0,214.2192376578878,0.143,0.043,1472.4445,230.33541666666667
2026-05-31 11:28:30,3898.5,163.0355113365922,0.143,0.043,1472.8222,231.21875
2026-05-31 11:29:00,3908.0,206.78891515562853,0.143,0.043,1473.1959,232.14791666666667
2026-05-31 11:29:30,3883.0,277.8257053161925,0.143,0.043,1473.5657,233.10625
2026-05-31 11:30:00,3910.0,1764.7143471625973,0.1394,0.0394,1473.9314,234.13125
2026-05-31 11:30:30,3928.0,1754.224504925931,0.1394,0.0394,1474.293,235.08333333333334
2026-05-31 11:31:00,3935.0,1767.6383695442853,0.1394,0.0394,1474.6503,235.95
2026-05-31 11:31:30,3922.0,1665.7845836944691,0.1394,0.0394,1475.0035,236.675
2026-05-31 11:32:00,3911.0,1754.470522827736,0.1394,0.0394,1475.3523,237.52083333333334
2026-05-31 11:32:30,3900.0,1758.6395282732542,0.1394,0.0394,1475.6967,238.44166666666666
2026-05-31 11:33:00,3889.0,1678.388161057838,0.1394,0.0394,1476.0366,239.51041666666666
2026-05-31 11:33:30,3925.0,1794.372892466998,0.1394,0.0394,1476.3721,240.31041666666667
2026-05-31 11:34:00,3955.0,1744.7784975685402,0.1394,0.0394,1476.7029,241.17708333333334
2026-05-31 11:34:30,3960.0,1782.3386655778795,0.1394,0.0394,1477.0292,241.99375
2026-05-31 11:35:00,3947.0,1705.469640555481,0.1394,0.0394,1477.3507,242.60625
2026-05-31 11:35:30,3925.0,1771.4157380295355,0.1394,0.0394,1477.6674,243.26458333333332
2026-05-31 11:36:00,3940.0,1692.0503815568288,0.1394,0.0394,1477.9793,244.02291666666667
2026-05-31 11:36:30,3929.0,1672.9975613511847,0.1394,0.0394,1478.2863,244.71875
2026-05-31 11:37:00,3918.0,1775.5341085029802,0.1394,0.0394,1478.5884,245.94791666666666
2026-05-31 11:37:30,3923.0,1746.764436321929,0.1394,0.0394,1478.8854,246.97291666666666
2026-05-31 11:38:00,3917.5,1790.890988918091,0.1394,0.0394,1479.1773,248.27708333333334
2026-05-31 11:38:30,3912.0,1745.1609220950793,0.1394,0.0394,1479.464,249.37708333333333
2026-05-31 11:39:00,3980.0,1717.072712666877,0.1394,0.0394,1479.7456,250.31875
2026-05-31 11:39:30,4008.0,1750.5963719097497,0.1394,0.0394,1480.0218,251.06458333333333
2026-05-31 11:40:00,4006.0,1699.7838282762357,0.1394,0.0394,1480.2927,252.55208333333334
2026-05-31 11:40:30,3957.0,1736.1178795027,0.1394,0.0394,1480.5582,254.05208333333334
2026-05-31 11:41:00,3983.0,1762.8457383487687,0.1394,0.0394,1480.8181,254.85625
2026-05-31 11:41:30,3959.0,1762.6723724600038,0.1394,0.0394,1481.0726,255.62708333333333
2026-05-31 11:42:00,3985.0,1654.7664849042926,0.1394,0.0394,1481.3214,257.12708333333336
2026-05-31 11:42:30,3987.0,1789.3970735923513,0.1394,0.0394,1481.5646,257.7604166666667
2026-05-31 11:43:00,3996.0,1682.1363152614251,0.1394,0.0394,1481.802,258.99375
2026-05-31 11:43:30,3972.0,1744.6113718368647,0.1394,0.0394,1482.0336,259.83958333333334
2026-05-31 11:44:00,3982.0,1678.1149450754328,0.1394,0.0394,1482.2594,260.63125
2026-05-31 11:44:30,3992.0,1787.2273673002346,0.1394,0.0394,1482.4792,261.63125
2026-05-31 11:45:00,3989.0,1779.849822905874,0.135,0.035,1482.693,262.61875
2026-05-31 11:45:30,3987.0,1716.89720603355,0.135,0.035,1482.9008,263.4993058333333
2026-05-31 11:46:00,4010.0,1673.8044317185306,0.135,0.035,1483.1024,264.51875
2026-05-31 11:46:30,4016.0,1739.776067860915,0.135,0.035,1483.2979,265.55625
2026-05-31 11:47:00,4010.0,1693.926818520264,0.135,0.035,1483.4871,266.38958333333335
2026-05-31 11:47:30,4005.0,1791.6507936227474,0.135,0.035,1483.6699,267.16875
2026-05-31 11:48:00,4073.0,1725.1890158166652,0.135,0.035,1483.8464,268.06875
2026-05-31 11:48:30,4066.0,1692.7174188353981,0.135,0.035,1484.0165,268.83125
2026-05-31 11:49:00,4014.0,1660.2741061827985,0.135,0.035,1484.18,269.79375
2026-05-31 11:49:30,3996.0,1773.974469337808,0.135,0.035,1484.337,270.76875
2026-05-31 11:50:00,4063.0,1665.9051470436243,0.135,0.035,1484.4873,271.70208333333335
2026-05-31 11:50:30,4034.0,1687.137224670378,0.135,0.035,1484.6309,272.48541666666665
2026-05-31 11:51:00,4022.0,1767.1307717895481,0.135,0.035,1484.7678,273.1979166666667
2026-05-31 11:51:30,3998.0,1737.2963510714794,0.135,0.035,1484.8978,274.0104166666667
2026-05-31 11:52:00,4015.0,1780.0272044524463,0.135,0.035,1485.0209,274.3020833333333
2026-05-31 11:52:30,4029.0,1774.817843194232,0.135,0.035,1485.137,274.1770833333333
2026-05-31 11:53:00,4014.0,1740.4740119013884,0.135,0.035,1485.2462,274.73125
2026-05-31 11:53:30,4067.0,1714.791923033264,0.135,0.035,1485.3482,275.7104166666667
2026-05-31 11:54:00,4048.0,1691.7127453125722,0.135,0.035,1485.4431,276.7604166666667
2026-05-31 11:54:30,4074.0,1684.1088715438805,0.135,0.035,1485.5307,277.8979166666667
2026-05-31 11:55:00,4024.0,1740.0692349065455,0.135,0.035,1485.6111,279.1770833333333
2026-05-31 11:55:30,4065.0,1695.2778092802832,0.135,0.035,1485.6841,280.2729166666667
2026-05-31 11:56:00,4062.0,1771.7494028876713,0.135,0.035,1485.7497,281.37291666666664
2026-05-31 11:56:30,4065.0,1734.3681256622158,0.135,0.035,1485.8079,282.34791666666666
2026-05-31 11:57:00,4061.0,1715.9056502214855,0.135,0.035,1485.8584,283.05625
2026-05-31 11:57:30,4065.0,1688.145679783976,0.135,0.035,1485.9014,283.93958333333336
2026-05-31 11:58:00,4043.0,1767.1380031577212,0.135,0.035,1485.9367,284.59791666666666
2026-05-31 11:58:30,4012.0,1789.0419838770663,0.135,0.035,1485.9643,285.5729166666667
2026-05-31 11:59:00,3995.0,1688.1400472191874,0.135,0.035,1485.9841,286.35625
2026-05-31 11:59:30,4021.0,1671.4728902550785,0.135,0.035,1485.996,287.3229166666667
2026-05-31 12:00:00,4047.0,4228.529168522805,0.1383,0.0382,1486.0,288.09791666666666
2026-05-31 12:00:30,4033.0,4189.61467009551,0.1383,0.0382,1485.9942,288.73125
2026-05-31 12:01:00,4004.0,4244.568548408884,0.1383,0.0382,1485.9767,289.71458333333334
2026-05-31 12:01:30,3999.0,4218.033559164242,0.1383,0.0382,1485.9478,290.52708333333334
2026-05-31 12:02:00,4022.0,4274.4370572232365,0.1383,0.0382,1485.9076,291.34375
2026-05-31 12:02:30,4027.0,4158.9206982474225,0.1383,0.0382,1485.8561,292.73541666666665
2026-05-31 12:03:00,4030.0,4153.851938796241,0.1383,0.0382,1485.7936,294.1020833333333
2026-05-31 12:03:30,4004.0,4159.584705052884,0.1383,0.0382,1485.7201,295.65208333333334
2026-05-31 12:04:00,4065.0,4274.2598624322645,0.1383,0.0382,1485.6358,296.51666666666665
2026-05-31 12:04:30,3994.0,4293.9107286404005,0.1383,0.0382,1485.5408,297.3875
2026-05-31 12:05:00,4073.0,4161.941604015696,0.1383,0.0382,1485.4353,297.7708333333333
2026-05-31 12:05:30,4014.0,4265.625143737694,0.1383,0.0382,1485.3193,298.3875
2026-05-31 12:06:00,4069.0,4280.847201674041,0.1383,0.0382,1485.193,298.7
2026-05-31 12:06:30,4071.0,4284.624684023096,0.1383,0.0382,1485.0566,299.1
2026-05-31 12:07:00,4021.0,4218.455818943154,0.1383,0.0382,1484.9101,299.8833333333333
2026-05-31 12:07:30,3999.0,4163.697979022423,0.1383,0.0382,1484.7537,300.37083333333334
2026-05-31 12:08:00,4037.0,4271.82856883923,0.1383,0.0382,1484.5876,300.62916666666666
2026-05-31 12:08:30,4027.0,4154.398867880414,0.1383,0.0382,1484.4118,301.04583333333335
2026-05-31 12:09:00,4042.0,4230.466960824084,0.1383,0.0382,1484.2264,301.4291666666667
2026-05-31 12:09:30,4070.0,4243.265743231817,0.1383,0.0382,1484.0317,302.0416666666667
2026-05-31 12:10:00,4072.0,4208.197953566014,0.1383,0.0382,1483.8278,302.5625
2026-05-31 12:10:30,4112.0,4183.36612725793,0.1383,0.0382,1483.6147,302.9791666666667
2026-05-31 12:11:00,4061.0,4204.2553325241415,0.1383,0.0382,1483.3926,303.6791666666667
2026-05-31 12:11:30,4104.0,4218.612936324509,0.1383,0.0382,1483.1616,301.7291666666667
2026-05-31 12:12:00,4063.0,4283.613009090752,0.1383,0.0382,1482.9219,302.64166666666665
2026-05-31 12:12:30,4053.0,4170.77992276654,0.1383,0.0382,1482.6736,302.5416666666667
2026-05-31 12:13:00,4067.0,4168.451577446884,0.1383,0.0382,1482.4168,302.7
2026-05-31 12:13:30,4077.0,4222.459050505161,0.1383,0.0382,1482.1517,303.52916666666664
2026-05-31 12:14:00,4068.0,4244.879258577179,0.1383,0.0382,1481.8783,304.34166666666664
2026-05-31 12:14:30,4102.0,4210.225097505767,0.1383,0.0382,1481.5969,304.8666666666667
2026-05-31 12:15:00,4099.0,4276.098092954306,0.1378,0.0378,1481.3075,306.825
2026-05-31 12:15:30,4096.0,4243.809739457417,0.1378,0.0378,1481.0102,307.27916666666664
2026-05-31 12:16:00,4102.0,4277.923374954049,0.1378,0.0378,1480.7053,307.1458333333333
2026-05-31 12:16:30,4091.0,4226.8658582820535,0.1378,0.0378,1480.3928,305.7708333333333
2026-05-31 12:17:00,4120.0,4225.014698684368,0.1378,0.0378,1480.0729,303.0875
2026-05-31 12:17:30,4128.0,4299.255995292648,0.1378,0.0378,1479.7457,300.5375
2026-05-31 12:18:00,4099.0,4298.699851836,0.1378,0.0378,1479.4112,300.32916666666665
2026-05-31 12:18:30,4128.0,4205.305258379357,0.1378,0.0378,1479.0698,299.4291666666667
2026-05-31 12:19:00,4103.0,4198.041904328318,0.1378,0.0378,1478.7214,297.8625
2026-05-31 12:19:30,4160.0,4186.840209366685,0.1378,0.0378,1478.3662,297.55833333333334
2026-05-31 12:20:00,4093.0,4176.212816748699,0.1378,0.0378,1478.0044,297.21666666666664
2026-05-31 12:20:30,4108.0,4187.072249641801,0.1378,0.0378,1477.636,297.20416666666665
2026-05-31 12:21:00,4103.0,4234.14042875987,0.1378,0.0378,1477.2613,297.10833333333335
2026-05-31 12:21:30,4106.0,4264.254950629861,0.1378,0.0378,1476.8803,297.2
2026-05-31 12:22:00,4127.0,4261.13351126096,0.1378,0.0378,1476.4931,297.56666666666666
2026-05-31 12:22:30,4104.0,4216.9326164490585,0.1378,0.0378,1476.0999,298.025
2026-05-31 12:23:00,4062.0,4200.852967132978,0.1378,0.0378,1475.7009,298.45
2026-05-31 12:23:30,4050.0,4232.031997907913,0.1378,0.0378,1475.2961,299.3625
2026-05-31 12:24:00,4091.0,4153.174463342329,0.1378,0.0378,1474.8857,299.9791666666667
2026-05-31 12:24:30,4107.0,4215.559192542623,0.1378,0.0378,1474.4698,300.60833333333335
2026-05-31 12:25:00,4108.0,4261.904492259229,0.1378,0.0378,1474.0485,301.3041666666667
2026-05-31 12:25:30,4102.0,4238.782681594296,0.1378,0.0378,1473.6221,302.07916666666665
2026-05-31 12:26:00,4039.0,4292.0169562452875,0.1378,0.0378,1473.1905,302.84583333333336
2026-05-31 12:26:30,4072.0,4239.0953206831855,0.1378,0.0378,1472.7539,303.6791666666667
2026-05-31 12:27:00,4069.0,4243.378298878852,0.1378,0.0378,1472.3125,304.5416666666667
2026-05-31 12:27:30,4095.0,4245.762773272077,0.1378,0.0378,1471.8665,305.35
2026-05-31 12:28:00,4023.0,4207.559795579228,0.1378,0.0378,1471.4158,305.9166666666667
2026-05-31 12:28:30,4040.0,4250.219434612013,0.1378,0.0378,1470.9607,306.3333333333333
2026-05-31 12:29:00,4123.0,4270.534576167512,0.1378,0.0378,1470.5012,306.82916666666665
2026-05-31 12:29:30,4110.0,4232.55358368175,0.1378,0.0378,1470.0376,307.09583333333336
2026-05-31 12:30:00,4107.0,4197.354416268984,0.1375,0.0375,1469.5699,307.3875
2026-05-31 12:30:30,4057.0,4160.454692177903,0.1375,0.0375,1469.0983,307.6625
2026-05-31 12:31:00,4078.5,4254.700970803142,0.1375,0.0375,1468.6229,308.3041666666667
2026-05-31 12:31:30,4100.0,4286.804240240868,0.1375,0.0375,1468.1438,308.65416666666664
2026-05-31 12:32:00,4071.0,4250.419898465138,0.1375,0.0375,1467.6612,309.09166666666664
2026-05-31 12:32:30,4083.0,4169.090909889033,0.1375,0.0375,1467.1752,309.6125
2026-05-31 12:33:00,4054.0,4195.290984244368,0.1375,0.0375,1466.6859,310.13958333333335
2026-05-31 12:33:30,4087.0,4195.390293606322,0.1375,0.0375,1466.1934,310.8229166666667
2026-05-31 12:34:00,4082.0,4294.097538949098,0.1375,0.0375,1465.698,311.45625
2026-05-31 12:34:30,4088.0,4222.2961405706055,0.1375,0.0375,1465.1996,312.11041666666665
2026-05-31 12:35:00,4042.0,4285.25628238526,0.1375,0.0375,1464.6985,312.29791666666665
2026-05-31 12:35:30,4102.0,4158.828678107504,0.1375,0.0375,1464.1948,312.47291666666666
2026-05-31 12:36:00,4060.0,4285.867849131211,0.1375,0.0375,1463.6885,312.43541666666664
2026-05-31 12:36:30,4095.0,4247.494436995134,0.1375,0.0375,1463.1799,312.41875
2026-05-31 12:37:00,4100.0,4155.300514508526,0.1375,0.0375,1462.6691,312.3520833333333
2026-05-31 12:37:30,4114.0,4253.883697978851,0.1375,0.0375,1462.1562,312.3645833333333
2026-05-31 12:38:00,4128.0,4177.190014460028,0.1375,0.0375,1461.6412,312.5520833333333
2026-05-31 12:38:30,4093.0,4256.365001847993,0.1375,0.0375,1461.1245,312.6145833333333
2026-05-31 12:39:00,4089.0,4213.652044307453,0.1375,0.0375,1460.606,312.70625
2026-05-31 12:39:30,4150.0,4201.776890502715,0.1375,0.0375,1460.0859,312.81458333333336
2026-05-31 12:40:00,4085.0,4189.14817736053,0.1375,0.0375,1459.5643,312.99791666666664
2026-05-31 12:40:30,4098.0,4193.4740373878,0.1375,0.0375,1459.0415,312.96458333333334
2026-05-31 12:41:00,4084.0,4229.833670960409,0.1375,0.0375,1458.5174,313.06041666666664
2026-05-31 12:41:30,4113.0,4236.880807818112,0.1375,0.0375,1457.9923,313.10625
2026-05-31 12:42:00,4104.0,4191.844937889955,0.1375,0.0375,1457.4662,313.40625
2026-05-31 12:42:30,4151.0,4265.416489519515,0.1375,0.0375,1456.9393,313.49791666666664
2026-05-31 12:43:00,4109.0,4175.7704299874395,0.1375,0.0375,1456.4118,313.84791666666666
2026-05-31 12:43:30,4110.0,4162.415202446257,0.1375,0.0375,1455.8837,314.23541666666665
2026-05-31 12:44:00,4070.0,4289.679763391626,0.1375,0.0375,1455.3552,314.41041666666666
2026-05-31 12:44:30,4103.0,4205.372733744078,0.1375,0.0375,1454.8264,314.72083333333336
2026-05-31 12:45:00,4129.0,4172.502897087935,0.1368,0.0368,1454.2974,315.00416666666666
2026-05-31 12:45:30,4116.0,4169.172291405964,0.1368,0.0368,1453.7684,315.55833333333334
2026-05-31 12:46:00,4093.0,4298.464126547122,0.1368,0.0368,1453.2395,316.075
2026-05-31 12:46:30,4095.0,4205.997159885694,0.1368,0.0368,1452.7109,316.2916666666667
2026-05-31 12:47:00,4097.0,4226.770661160378,0.1368,0.0368,1452.1826,317.1
2026-05-31 12:47:30,4100.0,4158.357255493947,0.1368,0.0368,1451.6548,317.95
2026-05-31 12:48:00,4111.0,4181.453329449776,0.1368,0.0368,1451.1276,317.6666666666667
2026-05-31 12:48:30,4092.0,4299.4404036256055,0.1368,0.0368,1450.6012,318.5375
2026-05-31 12:49:00,4105.0,4195.451297465717,0.1368,0.0368,1450.0756,319.68333333333334
2026-05-31 12:49:30,4160.0,4216.208075592165,0.1368,0.0368,1449.5511,321.05
2026-05-31 12:50:00,4104.0,4154.809649231936,0.1368,0.0368,1449.0277,321.175
2026-05-31 12:50:30,4152.0,4242.552407970732,0.1368,0.0368,1448.5056,320.65833333333336
2026-05-31 12:51:00,4114.0,4178.415965967453,0.1368,0.0368,1447.9849,320.25416666666666
2026-05-31 12:51:30,4113.0,4272.375141299927,0.1368,0.0368,1447.4657,319.95416666666665
2026-05-31 12:52:00,4100.0,4291.998885322535,0.1368,0.0368,1446.9482,319.9291666666667
2026-05-31 12:52:30,4112.0,4176.4258035184,0.1368,0.0368,1446.4324,321.2708333333333
2026-05-31 12:53:00,4109.0,4276.193347382354,0.1368,0.0368,1445.9186,322.3541666666667
2026-05-31 12:53:30,4136.0,4293.250672287984,0.1368,0.0368,1445.4069,322.78333333333336
2026-05-31 12:54:00,4160.0,4161.123809842055,0.1368,0.0368,1444.8973,322.5083333333333
2026-05-31 12:54:30,4158.0,4265.706506265231,0.1368,0.0368,1444.39,322.1958333333333
2026-05-31 12:55:00,4159.0,4295.541089530681,0.1368,0.0368,1443.8852,321.96666666666664
2026-05-31 12:55:30,4137.0,4213.16884189538,0.1368,0.0368,1443.383,321.7875
2026-05-31 12:56:00,4138.0,4270.815221139348,0.1368,0.0368,1442.8834,321.62083333333334
2026-05-31 12:56:30,4149.0,4215.602808360424,0.1368,0.0368,1442.3867,321.4375
2026-05-31 12:57:00,4155.0,4224.3077751868,0.1368,0.0368,1441.893,321.07916666666665
2026-05-31 12:57:30,4099.0,4189.940247479817,0.1368,0.0368,1441.4023,320.97083333333336
2026-05-31 12:58:00,4132.0,4245.398674383142,0.1368,0.0368,1440.9149,320.80833333333334
2026-05-31 12:58:30,4083.0,4284.326339319501,0.1368,0.0368,1440.4308,320.05833333333334
2026-05-31 12:59:00,4095.0,4238.985289307359,0.1368,0.0368,1439.9502,319.775
2026-05-31 12:59:30,4098.0,4277.844908929781,0.1368,0.0368,1439.4732,319.7416666666667
2026-05-31 13:00:00,4163.0,4209.257866762034,0.138,0.038,1439.0,319.7416666666667
2026-05-31 13:00:30,4144.0,4187.798747779396,0.138,0.038,1438.5273,319.6666666666667
2026-05-31 13:01:00,4114.0,1687.127085377113,0.138,0.038,1438.052,319.1166666666667
2026-05-31 13:01:30,4101.0,1694.9293321239813,0.138,0.038,1437.574,318.5083333333333
2026-05-31 13:02:00,4101.5,1667.5850913411082,0.138,0.038,1437.0934,317.8375
2026-05-31 13:02:30,4102.0,1690.2921389753008,0.138,0.038,1436.6101,317.2708333333333
2026-05-31 13:03:00,4118.0,1700.8631240675895,0.138,0.038,1436.1243,316.40416666666664
2026-05-31 13:03:30,4102.0,1743.7856323821225,0.138,0.038,1435.6358,316.0625
2026-05-31 13:04:00,4092.0,1771.1362833211056,0.138,0.038,1435.1448,315.42291666666665
2026-05-31 13:04:30,4113.0,1738.119818933869,0.138,0.038,1434.6512,315.36875
2026-05-31 13:05:00,4164.0,1791.0841272856123,0.138,0.038,1434.1551,315.00416666666666
2026-05-31 13:05:30,4137.0,1672.240541866535,0.138,0.038,1433.6565,314.35833333333335
2026-05-31 13:06:00,4158.0,1663.6786394540034,0.138,0.038,1433.1554,313.6458333333333
2026-05-31 13:06:30,4113.0,1777.7451716380951,0.138,0.038,1432.6518,313.27916666666664
2026-05-31 13:07:00,4114.0,1782.9857697965417,0.138,0.038,1432.1457,312.27916666666664
2026-05-31 13:07:30,4093.0,1763.636681072697,0.138,0.038,1431.6372,311.89166666666665
2026-05-31 13:08:00,4133.0,1658.1563334630684,0.138,0.038,1431.1263,311.94166666666666
2026-05-31 13:08:30,4159.0,1658.076134525096,0.138,0.038,1430.6129,311.60833333333335
2026-05-31 13:09:00,4091.0,1672.1337044685945,0.138,0.038,1430.0972,311.1166666666667
2026-05-31 13:09:30,4111.0,1799.1622232344007,0.138,0.038,1429.579,310.7708333333333
2026-05-31 13:10:00,4157.0,1763.162615534774,0.138,0.038,1429.0585,310.5416666666667
2026-05-31 13:10:30,4135.0,1651.7103029272132,0.138,0.038,1428.5357,310.125
2026-05-31 13:11:00,4106.0,1704.2599186854536,0.138,0.038,1428.0105,308.575
2026-05-31 13:11:30,4100.0,1676.886018204355,0.138,0.038,1427.483,310.65
2026-05-31 13:12:00,4156.0,1767.910755691364,0.138,0.038,1426.9532,309.77916666666664
2026-05-31 13:12:30,4068.0,1670.2803267207335,0.138,0.038,1426.4211,309.6791666666667
2026-05-31 13:13:00,4085.0,1792.4755774258215,0.138,0.038,1425.8868,309.1625
2026-05-31 13:13:30,4132.0,1675.0094962824144,0.138,0.038,1425.3502,308.525
2026-05-31 13:14:00,4113.0,1781.8878079641204,0.138,0.038,1424.8114,307.77916666666664
2026-05-31 13:14:30,4129.0,1795.9258917393,0.138,0.038,1424.2704,307.2625
2026-05-31 13:15:00,4135.0,1736.7710645815077,0.1368,0.0368,1423.7272,305.82916666666665
2026-05-31 13:15:30,4103.0,1666.7522645004697,0.1368,0.0368,1423.1818,306.675
2026-05-31 13:16:00,4129.0,1705.9575455536437,0.1368,0.0368,1422.6342,308.44166666666666
2026-05-31 13:16:30,4131.0,1764.8027803598632,0.1368,0.0368,1422.0846,308.45
2026-05-31 13:17:00,4097.5,1727.335768765196,0.1368,0.0368,1421.5327,308.0
2026-05-31 13:17:30,4064.0,1742.92906556822,0.1368,0.0368,1420.9788,307.89166666666665
2026-05-31 13:18:00,4086.0,1717.3146816527528,0.1368,0.0368,1420.4228,307.65833333333336
2026-05-31 13:18:30,4108.0,1666.904300189712,0.1368,0.0368,1419.8647,308.2416666666667
2026-05-31 13:19:00,4099.0,1729.8270956505696,0.1368,0.0368,1419.3046,309.175
2026-05-31 13:19:30,4137.0,1692.0562415442919,0.1368,0.0368,1418.7424,307.5208333333333
2026-05-31 13:20:00,4156.0,1736.0070640038173,0.1368,0.0368,1418.1782,307.84583333333336
2026-05-31 13:20:30,4134.5,1663.6245352903018,0.1368,0.0368,1417.612,307.94166666666666
2026-05-31 13:21:00,4113.0,1715.556730640355,0.1368,0.0368,1417.0438,308.12916666666666
2026-05-31 13:21:30,4102.0,1775.1743014772535,0.1368,0.0368,1416.4736,305.3875
2026-05-31 13:22:00,4157.0,1668.7873657637715,0.1368,0.0368,1415.9015,302.04583333333335
2026-05-31 13:22:30,4093.0,1698.5557301922283,0.1368,0.0368,1415.3274,301.7291666666667
2026-05-31 13:23:00,4089.0,1712.380794687713,0.1368,0.0368,1414.7515,299.28333333333336
2026-05-31 13:23:30,4074.0,1755.3654355014608,0.1368,0.0368,1414.1736,298.35
2026-05-31 13:24:00,4059.0,1656.4888353757817,0.1368,0.0368,1413.5938,298.425
2026-05-31 13:24:30,4098.0,1743.7849721533491,0.1368,0.0368,1413.0122,297.575
2026-05-31 13:25:00,4126.0,1715.0081938429446,0.1368,0.0368,1412.4287,297.2916666666667
2026-05-31 13:25:30,4086.0,1746.436680793092,0.1368,0.0368,1411.8433,297.34166666666664
2026-05-31 13:26:00,4099.0,1680.6415661216386,0.1368,0.0368,1411.2562,297.2916666666667
2026-05-31 13:26:30,4091.0,1661.4471430847957,0.1368,0.0368,1410.6672,297.3875
2026-05-31 13:27:00,4093.0,1694.0180383067202,0.1368,0.0368,1410.0765,298.39166666666665
2026-05-31 13:27:30,4121.0,1716.3301033440734,0.1368,0.0368,1409.484,299.35833333333335
2026-05-31 13:28:00,4096.0,1750.4518966428914,0.1368,0.0368,1408.8898,298.15
2026-05-31 13:28:30,4107.0,1791.3445795089033,0.1368,0.0368,1408.2938,297.7125
2026-05-31 13:29:00,4064.0,1695.6415497606513,0.1368,0.0368,1407.6961,296.47083333333336
2026-05-31 13:29:30,4076.0,1727.8184236868365,0.1368,0.0368,1407.0967,296.6791666666667
2026-05-31 13:30:00,4069.0,1680.769419107889,0.1378,0.0378,1406.4956,295.8625
2026-05-31 13:30:30,4068.0,1752.107435428307,0.1378,0.0378,1405.8929,295.6041666666667
2026-05-31 13:31:00,4050.0,274.72035999633687,0.1378,0.0378,1405.2885,295.275
2026-05-31 13:31:30,4069.0,189.96224563399352,0.1378,0.0378,1404.6825,295.9
2026-05-31 13:32:00,4083.5,250.0693212609007,0.1378,0.0378,1404.0749,296.1791666666667
2026-05-31 13:32:30,4098.0,272.5832020295736,0.1378,0.0378,1403.4656,296.675
2026-05-31 13:33:00,4086.0,235.72665452508926,0.1378,0.0378,1402.8548,297.275
2026-05-31 13:33:30,4091.0,157.5686149238939,0.1378,0.0378,1402.2425,297.5625
2026-05-31 13:34:00,4096.0,257.751156070205,0.1378,0.0378,1401.6286,297.9291666666667
2026-05-31 13:34:30,4097.0,262.95811606556094,0.1378,0.0378,1401.0131,298.54583333333335
2026-05-31 13:35:00,4124.0,164.78911385062113,0.1378,0.0378,1400.3962,299.09583333333336
2026-05-31 13:35:30,4087.0,262.5409913300396,0.1378,0.0378,1399.7777,300.2291666666667
2026-05-31 13:36:00,4088.0,205.239762461612,0.1378,0.0378,1399.1578,301.775
2026-05-31 13:36:30,4031.0,169.3678673929485,0.1378,0.0378,1398.5364,303.73333333333335
2026-05-31 13:37:00,4099.0,245.31835794977158,0.1378,0.0378,1397.9136,303.59166666666664
2026-05-31 13:37:30,4093.0,193.17832419393864,0.1378,0.0378,1397.2894,304.59583333333336
2026-05-31 13:38:00,4067.0,172.03638855025827,0.1378,0.0378,1396.6637,304.3041666666667
2026-05-31 13:38:30,4088.0,182.83271341152079,0.1378,0.0378,1396.0367,304.0875
2026-05-31 13:39:00,4030.0,240.91614333889837,0.1378,0.0378,1395.4083,304.1791666666667
2026-05-31 13:39:30,4100.0,286.8390405453787,0.1378,0.0378,1394.7785,304.32916666666665
2026-05-31 13:40:00,4037.0,280.191163565053,0.1378,0.0378,1394.1474,304.6983333333334
2026-05-31 13:40:30,4097.0,244.77744035792014,0.1378,0.0378,1393.5149,305.5325
2026-05-31 13:41:00,4038.0,261.18702514453446,0.1378,0.0378,1392.8812,306.6025
2026-05-31 13:41:30,4030.0,284.9451744205062,0.1378,0.0378,1392.2462,308.0833333333333
2026-05-31 13:42:00,4029.0,156.68865591187694,0.1378,0.0378,1391.6098,309.76666666666665
2026-05-31 13:42:30,4031.0,207.62478526326797,0.1378,0.0378,1390.9723,311.4583333333333
2026-05-31 13:43:00,4000.0,185.60666739589865,0.1378,0.0378,1390.3335,312.675
2026-05-31 13:43:30,4064.0,274.0413219678745,0.1378,0.0378,1389.6935,314.34166666666664
2026-05-31 13:44:00,4087.0,275.0457228606755,0.1378,0.0378,1389.0523,314.1666666666667
2026-05-31 13:44:30,4060.0,168.98369956718045,0.1378,0.0378,1388.4098,314.88125
2026-05-31 13:45:00,3991.0,151.56062325197306,0.1362,0.0362,1387.7663,315.99375
2026-05-31 13:45:30,4007.0,262.0569012536903,0.1362,0.0362,1387.1215,316.6979166666667
2026-05-31 13:46:00,3989.0,262.8745421144568,0.1362,0.0362,1386.4757,317.70625
2026-05-31 13:46:30,3997.8,179.7728609713965,0.1362,0.0362,1385.8287,318.80625
2026-05-31 13:47:00,4006.6,207.18710435320014,0.1362,0.0362,1385.1806,319.55625
2026-05-31 13:47:30,4015.4,281.9087005591118,0.1362,0.0362,1384.5315,319.21875
2026-05-31 13:48:00,4024.2,218.4425801888571,0.1362,0.0362,1383.8812,321.6770833333333
2026-05-31 13:48:30,4033.0,244.10628341293437,0.1362,0.0362,1383.2299,322.60625
2026-05-31 13:49:00,4024.0,174.75120106797684,0.1362,0.0362,1382.5776,323.06041666666664
2026-05-31 13:49:30,4015.0,251.04532867699254,0.1362,0.0362,1381.9243,321.61041666666665
2026-05-31 13:50:00,4028.5,166.56893773358325,0.1362,0.0362,1381.27,322.49375
2026-05-31 13:50:30,4042.0,283.7380835434686,0.1362,0.0362,1380.6147,324.69375
2026-05-31 13:51:00,4020.0,188.9899253680673,0.1362,0.0362,1379.9584,326.3020833333333
2026-05-31 13:51:30,4001.0,259.14472950724524,0.1362,0.0362,1379.3012,327.88958333333335
2026-05-31 13:52:00,3990.0,150.4265834147727,0.1362,0.0362,1378.643,329.31458333333336
2026-05-31 13:52:30,3895.0,212.41063755623088,0.1362,0.0362,1377.9839,329.38125
2026-05-31 13:53:00,4035.0,219.72885896749017,0.1362,0.0362,1377.324,329.74791666666664
2026-05-31 13:53:30,4008.0,240.74324459508628,0.1362,0.0362,1376.6631,330.8645833333333
2026-05-31 13:54:00,4019.0,174.33144918432222,0.1362,0.0362,1376.0014,332.42291666666665
2026-05-31 13:54:30,4037.0,195.88201031631627,0.1362,0.0362,1375.3389,333.72291666666666
2026-05-31 13:55:00,3993.0,151.997168142763,0.1362,0.0362,1374.6755,335.31041666666664
2026-05-31 13:55:30,3992.0,294.4629011829658,0.1362,0.0362,1374.0113,336.6354166666667
2026-05-31 13:56:00,4022.0,260.8667824610216,0.1362,0.0362,1373.3464,337.73541666666665
2026-05-31 13:56:30,4012.0,169.012774768303,0.1362,0.0362,1372.6806,338.5854166666667
2026-05-31 13:57:00,4021.0,260.22495279212745,0.1362,0.0362,1372.0141,340.37708333333336
2026-05-31 13:57:30,4019.0,259.0356635977733,0.1362,0.0362,1371.3468,340.95208333333335
2026-05-31 13:58:00,4006.0,150.2699568379869,0.1362,0.0362,1370.6788,341.2729166666667
2026-05-31 13:58:30,3993.0,195.35307483514794,0.1362,0.0362,1370.0102,341.80625
2026-05-31 13:59:00,3962.0,271.131474472919,0.1362,0.0362,1369.3408,342.8229166666667
2026-05-31 13:59:30,4003.0,289.44125406708224,0.1362,0.0362,1368.6707,343.08125
2026-05-31 14:00:00,3923.0,222.48380887549945,0.134,0.034,1368.0,342.9770833333333
2026-05-31 14:00:30,3922.0,202.55591700640892,0.134,0.034,1367.3292,343.0229166666667
2026-05-31 14:01:00,3975.0,208.1859586619233,0.134,0.034,1366.6587,342.81875
2026-05-31 14:01:30,3964.0,201.19477820872217,0.134,0.034,1365.9885,342.57708333333335
2026-05-31 14:02:00,3963.0,268.0779928482301,0.134,0.034,1365.3186,342.3645833333333
2026-05-31 14:02:30,3970.0,204.37359180976318,0.134,0.034,1364.6489,341.99375
2026-05-31 14:03:00,3940.0,250.27801358813804,0.134,0.034,1363.9794,341.86875
2026-05-31 14:03:30,3895.0,294.8359313764694,0.134,0.034,1363.3099,341.59375
2026-05-31 14:04:00,3965.0,161.73439267500572,0.134,0.034,1362.6405,341.28541666666666
2026-05-31 14:04:30,3962.5,270.2890494792402,0.134,0.034,1361.9711,340.21875
2026-05-31 14:05:00,3960.0,253.0600455530823,0.134,0.034,1361.3016,339.5083333333333
2026-05-31 14:05:30,3938.0,188.4973526988482,0.134,0.034,1360.632,340.42083333333335
2026-05-31 14:06:00,3927.0,297.5342093174748,0.134,0.034,1359.9623,340.7125
2026-05-31 14:06:30,3965.0,267.90055635515586,0.134,0.034,1359.2923,340.80694416666665
2026-05-31 14:07:00,4007.0,261.65048586929925,0.134,0.034,1358.622,341.3041666666667
2026-05-31 14:07:30,3990.0,230.90734155040514,0.134,0.034,1357.9514,341.22083333333336
2026-05-31 14:08:00,3935.0,284.3704094692156,0.134,0.034,1357.2804,340.75416666666666
2026-05-31 14:08:30,3903.0,284.1044330919925,0.134,0.034,1356.6089,340.90416666666664
2026-05-31 14:09:00,3957.0,233.81823852419876,0.134,0.034,1355.937,341.2708333333333
2026-05-31 14:09:30,3952.0,294.1504793991063,0.134,0.034,1355.2645,341.15416666666664
2026-05-31 14:10:00,4015.0,167.92675766047344,0.134,0.034,1354.5914,341.07916666666665
2026-05-31 14:10:30,3986.0,264.71172421792784,0.134,0.034,1353.9176,340.8666666666667
2026-05-31 14:11:00,3953.0,174.9559642815768,0.134,0.034,1353.2432,341.95
2026-05-31 14:11:30,3920.0,258.15805112150656,0.134,0.034,1352.568,341.9583333333333
2026-05-31 14:12:00,3926.0,199.18708596026937,0.134,0.034,1351.8919,342.0833333333333
2026-05-31 14:12:30,3960.0,258.7754131744136,0.134,0.034,1351.215,342.80833333333334
2026-05-31 14:13:00,3900.0,270.67158773286445,0.134,0.034,1350.5372,342.6
2026-05-31 14:13:30,3890.0,182.58611728614426,0.134,0.034,1349.8583,342.7916666666667
2026-05-31 14:14:00,3892.0,152.41006645351993,0.134,0.034,1349.1785,343.575
2026-05-31 14:14:30,3905.0,185.51854515901408,0.134,0.034,1348.4976,344.2083333333333
2026-05-31 14:15:00,3897.0,251.10278809592484,0.1355,0.0355,1347.8155,343.64166666666665
2026-05-31 14:15:30,3863.0,271.9082488231788,0.1355,0.0355,1347.1322,342.8375
2026-05-31 14:16:00,3923.0,157.21245839478578,0.1355,0.0355,1346.4477,341.2375
2026-05-31 14:16:30,3862.0,191.4260864925451,0.1355,0.0355,1345.7618,340.6375
2026-05-31 14:17:00,3881.0,257.5387445396575,0.1355,0.0355,1345.0747,340.39166666666665
2026-05-31 14:17:30,3885.0,293.2021615144906,0.1355,0.0355,1344.3861,339.8958333333333
2026-05-31 14:18:00,3811.0,196.84004354151833,0.1355,0.0355,1343.696,339.57916666666665
2026-05-31 14:18:30,3888.0,167.9792994085701,0.1355,0.0355,1343.0044,339.29583333333335
2026-05-31 14:19:00,3835.0,248.50109151080278,0.1355,0.0355,1342.3113,339.23333333333335
2026-05-31 14:19:30,3877.0,190.67122078754514,0.1355,0.0355,1341.6165,340.5833333333333
2026-05-31 14:20:00,3895.0,292.47090119522886,0.1355,0.0355,1340.9201,339.81666666666666
2026-05-31 14:20:30,3913.0,179.90131477049584,0.1355,0.0355,1340.2219,339.175
2026-05-31 14:21:00,3854.0,238.2866143665444,0.1355,0.0355,1339.5219,338.5416666666667
2026-05-31 14:21:30,3861.0,154.16881593069107,0.1355,0.0355,1338.8201,340.28333333333336
2026-05-31 14:22:00,3881.0,289.51873836347556,0.1355,0.0355,1338.1164,342.5833333333333
2026-05-31 14:22:30,3863.0,256.9718943926455,0.1355,0.0355,1337.4108,341.7708333333333
2026-05-31 14:23:00,3853.0,189.88224743927128,0.1355,0.0355,1336.7031,343.02916666666664
2026-05-31 14:23:30,3915.0,246.89518568515285,0.1355,0.0355,1335.9934,343.2375
2026-05-31 14:24:00,3863.0,275.3453363102932,0.1355,0.0355,1335.2816,342.15416666666664
2026-05-31 14:24:30,3922.0,222.61021471646288,0.1355,0.0355,1334.5676,342.05833333333334
2026-05-31 14:25:00,3865.0,167.735984149372,0.1355,0.0355,1333.8514,341.325
2026-05-31 14:25:30,3869.0,172.01467611027664,0.1355,0.0355,1333.133,340.26666666666665
2026-05-31 14:26:00,3868.0,290.52133559501453,0.1355,0.0355,1332.4122,339.4166666666667
2026-05-31 14:26:30,3852.0,160.42575224115967,0.1355,0.0355,1331.689,338.7875
2026-05-31 14:27:00,3872.0,223.30049843619628,0.1355,0.0355,1330.9634,336.43333333333334
2026-05-31 14:27:30,3849.0,253.3419299493308,0.1355,0.0355,1330.2353,334.65833333333336
2026-05-31 14:28:00,3813.0,270.00407387299913,0.1355,0.0355,1329.5047,334.9916666666667
2026-05-31 14:28:30,3825.0,253.54677787744512,0.1355,0.0355,1328.7715,334.87916666666666
2026-05-31 14:29:00,3787.0,243.2861460150493,0.1355,0.0355,1328.0356,335.3541666666667
2026-05-31 14:29:30,3835.0,155.19373456469754,0.1355,0.0355,1327.297,334.5708333333333
2026-05-31 14:30:00,3764.0,214.96962791108615,0.135,0.035,1326.5557,334.68333333333334
2026-05-31 14:30:30,3772.0,220.42174105059468,0.135,0.035,1325.8116,334.34166666666664
2026-05-31 14:31:00,3805.0,171.79538902911014,0.135,0.035,1325.0646,333.6166666666667
2026-05-31 14:31:30,3779.0,229.36751542529947,0.135,0.035,1324.3146,332.15
2026-05-31 14:32:00,3714.0,173.4490063457025,0.135,0.035,1323.5618,330.475
2026-05-31 14:32:30,3746.0,185.0529606252575,0.135,0.035,1322.8059,329.2708333333333
2026-05-31 14:33:00,3701.0,238.08999010019187,0.135,0.035,1322.0469,327.4625
2026-05-31 14:33:30,3747.0,235.9946553652558,0.135,0.035,1321.2848,325.9916666666667
2026-05-31 14:34:00,3744.0,264.07930210420704,0.135,0.035,1320.5195,324.925
2026-05-31 14:34:30,3719.5,166.4159690162437,0.135,0.035,1319.7509,323.1125
2026-05-31 14:35:00,3695.0,241.3764696614536,0.135,0.035,1318.9791,321.65416666666664
2026-05-31 14:35:30,3692.0,221.0149429806954,0.135,0.035,1318.2039,319.97083333333336
2026-05-31 14:36:00,3689.0,247.16469719113854,0.135,0.035,1317.4253,317.87083333333334
2026-05-31 14:36:30,3739.0,241.2897837374928,0.135,0.035,1316.6433,314.67083333333335
2026-05-31 14:37:00,3664.0,251.6801672407916,0.135,0.035,1315.8578,314.57916666666665
2026-05-31 14:37:30,3682.0,287.4673900685376,0.135,0.035,1315.0686,313.4625
2026-05-31 14:38:00,3690.0,222.84256887171517,0.135,0.035,1314.2759,313.8375
2026-05-31 14:38:30,3699.0,268.4762274516206,0.135,0.035,1313.4795,314.78333333333336
2026-05-31 14:39:00,3696.0,255.81256509477652,0.135,0.035,1312.6794,314.475
2026-05-31 14:39:30,3670.0,217.2798661628042,0.135,0.035,1311.8755,314.4916666666667
2026-05-31 14:40:00,3633.0,237.9857493299039,0.135,0.035,1311.0678,314.21416666666664
2026-05-31 14:40:30,3675.0,272.16728248290565,0.135,0.035,1310.2562,313.755
2026-05-31 14:41:00,3707.0,269.47647158091587,0.135,0.035,1309.4407,312.8683333333333
2026-05-31 14:41:30,3631.0,228.545682139838,0.135,0.035,1308.6211,311.6958333333333
2026-05-31 14:42:00,3646.0,166.10765508989786,0.135,0.035,1307.7975,310.1958333333333
2026-05-31 14:42:30,3673.0,155.12114594093688,0.135,0.035,1306.9699,308.7625
2026-05-31 14:43:00,3601.0,260.7676055326212,0.135,0.035,1306.138,307.5541666666667
2026-05-31 14:43:30,3632.0,193.1446707463956,0.135,0.035,1305.302,305.92083333333335
2026-05-31 14:44:00,3613.0,209.75034414945145,0.135,0.035,1304.4617,306.09583333333336
2026-05-31 14:44:30,3591.0,228.23596612618067,0.135,0.035,1303.6171,305.4291666666667
2026-05-31 14:45:00,3620.0,233.33043117695217,0.135,0.035,1302.7681,302.70416666666665
2026-05-31 14:45:30,3541.0,176.71537281164342,0.135,0.035,1301.9147,301.6125
2026-05-31 14:46:00,3571.0,195.9608373837757,0.135,0.035,1301.0568,300.2875
2026-05-31 14:46:30,3591.0,193.63202354660032,0.135,0.035,1300.1943,299.12916666666666
2026-05-31 14:47:00,3522.0,297.3600808798745,0.135,0.035,1299.3273,297.5541666666667
2026-05-31 14:47:30,3574.0,286.20329817037526,0.135,0.035,1298.4557,297.3208333333333
2026-05-31 14:48:00,3525.0,281.51797950210755,0.135,0.035,1297.5794,295.2291666666667
2026-05-31 14:48:30,3504.0,157.58951816854048,0.135,0.035,1296.6983,293.625
2026-05-31 14:49:00,3505.0,158.62409300756983,0.135,0.035,1295.8124,292.30833333333334
2026-05-31 14:49:30,3510.0,152.42892909531577,0.135,0.035,1294.9217,292.55
2026-05-31 14:50:00,3569.0,206.90228922793608,0.135,0.035,1294.026,291.775
2026-05-31 14:50:30,3568.0,183.9730044565825,0.135,0.035,1293.1254,290.275
2026-05-31 14:51:00,3564.5,297.6270962335128,0.135,0.035,1292.2198,289.44166666666666
2026-05-31 14:51:30,3561.0,198.08297342257933,0.135,0.035,1291.3092,288.39166666666665
2026-05-31 14:52:00,3569.0,283.5937377160764,0.135,0.035,1290.3934,287.31666666666666
2026-05-31 14:52:30,3576.0,290.2413097928985,0.135,0.035,1289.4724,286.10833333333335
2026-05-31 14:53:00,3564.0,191.82056282472035,0.135,0.035,1288.5462,284.9166666666667
2026-05-31 14:53:30,3576.0,160.09617979671873,0.135,0.035,1287.6147,283.6
2026-05-31 14:54:00,3581.0,159.60458811972651,0.135,0.035,1286.6778,282.4916666666667
2026-05-31 14:54:30,3562.0,186.23707100144503,0.135,0.035,1285.7356,281.52916666666664
2026-05-31 14:55:00,3623.0,237.66317863616558,0.135,0.035,1284.788,280.27916666666664
2026-05-31 14:55:30,3624.5,177.0515422418773,0.135,0.035,1283.8348,279.21875
2026-05-31 14:56:00,3626.0,272.5221788862912,0.135,0.035,1282.8761,278.49375
2026-05-31 14:56:30,3633.0,240.68241002960895,0.135,0.035,1281.9118,277.90208333333334
2026-05-31 14:57:00,3623.0,249.0164385132456,0.135,0.035,1280.9418,276.57708333333335
2026-05-31 14:57:30,3604.0,177.9802011643821,0.135,0.035,1279.9661,276.20208333333335
2026-05-31 14:58:00,3576.0,287.42630799755057,0.135,0.035,1278.9846,275.69375
2026-05-31 14:58:30,3566.0,279.56570609842464,0.135,0.035,1277.9973,275.45625
2026-05-31 14:59:00,3556.0,220.39106596034492,0.135,0.035,1277.0042,274.43541666666664
2026-05-31 14:59:30,3520.0,262.06954349172725,0.135,0.035,1276.0051,274.03541666666666
2026-05-31 15:00:00,3525.0,154.6926905496419,0.1145,0.0145,1275.0,273.6479166666667
2026-05-31 15:00:30,3464.0,226.34186262610814,0.1145,0.0145,1273.9856,273.49791666666664
2026-05-31 15:01:00,3552.0,164.27338080167738,0.1145,0.0145,1272.9587,273.81875
2026-05-31 15:01:30,3507.0,161.55811622461664,0.1145,0.0145,1271.9194,274.28541666666666
2026-05-31 15:02:00,3563.0,255.50437989102204,0.1145,0.0145,1270.8679,274.71875
2026-05-31 15:02:30,3567.0,218.6831615284181,0.1145,0.0145,1269.8042,275.12708333333336
2026-05-31 15:03:00,3503.0,210.26821575884483,0.1145,0.0145,1268.7286,275.31041666666664
2026-05-31 15:03:30,3566.0,274.92438506466783,0.1145,0.0145,1267.6412,275.49375
2026-05-31 15:04:00,3496.0,272.9706478116218,0.1145,0.0145,1266.542,275.91875
2026-05-31 15:04:30,3492.0,155.5486067912221,0.1145,0.0145,1265.4313,276.56458333333336
2026-05-31 15:05:00,3503.0,219.4452740862385,0.1145,0.0145,1264.3091,277.00625
2026-05-31 15:05:30,3499.0,233.3208216865703,0.1145,0.0145,1263.1756,276.28125
2026-05-31 15:06:00,3504.0,157.99812721173362,0.1145,0.0145,1262.031,276.25625
2026-05-31 15:06:30,3505.6667,201.60487176432474,0.1145,0.0145,1260.8754,276.2284725
2026-05-31 15:07:00,3507.3333,223.1335107820715,0.1145,0.0145,1259.7088,276.42291666666665
2026-05-31 15:07:30,3509.0,178.98201665929878,0.1145,0.0145,1258.5315,276.49791666666664
2026-05-31 15:08:00,3492.0,281.3142314279556,0.1145,0.0145,1257.3436,276.46458333333334
2026-05-31 15:08:30,3505.0,294.81207112131005,0.1145,0.0145,1256.1452,276.24791666666664
2026-05-31 15:09:00,3500.0,293.57053910153223,0.1145,0.0145,1254.9365,276.1
2026-05-31 15:09:30,3506.5,241.54969185681617,0.1145,0.0145,1253.7175,276.2375
2026-05-31 15:10:00,3513.0,267.47986521834656,0.1145,0.0145,1252.4885,275.97083333333336
2026-05-31 15:10:30,3485.0,163.41626720710826,0.1145,0.0145,1251.2495,276.1333333333333
2026-05-31 15:11:00,3499.0,283.5392623739691,0.1145,0.0145,1250.0007,276.06666666666666
2026-05-31 15:11:30,3497.0,162.0629751310512,0.1145,0.0145,1248.7423,275.93333333333334
2026-05-31 15:12:00,3488.0,258.50768785689957,0.1145,0.0145,1247.4743,276.2083333333333
2026-05-31 15:12:30,3453.0,277.529282704052,0.1145,0.0145,1246.1969,275.75
2026-05-31 15:13:00,3452.0,185.24013190511408,0.1145,0.0145,1244.9103,276.06666666666666
2026-05-31 15:13:30,3419.0,177.81534303319884,0.1145,0.0145,1243.6145,276.28333333333336
2026-05-31 15:14:00,3453.0,186.31285934153988,0.1145,0.0145,1242.3098,275.90833333333336
2026-05-31 15:14:30,3404.0,182.03351822686113,0.1145,0.0145,1240.9962,275.375
2026-05-31 15:15:00,3351.0,193.19128869684477,0.1145,0.0145,1239.6738,275.68333333333334
2026-05-31 15:15:30,3402.0,171.4265698162252,0.1145,0.0145,1238.3429,275.4291666666667
2026-05-31 15:16:00,3341.0,176.94137825886565,0.1145,0.0145,1237.0036,275.57916666666665
2026-05-31 15:16:30,3365.0,222.90037956992524,0.1145,0.0145,1235.6559,275.9125
2026-05-31 15:17:00,3311.0,286.4596873487137,0.1145,0.0145,1234.3001,276.34166666666664
2026-05-31 15:17:30,3334.0,164.62457813783155,0.1145,0.0145,1232.9362,276.6041666666667
2026-05-31 15:18:00,3316.0,178.19012093819134,0.1145,0.0145,1231.5644,276.84583333333336
2026-05-31 15:18:30,3290.0,161.46075546123052,0.1145,0.0145,1230.1848,276.8125
2026-05-31 15:19:00,3319.0,181.64284999294134,0.1145,0.0145,1228.7976,276.93333333333334
2026-05-31 15:19:30,3342.0,176.91334625106785,0.1145,0.0145,1227.4029,276.775
2026-05-31 15:20:00,3324.0,158.38092951390493,0.1145,0.0145,1226.0009,276.8875
2026-05-31 15:20:30,3323.0,223.36789232574114,0.1145,0.0145,1224.5916,276.9
2026-05-31 15:21:00,3290.0,294.621154117801,0.1145,0.0145,1223.1752,276.84166666666664
2026-05-31 15:21:30,3346.0,269.6914888204761,0.1145,0.0145,1221.7519,277.06666666666666
2026-05-31 15:22:00,3357.0,272.4630429551513,0.1145,0.0145,1220.3218,276.925
2026-05-31 15:22:30,3368.0,263.840781372512,0.1145,0.0145,1218.8849,277.04583333333335
2026-05-31 15:23:00,3326.0,177.96442685945922,0.1145,0.0145,1217.4416,277.2625
2026-05-31 15:23:30,3314.0,263.22036815080423,0.1145,0.0145,1215.9918,276.79583333333335
2026-05-31 15:24:00,3306.0,211.738144813882,0.1145,0.0145,1214.5357,277.01458333333335
2026-05-31 15:24:30,3309.0,180.29483149756706,0.1145,0.0145,1213.0735,277.28125
2026-05-31 15:25:00,3369.0,173.5889456247171,0.1145,0.0145,1211.6053,277.38125
2026-05-31 15:25:30,3364.0,299.26113636590696,0.1145,0.0145,1210.1312,277.6479166666667
2026-05-31 15:26:00,3339.0,219.33031273125786,0.1145,0.0145,1208.6514,277.7604166666667
2026-05-31 15:26:30,3287.0,269.10898218596253,0.1145,0.0145,1207.166,277.5229166666667
2026-05-31 15:27:00,3304.0,263.00115745392964,0.1145,0.0145,1205.6751,277.8520833333333
2026-05-31 15:27:30,3322.0,173.57665649307756,0.1145,0.0145,1204.1789,277.1354166666667
2026-05-31 15:28:00,3314.0,256.3491207151793,0.1145,0.0145,1202.6775,277.2270833333333
2026-05-31 15:28:30,3303.0,262.60962002861635,0.1145,0.0145,1201.1711,277.1479166666667
2026-05-31 15:29:00,3337.0,216.12237814623805,0.1145,0.0145,1199.6597,277.77708333333334
2026-05-31 15:29:30,3365.0,228.79045814534214,0.1145,0.0145,1198.1435,277.62708333333336
2026-05-31 15:30:00,3359.9176,208.870141896969,0.116,0.016,1196.6227,277.1979166666667
2026-05-31 15:30:30,3354.8353,158.27074865982928,0.116,0.016,1195.0974,277.06458333333336
2026-05-31 15:31:00,3349.7529,297.61728815789127,0.116,0.016,1193.5677,277.26458333333335
2026-05-31 15:31:30,3344.6706,214.3868803184978,0.116,0.016,1192.0338,277.32708333333335
2026-05-31 15:32:00,3339.5882,170.22871089356835,0.116,0.016,1190.4958,277.62708333333336
2026-05-31 15:32:30,3334.5059,163.9663787118175,0.116,0.016,1188.9538,277.32708333333335
2026-05-31 15:33:00,3329.4235,169.15172018575996,0.116,0.016,1187.4079,278.02708333333334
2026-05-31 15:33:30,3324.3412,268.55418700211226,0.116,0.016,1185.8584,277.95208333333335
2026-05-31 15:34:00,3319.2588,296.0412527924667,0.116,0.016,1184.3053,277.66875
2026-05-31 15:34:30,3314.1765,173.01806972282048,0.116,0.016,1182.7488,277.91041666666666
2026-05-31 15:35:00,3309.0941,226.33490658998744,0.116,0.016,1181.1889,278.03541666666666
2026-05-31 15:35:30,3304.0118,252.07772814579,0.116,0.016,1179.626,278.09375
2026-05-31 15:36:00,3298.9294,166.35913236485993,0.116,0.016,1178.06,278.26875
2026-05-31 15:36:30,3293.8471,269.9518251239259,0.116,0.016,1176.4911,279.01875
2026-05-31 15:37:00,3288.7647,251.13048767738394,0.116,0.016,1174.9194,278.56041666666664
2026-05-31 15:37:30,3283.6824,216.47931546807465,0.116,0.016,1173.3452,278.1020833333333
2026-05-31 15:38:00,3278.6,151.6624133919102,0.116,0.016,1171.7685,277.2604166666667
2026-05-31 15:38:30,3273.5176,291.6586632556241,0.116,0.016,1170.1894,275.98541666666665
2026-05-31 15:39:00,3268.4353,171.0157616322137,0.116,0.016,1168.6082,275.82708333333335
2026-05-31 15:39:30,3263.3529,268.07456610999935,0.116,0.016,1167.0248,275.12291666666664
2026-05-31 15:40:00,3258.2706,165.1572740345218,0.116,0.016,1165.4395,274.36875
2026-05-31 15:40:30,3253.1882,209.7236953011677,0.116,0.016,1163.8525,273.45208333333335
2026-05-31 15:41:00,3248.1059,299.2229890805376,0.116,0.016,1162.2637,272.7604166666667
2026-05-31 15:41:30,3243.0235,235.36986740348803,0.116,0.016,1160.6735,271.9770833333333
2026-05-31 15:42:00,3237.9412,292.894384216995,0.116,0.016,1159.0818,271.0104166666667
2026-05-31 15:42:30,3232.8588,181.23280534083747,0.116,0.016,1157.4889,270.12708333333336
2026-05-31 15:43:00,3227.7765,289.1062690163054,0.116,0.016,1155.8949,269.53541666666666
2026-05-31 15:43:30,3222.6941,276.1438137820428,0.116,0.016,1154.2999,268.61875
2026-05-31 15:44:00,3217.6118,150.57723681536942,0.116,0.016,1152.704,267.87708333333336
2026-05-31 15:44:30,3212.5294,208.45046925950683,0.116,0.016,1151.1074,267.0520833333333
2026-05-31 15:45:00,3207.4471,291.8610205147146,0.119,0.019,1149.5103,267.73541666666665
2026-05-31 15:45:30,3202.3647,168.44871604919666,0.119,0.019,1147.9127,267.41041666666666
2026-05-31 15:46:00,3197.2824,272.6833964745243,0.119,0.019,1146.3148,266.91041666666666
2026-05-31 15:46:30,3192.2,242.95158488754004,0.119,0.019,1144.7167,266.37291666666664
2026-05-31 15:47:00,3187.1176,223.0351476390805,0.119,0.019,1143.1186,266.0104166666667
2026-05-31 15:47:30,3182.0353,158.04297212213976,0.119,0.019,1141.5206,265.53541666666666
2026-05-31 15:48:00,3176.9529,287.5888391785787,0.119,0.019,1139.9228,265.3354166666667
2026-05-31 15:48:30,3171.8706,215.84198556439358,0.119,0.019,1138.3254,264.8020833333333
2026-05-31 15:49:00,3166.7882,215.96439266678584,0.119,0.019,1136.7285,264.1354166666667
2026-05-31 15:49:30,3161.7059,259.8301188884765,0.119,0.019,1135.1323,263.43541666666664
2026-05-31 15:50:00,3156.6235,286.95764902600183,0.119,0.019,1133.5368,263.0854166666667
2026-05-31 15:50:30,3151.5412,283.58726139681266,0.119,0.019,1131.9422,263.14375
2026-05-31 15:51:00,3146.4588,212.17691811192336,0.119,0.019,1130.3487,263.04375
2026-05-31 15:51:30,3141.3765,265.32207519063803,0.119,0.019,1128.7564,263.02708333333334
2026-05-31 15:52:00,3136.2941,299.55353948615425,0.119,0.019,1127.1654,262.8020833333333
2026-05-31 15:52:30,3131.2118,267.059652707463,0.119,0.019,1125.5759,262.62708333333336
2026-05-31 15:53:00,3126.1294,269.02684052980305,0.119,0.019,1123.9879,262.36875
2026-05-31 15:53:30,3121.0471,266.89631241852396,0.119,0.019,1122.4017,262.1770833333333
2026-05-31 15:54:00,3115.9647,251.39859269132728,0.119,0.019,1120.8174,262.02708333333334
2026-05-31 15:54:30,3110.8824,191.04523478583423,0.119,0.019,1119.235,261.92291666666665
2026-05-31 15:55:00,3105.8,250.23943206242728,0.119,0.019,1117.6548,261.78125
2026-05-31 15:55:30,3100.7176,222.4698650570303,0.119,0.019,1116.0769,261.625
2026-05-31 15:56:00,3095.6353,158.33247639748117,0.119,0.019,1114.5013,261.45416666666665
2026-05-31 15:56:30,3090.5529,286.6457082852244,0.119,0.019,1112.9283,261.3541666666667
2026-05-31 15:57:00,3085.4706,162.34656865529138,0.119,0.019,1111.358,261.1333333333333
2026-05-31 15:57:30,3080.3882,203.56950771709677,0.119,0.019,1109.7905,260.9916666666667
2026-05-31 15:58:00,3075.3059,232.39524904275152,0.119,0.019,1108.226,261.40416666666664
2026-05-31 15:58:30,3070.2235,200.12055368626378,0.119,0.019,1106.6645,261.975
2026-05-31 15:59:00,3065.1412,197.51497472485033,0.119,0.019,1105.1063,262.25416666666666
2026-05-31 15:59:30,3060.0588,179.71614835528035,0.119,0.019,1103.5514,262.50416666666666
2026-05-31 16:00:00,3054.9765,195.86227618174019,0.14,0.04,1102.0,262.73333333333335
2026-05-31 16:00:30,3049.8941,189.73701185377274,0.14,0.04,1100.4496,262.71666666666664
2026-05-31 16:01:00,3044.8118,296.9443277246365,0.14,0.04,1098.8975,262.9
2026-05-31 16:01:30,3039.7294,293.89767568747936,0.14,0.04,1097.3437,263.26666666666665
2026-05-31 16:02:00,3034.6471,279.5645056157515,0.14,0.04,1095.7883,263.34583333333336
2026-05-31 16:02:30,3029.5647,204.34487383214068,0.14,0.04,1094.2311,263.51666666666665
2026-05-31 16:03:00,3024.4824,162.3327939327771,0.14,0.04,1092.6722,263.9
2026-05-31 16:03:30,3019.4,236.97895464929726,0.14,0.04,1091.1117,264.14166666666665
2026-05-31 16:04:00,3014.3176,297.7148068910941,0.14,0.04,1089.5494,264.55833333333334
2026-05-31 16:04:30,3009.2353,207.5037330206422,0.14,0.04,1087.9853,264.72083333333336
2026-05-31 16:05:00,3004.1529,242.4500858452709,0.14,0.04,1086.4195,264.87916666666666
2026-05-31 16:05:30,2999.0706,214.36115405458162,0.14,0.04,1084.8519,264.87916666666666
2026-05-31 16:06:00,2993.9882,287.1807398771814,0.14,0.04,1083.2826,265.0208333333333
2026-05-31 16:06:30,2988.9059,177.76394033657172,0.14,0.04,1081.7115,265.15
2026-05-31 16:07:00,2983.8235,256.2478152907024,0.14,0.04,1080.1386,264.9916666666667
2026-05-31 16:07:30,2978.7412,177.48568987013329,0.14,0.04,1078.5638,264.9916666666667
2026-05-31 16:08:00,2973.6588,272.6698313348722,0.14,0.04,1076.9873,265.01666666666665
2026-05-31 16:08:30,2968.5765,150.74835353760827,0.14,0.04,1075.4089,265.0416666666667
2026-05-31 16:09:00,2963.4941,184.22693941250964,0.14,0.04,1073.8287,264.99791666666664
2026-05-31 16:09:30,2958.4118,188.4188327967459,0.14,0.04,1072.2467,264.7604166666667
2026-05-31 16:10:00,2953.3294,176.99723331775567,0.14,0.04,1070.6627,264.31875
2026-05-31 16:10:30,2948.2471,157.82356470643128,0.14,0.04,1069.077,263.66875
2026-05-31 16:11:00,2943.1647,218.45188786807716,0.14,0.04,1067.4893,263.08958333333334
2026-05-31 16:11:30,2938.0824,235.59441200026987,0.14,0.04,1065.8997,262.81458333333336
2026-05-31 16:12:00,2933.0,229.16330428104155,0.14,0.04,1064.3082,262.20625
2026-05-31 16:12:30,2947.0,250.30766787345743,0.14,0.04,1062.7149,261.79791666666665
2026-05-31 16:13:00,2941.75,216.8242757388145,0.14,0.04,1061.1195,261.2395833333333
2026-05-31 16:13:30,2936.5,275.68889551916624,0.14,0.04,1059.5223,260.31458333333336
2026-05-31 16:14:00,2931.25,200.29789474725962,0.14,0.04,1057.9231,259.65625
2026-05-31 16:14:30,2926.0,156.33810004663445,0.14,0.04,1056.3219,259.25625
2026-05-31 16:15:00,2849.0,220.8113808692809,0.135,0.035,1054.7188,258.65625
2026-05-31 16:15:30,2847.0,239.0179124621596,0.135,0.035,1053.1137,258.25208333333336
2026-05-31 16:16:00,2845.0,262.53885279582704,0.135,0.035,1051.5066,257.7104166666667
2026-05-31 16:16:30,2843.0,286.96664739963563,0.135,0.035,1049.8975,257.09375
2026-05-31 16:17:00,2841.0,284.9520613577836,0.135,0.035,1048.2864,256.50208333333336
2026-05-31 16:17:30,2839.0,269.3738443795109,0.135,0.035,1046.6732,255.87708333333333
2026-05-31 16:18:00,2820.0,290.7737150754492,0.135,0.035,1045.058,255.31875
2026-05-31 16:18:30,2851.0,251.9370178857776,0.135,0.035,1043.4408,254.76875
2026-05-31 16:19:00,2825.0,187.82628964789785,0.135,0.035,1041.8215,254.08541666666667
2026-05-31 16:19:30,2840.0,248.05123762418407,0.135,0.035,1040.2002,253.43541666666667
2026-05-31 16:20:00,2826.0,254.4140287169045,0.135,0.035,1038.5768,252.83958333333334
2026-05-31 16:20:30,2863.0,287.93914418394365,0.135,0.035,1036.9512,252.08541666666667
2026-05-31 16:21:00,2808.0,165.89673651194698,0.135,0.035,1035.3236,251.58541666666667
2026-05-31 16:21:30,2807.3333,184.964411608477,0.135,0.035,1033.6939,250.97708333333333
2026-05-31 16:22:00,2806.6667,195.26253741445632,0.135,0.035,1032.062,250.44375
2026-05-31 16:22:30,2806.0,292.9451082327589,0.135,0.035,1030.4281,249.81041666666667
2026-05-31 16:23:00,2816.0,284.2239926971275,0.135,0.035,1028.7919,249.14375
2026-05-31 16:23:30,2826.0,156.43762234325345,0.135,0.035,1027.1536,248.66875
2026-05-31 16:24:00,2816.0,213.6264974035974,0.135,0.035,1025.5132,247.975
2026-05-31 16:24:30,2806.0,238.5887390787799,0.135,0.035,1023.8705,247.1625
2026-05-31 16:25:00,2803.0,182.27320732694994,0.135,0.035,1022.2257,246.37916666666666
2026-05-31 16:25:30,2798.0,285.2961755418895,0.135,0.035,1020.5787,245.50416666666666
2026-05-31 16:26:00,2799.0,297.2395497365163,0.135,0.035,1018.9295,244.68333333333334
2026-05-31 16:26:30,2792.0,264.8158875940835,0.135,0.035,1017.278,243.75833333333333
2026-05-31 16:27:00,2798.0,289.0565497607657,0.135,0.035,1015.6243,243.05416666666667
2026-05-31 16:27:30,2805.0,192.07536568280167,0.135,0.035,1013.9684,242.92916666666667
2026-05-31 16:28:00,2842.0,238.41374666943992,0.135,0.035,1012.3102,242.29583333333332
2026-05-31 16:28:30,2805.0,231.53469876982388,0.135,0.035,1010.6498,241.525
2026-05-31 16:29:00,2669.0,208.30752574509233,0.135,0.035,1008.9871,240.89583333333334
2026-05-31 16:29:30,2450.0,181.66403680064974,0.135,0.035,1007.3221,240.45416666666668
2026-05-31 16:30:00,2693.0,216.0839285834083,0.155,0.055,1005.6548,239.97916666666666
2026-05-31 16:30:30,2795.0,257.27108542593925,0.155,0.055,1003.9852,239.29583333333332
2026-05-31 16:31:00,2768.0,240.16689306835383,0.155,0.055,1002.3132,238.05416666666667
2026-05-31 16:31:30,2773.0,210.47937112449858,0.155,0.055,1000.639,237.08333333333334
2026-05-31 16:32:00,2760.0,236.08887069609932,0.155,0.055,998.9624,236.55833333333334
2026-05-31 16:32:30,2754.0,223.42623679866813,0.155,0.055,997.2834,236.20833333333334
2026-05-31 16:33:00,2719.0,199.42161935840903,0.155,0.055,995.6021,236.03333333333333
2026-05-31 16:33:30,2722.0,233.7991917563533,0.155,0.055,993.9184,235.675
2026-05-31 16:34:00,2745.0,275.6224408949156,0.155,0.055,992.2323,235.05
2026-05-31 16:34:30,2699.0,195.88705200803415,0.155,0.055,990.5439,234.775
2026-05-31 16:35:00,2722.0,248.79579971409783,0.155,0.055,988.853,234.16666666666666
2026-05-31 16:35:30,2718.0,295.6887185468927,0.155,0.055,987.1597,233.23333333333332
2026-05-31 16:36:00,2722.0,288.179580857662,0.155,0.055,985.464,232.18333333333334
2026-05-31 16:36:30,2698.0,225.349356523536,0.155,0.055,983.7658,230.9125
2026-05-31 16:37:00,2679.0,229.1043700891783,0.155,0.055,982.0652,230.00416666666666
2026-05-31 16:37:30,2675.0,295.050843103607,0.155,0.055,980.3621,229.25833333333333
2026-05-31 16:38:00,2644.0,195.6687564197282,0.155,0.055,978.6566,228.19166666666666
2026-05-31 16:38:30,2672.0,217.5403366769807,0.155,0.055,976.9486,227.99166666666667
2026-05-31 16:39:00,2663.6667,205.67426549110297,0.155,0.055,975.2381,227.375
2026-05-31 16:39:30,2655.3333,172.1610742870628,0.155,0.055,973.525,227.43333333333334
2026-05-31 16:40:00,2647.0,202.74826095863386,0.155,0.055,971.8095,227.0
2026-05-31 16:40:30,2617.0,248.02608027117662,0.155,0.055,970.0914,227.15833333333333
2026-05-31 16:41:00,2637.0,269.8809265765218,0.155,0.055,968.3708,226.625
2026-05-31 16:41:30,2582.0,261.92466524122494,0.155,0.055,966.6477,226.16666666666666
2026-05-31 16:42:00,2606.0,213.55165509993282,0.155,0.055,964.922,225.87083333333334
2026-05-31 16:42:30,2599.0,278.1506646468323,0.155,0.055,963.1937,225.50416666666666
2026-05-31 16:43:00,2572.0,152.12878095667875,0.155,0.055,961.4628,224.82916666666668
2026-05-31 16:43:30,2576.0,271.071084652286,0.155,0.055,959.7294,224.42916666666667
2026-05-31 16:44:00,2573.0,234.96083333419517,0.155,0.055,957.9933,223.95416666666668
2026-05-31 16:44:30,2537.0,196.10320830922706,0.155,0.055,956.2546,223.57083333333333
2026-05-31 16:45:00,2572.0,150.65133212805873,0.17,0.07,954.5134,223.39166666666668
2026-05-31 16:45:30,2539.0,200.04953036523676,0.17,0.07,952.7694,222.78333333333333
2026-05-31 16:46:00,2573.0,196.78013400364847,0.17,0.07,951.0229,222.23333333333332
2026-05-31 16:46:30,2513.0,178.47216694392304,0.17,0.07,949.2736,221.75416666666666
2026-05-31 16:47:00,2497.0,171.59306023259066,0.17,0.07,947.5217,221.39166666666668
2026-05-31 16:47:30,2504.0,243.34863080084654,0.17,0.07,945.7671,220.68333333333334
2026-05-31 16:48:00,2513.3333,227.15665749389132,0.17,0.07,944.0099,220.075
2026-05-31 16:48:30,2522.6667,277.9048822182198,0.17,0.07,942.2499,219.75
2026-05-31 16:49:00,2532.0,152.54538382720278,0.17,0.07,940.4872,219.15833333333333
2026-05-31 16:49:30,2502.0,189.337901463595,0.17,0.07,938.7218,218.78333333333333
2026-05-31 16:50:00,2512.0,196.18179771683273,0.17,0.07,936.9537,217.80833333333334
2026-05-31 16:50:30,2513.0,176.36816722160543,0.17,0.07,935.1828,216.77916666666667
2026-05-31 16:51:00,2486.0,280.7907060098969,0.17,0.07,933.4091,215.4625
2026-05-31 16:51:30,2478.5,298.0837032793901,0.17,0.07,931.6327,213.7625
2026-05-31 16:52:00,2471.0,193.29214883701516,0.17,0.07,929.8536,212.74583333333334
2026-05-31 16:52:30,2442.0,212.39234961870125,0.17,0.07,928.0716,211.52083333333334
2026-05-31 16:53:00,2508.0,268.745864019324,0.17,0.07,926.2868,210.44166666666666
2026-05-31 16:53:30,2452.0,189.87991864541473,0.17,0.07,924.4992,209.35833333333332
2026-05-31 16:54:00,2435.0,153.35047754683777,0.17,0.07,922.7088,208.25
2026-05-31 16:54:30,2447.0,279.9930063429896,0.17,0.07,920.9156,206.95
2026-05-31 16:55:00,2445.5,162.0660158777597,0.17,0.07,919.1195,205.9625
2026-05-31 16:55:30,2444.0,217.27832969208907,0.17,0.07,917.3206,205.02916666666667
2026-05-31 16:56:00,2412.0,286.51488472981544,0.17,0.07,915.5188,203.98333333333332
2026-05-31 16:56:30,2427.0,179.4368575312012,0.17,0.07,913.7141,202.86666666666667
2026-05-31 16:57:00,2390.0,276.28543957294266,0.17,0.07,911.9066,202.07083333333333
2026-05-31 16:57:30,2428.0,244.3144938662772,0.17,0.07,910.0961,201.27361083333332
2026-05-31 16:58:00,2392.0,217.430132265013,0.17,0.07,908.2827,200.28333333333333
2026-05-31 16:58:30,2425.0,190.578911756131,0.17,0.07,906.4665,199.11666666666667
2026-05-31 16:59:00,2428.0,181.20612891338126,0.17,0.07,904.6473,198.18541666666667
2026-05-31 16:59:30,2399.0,260.3176838877513,0.17,0.07,902.8251,197.40625
2026-05-31 17:00:00,2395.0,161.7289035552709,0.1762,0.0762,901.0,196.57291666666666
2026-05-31 17:00:30,2410.0,159.53982498790293,0.1762,0.0762,899.172,196.05104166666666
2026-05-31 17:01:00,2376.0,279.2368804737354,0.1762,0.0762,897.3411,195.66145833333334
2026-05-31 17:01:30,2399.0,234.30248912981926,0.1762,0.0762,895.5074,195.29166666666666
2026-05-31 17:02:00,2374.0,187.6319490691089,0.1762,0.0762,893.6708,195.35416666666666
2026-05-31 17:02:30,2366.0,237.45125073644044,0.1762,0.0762,891.8313,195.16666666666666
2026-05-31 17:03:00,2370.0,196.09566722709536,0.1762,0.0762,889.9889,194.74166666666667
2026-05-31 17:03:30,2337.0,201.03482307120447,0.1762,0.0762,888.1437,194.5
2026-05-31 17:04:00,2336.0,259.05177391123647,0.1762,0.0762,886.2956,194.0
2026-05-31 17:04:30,2302.0,210.44566984964416,0.1762,0.0762,884.4446,193.7
2026-05-31 17:05:00,2276.0,204.35663784077593,0.1762,0.0762,882.5907,193.46666666666667
2026-05-31 17:05:30,2336.0,179.99038390614274,0.1762,0.0762,880.7339,198.65
2026-05-31 17:06:00,2276.0,174.10411031235031,0.1762,0.0762,878.8741,198.10833333333332
2026-05-31 17:06:30,2315.0,181.54761624937532,0.1762,0.0762,877.0115,197.7625
2026-05-31 17:07:00,2304.0,184.24075475510816,0.1762,0.0762,875.146,197.32916666666668
2026-05-31 17:07:30,2293.0,226.06856125402857,0.1762,0.0762,873.2776,196.7875
2026-05-31 17:08:00,2227.0,265.6516508625942,0.1762,0.0762,871.4062,196.17083333333332
2026-05-31 17:08:30,2266.0,295.94169450226326,0.1762,0.0762,869.5319,195.42916666666667
2026-05-31 17:09:00,2234.0,283.2443469098878,0.1762,0.0762,867.6547,194.9125
2026-05-31 17:09:30,2276.0,264.0124385186643,0.1762,0.0762,865.7745,194.4125
2026-05-31 17:10:00,2256.6667,202.44821163012824,0.1762,0.0762,863.8914,194.37083333333334
2026-05-31 17:10:30,2237.3333,254.89691559090164,0.1762,0.0762,862.0054,194.5375
2026-05-31 17:11:00,2218.0,164.41699804033092,0.1762,0.0762,860.1164,194.74166666666667
2026-05-31 17:11:30,2219.0,272.5382249993413,0.1762,0.0762,858.2245,194.81666666666666
2026-05-31 17:12:00,2218.0,268.42017412873366,0.1762,0.0762,856.3296,194.61666666666667
2026-05-31 17:12:30,2203.0,238.74485710141136,0.1762,0.0762,854.4317,194.59166666666667
2026-05-31 17:13:00,2214.0,207.6196917929959,0.1762,0.0762,852.5309,194.7
2026-05-31 17:13:30,2206.0,209.59559246633518,0.1762,0.0762,850.6272,195.075
2026-05-31 17:14:00,2199.3125,226.8229951167433,0.1762,0.0762,848.7204,195.34166666666667
2026-05-31 17:14:30,2192.625,172.82200458628716,0.1762,0.0762,846.8107,195.50833333333333
2026-05-31 17:15:00,2185.9375,191.574109636468,0.2002,0.1002,844.898,195.38333333333333
2026-05-31 17:15:30,2179.25,285.74221328185,0.2002,0.1002,842.9823,195.0875
2026-05-31 17:16:00,2172.5625,295.355738693032,0.2002,0.1002,841.0636,194.8625
2026-05-31 17:16:30,2165.875,293.96824505680763,0.2002,0.1002,839.1419,194.75416666666666
2026-05-31 17:17:00,2159.1875,291.4777643658694,0.2002,0.1002,837.2172,194.6625
2026-05-31 17:17:30,2152.5,188.28154182701343,0.2002,0.1002,835.2895,194.5875
2026-05-31 17:18:00,2145.8125,211.3400353700466,0.2002,0.1002,833.3588,194.50416666666666
2026-05-31 17:18:30,2139.125,269.46555347692936,0.2002,0.1002,831.4251,194.49583333333334
2026-05-31 17:19:00,2132.4375,281.7112345416965,0.2002,0.1002,829.4884,194.42083333333332
2026-05-31 17:19:30,2125.75,193.08239134572284,0.2002,0.1002,827.5487,194.5125
2026-05-31 17:20:00,2119.0625,193.47731203166933,0.2002,0.1002,825.6059,194.57916666666668
2026-05-31 17:20:30,2112.375,244.51455175200647,0.2002,0.1002,823.6601,194.5375
2026-05-31 17:21:00,2105.6875,228.45855601121946,0.2002,0.1002,821.7113,194.20416666666668
2026-05-31 17:21:30,2099.0,200.39604960616913,0.2002,0.1002,819.7594,193.45416666666668
2026-05-31 17:22:00,2097.3333,266.22625170256543,0.2002,0.1002,817.8045,192.70416666666668
2026-05-31 17:22:30,2095.6667,202.01710481801214,0.2002,0.1002,815.8466,191.8625
2026-05-31 17:23:00,2094.0,213.4116305800088,0.2002,0.1002,813.8856,191.15416666666667
2026-05-31 17:23:30,2063.0,161.4329798795878,0.2002,0.1002,811.9215,190.47083333333333
2026-05-31 17:24:00,2066.0,190.1797583184941,0.2002,0.1002,809.9544,190.0875
2026-05-31 17:24:30,2024.0,161.28830321210182,0.2002,0.1002,807.9842,189.57083333333333
2026-05-31 17:25:00,2017.0,247.79922770648392,0.2002,0.1002,806.011,189.07083333333333
2026-05-31 17:25:30,2010.0,216.8666847469595,0.2002,0.1002,804.0346,188.6875
2026-05-31 17:26:00,2008.5,258.11315744734605,0.2002,0.1002,802.0552,188.4375
2026-05-31 17:26:30,2007.0,235.9158049962859,0.2002,0.1002,800.0728,188.09166666666667
2026-05-31 17:27:00,2009.0,194.06707075403884,0.2002,0.1002,798.0872,187.925
2026-05-31 17:27:30,1946.0,278.34697741926084,0.2002,0.1002,796.0985,187.7
2026-05-31 17:28:00,1962.5,237.9373630897319,0.2002,0.1002,794.1068,187.475
2026-05-31 17:28:30,1979.0,170.89580047047568,0.2002,0.1002,792.1119,187.2875
2026-05-31 17:29:00,1977.0,221.01706155519733,0.2002,0.1002,790.114,186.25416666666666
2026-05-31 17:29:30,1950.0,262.80913590560397,0.2002,0.1002,788.1129,186.0375
2026-05-31 17:30:00,1944.0,202.92178591854713,0.2076,0.1076,786.1087,185.97083333333333
2026-05-31 17:30:30,1977.0,219.00082358254957,0.2076,0.1076,784.1015,185.84166666666667
2026-05-31 17:31:00,1931.0,238.4942783400854,0.2076,0.1076,782.0911,186.15
2026-05-31 17:31:30,1930.5,200.4572312980606,0.2076,0.1076,780.0775,186.375
2026-05-31 17:32:00,1930.0,153.074169279551,0.2076,0.1076,778.0609,186.325
2026-05-31 17:32:30,1915.0,180.48744526515026,0.2076,0.1076,776.0411,186.00833333333333
2026-05-31 17:33:00,1928.0,270.1468636987276,0.2076,0.1076,774.0181,185.05
2026-05-31 17:33:30,1917.0,262.54050291126805,0.2076,0.1076,771.9921,184.78333333333333
2026-05-31 17:34:00,1888.0,216.6784314494309,0.2076,0.1076,769.9628,184.64166666666668
2026-05-31 17:34:30,1881.0,295.6179677901252,0.2076,0.1076,767.9305,184.1
2026-05-31 17:35:00,1859.0,251.7565608235305,0.2076,0.1076,765.8949,184.14166666666668
2026-05-31 17:35:30,1914.0,255.40555424308047,0.2076,0.1076,763.8563,184.425
2026-05-31 17:36:00,1862.0,274.46602330805587,0.2076,0.1076,761.8144,184.63333333333333
2026-05-31 17:36:30,1889.0,253.2426236703645,0.2076,0.1076,759.7694,185.35416666666666
2026-05-31 17:37:00,1859.5,217.52214041423383,0.2076,0.1076,757.7212,185.82916666666668
2026-05-31 17:37:30,1830.0,218.88667788455,0.2076,0.1076,755.6698,185.93333333333334
2026-05-31 17:38:00,1800.0,184.90239814374277,0.2076,0.1076,753.6153,186.15
2026-05-31 17:38:30,1812.0,244.5248315877211,0.2076,0.1076,751.5575,185.51666666666668
2026-05-31 17:39:00,1844.0,290.6711354220047,0.2076,0.1076,749.4966,185.23333333333332
2026-05-31 17:39:30,1834.0,194.38876503660407,0.2076,0.1076,747.4325,184.35833333333332
2026-05-31 17:40:00,1824.0,276.97514571040335,0.2076,0.1076,745.3652,183.96666666666667
2026-05-31 17:40:30,1822.0,180.04392194599123,0.2076,0.1076,743.2947,182.925
2026-05-31 17:41:00,1828.0,283.9676150670565,0.2076,0.1076,741.2209,182.56666666666666
2026-05-31 17:41:30,1806.0,218.54315355230304,0.2076,0.1076,739.144,182.0
2026-05-31 17:42:00,1784.0,258.48272898828174,0.2076,0.1076,737.0639,181.79583333333332
2026-05-31 17:42:30,1781.0,176.45387336271523,0.2076,0.1076,734.9805,181.47916666666666
2026-05-31 17:43:00,1784.0,229.15327281991165,0.2076,0.1076,732.8939,181.1375
2026-05-31 17:43:30,1756.0,240.03471834432332,0.2076,0.1076,730.8041,180.87916666666666
2026-05-31 17:44:00,1753.0,186.77191030663312,0.2076,0.1076,728.711,180.65
2026-05-31 17:44:30,1754.0,182.17402762874895,0.2076,0.1076,726.6147,180.39166666666668
2026-05-31 17:45:00,1755.0,245.79188545077278,0.216,0.116,724.5152,180.1125
2026-05-31 17:45:30,1749.0,193.55872215815765,0.216,0.116,722.4124,179.7375
2026-05-31 17:46:00,1755.0,220.0061815746029,0.216,0.116,720.3063,179.2875
2026-05-31 17:46:30,1691.0,274.9369365083289,0.216,0.116,718.197,178.80833333333334
2026-05-31 17:47:00,1725.0,239.5071822050059,0.216,0.116,716.0845,178.425
2026-05-31 17:47:30,1734.0,231.89644893603594,0.216,0.116,713.9687,178.225
2026-05-31 17:48:00,1704.0,288.63982833287963,0.216,0.116,711.8496,178.08333333333334
2026-05-31 17:48:30,1707.0,202.46937896791133,0.216,0.116,709.7272,177.68333333333334
2026-05-31 17:49:00,1705.0,282.04579622301424,0.216,0.116,707.6016,177.45833333333334
2026-05-31 17:49:30,1706.0,230.98666817045932,0.216,0.116,705.4727,177.09166666666667
2026-05-31 17:50:00,1676.0,205.60285618497375,0.216,0.116,703.3405,176.8375
2026-05-31 17:50:30,1641.0,268.5092083150173,0.216,0.116,701.205,176.38333333333333
2026-05-31 17:51:00,1642.0,206.1709761918043,0.216,0.116,699.0662,176.2875
2026-05-31 17:51:30,1666.0,233.1511883188154,0.216,0.116,696.9242,176.59583333333333
2026-05-31 17:52:00,1685.0,230.76566311154647,0.216,0.116,694.7788,176.34166666666667
2026-05-31 17:52:30,1643.0,275.44327707035495,0.216,0.116,692.6301,176.26666666666668
2026-05-31 17:53:00,1610.0,174.32773686738918,0.216,0.116,690.4781,176.12083333333334
2026-05-31 17:53:30,1646.0,276.27889700371855,0.216,0.116,688.3228,175.92083333333332
2026-05-31 17:54:00,1612.0,199.4398922984203,0.216,0.116,686.1642,175.7125
2026-05-31 17:54:30,1664.0,158.10659854181984,0.216,0.116,684.0022,175.75
2026-05-31 17:55:00,1648.0,278.06223766110753,0.216,0.116,681.8369,175.45
2026-05-31 17:55:30,1615.0,208.92932910130816,0.216,0.116,679.6683,175.3
2026-05-31 17:56:00,1604.0,189.52889461260736,0.216,0.116,677.4963,175.06666666666666
2026-05-31 17:56:30,1584.0,234.2296082298148,0.216,0.116,675.321,175.03333333333333
2026-05-31 17:57:00,1585.5,187.1203376161755,0.216,0.116,673.1424,174.70833333333334
2026-05-31 17:57:30,1587.0,165.43697710403893,0.216,0.116,670.9604,174.27222250000003
2026-05-31 17:58:00,1553.0,189.93423041713922,0.216,0.116,668.775,174.03333333333333
2026-05-31 17:58:30,1550.0,253.5148089671469,0.216,0.116,666.5863,173.80833333333334
2026-05-31 17:59:00,1552.0,229.21564890826608,0.216,0.116,664.3943,173.57291666666666
2026-05-31 17:59:30,1518.0,191.24430393438104,0.216,0.116,662.1988,173.23125
2026-05-31 18:00:00,1552.0,152.09433430580557,0.2137,0.1137,660.0,172.95208333333332
2026-05-31 18:00:30,1521.0,267.9839681515709,0.2137,0.1137,657.7915,172.303125
2026-05-31 18:01:00,1524.0,212.2094541669489,0.2137,0.1137,655.5673,171.559375
2026-05-31 18:01:30,1513.6667,287.25685455362554,0.2137,0.1137,653.3277,170.60416666666666
2026-05-31 18:02:00,1503.3333,221.38942443623412,0.2137,0.1137,651.0729,169.47083333333333
2026-05-31 18:02:30,1493.0,203.36087900813783,0.2137,0.1137,648.8033,168.44166666666666
2026-05-31 18:03:00,1484.0,180.44927303391012,0.2137,0.1137,646.5192,167.6
2026-05-31 18:03:30,1475.0,286.0402924628582,0.2137,0.1137,644.2209,166.80833333333334
2026-05-31 18:04:00,1466.0,161.79583484906297,0.2137,0.1137,641.9087,165.96666666666667
2026-05-31 18:04:30,1457.0,260.31637454175603,0.2137,0.1137,639.5828,164.98333333333332
2026-05-31 18:05:00,1448.0,160.9591347301528,0.2137,0.1137,637.2437,164.21666666666667
2026-05-31 18:05:30,1437.0,254.77910046225193,0.2137,0.1137,634.8915,157.9
2026-05-31 18:06:00,1428.5,231.23726835956117,0.2137,0.1137,632.5267,157.4
2026-05-31 18:06:30,1420.0,253.9005680664619,0.2137,0.1137,630.1495,156.525
2026-05-31 18:07:00,1405.0,241.35997536967358,0.2137,0.1137,627.7601,156.01666666666668
2026-05-31 18:07:30,1401.8,175.7000825780881,0.2137,0.1137,625.359,155.4
2026-05-31 18:08:00,1398.6,187.38556280548295,0.2137,0.1137,622.9465,155.04166666666666
2026-05-31 18:08:30,1395.4,178.34602426813026,0.2137,0.1137,620.5227,154.71666666666667
2026-05-31 18:09:00,1392.2,193.68067392679464,0.2137,0.1137,618.0881,154.21666666666667
2026-05-31 18:09:30,1389.0,217.86407578761037,0.2137,0.1137,615.6429,153.9
2026-05-31 18:10:00,1373.0,223.20163845784887,0.2137,0.1137,613.1874,153.425
2026-05-31 18:10:30,1341.0,286.9593748057939,0.2137,0.1137,610.722,152.775
2026-05-31 18:11:00,1339.0,177.0875164093955,0.2137,0.1137,608.2469,152.15
2026-05-31 18:11:30,1323.0,297.1783036051987,0.2137,0.1137,605.7625,151.46666666666667
2026-05-31 18:12:00,1298.0,215.7072562062807,0.2137,0.1137,603.269,151.13333333333333
2026-05-31 18:12:30,1297.5,183.17567049795582,0.2137,0.1137,600.7668,150.7
2026-05-31 18:13:00,1297.0,161.3722004162959,0.2137,0.1137,598.2561,150.25
2026-05-31 18:13:30,1262.0,229.6716076188252,0.2137,0.1137,595.7373,150.04166666666666
2026-05-31 18:14:00,1305.0,239.3958587416033,0.2137,0.1137,593.2107,149.85833333333332
2026-05-31 18:14:30,1293.0,162.03274482364094,0.2137,0.1137,590.6765,149.65
2026-05-31 18:15:00,1281.0,240.870837270034,0.2217,0.1217,588.1351,149.8625
2026-05-31 18:15:30,1263.0,231.2958886937891,0.2217,0.1217,585.5868,149.99583333333334
2026-05-31 18:16:00,1188.0,249.50853088063064,0.2217,0.1217,583.0319,150.15416666666667
2026-05-31 18:16:30,1276.0,182.93739570398097,0.2217,0.1217,580.4707,150.17083333333332
2026-05-31 18:17:00,1236.0,238.49216881906443,0.2217,0.1217,577.9034,150.27916666666667
2026-05-31 18:17:30,1232.0,299.5843865101649,0.2217,0.1217,575.3305,150.12916666666666
2026-05-31 18:18:00,1217.5,216.63501991052559,0.2217,0.1217,572.7521,150.17083333333332
2026-05-31 18:18:30,1203.0,181.83585784057934,0.2217,0.1217,570.1687,150.05416666666667
2026-05-31 18:19:00,1254.0,185.82746401280193,0.2217,0.1217,567.5804,149.9375
2026-05-31 18:19:30,1197.0,289.6922001535946,0.2217,0.1217,564.9877,149.79583333333332
2026-05-31 18:20:00,1202.0,249.99211705423937,0.2217,0.1217,562.3908,149.5125
2026-05-31 18:20:30,1194.0,207.60009897669772,0.2217,0.1217,559.79,149.54583333333332
2026-05-31 18:21:00,1192.0,173.51818160488392,0.2217,0.1217,557.1856,149.59583333333333
2026-05-31 18:21:30,1154.0,198.96734516088978,0.2217,0.1217,554.578,150.17083333333332
2026-05-31 18:22:00,1194.0,236.62563352300236,0.2217,0.1217,551.9674,151.04583333333332
2026-05-31 18:22:30,1157.0,257.05565029605054,0.2217,0.1217,549.3541,151.57083333333333
2026-05-31 18:23:00,1136.0,199.57857892272185,0.2217,0.1217,546.7385,152.24583333333334
2026-05-31 18:23:30,1134.0,293.64205096304494,0.2217,0.1217,544.1208,152.7375
2026-05-31 18:24:00,1111.0,280.40140138809295,0.2217,0.1217,541.5014,153.1875
2026-05-31 18:24:30,1096.0,282.62103561731635,0.2217,0.1217,538.8805,153.6375
2026-05-31 18:25:00,1102.0,164.2203921402513,0.2217,0.1217,536.2584,154.17916666666667
2026-05-31 18:25:30,1108.0,188.8071976953084,0.2217,0.1217,533.6356,154.5625
2026-05-31 18:26:00,1115.0,209.10053678759039,0.2217,0.1217,531.0121,154.77083333333334
2026-05-31 18:26:30,1110.0,249.2897330401847,0.2217,0.1217,528.3885,155.1625
2026-05-31 18:27:00,1094.0,160.9406669895632,0.2217,0.1217,525.7649,155.27916666666667
2026-05-31 18:27:30,1114.0,153.49905469666106,0.2217,0.1217,523.1417,155.50416666666666
2026-05-31 18:28:00,1104.5,204.64632069390825,0.2217,0.1217,520.5192,155.70416666666668
2026-05-31 18:28:30,1095.0,263.27565968392275,0.2217,0.1217,517.8977,156.01666666666668
2026-05-31 18:29:00,1063.0,269.87135526965244,0.2217,0.1217,515.2774,156.4125
2026-05-31 18:29:30,1060.0,238.67934122732737,0.2217,0.1217,512.6587,156.57083333333333
2026-05-31 18:30:00,1087.0,221.47442112265094,0.2457,0.1457,510.042,157.02916666666667
2026-05-31 18:30:30,1032.0,267.0088060080724,0.2457,0.1457,507.4274,157.37916666666666
2026-05-31 18:31:00,1044.0,299.92199327324755,0.2457,0.1457,504.8153,157.62083333333334
2026-05-31 18:31:30,1014.0,278.92051431344197,0.2457,0.1457,502.2061,157.82083333333333
2026-05-31 18:32:00,991.0,206.3639166197359,0.2457,0.1457,499.5999,158.2125
2026-05-31 18:32:30,972.0,204.15617544530178,0.2457,0.1457,496.9972,158.4375
2026-05-31 18:33:00,990.0,216.9246491599463,0.2457,0.1457,494.3982,158.82916666666668
2026-05-31 18:33:30,974.0,205.31694720798004,0.2457,0.1457,491.8032,158.7125
2026-05-31 18:34:00,993.0,188.59118035094144,0.2457,0.1457,489.2125,158.47916666666666
2026-05-31 18:34:30,989.0,196.43427729881705,0.2457,0.1457,486.6265,158.2375
2026-05-31 18:35:00,926.0,213.13346631439413,0.2457,0.1457,484.0454,158.10416666666666
2026-05-31 18:35:30,955.0,268.33165045091926,0.2457,0.1457,481.4696,157.87083333333334
2026-05-31 18:36:00,944.0,254.77740716944467,0.2457,0.1457,478.8992,157.72916666666666
2026-05-31 18:36:30,978.0,292.98367446722705,0.2457,0.1457,476.3348,157.47083333333333
2026-05-31 18:37:00,931.0,286.67991048385966,0.2457,0.1457,473.7765,157.2625
2026-05-31 18:37:30,929.0,289.28291571649004,0.2457,0.1457,471.2246,156.87083333333334
2026-05-31 18:38:00,927.0,179.79809598764245,0.2457,0.1457,468.6795,156.72916666666666
2026-05-31 18:38:30,901.0,283.81855307964787,0.2457,0.1457,466.1414,156.57083333333333
2026-05-31 18:39:00,916.0,215.98861323890566,0.2457,0.1457,463.6108,156.3125
2026-05-31 18:39:30,931.0,206.5592625452844,0.2457,0.1457,461.0878,156.22916666666666
2026-05-31 18:40:00,885.0,217.21409810493327,0.2457,0.1457,458.5727,156.07916666666668
2026-05-31 18:40:30,890.0,284.717192987447,0.2457,0.1457,456.066,156.02083333333334
2026-05-31 18:41:00,861.0,265.7368343395095,0.2457,0.1457,453.5678,155.80416666666667
2026-05-31 18:41:30,819.0,254.20867466406696,0.2457,0.1457,451.0785,155.8625
2026-05-31 18:42:00,810.5,272.1883160780544,0.2457,0.1457,448.5984,155.55416666666667
2026-05-31 18:42:30,802.0,156.0672448681756,0.2457,0.1457,446.1278,155.42083333333332
2026-05-31 18:43:00,807.6667,271.22316358664204,0.2457,0.1457,443.667,155.17916666666667
2026-05-31 18:43:30,813.3333,172.41480879521626,0.2457,0.1457,441.2163,154.97083333333333
2026-05-31 18:44:00,819.0,233.89673785059404,0.2457,0.1457,438.776,154.83333333333334
2026-05-31 18:44:30,818.0,243.82199445822465,0.2457,0.1457,436.3464,154.725
2026-05-31 18:45:00,747.0,212.98038579383825,0.2483,0.1483,433.9279,154.55833333333334
2026-05-31 18:45:30,765.0,232.69054336315736,0.2483,0.1483,431.5206,154.53333333333333
2026-05-31 18:46:00,766.0,217.4581445786608,0.2483,0.1483,429.125,154.525
2026-05-31 18:46:30,755.0,185.122278050109,0.2483,0.1483,426.7413,154.53333333333333
2026-05-31 18:47:00,682.0,277.3116617803584,0.2483,0.1483,424.3698,154.38333333333333
2026-05-31 18:47:30,766.0,211.4995666659148,0.2483,0.1483,422.0109,154.1
2026-05-31 18:48:00,712.0,230.97135391957414,0.2483,0.1483,419.6648,153.75
2026-05-31 18:48:30,739.0,166.2555448997628,0.2483,0.1483,417.3318,153.50833333333333
2026-05-31 18:49:00,747.0,270.933575119199,0.2483,0.1483,415.0123,153.31666666666666
2026-05-31 18:49:30,759.0,204.075228552109,0.2483,0.1483,412.7065,153.15
2026-05-31 18:50:00,715.0,258.71879063124544,0.2483,0.1483,410.4148,153.04583333333332
2026-05-31 18:50:30,758.0,271.332374117567,0.2483,0.1483,408.1374,152.85416666666666
2026-05-31 18:51:00,735.0,185.26917812479917,0.2483,0.1483,405.8748,152.80833333333334
2026-05-31 18:51:30,722.0,170.26737106296912,0.2483,0.1483,403.627,152.76666666666668
2026-05-31 18:52:00,720.0,286.18716481333513,0.2483,0.1483,401.3946,152.6875
2026-05-31 18:52:30,749.0,248.18051973136784,0.2483,0.1483,399.1777,152.75416666666666
2026-05-31 18:53:00,711.0,286.31493003188035,0.2483,0.1483,396.9767,152.69583333333333
2026-05-31 18:53:30,697.0,216.64687619398342,0.2483,0.1483,394.7919,152.7125
2026-05-31 18:54:00,768.0,181.9747915575133,0.2483,0.1483,392.6235,152.8375
2026-05-31 18:54:30,689.0,216.70132031236682,0.2483,0.1483,390.472,152.75
2026-05-31 18:55:00,711.0,178.82495874285408,0.2483,0.1483,388.3375,152.71666666666667
2026-05-31 18:55:30,729.0,208.44597262720185,0.2483,0.1483,386.2205,152.4
2026-05-31 18:56:00,654.0,276.38279673108656,0.2483,0.1483,384.1211,152.34166666666667
2026-05-31 18:56:30,708.0,252.12532521512102,0.2483,0.1483,382.0398,152.275
2026-05-31 18:57:00,651.0,172.63774433099087,0.2483,0.1483,379.9767,152.125
2026-05-31 18:57:30,664.0,208.55669199942525,0.2483,0.1483,377.9323,152.16666666666666
2026-05-31 18:58:00,688.0,222.00472313167478,0.2483,0.1483,375.9068,152.89166666666668
2026-05-31 18:58:30,675.0,257.78773082077333,0.2483,0.1483,373.9005,152.73333333333332
2026-05-31 18:59:00,662.5,225.30203385638282,0.2483,0.1483,371.9137,153.425
2026-05-31 18:59:30,650.0,207.17472381623955,0.2483,0.1483,369.9468,154.05416666666667
2026-05-31 19:00:00,634.0,1678.1611252729863,0.2457,0.1457,368.0,154.68333333333334
2026-05-31 19:00:30,625.0,1703.2858099014452,0.2457,0.1457,366.071,155.475
2026-05-31 19:01:00,643.0,1697.3524724107779,0.2457,0.1457,364.1573,156.15416666666667
2026-05-31 19:01:30,596.0,1775.485876006617,0.2457,0.1457,362.2584,156.8375
2026-05-31 19:02:00,615.0,1715.9916419856982,0.2457,0.1457,360.3743,157.42916666666667
2026-05-31 19:02:30,600.0,1701.7152008056498,0.2457,0.1457,358.5046,158.0375
2026-05-31 19:03:00,621.0,1708.7867918801576,0.2457,0.1457,356.649,158.57916666666668
2026-05-31 19:03:30,604.5,1785.17530945869,0.2457,0.1457,354.8074,158.95416666666668
2026-05-31 19:04:00,588.0,1691.9993472340084,0.2457,0.1457,352.9795,159.42083333333332
2026-05-31 19:04:30,596.0,1742.3712567879552,0.2457,0.1457,351.1651,159.9180558333333
2026-05-31 19:05:00,579.0,1716.476177077959,0.2457,0.1457,349.3638,160.25416666666666
2026-05-31 19:05:30,570.0,1761.5533131979857,0.2457,0.1457,347.5755,160.69583333333333
2026-05-31 19:06:00,549.0,1695.0667645551512,0.2457,0.1457,345.7998,160.9180558333333
2026-05-31 19:06:30,566.0,1765.5773984033337,0.2457,0.1457,344.0366,161.32083333333333
2026-05-31 19:07:00,545.0,1670.1233652909082,0.2457,0.1457,342.2856,161.49583333333334
2026-05-31 19:07:30,532.0,1766.9544669278541,0.2457,0.1457,340.5466,161.83472249999997
2026-05-31 19:08:00,539.0,1714.1130402169492,0.2457,0.1457,338.8192,162.05416666666667
2026-05-31 19:08:30,538.0,1669.9463948192015,0.2457,0.1457,337.1033,162.29583333333332
2026-05-31 19:09:00,495.0,1731.4048572627075,0.2457,0.1457,335.3986,162.50416666666666
2026-05-31 19:09:30,531.0,1734.0263359043493,0.2457,0.1457,333.7049,162.65416666666667
2026-05-31 19:10:00,482.0,1750.9291160919693,0.2457,0.1457,332.0218,162.7680558333333
2026-05-31 19:10:30,519.0,1691.7527030421845,0.2457,0.1457,330.3492,162.8625
2026-05-31 19:11:00,465.0,1701.598995473994,0.2457,0.1457,328.6868,162.82083333333333
2026-05-31 19:11:30,467.0,1714.2006618210755,0.2457,0.1457,327.0344,162.8930558333333
2026-05-31 19:12:00,417.0,1705.5466378825108,0.2457,0.1457,325.3916,162.92083333333332
2026-05-31 19:12:30,424.0,1791.8400481366757,0.2457,0.1457,323.7583,162.85416666666666
2026-05-31 19:13:00,418.5,1684.7191219437623,0.2457,0.1457,322.1343,162.80416666666667
2026-05-31 19:13:30,413.0,1662.881030730076,0.2457,0.1457,320.5191,162.34583333333333
2026-05-31 19:14:00,373.0,1733.3344403438862,0.2457,0.1457,318.9127,161.77916666666667
2026-05-31 19:14:30,370.0,1745.241105534571,0.2457,0.1457,317.3148,161.15416666666667
2026-05-31 19:15:00,367.0,1763.7310419064127,0.2495,0.1495,315.725,160.50833333333333
2026-05-31 19:15:30,344.25,1761.6209257614205,0.2495,0.1495,314.1433,159.84166666666667
2026-05-31 19:16:00,321.5,1728.6331362401006,0.2495,0.1495,312.5692,159.21666666666667
2026-05-31 19:16:30,298.75,1707.0001460701192,0.2495,0.1495,311.0026,158.66666666666666
2026-05-31 19:17:00,276.0,1734.263121849115,0.2495,0.1495,309.4432,157.95833333333334
2026-05-31 19:17:30,282.0,1659.3626017712506,0.2495,0.1495,307.8908,157.43055583333333
2026-05-31 19:18:00,241.0,1659.9543691097213,0.2495,0.1495,306.3451,156.63333333333333
2026-05-31 19:18:30,261.0,1726.946880308654,0.2495,0.1495,304.8058,155.91666666666666
2026-05-31 19:19:00,244.0,1727.6856535591105,0.2495,0.1495,303.2728,155.2625
2026-05-31 19:19:30,240.5,1767.9608289440412,0.2495,0.1495,301.7458,154.52916666666667
2026-05-31 19:20:00,237.0,1752.3311955542786,0.2495,0.1495,300.2244,153.83333333333334
2026-05-31 19:20:30,226.0,1754.2436597454055,0.2495,0.1495,298.7086,153.05
2026-05-31 19:21:00,224.0,1760.6793883015118,0.2495,0.1495,297.198,152.3125
2026-05-31 19:21:30,228.0,1761.377893222006,0.2495,0.1495,295.6923,151.52916666666667
2026-05-31 19:22:00,203.0,1745.2715068105144,0.2495,0.1495,294.1914,150.46666666666667
2026-05-31 19:22:30,229.0,1722.9506901397608,0.2495,0.1495,292.6949,149.775
2026-05-31 19:23:00,206.0,1714.0496506733973,0.2495,0.1495,291.2027,148.76666666666668
2026-05-31 19:23:30,228.0,1727.4430711603009,0.2495,0.1495,289.7144,147.8027775
2026-05-31 19:24:00,200.0,1756.0740962775192,0.2495,0.1495,288.2299,146.65833333333333
2026-05-31 19:24:30,200.5,1778.6471599145993,0.2495,0.1495,286.7488,145.625
2026-05-31 19:25:00,201.0,1712.39716930211,0.2495,0.1495,285.271,144.5
2026-05-31 19:25:30,203.0,1746.7242125499113,0.2495,0.1495,283.7962,143.28333333333333
2026-05-31 19:26:00,176.0,1674.4336289205198,0.2495,0.1495,282.3241,142.9
2026-05-31 19:26:30,175.0,1725.3567248569543,0.2495,0.1495,280.8545,142.99166666666667
2026-05-31 19:27:00,173.0,1748.540403999709,0.2495,0.1495,279.3871,143.1
2026-05-31 19:27:30,174.0,1739.2561736412797,0.2495,0.1495,277.9217,143.03333333333333
2026-05-31 19:28:00,175.0,1674.361372084676,0.2495,0.1495,276.458,143.06666666666666
2026-05-31 19:28:30,174.0,1677.0834381138184,0.2495,0.1495,274.9958,143.04722249999998
2026-05-31 19:29:00,176.0,1786.5297792672964,0.2495,0.1495,273.5349,143.00416666666666
2026-05-31 19:29:30,173.0,1655.6299733040878,0.2495,0.1495,272.0749,142.9375
2026-05-31 19:30:00,159.5,4770.632697885078,0.2557,0.1557,270.6157,142.8375
2026-05-31 19:30:30,146.0,4755.975152284701,0.2557,0.1557,269.157,142.78333333333333
2026-05-31 19:31:00,149.0,4662.187178916326,0.2557,0.1557,267.6985,142.775
2026-05-31 19:31:30,167.0,4780.379510878188,0.2557,0.1557,266.2401,142.80833333333334
2026-05-31 19:32:00,131.0,4751.178733888915,0.2557,0.1557,264.7813,142.71666666666667
2026-05-31 19:32:30,163.0,4693.110554970137,0.2557,0.1557,263.3221,142.68333333333334
2026-05-31 19:33:00,129.0,4733.373149834242,0.2557,0.1557,261.8621,142.5
2026-05-31 19:33:30,132.0,4760.460860174984,0.2557,0.1557,260.4011,142.96666666666667
2026-05-31 19:34:00,131.6667,4797.867601298074,0.2557,0.1557,258.9388,143.61666666666667
2026-05-31 19:34:30,131.3333,4718.045560450527,0.2557,0.1557,257.4751,144.525
2026-05-31 19:35:00,131.0,4746.6136984823,0.2557,0.1557,256.0096,145.075
2026-05-31 19:35:30,130.0,4679.281470393652,0.2557,0.1557,254.5421,145.48333333333332
2026-05-31 19:36:00,128.0,4723.3737293263985,0.2557,0.1557,253.0723,145.875
2026-05-31 19:36:30,127.0,4709.297932235582,0.2557,0.1557,251.6001,146.45
2026-05-31 19:37:00,126.0,4777.706326658221,0.2557,0.1557,250.1251,146.46666666666667
2026-05-31 19:37:30,104.0,4743.976532000937,0.2557,0.1557,248.6471,147.24166666666667
2026-05-31 19:38:00,125.0,4683.211525210626,0.2557,0.1557,247.1659,147.79166666666666
2026-05-31 19:38:30,98.0,4664.395900556641,0.2557,0.1557,245.6811,148.26388916666664
2026-05-31 19:39:00,98.5,4775.249604604199,0.2557,0.1557,244.1927,148.75833333333333
2026-05-31 19:39:30,99.0,4724.837413109184,0.2557,0.1557,242.7002,149.175
2026-05-31 19:40:00,96.0,4774.968929533978,0.2557,0.1557,241.2035,149.75833333333333
2026-05-31 19:40:30,93.0,4652.127089751608,0.2557,0.1557,239.7023,150.35833333333332
2026-05-31 19:41:00,94.0,4778.421532686922,0.2557,0.1557,238.1964,151.03333333333333
2026-05-31 19:41:30,87.5,4775.789120201902,0.2557,0.1557,236.6855,151.65
2026-05-31 19:42:00,81.0,4674.6544886770025,0.2557,0.1557,235.1694,152.325
2026-05-31 19:42:30,86.0,4653.931235257395,0.2557,0.1557,233.6477,152.78333333333333
2026-05-31 19:43:00,85.0,4704.35615604966,0.2557,0.1557,232.1204,153.38888916666664
2026-05-31 19:43:30,84.5,4698.019959795429,0.2557,0.1557,230.587,153.85833333333332
2026-05-31 19:44:00,84.0,4726.495574044156,0.2557,0.1557,229.0474,154.19166666666666
2026-05-31 19:44:30,83.0,4731.969092407928,0.2557,0.1557,227.5014,154.54166666666666
2026-05-31 19:45:00,82.0,4785.51350082681,0.2609,0.1609,225.9486,154.76944416666666
2026-05-31 19:45:30,82.5,4695.687223493999,0.2609,0.1609,224.3888,154.875
2026-05-31 19:46:00,83.0,4731.946312313548,0.2609,0.1609,222.8218,154.85833333333332
2026-05-31 19:46:30,86.0,4705.39858668341,0.2609,0.1609,221.2473,154.775
2026-05-31 19:47:00,85.5,4713.877463334209,0.2609,0.1609,219.6651,154.925
2026-05-31 19:47:30,85.0,4742.936460453966,0.2609,0.1609,218.0749,155.075
2026-05-31 19:48:00,86.0,4763.759943505393,0.2609,0.1609,216.4765,155.01666666666668
2026-05-31 19:48:30,84.0,4769.144449708073,0.2609,0.1609,214.8696,154.93333333333334
2026-05-31 19:49:00,84.2,4690.709525004642,0.2609,0.1609,213.254,154.92222249999998
2026-05-31 19:49:30,84.4,4752.535411268848,0.2609,0.1609,211.6295,154.88333333333333
2026-05-31 19:50:00,84.6,4682.382379327158,0.2609,0.1609,209.9957,154.80833333333334
2026-05-31 19:50:30,84.8,4695.367138498985,0.2609,0.1609,208.3524,154.8472225
2026-05-31 19:51:00,85.0,4670.544112357166,0.2609,0.1609,206.6994,154.76666666666668
2026-05-31 19:51:30,83.0,4756.951266626182,0.2609,0.1609,205.0365,154.70833333333334
2026-05-31 19:52:00,82.0,4657.966400022726,0.2609,0.1609,203.3633,154.61666666666667
2026-05-31 19:52:30,81.0,4743.363730439123,0.2609,0.1609,201.6797,154.475
2026-05-31 19:53:00,79.0,4785.117459026547,0.2609,0.1609,199.9853,154.38888916666664
2026-05-31 19:53:30,78.0,4711.228664628984,0.2609,0.1609,198.28,154.21666666666667
2026-05-31 19:54:00,80.0,4710.743795652723,0.2609,0.1609,196.5635,153.925
2026-05-31 19:54:30,77.0,4799.307254118122,0.2609,0.1609,194.8355,153.93333333333334
2026-05-31 19:55:00,75.0,4703.723637669288,0.2609,0.1609,193.0958,153.85
2026-05-31 19:55:30,74.0,4740.62408056679,0.2609,0.1609,191.3442,153.775
2026-05-31 19:56:00,42.0,4656.873311249691,0.2609,0.1609,189.5803,153.65
2026-05-31 19:56:30,70.0,4737.663806907982,0.2609,0.1609,187.804,153.54166666666666
2026-05-31 19:57:00,40.0,4722.912022387125,0.2609,0.1609,186.015,153.39166666666668
2026-05-31 19:57:30,35.0,4755.709638960499,0.2609,0.1609,184.213,153.3
2026-05-31 19:58:00,35.1667,4772.147603432043,0.2609,0.1609,182.3978,152.3
2026-05-31 19:58:30,35.3333,4699.911718679117,0.2609,0.1609,180.5691,152.30833333333334
2026-05-31 19:59:00,35.5,4705.460169474158,0.2609,0.1609,178.7268,151.30833333333334
2026-05-31 19:59:30,35.6667,4692.597726160698,0.2609,0.1609,176.8705,150.475
2026-05-31 20:00:00,35.8333,4668.137609182614,0.256,0.156,175.0,149.57916666666668
2026-05-31 20:00:30,36.0,4735.167159075078,0.256,0.156,173.1172,148.74583333333334
2026-05-31 20:01:00,35.0,4675.777851831763,0.256,0.156,171.2242,147.975
2026-05-31 20:01:30,36.0,4787.9504265265305,0.256,0.156,169.3212,147.14166666666668
2026-05-31 20:02:00,37.0,4660.111133840486,0.256,0.156,167.4081,146.475
2026-05-31 20:02:30,36.5,4760.102186801141,0.256,0.156,165.4852,145.76666666666668
2026-05-31 20:03:00,36.0,4668.896641309801,0.256,0.156,163.5523,145.12083333333334
2026-05-31 20:03:30,35.5,4707.029933369563,0.256,0.156,161.6098,144.5375
2026-05-31 20:04:00,35.0,4762.886820220561,0.256,0.156,159.6575,144.01666666666668
2026-05-31 20:04:30,32.3333,4696.685229699658,0.256,0.156,157.6956,143.5444441666667
2026-05-31 20:05:00,29.6667,4717.937215376216,0.256,0.156,155.7243,143.01666666666668
2026-05-31 20:05:30,27.0,4753.512135099878,0.256,0.156,153.7434,142.48888916666664
2026-05-31 20:06:00,26.0,4711.575710726802,0.256,0.156,151.7533,141.96111083333335
2026-05-31 20:06:30,25.5,4765.223398613987,0.256,0.156,149.7538,141.43333333333334
2026-05-31 20:07:00,25.0,4780.057815009621,0.256,0.156,147.7452,141.01666666666668
2026-05-31 20:07:30,27.0,4764.2831685005585,0.256,0.156,145.7275,140.5444441666667
2026-05-31 20:08:00,26.0,4706.488120400353,0.256,0.156,143.7007,140.18333333333334
2026-05-31 20:08:30,24.0,4762.225778446037,0.256,0.156,141.665,139.87777749999998
2026-05-31 20:09:00,23.0,4720.672369732441,0.256,0.156,139.6204,139.64166666666668
2026-05-31 20:09:30,20.0,4707.407856993734,0.256,0.156,137.5671,139.475
2026-05-31 20:10:00,0.0,4753.887005593469,0.256,0.156,135.505,139.2944441666667
2026-05-31 20:10:30,0.0,4655.52289801387,0.256,0.156,133.4343,139.1
2026-05-31 20:11:00,0.0,4682.4168583937735,0.256,0.156,131.3551,138.9125
2026-05-31 20:11:30,0.0,4780.750919177274,0.256,0.156,129.2675,138.7319441666667
2026-05-31 20:12:00,0.0,4675.894767690013,0.256,0.156,127.1714,138.55833333333334
2026-05-31 20:12:30,0.0,4776.574609130091,0.256,0.156,125.0671,138.39166666666668
2026-05-31 20:13:00,0.0,4655.261496699375,0.256,0.156,122.9545,138.225
2026-05-31 20:13:30,0.0,4701.275803391513,0.256,0.156,120.8339,138.13240749999997
2026-05-31 20:14:00,0.0,4718.389961158851,0.256,0.156,118.7051,138.07222249999998
2026-05-31 20:14:30,0.0,4694.312664929067,0.256,0.156,116.5684,138.044445
2026-05-31 20:15:00,0.0,4776.107958726576,0.2577,0.1577,114.4239,138.02407499999998
2026-05-31 20:15:30,0.0,4692.315656253441,0.2577,0.1577,112.2715,138.01111166666666
2026-05-31 20:16:00,0.0,4739.755575958759,0.2577,0.1577,110.1114,138.00555583333332
2026-05-31 20:16:30,0.0,4676.396727795125,0.2577,0.1577,107.9437,138.00740749999997
2026-05-31 20:17:00,0.0,4770.290117353754,0.2577,0.1577,105.7684,138.01666666666668
2026-05-31 20:17:30,0.0,4795.575790327289,0.2577,0.1577,103.5856,138.0444441666667
2026-05-31 20:18:00,0.0,4661.494492535356,0.2577,0.1577,101.3954,138.18333333333334
2026-05-31 20:18:30,0.0,4685.699750015276,0.2577,0.1577,99.1979,138.37083333333334
2026-05-31 20:19:00,0.0,4780.16311835759,0.2577,0.1577,96.9932,138.6
2026-05-31 20:19:30,0.0,4710.1315712913965,0.2577,0.1577,94.7813,138.87083333333334
2026-05-31 20:20:00,0.0,4660.652400819475,0.2577,0.1577,92.5624,139.18333333333334
2026-05-31 20:20:30,0.0,4740.929146048811,0.2577,0.1577,90.3365,139.43333333333334
2026-05-31 20:21:00,0.0,4657.462932680382,0.2577,0.1577,88.1036,139.74583333333334
2026-05-31 20:21:30,0.0,4670.124369509147,0.2577,0.1577,85.864,140.12083333333334
2026-05-31 20:22:00,0.0,4692.8803668814435,0.2577,0.1577,83.6176,140.43333333333334
2026-05-31 20:22:30,0.0,4650.690469764965,0.2577,0.1577,81.3645,140.7858975
2026-05-31 20:23:00,0.0,4685.558416087113,0.2577,0.1577,79.1049,141.24102583333334
2026-05-31 20:23:30,0.0,4696.8241012739745,0.2577,0.1577,76.8387,141.77094083333336
2026-05-31 20:24:00,0.0,4718.121655964864,0.2577,0.1577,74.5662,142.37564166666667
2026-05-31 20:24:30,0.0,4656.935328021628,0.2577,0.1577,72.2873,143.05512916666666
2026-05-31 20:25:00,0.0,4706.618527240685,0.2577,0.1577,70.0021,143.83718083333332
2026-05-31 20:25:30,0.0,4666.665762931765,0.2577,0.1577,67.7108,144.72179583333335
2026-05-31 20:26:00,0.0,4717.647125583136,0.2577,0.1577,65.4134,144.80064166666668
2026-05-31 20:26:30,0.0,4738.91878756583,0.2577,0.1577,63.11,144.32371833333335
2026-05-31 20:27:00,0.0,4679.865051652268,0.2577,0.1577,60.8006,143.9326925
2026-05-31 20:27:30,0.0,4691.328171009076,0.2577,0.1577,58.4854,143.64423083333335
2026-05-31 20:28:00,0.0,4786.907887120495,0.2577,0.1577,56.1645,143.29166666666666
2026-05-31 20:28:30,0.0,4742.713725152727,0.2577,0.1577,53.8379,142.98611083333336
2026-05-31 20:29:00,0.0,4745.711527634092,0.2577,0.1577,51.5056,142.79166666666666
2026-05-31 20:29:30,0.0,4692.216326428735,0.2577,0.1577,49.1679,142.70833333333334
2026-05-31 20:30:00,0.0,4736.960711561117,0.267,0.167,46.8247,142.70833333333334
2026-05-31 20:30:30,0.0,4736.208288818689,0.267,0.167,44.4761,142.41666666666666
2026-05-31 20:31:00,0.0,1752.220615071589,0.267,0.167,42.1223,142.20833333333334
2026-05-31 20:31:30,0.0,1787.0368192132614,0.267,0.167,39.7633,141.95833333333334
2026-05-31 20:32:00,0.0,1734.272621742816,0.267,0.167,37.3991,141.77777749999998
2026-05-31 20:32:30,0.0,1657.8611256443844,0.267,0.167,35.03,141.66666666666666
2026-05-31 20:33:00,0.0,1675.0320802113492,0.267,0.167,32.6559,141.54166666666666
2026-05-31 20:33:30,0.0,1736.6812967046085,0.267,0.167,30.2769,141.20833333333334
2026-05-31 20:34:00,0.0,1651.946850577645,0.267,0.167,27.8931,140.70833333333334
2026-05-31 20:34:30,0.0,1653.7695935110767,0.267,0.167,25.5047,140.04166666666666
2026-05-31 20:35:00,0.0,1785.9655916146512,0.267,0.167,23.1116,139.875
2026-05-31 20:35:30,0.0,1748.4210109423238,0.267,0.167,20.714,139.70833333333334
2026-05-31 20:36:00,0.0,1659.0095322869463,0.267,0.167,0.0,139.66666666666666
2026-05-31 20:36:30,0.0,1711.3829470180804,0.267,0.167,0.0,139.5
2026-05-31 20:37:00,0.0,1672.1028233605202,0.267,0.167,0.0,139.75
2026-05-31 20:37:30,0.0,1672.7976236862403,0.267,0.167,0.0,139.45833333333334
2026-05-31 20:38:00,0.0,1705.14714340625,0.267,0.167,0.0,139.20833333333334
2026-05-31 20:38:30,0.0,1744.1023448360963,0.267,0.167,0.0,139.06944416666667
2026-05-31 20:39:00,0.0,1682.4355301083635,0.267,0.167,0.0,139.20833333333334
2026-05-31 20:39:30,0.0,1782.845536357529,0.267,0.167,0.0,139.625
2026-05-31 20:40:00,0.0,1755.7566882764495,0.267,0.167,0.0,139.875
2026-05-31 20:40:30,0.0,1685.577873939124,0.267,0.167,0.0,140.0
2026-05-31 20:41:00,0.0,1689.0166804689686,0.267,0.167,0.0,140.16666666666666
2026-05-31 20:41:30,0.0,1719.4938331756414,0.267,0.167,0.0,140.20833333333334
2026-05-31 20:42:00,0.0,1676.4684808039292,0.267,0.167,0.0,140.375
2026-05-31 20:42:30,0.0,1708.271258779518,0.267,0.167,0.0,140.625
2026-05-31 20:43:00,0.0,1751.3262247594291,0.267,0.167,0.0,140.92361083333336
2026-05-31 20:43:30,0.0,1679.8356200647036,0.267,0.167,0.0,141.27083333333334
2026-05-31 20:44:00,0.0,1685.3222438748414,0.267,0.167,0.0,141.66666666666666
2026-05-31 20:44:30,0.0,1756.262418213143,0.267,0.167,0.0,142.0
2026-05-31 20:45:00,0.0,1719.4842814786919,0.2692,0.1692,0.0,142.45555583333334
2026-05-31 20:45:30,0.0,1786.094086099699,0.2692,0.1692,0.0,143.03333333333333
2026-05-31 20:46:00,0.0,1693.3966984080134,0.2692,0.1692,0.0,143.73333333333332
2026-05-31 20:46:30,0.0,1763.0911383969321,0.2692,0.1692,0.0,144.5
2026-05-31 20:47:00,0.0,1709.419487004205,0.2692,0.1692,0.0,145.08333333333334
2026-05-31 20:47:30,0.0,1749.3052136710335,0.2692,0.1692,0.0,145.83333333333334
2026-05-31 20:48:00,0.0,1747.4037062223067,0.2692,0.1692,0.0,146.58333333333334
2026-05-31 20:48:30,0.0,1656.2829160937945,0.2692,0.1692,0.0,147.5
2026-05-31 20:49:00,0.0,1728.3626785624695,0.2692,0.1692,0.0,148.38611083333336
2026-05-31 20:49:30,0.0,1751.623907195349,0.2692,0.1692,0.0,149.24166666666667
2026-05-31 20:50:00,0.0,1673.2610336503299,0.2692,0.1692,0.0,150.06666666666666
2026-05-31 20:50:30,0.0,1733.8897439666748,0.2692,0.1692,0.0,150.86111083333336
2026-05-31 20:51:00,0.0,1678.8411465197362,0.2692,0.1692,0.0,151.625
2026-05-31 20:51:30,0.0,1765.504356932397,0.2692,0.1692,0.0,152.39166666666668
2026-05-31 20:52:00,0.0,1721.7351822754347,0.2692,0.1692,0.0,153.25833333333333
2026-05-31 20:52:30,0.0,1782.1174986587255,0.2692,0.1692,0.0,154.05833333333334
2026-05-31 20:53:00,0.0,1673.3121449684586,0.2692,0.1692,0.0,154.9027775
2026-05-31 20:53:30,0.0,1745.3486808390323,0.2692,0.1692,0.0,155.79166666666666
2026-05-31 20:54:00,0.0,1722.5681523244998,0.2692,0.1692,0.0,156.625
2026-05-31 20:54:30,0.0,1722.4403557044452,0.2692,0.1692,0.0,157.45833333333334
2026-05-31 20:55:00,0.0,1664.4287738820672,0.2692,0.1692,0.0,158.41666666666666
2026-05-31 20:55:30,0.0,1718.176915302057,0.2692,0.1692,0.0,159.45833333333334
2026-05-31 20:56:00,0.0,1707.0538623664177,0.2692,0.1692,0.0,160.5
2026-05-31 20:56:30,0.0,1796.1165360757673,0.2692,0.1692,0.0,161.41666666666666
2026-05-31 20:57:00,0.0,1797.230720627445,0.2692,0.1692,0.0,162.45833333333334
2026-05-31 20:57:30,0.0,1743.0620786281474,0.2692,0.1692,0.0,163.45833333333334
2026-05-31 20:58:00,0.0,1798.2158880910374,0.2692,0.1692,0.0,164.45833333333334
2026-05-31 20:58:30,0.0,1796.0968145120992,0.2692,0.1692,0.0,165.16666666666666
2026-05-31 20:59:00,0.0,1685.6040710153993,0.2692,0.1692,0.0,165.75
2026-05-31 20:59:30,0.0,1778.8662923211436,0.2692,0.1692,0.0,166.20833333333334
2026-05-31 21:00:00,0.0,1753.1882718213992,0.2657,0.1657,0.0,166.70833333333334
2026-05-31 21:00:30,0.0,1784.667947669102,0.2657,0.1657,0.0,167.19444416666664
2026-05-31 21:01:00,0.0,228.31526273643777,0.2657,0.1657,0.0,167.66666666666666
2026-05-31 21:01:30,0.0,217.2431966605892,0.2657,0.1657,0.0,168.25
2026-05-31 21:02:00,0.0,274.49429247114824,0.2657,0.1657,0.0,168.66666666666666
2026-05-31 21:02:30,0.0,211.45430616424827,0.2657,0.1657,0.0,169.0
2026-05-31 21:03:00,0.0,199.69924058835048,0.2657,0.1657,0.0,169.35416666666666
2026-05-31 21:03:30,0.0,210.1162629679016,0.2657,0.1657,0.0,169.72916666666666
2026-05-31 21:04:00,0.0,155.49630656310075,0.2657,0.1657,0.0,170.0
2026-05-31 21:04:30,0.0,293.81028287807015,0.2657,0.1657,0.0,170.16666666666666
2026-05-31 21:05:00,0.0,297.2437978051588,0.2657,0.1657,0.0,170.75
2026-05-31 21:05:30,0.0,167.65161388951844,0.2657,0.1657,0.0,171.69444416666667
2026-05-31 21:06:00,0.0,189.27328689135834,0.2657,0.1657,0.0,172.16666666666666
2026-05-31 21:06:30,0.0,223.99997591979974,0.2657,0.1657,0.0,173.0
2026-05-31 21:07:00,0.0,218.98889668848068,0.2657,0.1657,0.0,173.91666666666666
2026-05-31 21:07:30,0.0,174.11275932305824,0.2657,0.1657,0.0,174.83333333333334
2026-05-31 21:08:00,0.0,254.76757026740313,0.2657,0.1657,0.0,175.75
2026-05-31 21:08:30,0.0,210.7842431729489,0.2657,0.1657,0.0,176.55555583333336
2026-05-31 21:09:00,0.0,188.01678320409457,0.2657,0.1657,0.0,177.38888916666664
2026-05-31 21:09:30,0.0,154.18977631644896,0.2657,0.1657,0.0,178.25
2026-05-31 21:10:00,0.0,209.560796031894,0.2657,0.1657,0.0,179.20833333333334
2026-05-31 21:10:30,0.0,191.36744521334373,0.2657,0.1657,0.0,180.29166666666666
2026-05-31 21:11:00,0.0,226.86188241571102,0.2657,0.1657,0.0,195.89583333333334
2026-05-31 21:11:30,0.0,282.69092766792005,0.2657,0.1657,0.0,212.02083333333334
2026-05-31 21:12:00,0.0,169.82430195514655,0.2657,0.1657,0.0,228.25
2026-05-31 21:12:30,0.0,189.27689189448475,0.2657,0.1657,0.0,230.46666666666667
2026-05-31 21:13:00,0.0,196.3798014715116,0.2657,0.1657,0.0,230.13333333333333
2026-05-31 21:13:30,0.0,269.38194312979675,0.2657,0.1657,0.0,231.22592583333335
2026-05-31 21:14:00,0.0,234.98024763877035,0.2657,0.1657,0.0,232.3
2026-05-31 21:14:30,0.0,170.9800199547567,0.2657,0.1657,0.0,233.355555
2026-05-31 21:15:00,0.0,200.08164655396223,0.263,0.163,0.0,234.39259166666668
2026-05-31 21:15:30,0.0,225.6619702664217,0.263,0.163,0.0,235.52222166666667
2026-05-31 21:16:00,0.0,223.54294291621025,0.263,0.163,0.0,237.03611083333334
2026-05-31 21:16:30,0.0,246.96299548916568,0.263,0.163,0.0,238.9342591666667
2026-05-31 21:17:00,0.0,155.08325930357736,0.263,0.163,0.0,240.925
2026-05-31 21:17:30,0.0,264.1899929963685,0.263,0.163,0.0,243.00833333333333
2026-05-31 21:18:00,0.0,235.37147777299367,0.263,0.163,0.0,245.0361108333333
2026-05-31 21:18:30,0.0,298.42757076779696,0.263,0.163,0.0,247.07083333333333
2026-05-31 21:19:00,0.0,226.40161805725845,0.263,0.163,0.0,249.1125
2026-05-31 21:19:30,0.0,266.3028814977822,0.263,0.163,0.0,251.3
2026-05-31 21:20:00,0.0,267.49005442411476,0.263,0.163,0.0,253.45476166666668
2026-05-31 21:20:30,0.0,198.4018292685247,0.263,0.163,0.0,255.6809525
2026-05-31 21:21:00,0.0,154.56245819910202,0.263,0.163,0.0,257.85357166666665
2026-05-31 21:21:30,0.0,197.67683035676112,0.263,0.163,0.0,259.9726191666667
2026-05-31 21:22:00,0.0,279.5372981273972,0.263,0.163,0.0,262.163095
2026-05-31 21:22:30,0.0,252.54561102051366,0.263,0.163,0.0,264.3224358333333
2026-05-31 21:23:00,0.0,173.08298929051094,0.263,0.163,0.0,266.45064083333335
2026-05-31 21:23:30,0.0,276.71627946056924,0.263,0.163,0.0,268.7262816666667
2026-05-31 21:24:00,0.0,241.6827077961478,0.263,0.163,0.0,270.89935833333334
2026-05-31 21:24:30,0.0,200.63180802229425,0.263,0.163,0.0,273.03237083333335
2026-05-31 21:25:00,0.0,242.80962181684862,0.263,0.163,0.0,275.12531916666666
2026-05-31 21:25:30,0.0,233.58815485727595,0.263,0.163,0.0,277.17820416666666
2026-05-31 21:26:00,0.0,250.03378047257155,0.263,0.163,0.0,279.191025
2026-05-31 21:26:30,0.0,156.42264731840743,0.263,0.163,0.0,281.1637816666667
2026-05-31 21:27:00,0.0,250.29695451885783,0.263,0.163,0.0,283.09647416666667
2026-05-31 21:27:30,0.0,211.62784483907308,0.263,0.163,0.0,284.9891025
2026-05-31 21:28:00,0.0,289.4822022987401,0.263,0.163,0.0,286.84166666666664
2026-05-31 21:28:30,0.0,192.05618729872177,0.263,0.163,0.0,288.59166666666664
2026-05-31 21:29:00,0.0,201.5042584519915,0.263,0.163,0.0,290.34166666666664
2026-05-31 21:29:30,0.0,169.0016935555098,0.263,0.163,0.0,291.925
2026-05-31 21:30:00,0.0,1659.0063850882261,0.261,0.161,0.0,293.36944416666665
2026-05-31 21:30:30,0.0,1758.6754618457794,0.261,0.161,0.0,295.175
2026-05-31 21:31:00,0.0,1791.3562822591127,0.261,0.161,0.0,296.96666666666664
2026-05-31 21:31:30,0.0,1771.7127745614753,0.261,0.161,0.0,298.7583333333333
2026-05-31 21:32:00,0.0,1739.1963262829277,0.261,0.161,0.0,300.5638891666667
2026-05-31 21:32:30,0.0,1694.3411202597147,0.261,0.161,0.0,302.2583333333333
2026-05-31 21:33:00,0.0,1761.3151620783192,0.261,0.161,0.0,303.7583333333333
2026-05-31 21:33:30,0.0,1786.1919834409841,0.261,0.161,0.0,305.2583333333333
2026-05-31 21:34:00,0.0,1678.8453457949545,0.261,0.161,0.0,306.55
2026-05-31 21:34:30,0.0,1723.0790981480823,0.261,0.161,0.0,307.8833333333333
2026-05-31 21:35:00,0.0,1665.1142777630273,0.261,0.161,0.0,309.21666666666664
2026-05-31 21:35:30,0.0,1665.7202510176285,0.261,0.161,0.0,310.71666666666664
2026-05-31 21:36:00,0.0,1690.8304985312454,0.261,0.161,0.0,312.09166666666664
2026-05-31 21:36:30,0.0,1712.762829269439,0.261,0.161,0.0,313.34166666666664
2026-05-31 21:37:00,0.0,1686.8741583173899,0.261,0.161,0.0,314.34166666666664
2026-05-31 21:37:30,0.0,1772.8438495558248,0.261,0.161,0.0,315.3
2026-05-31 21:38:00,0.0,1785.8126737095245,0.261,0.161,0.0,316.3833333333333
2026-05-31 21:38:30,0.0,1670.4102523824654,0.261,0.161,0.0,317.46666666666664
2026-05-31 21:39:00,0.0,1779.0863112308507,0.261,0.161,0.0,318.3833333333333
2026-05-31 21:39:30,0.0,1758.2412965219503,0.261,0.161,0.0,318.96666666666664
2026-05-31 21:40:00,0.0,1694.3828937679561,0.261,0.161,0.0,319.71666666666664
2026-05-31 21:40:30,0.0,1656.4425868357246,0.261,0.161,0.0,320.46666666666664
2026-05-31 21:41:00,0.0,1722.9914616947383,0.261,0.161,0.0,321.05
2026-05-31 21:41:30,0.0,1733.3199387172915,0.261,0.161,0.0,321.8
2026-05-31 21:42:00,0.0,1760.8145447699399,0.261,0.161,0.0,322.3
2026-05-31 21:42:30,0.0,1703.9780257104783,0.261,0.161,0.0,322.96666666666664
2026-05-31 21:43:00,0.0,1686.072006779524,0.261,0.161,0.0,323.52916666666664
2026-05-31 21:43:30,0.0,1793.908145514145,0.261,0.161,0.0,324.1125
2026-05-31 21:44:00,0.0,1754.5467615841037,0.261,0.161,0.0,324.71666666666664
2026-05-31 21:44:30,0.0,1682.0052953322165,0.261,0.161,0.0,325.2583333333333
2026-05-31 21:45:00,0.0,1670.4701146643959,0.2557,0.1557,0.0,325.775
2026-05-31 21:45:30,0.0,1758.7687993501659,0.2557,0.1557,0.0,326.325
2026-05-31 21:46:00,0.0,1668.3160132786359,0.2557,0.1557,0.0,326.90833333333336
2026-05-31 21:46:30,0.0,1667.9615462636068,0.2557,0.1557,0.0,327.525
2026-05-31 21:47:00,0.0,1741.620096801275,0.2557,0.1557,0.0,328.175
2026-05-31 21:47:30,0.0,1718.82351903314,0.2557,0.1557,0.0,328.7583333333333
2026-05-31 21:48:00,0.0,1757.612291758203,0.2557,0.1557,0.0,329.44166666666666
2026-05-31 21:48:30,0.0,1712.2985471345112,0.2557,0.1557,0.0,330.05833333333334
2026-05-31 21:49:00,0.0,1699.9335829305526,0.2557,0.1557,0.0,331.15833333333336
2026-05-31 21:49:30,0.0,1703.156622857082,0.2557,0.1557,0.0,332.19166666666666
2026-05-31 21:50:00,0.0,1763.8556896583823,0.2557,0.1557,0.0,333.23125
2026-05-31 21:50:30,0.0,1777.9376639807967,0.2557,0.1557,0.0,334.27708333333334
2026-05-31 21:51:00,0.0,1677.1347126956653,0.2557,0.1557,0.0,335.32916666666665
2026-05-31 21:51:30,0.0,1775.2792159465807,0.2557,0.1557,0.0,336.3541666666667
2026-05-31 21:52:00,0.0,1714.0066429271556,0.2557,0.1557,0.0,337.3520833333333
2026-05-31 21:52:30,0.0,1710.4678110746358,0.2557,0.1557,0.0,338.3229166666667
2026-05-31 21:53:00,0.0,1764.9107509321,0.2557,0.1557,0.0,339.26666666666665
2026-05-31 21:53:30,0.0,1683.1785272207799,0.2557,0.1557,0.0,340.18333333333334
2026-05-31 21:54:00,0.0,1700.6838839810955,0.2557,0.1557,0.0,341.1
2026-05-31 21:54:30,0.0,1754.7320570676782,0.2557,0.1557,0.0,341.85
2026-05-31 21:55:00,0.0,1693.2232758944738,0.2557,0.1557,0.0,342.55833333333334
2026-05-31 21:55:30,0.0,1664.9919836487427,0.2557,0.1557,0.0,343.26666666666665
2026-05-31 21:56:00,0.0,1652.7025623265804,0.2557,0.1557,0.0,343.89166666666665
2026-05-31 21:56:30,0.0,1704.585400902915,0.2557,0.1557,0.0,344.55833333333334
2026-05-31 21:57:00,0.0,1680.4626009561068,0.2557,0.1557,0.0,345.14166666666665
2026-05-31 21:57:30,0.0,1777.0991837263425,0.2557,0.1557,0.0,345.64166666666665
2026-05-31 21:58:00,0.0,1723.9389621444568,0.2557,0.1557,0.0,346.30833333333334
2026-05-31 21:58:30,0.0,1707.2694928359745,0.2557,0.1557,0.0,347.1
2026-05-31 21:59:00,0.0,1718.6221194559282,0.2557,0.1557,0.0,348.93333333333334
2026-05-31 21:59:30,0.0,1703.9073130620136,0.2557,0.1557,0.0,350.89166666666665
2026-05-31 22:00:00,0.0,1653.7408934498567,0.2685,0.1685,0.0,352.975
2026-05-31 22:00:30,0.0,1668.3534219951564,0.2685,0.1685,0.0,355.1138891666667
2026-05-31 22:01:00,0.0,1671.458715343674,0.2685,0.1685,0.0,357.30833333333334
2026-05-31 22:01:30,0.0,1716.1213573554776,0.2685,0.1685,0.0,359.4583333333333
2026-05-31 22:02:00,0.0,1797.6169695587134,0.2685,0.1685,0.0,361.675
2026-05-31 22:02:30,0.0,1657.3717236638774,0.2685,0.1685,0.0,364.0416666666667
2026-05-31 22:03:00,0.0,1731.83188026319,0.2685,0.1685,0.0,366.35
2026-05-31 22:03:30,0.0,1669.1466553923583,0.2685,0.1685,0.0,368.6
2026-05-31 22:04:00,0.0,1706.5002371191536,0.2685,0.1685,0.0,370.9611108333333
2026-05-31 22:04:30,0.0,1789.5219601651738,0.2685,0.1685,0.0,373.43333333333334
2026-05-31 22:05:00,0.0,1698.4345814516869,0.2685,0.1685,0.0,375.6
2026-05-31 22:05:30,0.0,1741.8373468258594,0.2685,0.1685,0.0,377.3857141666667
2026-05-31 22:06:00,0.0,1797.9850704086257,0.2685,0.1685,0.0,379.62380916666666
2026-05-31 22:06:30,0.0,1778.4013826338423,0.2685,0.1685,0.0,381.48095166666667
2026-05-31 22:07:00,0.0,1785.5375531320637,0.2685,0.1685,0.0,383.12380916666666
2026-05-31 22:07:30,0.0,1726.3144668071257,0.2685,0.1685,0.0,384.80238083333336
2026-05-31 22:08:00,0.0,1688.0803955702204,0.2685,0.1685,0.0,386.35
2026-05-31 22:08:30,0.0,1770.6503782822078,0.2685,0.1685,0.0,387.93333333333334
2026-05-31 22:09:00,0.0,1671.6573675907528,0.2685,0.1685,0.0,389.475
2026-05-31 22:09:30,0.0,1741.1331161666715,0.2685,0.1685,0.0,390.975
2026-05-31 22:10:00,0.0,1663.5862624928884,0.2685,0.1685,0.0,392.43333333333334
2026-05-31 22:10:30,0.0,1758.2543037341825,0.2685,0.1685,0.0,393.8222225
2026-05-31 22:11:00,0.0,1709.4937010952171,0.2685,0.1685,0.0,380.725
2026-05-31 22:11:30,0.0,1727.9400077753385,0.2685,0.1685,0.0,367.14166666666665
2026-05-31 22:12:00,0.0,1791.6774730409008,0.2685,0.1685,0.0,353.39166666666665
2026-05-31 22:12:30,0.0,1763.8429456720946,0.2685,0.1685,0.0,353.68194416666665
2026-05-31 22:13:00,0.0,1657.1371249450178,0.2685,0.1685,0.0,356.4458333333333
2026-05-31 22:13:30,0.0,1773.738035987322,0.2685,0.1685,0.0,357.8
2026-05-31 22:14:00,0.0,1750.9935606862741,0.2685,0.1685,0.0,359.1888883333333
2026-05-31 22:14:30,0.0,1743.9814286721164,0.2685,0.1685,0.0,360.6125
2026-05-31 22:15:00,0.0,1794.4188932718268,0.2605,0.1605,0.0,362.0708333333333
2026-05-31 22:15:30,0.0,1788.464323887296,0.2605,0.1605,0.0,363.45277749999997
2026-05-31 22:16:00,0.0,1735.0631010236202,0.2605,0.1605,0.0,364.46666666666664
2026-05-31 22:16:30,0.0,1717.7324825491796,0.2605,0.1605,0.0,365.1125
2026-05-31 22:17:00,0.0,1650.2976123062983,0.2605,0.1605,0.0,365.68194416666665
2026-05-31 22:17:30,0.0,1661.2877522220772,0.2605,0.1605,0.0,366.175
2026-05-31 22:18:00,0.0,1762.8088238317673,0.2605,0.1605,0.0,366.6472225
2026-05-31 22:18:30,0.0,1684.3519839143128,0.2605,0.1605,0.0,367.0083333333333
2026-05-31 22:19:00,0.0,1754.348893922538,0.2605,0.1605,0.0,368.84166666666664
2026-05-31 22:19:30,0.0,1717.9227008763805,0.2605,0.1605,0.0,370.425
2026-05-31 22:20:00,0.0,1747.1351699882407,0.2605,0.1605,0.0,370.85357166666665
2026-05-31 22:20:30,0.0,1768.4285322524297,0.2605,0.1605,0.0,372.2940475
2026-05-31 22:21:00,0.0,1759.7962338691118,0.2605,0.1605,0.0,373.3297616666667
2026-05-31 22:21:30,0.0,1667.9037360523885,0.2605,0.1605,0.0,373.96071416666666
2026-05-31 22:22:00,0.0,1772.3823120763604,0.2605,0.1605,0.0,374.18690499999997
2026-05-31 22:22:30,0.0,1740.970201101783,0.2605,0.1605,0.0,374.8833333333333
2026-05-31 22:23:00,0.0,1676.486810160875,0.2605,0.1605,0.0,376.05
2026-05-31 22:23:30,0.0,1737.6137488701177,0.2605,0.1605,0.0,377.5083333333333
2026-05-31 22:24:00,0.0,1733.2581842001578,0.2605,0.1605,0.0,379.5083333333333
2026-05-31 22:24:30,0.0,1756.8574748526003,0.2605,0.1605,0.0,381.6125
2026-05-31 22:25:00,0.0,1665.8088302998096,0.2605,0.1605,0.0,383.31041666666664
2026-05-31 22:25:30,0.0,1650.765505999844,0.2605,0.1605,0.0,384.6020833333333
2026-05-31 22:26:00,0.0,1775.0314719714238,0.2605,0.1605,0.0,385.4875
2026-05-31 22:26:30,0.0,1655.498623950486,0.2605,0.1605,0.0,385.96666666666664
2026-05-31 22:27:00,0.0,1769.220116865436,0.2605,0.1605,0.0,387.7583333333333
2026-05-31 22:27:30,0.0,1711.5765438642502,0.2605,0.1605,0.0,389.8208333333333
2026-05-31 22:28:00,0.0,1674.0123621042412,0.2605,0.1605,0.0,391.9875
2026-05-31 22:28:30,0.0,1650.0772388060948,0.2605,0.1605,0.0,394.9375
2026-05-31 22:29:00,0.0,1736.1476891607545,0.2605,0.1605,0.0,397.1041666666667
2026-05-31 22:29:30,0.0,1772.2600137244376,0.2605,0.1605,0.0,397.77916666666664
2026-05-31 22:30:00,0.0,1690.8366252560909,0.2557,0.1557,0.0,399.8347225
2026-05-31 22:30:30,0.0,1760.849539691303,0.2557,0.1557,0.0,401.9458333333333
2026-05-31 22:31:00,0.0,1656.9194379069586,0.2557,0.1557,0.0,403.77916666666664
2026-05-31 22:31:30,0.0,1661.019826475861,0.2557,0.1557,0.0,405.90416666666664
2026-05-31 22:32:00,0.0,1777.7933401798796,0.2557,0.1557,0.0,406.1041666666667
2026-05-31 22:32:30,0.0,1761.3921769134502,0.2557,0.1557,0.0,408.1875
2026-05-31 22:33:00,0.0,1669.0115829718227,0.2557,0.1557,0.0,410.3958333333333
2026-05-31 22:33:30,0.0,1729.2714506885325,0.2557,0.1557,0.0,412.7291666666667
2026-05-31 22:34:00,0.0,1680.6748490787272,0.2557,0.1557,0.0,413.8375
2026-05-31 22:34:30,0.0,1775.6001431968753,0.2557,0.1557,0.0,416.00416666666666
2026-05-31 22:35:00,0.0,1666.4981105102047,0.2557,0.1557,0.0,418.25416666666666
2026-05-31 22:35:30,0.0,1731.4684988963297,0.2557,0.1557,0.0,419.5875
2026-05-31 22:36:00,0.0,1660.074647399963,0.2557,0.1557,0.0,420.4625
2026-05-31 22:36:30,0.0,1716.5490082057624,0.2557,0.1557,0.0,422.4625
2026-05-31 22:37:00,0.0,1733.1483799657794,0.2557,0.1557,0.0,424.87916666666666
2026-05-31 22:37:30,0.0,1737.6097695449591,0.2557,0.1557,0.0,426.87916666666666
2026-05-31 22:38:00,0.0,1772.2425401148546,0.2557,0.1557,0.0,428.92083333333335
2026-05-31 22:38:30,0.0,1677.0030899925844,0.2557,0.1557,0.0,431.00416666666666
2026-05-31 22:39:00,0.0,1721.430950471455,0.2557,0.1557,0.0,432.8375
2026-05-31 22:39:30,0.0,1735.5119659261495,0.2557,0.1557,0.0,434.5875
2026-05-31 22:40:00,0.0,1775.9713087629775,0.2557,0.1557,0.0,436.5875
2026-05-31 22:40:30,0.0,1764.482303839399,0.2557,0.1557,0.0,437.8625
2026-05-31 22:41:00,0.0,1753.0958746147683,0.2557,0.1557,0.0,439.9458333333333
2026-05-31 22:41:30,0.0,1778.4779314588268,0.2557,0.1557,0.0,441.4458333333333
2026-05-31 22:42:00,0.0,1750.2095125408782,0.2557,0.1557,0.0,443.6125
2026-05-31 22:42:30,0.0,1660.2853333506932,0.2557,0.1557,0.0,444.04583333333335
2026-05-31 22:43:00,0.0,1711.14363970275,0.2557,0.1557,0.0,446.12916666666666
2026-05-31 22:43:30,0.0,1780.7783015061366,0.2557,0.1557,0.0,448.3375
2026-05-31 22:44:00,0.0,1700.1333669793157,0.2557,0.1557,0.0,450.42083333333335
2026-05-31 22:44:30,0.0,1662.5759356542412,0.2557,0.1557,0.0,452.12916666666666
2026-05-31 22:45:00,0.0,1669.0139577702828,0.2491,0.1491,0.0,454.29583333333335
2026-05-31 22:45:30,0.0,1711.978143001895,0.2491,0.1491,0.0,456.52916666666664
2026-05-31 22:46:00,0.0,1719.5480223949635,0.2491,0.1491,0.0,458.4125
2026-05-31 22:46:30,0.0,1794.0668154479602,0.2491,0.1491,0.0,459.9458333333333
2026-05-31 22:47:00,0.0,1712.528631311052,0.2491,0.1491,0.0,461.9625
2026-05-31 22:47:30,0.0,1793.2963265354392,0.2491,0.1491,0.0,462.3958333333333
2026-05-31 22:48:00,0.0,1692.0958873292925,0.2491,0.1491,0.0,464.37916666666666
2026-05-31 22:48:30,0.0,1693.0285058488541,0.2491,0.1491,0.0,466.59583333333336
2026-05-31 22:49:00,0.0,1763.8570454686783,0.2491,0.1491,0.0,468.1791666666667
2026-05-31 22:49:30,0.0,1783.9385161562832,0.2491,0.1491,0.0,468.65416666666664
2026-05-31 22:50:00,0.0,1661.3428021347963,0.2491,0.1491,0.0,470.24791666666664
2026-05-31 22:50:30,0.0,1693.3496039917407,0.2491,0.1491,0.0,472.01875
2026-05-31 22:51:00,0.0,1787.929233409518,0.2491,0.1491,0.0,473.6333333333333
2026-05-31 22:51:30,0.0,1733.036607002825,0.2491,0.1491,0.0,474.925
2026-05-31 22:52:00,0.0,1665.1894876937772,0.2491,0.1491,0.0,476.56041666666664
2026-05-31 22:52:30,0.0,1656.2617254228953,0.2491,0.1491,0.0,476.9145833333333
2026-05-31 22:53:00,0.0,1783.4476768774412,0.2491,0.1491,0.0,479.1958333333333
2026-05-31 22:53:30,0.0,1690.5541721994675,0.2491,0.1491,0.0,480.6333333333333
2026-05-31 22:54:00,0.0,1658.3012556321703,0.2491,0.1491,0.0,481.3
2026-05-31 22:54:30,0.0,1764.1333394875444,0.2491,0.1491,0.0,481.96666666666664
2026-05-31 22:55:00,0.0,1752.143017488662,0.2491,0.1491,0.0,482.6125
2026-05-31 22:55:30,0.0,1687.679925266996,0.2491,0.1491,0.0,483.2375
2026-05-31 22:56:00,0.0,1733.5517234165893,0.2491,0.1491,0.0,483.925
2026-05-31 22:56:30,0.0,1654.485075846725,0.2491,0.1491,0.0,484.675
2026-05-31 22:57:00,0.0,1772.846673466067,0.2491,0.1491,0.0,485.3833333333333
2026-05-31 22:57:30,0.0,1708.8548974418393,0.2491,0.1491,0.0,486.1125
2026-05-31 22:58:00,0.0,1718.973736227166,0.2491,0.1491,0.0,486.7375
2026-05-31 22:58:30,0.0,1684.6916068099044,0.2491,0.1491,0.0,487.425
2026-05-31 22:59:00,0.0,1782.1986334391822,0.2491,0.1491,0.0,487.2583333333333
2026-05-31 22:59:30,0.0,1656.6000278768893,0.2491,0.1491,0.0,487.09166666666664
2026-05-31 23:00:00,0.0,1730.243331842958,0.2565,0.1565,0.0,486.8208333333333
2026-05-31 23:00:30,0.0,1760.429956948358,0.2565,0.1565,0.0,486.4458333333333
2026-05-31 23:01:00,0.0,248.43443682367197,0.2565,0.1565,0.0,485.96666666666664
2026-05-31 23:01:30,0.0,202.0437028577218,0.2565,0.1565,0.0,485.48333333333335
2026-05-31 23:02:00,0.0,150.0833212337902,0.2565,0.1565,0.0,485.76666666666665
2026-05-31 23:02:30,0.0,166.25532925717562,0.2565,0.1565,0.0,485.73333333333335
2026-05-31 23:03:00,0.0,153.0890999071412,0.2565,0.1565,0.0,485.6958333333333
2026-05-31 23:03:30,0.0,205.04443469504986,0.2565,0.1565,0.0,485.65416666666664
2026-05-31 23:04:00,0.0,296.4819793913707,0.2565,0.1565,0.0,485.5638891666667
2026-05-31 23:04:30,0.0,178.846566127219,0.2565,0.1565,0.0,485.425
2026-05-31 23:05:00,0.0,160.11356871236015,0.2565,0.1565,0.0,485.34166666666664
2026-05-31 23:05:30,0.0,258.306909308054,0.2565,0.1565,0.0,485.2920633333333
2026-05-31 23:06:00,0.0,207.37567986569803,0.2565,0.1565,0.0,485.2761908333333
2026-05-31 23:06:30,0.0,279.47316213865156,0.2565,0.1565,0.0,485.2940483333333
2026-05-31 23:07:00,0.0,217.50141140184616,0.2565,0.1565,0.0,485.34563499999996
2026-05-31 23:07:30,0.0,236.4498619356538,0.2565,0.1565,0.0,485.4309525
2026-05-31 23:08:00,0.0,165.31945644503472,0.2565,0.1565,0.0,485.55
2026-05-31 23:08:30,0.0,271.0616140785952,0.2565,0.1565,0.0,485.8833333333333
2026-05-31 23:09:00,0.0,199.8856105481422,0.2565,0.1565,0.0,486.16111083333334
2026-05-31 23:09:30,0.0,189.77701885146726,0.2565,0.1565,0.0,486.3833333333333
2026-05-31 23:10:00,0.0,189.76816725111433,0.2565,0.1565,0.0,486.5638891666667
2026-05-31 23:10:30,0.0,296.78811330413765,0.2565,0.1565,0.0,486.70277749999997
2026-05-31 23:11:00,0.0,287.38415581662366,0.2565,0.1565,0.0,486.8
2026-05-31 23:11:30,0.0,203.84041405989964,0.2565,0.1565,0.0,486.96666666666664
2026-05-31 23:12:00,0.0,199.5855042831931,0.2565,0.1565,0.0,487.3833333333333
2026-05-31 23:12:30,0.0,226.882207784351,0.2565,0.1565,0.0,487.8763891666667
2026-05-31 23:13:00,0.0,214.46431886651928,0.2565,0.1565,0.0,488.27916666666664
2026-05-31 23:13:30,0.0,198.0070690218376,0.2565,0.1565,0.0,488.7583333333333
2026-05-31 23:14:00,0.0,235.06412528999206,0.2565,0.1565,0.0,489.1472225
2026-05-31 23:14:30,0.0,232.0310075795495,0.2565,0.1565,0.0,489.4458333333333
2026-05-31 23:15:00,0.0,273.2104985931511,0.2523,0.1523,0.0,489.8208333333333
2026-05-31 23:15:30,0.0,203.55557057818598,0.2523,0.1523,0.0,490.23055583333337
2026-05-31 23:16:00,0.0,174.17586876310185,0.2523,0.1523,0.0,490.675
2026-05-31 23:16:30,0.0,271.9138517440586,0.2523,0.1523,0.0,491.15416666666664
2026-05-31 23:17:00,0.0,183.03767164928584,0.2523,0.1523,0.0,491.66805583333337
2026-05-31 23:17:30,0.0,271.44118646152816,0.2523,0.1523,0.0,492.0083333333333
2026-05-31 23:18:00,0.0,154.9750068571932,0.2523,0.1523,0.0,492.3
2026-05-31 23:18:30,0.0,278.55180220628284,0.2523,0.1523,0.0,492.6333333333333
2026-05-31 23:19:00,0.0,289.26654757998693,0.2523,0.1523,0.0,491.425
2026-05-31 23:19:30,0.0,262.06173884531813,0.2523,0.1523,0.0,490.2583333333333
2026-05-31 23:20:00,0.0,160.20483420003094,0.2523,0.1523,0.0,490.15416666666664
2026-05-31 23:20:30,0.0,195.264762011694,0.2523,0.1523,0.0,488.9458333333333
2026-05-31 23:21:00,0.0,161.61171315453714,0.2523,0.1523,0.0,488.05
2026-05-31 23:21:30,0.0,257.66660619864695,0.2523,0.1523,0.0,487.46666666666664
2026-05-31 23:22:00,0.0,239.32386667025057,0.2523,0.1523,0.0,487.21666666666664
2026-05-31 23:22:30,0.0,279.9055329520049,0.2523,0.1523,0.0,486.59166666666664
2026-05-31 23:23:00,0.0,249.45885008390118,0.2523,0.1523,0.0,485.425
2026-05-31 23:23:30,0.0,278.06397532271365,0.2523,0.1523,0.0,483.96666666666664
2026-05-31 23:24:00,0.0,175.68726743892265,0.2523,0.1523,0.0,481.96666666666664
2026-05-31 23:24:30,0.0,176.60219428639542,0.2523,0.1523,0.0,479.425
2026-05-31 23:25:00,0.0,273.92770227499966,0.2523,0.1523,0.0,476.8520833333333
2026-05-31 23:25:30,0.0,210.13663885134244,0.2523,0.1523,0.0,474.87291666666664
2026-05-31 23:26:00,0.0,240.84632595092822,0.2523,0.1523,0.0,472.90416666666664
2026-05-31 23:26:30,0.0,268.72689055380033,0.2523,0.1523,0.0,470.77916666666664
2026-05-31 23:27:00,0.0,219.91169182413785,0.2523,0.1523,0.0,467.37916666666666
2026-05-31 23:27:30,0.0,189.03905046953142,0.2523,0.1523,0.0,463.74583333333334
2026-05-31 23:28:00,0.0,280.83046585436904,0.2523,0.1523,0.0,460.04583333333335
2026-05-31 23:28:30,0.0,250.5640713209566,0.2523,0.1523,0.0,455.6625
2026-05-31 23:29:00,0.0,222.1970288450606,0.2523,0.1523,0.0,451.99583333333334
2026-05-31 23:29:30,0.0,294.0853628322159,0.2523,0.1523,0.0,450.0708333333333
2026-05-31 23:30:00,0.0,171.90694176378364,0.2483,0.1483,0.0,446.7583333333333
2026-05-31 23:30:30,0.0,197.11315616704664,0.2483,0.1483,0.0,444.0708333333333
2026-05-31 23:31:00,0.0,252.01368611365433,0.2483,0.1483,0.0,441.62291666666664
2026-05-31 23:31:30,0.0,225.333043154806,0.2483,0.1483,0.0,438.83125
2026-05-31 23:32:00,0.0,272.5802817715039,0.2483,0.1483,0.0,437.9125
2026-05-31 23:32:30,0.0,274.0105899148466,0.2483,0.1483,0.0,435.18333333333334
2026-05-31 23:33:00,0.0,154.5002064955604,0.2483,0.1483,0.0,432.48541666666665
2026-05-31 23:33:30,0.0,151.4778628734956,0.2483,0.1483,0.0,429.81875
2026-05-31 23:34:00,0.0,202.54440058332827,0.2483,0.1483,0.0,428.5715275
2026-05-31 23:34:30,0.0,159.28407130568257,0.2483,0.1483,0.0,426.2104166666667
2026-05-31 23:35:00,0.0,153.31797184038865,0.2483,0.1483,0.0,423.62708333333336
2026-05-31 23:35:30,0.0,279.7216055866269,0.2483,0.1483,0.0,421.8354166666667
2026-05-31 23:36:00,0.0,208.6065639607104,0.2483,0.1483,0.0,420.54375
2026-05-31 23:36:30,0.0,254.90231458083593,0.2483,0.1483,0.0,418.29375
2026-05-31 23:37:00,0.0,216.25577717289508,0.2483,0.1483,0.0,415.91875
2026-05-31 23:37:30,0.0,213.32301883235976,0.2483,0.1483,0.0,414.00208333333336
2026-05-31 23:38:00,0.0,173.24592532031357,0.2483,0.1483,0.0,411.87708333333336
2026-05-31 23:38:30,0.0,263.753358903159,0.2483,0.1483,0.0,409.54375
2026-05-31 23:39:00,0.0,254.70398207459195,0.2483,0.1483,0.0,407.9604166666667
2026-05-31 23:39:30,0.0,246.74883501812513,0.2483,0.1483,0.0,406.50208333333336
2026-05-31 23:40:00,0.0,160.68668260935283,0.2483,0.1483,0.0,404.66875
2026-05-31 23:40:30,0.0,202.4886997385698,0.2483,0.1483,0.0,403.7270833333333
2026-05-31 23:41:00,0.0,273.3672071246348,0.2483,0.1483,0.0,402.14375
2026-05-31 23:41:30,0.0,189.29955969802734,0.2483,0.1483,0.0,401.14375
2026-05-31 23:42:00,0.0,289.95725269188745,0.2483,0.1483,0.0,399.58125
2026-05-31 23:42:30,0.0,228.16627711845388,0.2483,0.1483,0.0,399.68958333333336
2026-05-31 23:43:00,0.0,239.7488394964688,0.2483,0.1483,0.0,398.25208333333336
2026-05-31 23:43:30,0.0,150.0551107124493,0.2483,0.1483,0.0,396.66875
2026-05-31 23:44:00,0.0,181.32154873501827,0.2483,0.1483,0.0,395.1965275
2026-05-31 23:44:30,0.0,284.3592858513864,0.2483,0.1483,0.0,394.16875
2026-05-31 23:45:00,0.0,164.87053411361384,0.2457,0.1457,0.0,392.75208333333336
2026-05-31 23:45:30,0.0,201.06586258905963,0.2457,0.1457,0.0,391.00208333333336
2026-05-31 23:46:00,0.0,206.27642177155633,0.2457,0.1457,0.0,389.8354166666667
2026-05-31 23:46:30,0.0,245.29825494985224,0.2457,0.1457,0.0,388.93958333333336
2026-05-31 23:47:00,0.0,240.31819416491132,0.2457,0.1457,0.0,387.48125
2026-05-31 23:47:30,0.0,182.7893594371009,0.2457,0.1457,0.0,387.52708333333334
2026-05-31 23:48:00,0.0,287.83036940787963,0.2457,0.1457,0.0,385.94375
2026-05-31 23:48:30,0.0,236.26985347450204,0.2457,0.1457,0.0,384.02708333333334
2026-05-31 23:49:00,0.0,156.7449214906361,0.2457,0.1457,0.0,382.3048608333333
2026-05-31 23:49:30,0.0,181.50699886790326,0.2457,0.1457,0.0,381.8020833333333
2026-05-31 23:50:00,0.0,299.3464369252432,0.2457,0.1457,0.0,380.21875
2026-05-31 23:50:30,0.0,171.24247153938202,0.2457,0.1457,0.0,378.3854166666667
2026-05-31 23:51:00,0.0,262.17879061884787,0.2457,0.1457,0.0,376.6979166666667
2026-05-31 23:51:30,0.0,298.65201051674205,0.2457,0.1457,0.0,375.3229166666667
2026-05-31 23:52:00,0.0,250.96812844812555,0.2457,0.1457,0.0,373.59375
2026-05-31 23:52:30,0.0,246.72340908123522,0.2457,0.1457,0.0,373.1354166666667
2026-05-31 23:53:00,0.0,197.4916928163001,0.2457,0.1457,0.0,370.9270833333333
2026-05-31 23:53:30,0.0,264.40706090040356,0.2457,0.1457,0.0,369.40625
2026-05-31 23:54:00,0.0,232.06125841421374,0.2457,0.1457,0.0,368.8229166666667
2026-05-31 23:54:30,0.0,272.61975315458096,0.2457,0.1457,0.0,368.3645833333333
2026-05-31 23:55:00,0.0,228.47973410666572,0.2457,0.1457,0.0,367.9270833333333
2026-05-31 23:55:30,0.0,223.9259741568846,0.2457,0.1457,0.0,367.3854166666667
2026-05-31 23:56:00,0.0,237.92562184600325,0.2457,0.1457,0.0,366.80625
2026-05-31 23:56:30,0.0,193.59886648476459,0.2457,0.1457,0.0,366.18958333333336
2026-05-31 23:57:00,0.0,230.02389899168082,0.2457,0.1457,0.0,365.63958333333335
2026-05-31 23:57:30,0.0,218.05628365765625,0.2457,0.1457,0.0,365.09375
2026-05-31 23:58:00,0.0,150.14571459270326,0.2457,0.1457,0.0,364.5520833333333
2026-05-31 23:58:30,0.0,215.78369890015986,0.2457,0.1457,0.0,363.9479166666667
2026-05-31 23:59:00,0.0,201.96150324953126,0.2457,0.1457,0.0,363.1145833333333
2026-05-31 23:59:30,0.0,193.16163943016616,0.2457,0.1457,0.0,362.1701391666667
2026-06-01 00:00:00,0.0,196.0164731359422,0.2494,0.1493,0.0,361.21875
2026-06-01 00:00:30,0.0,163.49739150964143,0.2494,0.1493,0.0,360.2604166666667
2026-06-01 00:01:00,0.0,287.3830295076748,0.2494,0.1493,0.0,359.34375
2026-06-01 00:01:30,0.0,284.2729594475719,0.2494,0.1493,0.0,358.46875
2026-06-01 00:02:00,0.0,184.59483920653705,0.2494,0.1493,0.0,356.8645833333333
2026-06-01 00:02:30,0.0,266.9450514828319,0.2494,0.1493,0.0,355.6145833333333
2026-06-01 00:03:00,0.0,226.28906380962007,0.2494,0.1493,0.0,354.3576391666667
2026-06-01 00:03:30,0.0,236.68969748974564,0.2494,0.1493,0.0,353.09375
2026-06-01 00:04:00,0.0,299.73555769070754,0.2494,0.1493,0.0,351.8229166666667
2026-06-01 00:04:30,0.0,194.56114801881142,0.2494,0.1493,0.0,350.65625
2026-06-01 00:05:00,0.0,226.32480377206952,0.2494,0.1493,0.0,349.4895833333333
2026-06-01 00:05:30,0.0,284.457046412041,0.2494,0.1493,0.0,348.2534725
2026-06-01 00:06:00,0.0,223.9064535340702,0.2494,0.1493,0.0,347.0034725
2026-06-01 00:06:30,0.0,271.22581138795704,0.2494,0.1493,0.0,345.7395833333333
2026-06-01 00:07:00,0.0,225.04961738014032,0.2494,0.1493,0.0,344.46180583333336
2026-06-01 00:07:30,0.0,214.92140728071578,0.2494,0.1493,0.0,343.28125
2026-06-01 00:08:00,0.0,275.6122972292516,0.2494,0.1493,0.0,342.0729166666667
2026-06-01 00:08:30,0.0,246.44267390693142,0.2494,0.1493,0.0,340.65625
2026-06-01 00:09:00,0.0,179.87470033200924,0.2494,0.1493,0.0,339.3645833333333
2026-06-01 00:09:30,0.0,233.08853422085525,0.2494,0.1493,0.0,338.1383925
2026-06-01 00:10:00,0.0,289.4155107813878,0.2494,0.1493,0.0,336.9637891666667
2026-06-01 00:10:30,0.0,242.025565968818,0.2494,0.1493,0.0,335.84077333333335
2026-06-01 00:11:00,0.0,183.98164223948325,0.2494,0.1493,0.0,334.769345
2026-06-01 00:11:30,0.0,291.50913481053146,0.2494,0.1493,0.0,333.6383925
2026-06-01 00:12:00,0.0,273.070846353507,0.2494,0.1493,0.0,332.3645833333333
2026-06-01 00:12:30,0.0,175.72407806929223,0.2494,0.1493,0.0,331.03125
2026-06-01 00:13:00,0.0,254.88670233062925,0.2494,0.1493,0.0,329.6145833333333
2026-06-01 00:13:30,0.0,174.33685548914747,0.2494,0.1493,0.0,328.3645833333333
2026-06-01 00:14:00,0.0,182.48214206615802,0.2494,0.1493,0.0,327.15625
2026-06-01 00:14:30,0.0,271.67445832551124,0.2494,0.1493,0.0,325.9895833333333
2026-06-01 00:15:00,0.0,294.46118499489603,0.2401,0.1401,0.0,324.8229166666667
2026-06-01 00:15:30,0.0,221.19744470726653,0.2401,0.1401,0.0,323.6354166666667
2026-06-01 00:16:00,0.0,226.01845755200713,0.2401,0.1401,0.0,322.4270833333333
2026-06-01 00:16:30,0.0,157.51771341168202,0.2401,0.1401,0.0,321.1979166666667
2026-06-01 00:17:00,0.0,275.7200285012156,0.2401,0.1401,0.0,319.9479166666667
2026-06-01 00:17:30,0.0,259.0036436804246,0.2401,0.1401,0.0,318.65625
2026-06-01 00:18:00,0.0,191.25180467831223,0.2401,0.1401,0.0,317.1979166666667
2026-06-01 00:18:30,0.0,246.09771131476242,0.2401,0.1401,0.0,315.7673608333333
2026-06-01 00:19:00,0.0,213.84538350506574,0.2401,0.1401,0.0,314.3645833333333
2026-06-01 00:19:30,0.0,210.6188668604865,0.2401,0.1401,0.0,312.9895833333333
2026-06-01 00:20:00,0.0,273.54442922126026,0.2401,0.1401,0.0,311.7048608333333
2026-06-01 00:20:30,0.0,263.677782014155,0.2401,0.1401,0.0,310.5104166666667
2026-06-01 00:21:00,0.0,162.4594838965932,0.2401,0.1401,0.0,309.40625
2026-06-01 00:21:30,0.0,257.46160182797905,0.2401,0.1401,0.0,308.3645833333333
2026-06-01 00:22:00,0.0,289.7902824901431,0.2401,0.1401,0.0,307.3645833333333
2026-06-01 00:22:30,0.0,184.46205912858989,0.2401,0.1401,0.0,306.3229166666667
2026-06-01 00:23:00,0.0,244.02881742355052,0.2401,0.1401,0.0,305.40625
2026-06-01 00:23:30,0.0,212.85325049865315,0.2401,0.1401,0.0,304.40625
2026-06-01 00:24:00,0.0,177.5061165271983,0.2401,0.1401,0.0,303.5014883333333
2026-06-01 00:24:30,0.0,174.54326902068496,0.2401,0.1401,0.0,303.06696416666665
2026-06-01 00:25:00,0.0,161.34674744104063,0.2401,0.1401,0.0,303.10267833333336
2026-06-01 00:25:30,0.0,256.8390559991632,0.2401,0.1401,0.0,302.98363083333334
2026-06-01 00:26:00,0.0,176.16676100288802,0.2401,0.1401,0.0,303.293155
2026-06-01 00:26:30,0.0,205.63847380300373,0.2401,0.1401,0.0,304.1979166666667
2026-06-01 00:27:00,0.0,244.35006871244383,0.2401,0.1401,0.0,305.09791666666666
2026-06-01 00:27:30,0.0,251.34079423032946,0.2401,0.1401,0.0,305.8979166666667
2026-06-01 00:28:00,0.0,181.86776002719117,0.2401,0.1401,0.0,306.59791666666666
2026-06-01 00:28:30,0.0,275.5951256170173,0.2401,0.1401,0.0,307.3645833333333
2026-06-01 00:29:00,0.0,154.6841839045045,0.2401,0.1401,0.0,308.15625
2026-06-01 00:29:30,0.0,193.23630895265018,0.2401,0.1401,0.0,308.8229166666667
2026-06-01 00:30:00,0.0,170.70643273753254,0.2271,0.1271,0.0,309.4270833333333
2026-06-01 00:30:30,0.0,188.18010114451675,0.2271,0.1271,0.0,309.28125
2026-06-01 00:31:00,0.0,291.32634167179026,0.2271,0.1271,0.0,309.2291666666667
2026-06-01 00:31:30,0.0,256.8271979011227,0.2271,0.1271,0.0,309.0208333333333
2026-06-01 00:32:00,0.0,225.36732453181844,0.2271,0.1271,0.0,308.8125
2026-06-01 00:32:30,0.0,225.53499637778623,0.2271,0.1271,0.0,308.6041666666667
2026-06-01 00:33:00,0.0,169.52446319938463,0.2271,0.1271,0.0,308.3958333333333
2026-06-01 00:33:30,0.0,245.39442211492025,0.2271,0.1271,0.0,308.1875
2026-06-01 00:34:00,0.0,169.8742130713172,0.2271,0.1271,0.0,307.9409725
2026-06-01 00:34:30,0.0,183.19907932759102,0.2271,0.1271,0.0,307.65625
2026-06-01 00:35:00,0.0,166.94892080606158,0.2271,0.1271,0.0,307.3333333333333
2026-06-01 00:35:30,0.0,155.01170065474153,0.2271,0.1271,0.0,307.0416666666667
2026-06-01 00:36:00,0.0,264.78776422694756,0.2271,0.1271,0.0,306.875
2026-06-01 00:36:30,0.0,239.18453338779045,0.2271,0.1271,0.0,306.5416666666667
2026-06-01 00:37:00,0.0,209.97408769071126,0.2271,0.1271,0.0,306.2916666666667
2026-06-01 00:37:30,0.0,201.0647617832005,0.2271,0.1271,0.0,306.125
2026-06-01 00:38:00,0.0,265.30573243263865,0.2271,0.1271,0.0,305.9583333333333
2026-06-01 00:38:30,0.0,274.3334986943,0.2271,0.1271,0.0,305.9027775
2026-06-01 00:39:00,0.0,179.77475166813724,0.2271,0.1271,0.0,305.2916666666667
2026-06-01 00:39:30,0.0,215.370134853847,0.2271,0.1271,0.0,304.75
2026-06-01 00:40:00,0.0,187.4064033836024,0.2271,0.1271,0.0,304.4166666666667
2026-06-01 00:40:30,0.0,241.17407555153144,0.2271,0.1271,0.0,304.0833333333333
2026-06-01 00:41:00,0.0,199.763864887906,0.2271,0.1271,0.0,303.75
2026-06-01 00:41:30,0.0,184.63237099357215,0.2271,0.1271,0.0,303.3611108333333
2026-06-01 00:42:00,0.0,281.99210489272497,0.2271,0.1271,0.0,302.9791666666667
2026-06-01 00:42:30,0.0,225.59323333214581,0.2271,0.1271,0.0,302.6041666666667
2026-06-01 00:43:00,0.0,263.73419185233917,0.2271,0.1271,0.0,302.125
2026-06-01 00:43:30,0.0,227.2083919954714,0.2271,0.1271,0.0,301.5416666666667
2026-06-01 00:44:00,0.0,274.9831747693107,0.2271,0.1271,0.0,300.7638891666667
2026-06-01 00:44:30,0.0,273.0168802346769,0.2271,0.1271,0.0,300.2083333333333
2026-06-01 00:45:00,0.0,163.13668409496566,0.2235,0.1235,0.0,299.4583333333333
2026-06-01 00:45:30,0.0,206.95133747455588,0.2235,0.1235,0.0,299.0
2026-06-01 00:46:00,0.0,238.33512563877431,0.2235,0.1235,0.0,298.3333333333333
2026-06-01 00:46:30,0.0,195.2156291846353,0.2235,0.1235,0.0,297.8125
2026-06-01 00:47:00,0.0,184.56129207607228,0.2235,0.1235,0.0,297.2291666666667
2026-06-01 00:47:30,0.0,200.79519870113919,0.2235,0.1235,0.0,296.5833333333333
2026-06-01 00:48:00,0.0,172.99501316844055,0.2235,0.1235,0.0,296.06481499999995
2026-06-01 00:48:30,0.0,212.38558486978724,0.2235,0.1235,0.0,295.69444500000003
2026-06-01 00:49:00,0.0,186.91657124970385,0.2235,0.1235,0.0,295.3611116666667
2026-06-01 00:49:30,0.0,175.86989524075818,0.2235,0.1235,0.0,295.06481499999995
2026-06-01 00:50:00,0.0,215.1414111504368,0.2235,0.1235,0.0,294.80555583333336
2026-06-01 00:50:30,0.0,242.8178634959543,0.2235,0.1235,0.0,294.69444500000003
2026-06-01 00:51:00,0.0,157.0709036783571,0.2235,0.1235,0.0,294.66898166666664
2026-06-01 00:51:30,0.0,277.85987289488565,0.2235,0.1235,0.0,294.7291666666667
2026-06-01 00:52:00,0.0,291.1770833836564,0.2235,0.1235,0.0,294.875
2026-06-01 00:52:30,0.0,263.1580868244439,0.2235,0.1235,0.0,295.0
2026-06-01 00:53:00,0.0,270.5084051887676,0.2235,0.1235,0.0,294.9166666666667
2026-06-01 00:53:30,0.0,155.74508943786225,0.2235,0.1235,0.0,294.9791666666667
2026-06-01 00:54:00,0.0,221.5734865482953,0.2235,0.1235,0.0,294.9375
2026-06-01 00:54:30,0.0,225.54959694934158,0.2235,0.1235,0.0,294.8333333333333
2026-06-01 00:55:00,0.0,202.00086845607666,0.2235,0.1235,0.0,294.6666666666667
2026-06-01 00:55:30,0.0,201.27165336202938,0.2235,0.1235,0.0,294.625
2026-06-01 00:56:00,0.0,160.41858324869867,0.2235,0.1235,0.0,294.64166666666665
2026-06-01 00:56:30,0.0,227.73035813972734,0.2235,0.1235,0.0,294.5083333333333
2026-06-01 00:57:00,0.0,241.40808750502558,0.2235,0.1235,0.0,294.30833333333334
2026-06-01 00:57:30,0.0,169.96395931203094,0.2235,0.1235,0.0,294.0416666666667
2026-06-01 00:58:00,0.0,189.61646570339965,0.2235,0.1235,0.0,293.7083333333333
2026-06-01 00:58:30,0.0,210.85220866177164,0.2235,0.1235,0.0,293.5416666666667
2026-06-01 00:59:00,0.0,263.6214048419684,0.2235,0.1235,0.0,293.7916666666667
2026-06-01 00:59:30,0.0,276.5072778271664,0.2235,0.1235,0.0,293.9027775
2026-06-01 01:00:00,0.0,175.02758448592851,0.2465,0.1465,0.0,294.2083333333333
2026-06-01 01:00:30,0.0,181.13863996972788,0.2465,0.1465,0.0,294.625
2026-06-01 01:01:00,0.0,152.9276179487642,0.2465,0.1465,0.0,295.1041666666667
2026-06-01 01:01:30,0.0,152.77391665430437,0.2465,0.1465,0.0,295.2291666666667
2026-06-01 01:02:00,0.0,245.89333711893113,0.2465,0.1465,0.0,295.5833333333333
2026-06-01 01:02:30,0.0,189.03392484582776,0.2465,0.1465,0.0,295.94444416666664
2026-06-01 01:03:00,0.0,196.3834442340093,0.2465,0.1465,0.0,296.3611108333333
2026-06-01 01:03:30,0.0,224.20931731040469,0.2465,0.1465,0.0,296.8333333333333
2026-06-01 01:04:00,0.0,175.85819607637833,0.2465,0.1465,0.0,297.30555583333336
2026-06-01 01:04:30,0.0,240.1020124405782,0.2465,0.1465,0.0,297.6666666666667
2026-06-01 01:05:00,0.0,218.95193054014635,0.2465,0.1465,0.0,297.9166666666667
2026-06-01 01:05:30,0.0,265.7554343978604,0.2465,0.1465,0.0,298.2708333333333
2026-06-01 01:06:00,0.0,222.6929650030747,0.2465,0.1465,0.0,298.6736108333333
2026-06-01 01:06:30,0.0,257.97991204487283,0.2465,0.1465,0.0,299.125
2026-06-01 01:07:00,0.0,163.28691165551606,0.2465,0.1465,0.0,299.625
2026-06-01 01:07:30,0.0,173.60474373613388,0.2465,0.1465,0.0,300.0
2026-06-01 01:08:00,0.0,273.1984056610322,0.2465,0.1465,0.0,300.375
2026-06-01 01:08:30,0.0,231.9749285155807,0.2465,0.1465,0.0,300.6666666666667
2026-06-01 01:09:00,0.0,168.1645733452629,0.2465,0.1465,0.0,300.75
2026-06-01 01:09:30,0.0,180.19110986972962,0.2465,0.1465,0.0,300.8928575
2026-06-01 01:10:00,0.0,269.9425080246822,0.2465,0.1465,0.0,301.0952383333333
2026-06-01 01:10:30,0.0,263.1460901434072,0.2465,0.1465,0.0,301.02380999999997
2026-06-01 01:11:00,0.0,286.3946465302005,0.2465,0.1465,0.0,300.67857166666664
2026-06-01 01:11:30,0.0,203.8503645310245,0.2465,0.1465,0.0,300.4345241666667
2026-06-01 01:12:00,0.0,187.69835426180603,0.2465,0.1465,0.0,300.2916666666667
2026-06-01 01:12:30,0.0,231.894917558671,0.2465,0.1465,0.0,300.375
2026-06-01 01:13:00,0.0,220.1758947625674,0.2465,0.1465,0.0,300.5416666666667
2026-06-01 01:13:30,0.0,209.16362582099998,0.2465,0.1465,0.0,300.5
2026-06-01 01:14:00,0.0,151.21386056419468,0.2465,0.1465,0.0,300.5416666666667
2026-06-01 01:14:30,0.0,280.1107188578842,0.2465,0.1465,0.0,300.7083333333333
2026-06-01 01:15:00,0.0,246.93142572340167,0.236,0.136,0.0,300.7083333333333
2026-06-01 01:15:30,0.0,186.07416958801912,0.236,0.136,0.0,300.6041666666667
2026-06-01 01:16:00,0.0,175.05679780006813,0.236,0.136,0.0,300.3958333333333
2026-06-01 01:16:30,0.0,268.730563670497,0.236,0.136,0.0,300.0833333333333
2026-06-01 01:17:00,0.0,152.05768937493184,0.236,0.136,0.0,299.7083333333333
2026-06-01 01:17:30,0.0,190.46001171344184,0.236,0.136,0.0,299.5
2026-06-01 01:18:00,0.0,232.10569027375226,0.236,0.136,0.0,299.4166666666667
2026-06-01 01:18:30,0.0,294.97847718868445,0.236,0.136,0.0,299.375
2026-06-01 01:19:00,0.0,273.4421730077268,0.236,0.136,0.0,299.375
2026-06-01 01:19:30,0.0,153.20296678460267,0.236,0.136,0.0,299.4166666666667
2026-06-01 01:20:00,0.0,195.55588436222064,0.236,0.136,0.0,299.44444500000003
2026-06-01 01:20:30,0.0,273.5187665840889,0.236,0.136,0.0,299.4583333333333
2026-06-01 01:21:00,0.0,284.94506417420234,0.236,0.136,0.0,299.4583333333333
2026-06-01 01:21:30,0.0,151.00575802929924,0.236,0.136,0.0,299.5833333333333
2026-06-01 01:22:00,0.0,209.65471480781895,0.236,0.136,0.0,299.6666666666667
2026-06-01 01:22:30,0.0,163.3428452706194,0.236,0.136,0.0,299.4583333333333
2026-06-01 01:23:00,0.0,166.0353993941569,0.236,0.136,0.0,299.2916666666667
2026-06-01 01:23:30,0.0,253.52694374124292,0.236,0.136,0.0,299.125
2026-06-01 01:24:00,0.0,281.26055521767023,0.236,0.136,0.0,298.91865083333334
2026-06-01 01:24:30,0.0,244.8245179429114,0.236,0.136,0.0,298.67261916666666
2026-06-01 01:25:00,0.0,228.96865646017102,0.236,0.136,0.0,298.386905
2026-06-01 01:25:30,0.0,291.04079276110167,0.236,0.136,0.0,298.17261916666666
2026-06-01 01:26:00,0.0,294.7330808051949,0.236,0.136,0.0,298.0297616666667
2026-06-01 01:26:30,0.0,193.49494324976598,0.236,0.136,0.0,297.7916666666667
2026-06-01 01:27:00,0.0,267.3030650258578,0.236,0.136,0.0,297.4583333333333
2026-06-01 01:27:30,0.0,173.08196838512146,0.236,0.136,0.0,297.25
2026-06-01 01:28:00,0.0,217.48313388460934,0.236,0.136,0.0,297.1666666666667
2026-06-01 01:28:30,0.0,191.48942781956455,0.236,0.136,0.0,297.0833333333333
2026-06-01 01:29:00,0.0,242.92189379314493,0.236,0.136,0.0,297.0416666666667
2026-06-01 01:29:30,0.0,175.46338144656804,0.236,0.136,0.0,296.875
2026-06-01 01:30:00,0.0,250.72188504384656,0.2288,0.1288,0.0,296.6666666666667
2026-06-01 01:30:30,0.0,229.1719155668564,0.2288,0.1288,0.0,296.51666666666665
2026-06-01 01:31:00,0.0,159.70413418649952,0.2288,0.1288,0.0,296.3
2026-06-01 01:31:30,0.0,286.03097889342087,0.2288,0.1288,0.0,296.26666666666665
2026-06-01 01:32:00,0.0,200.48035894661137,0.2288,0.1288,0.0,296.2604166666667
2026-06-01 01:32:30,0.0,237.57868413565092,0.2288,0.1288,0.0,296.28125
2026-06-01 01:33:00,0.0,181.57831926398188,0.2288,0.1288,0.0,296.3958333333333
2026-06-01 01:33:30,0.0,241.27563486417858,0.2288,0.1288,0.0,296.5486108333333
2026-06-01 01:34:00,0.0,215.13163651840767,0.2288,0.1288,0.0,296.7395833333333
2026-06-01 01:34:30,0.0,293.51693782317227,0.2288,0.1288,0.0,296.96875
2026-06-01 01:35:00,0.0,279.6031600066839,0.2288,0.1288,0.0,297.18055583333336
2026-06-01 01:35:30,0.0,213.6502204014803,0.2288,0.1288,0.0,297.375
2026-06-01 01:36:00,0.0,153.9032791043694,0.2288,0.1288,0.0,297.4583333333333
2026-06-01 01:36:30,0.0,182.87146574176353,0.2288,0.1288,0.0,297.7083333333333
2026-06-01 01:37:00,0.0,216.54006011291898,0.2288,0.1288,0.0,297.93055583333336
2026-06-01 01:37:30,0.0,201.808889899131,0.2288,0.1288,0.0,298.125
2026-06-01 01:38:00,0.0,213.05484885131622,0.2288,0.1288,0.0,298.4166666666667
2026-06-01 01:38:30,0.0,195.91371900555933,0.2288,0.1288,0.0,298.69444500000003
2026-06-01 01:39:00,0.0,278.5905459094382,0.2288,0.1288,0.0,298.9583333333333
2026-06-01 01:39:30,0.0,171.93934764815754,0.2288,0.1288,0.0,299.2083333333333
2026-06-01 01:40:00,0.0,161.9021943844987,0.2288,0.1288,0.0,299.125
2026-06-01 01:40:30,0.0,281.3549719505239,0.2288,0.1288,0.0,298.875
2026-06-01 01:41:00,0.0,236.48643251228606,0.2288,0.1288,0.0,298.4583333333333
2026-06-01 01:41:30,0.0,287.2196114535823,0.2288,0.1288,0.0,298.05555583333336
2026-06-01 01:42:00,0.0,179.82719302176505,0.2288,0.1288,0.0,297.6666666666667
2026-06-01 01:42:30,0.0,260.469301743884,0.2288,0.1288,0.0,297.23333333333335
2026-06-01 01:43:00,0.0,173.44823319869556,0.2288,0.1288,0.0,296.8666666666667
2026-06-01 01:43:30,0.0,253.96603272194352,0.2288,0.1288,0.0,296.56666666666666
2026-06-01 01:44:00,0.0,167.8137419076534,0.2288,0.1288,0.0,296.4166666666667
2026-06-01 01:44:30,0.0,260.9298048615356,0.2288,0.1288,0.0,296.0
2026-06-01 01:45:00,0.0,225.04889233784843,0.227,0.127,0.0,295.9166666666667
2026-06-01 01:45:30,0.0,284.0049399100873,0.227,0.127,0.0,295.7083333333333
2026-06-01 01:46:00,0.0,284.62887880772365,0.227,0.127,0.0,295.4513891666667
2026-06-01 01:46:30,0.0,255.23192807502767,0.227,0.127,0.0,295.1041666666667
2026-06-01 01:47:00,0.0,263.1833018840597,0.227,0.127,0.0,294.875
2026-06-01 01:47:30,0.0,264.25291749310645,0.227,0.127,0.0,294.7638891666667
2026-06-01 01:48:00,0.0,248.8137170082133,0.227,0.127,0.0,294.58101833333336
2026-06-01 01:48:30,0.0,248.25040453575238,0.227,0.127,0.0,294.3263883333333
2026-06-01 01:49:00,0.0,215.96986067016803,0.227,0.127,0.0,294.0
2026-06-01 01:49:30,0.0,291.2997081262237,0.227,0.127,0.0,293.6018516666667
2026-06-01 01:50:00,0.0,163.63734589309823,0.227,0.127,0.0,293.13194416666664
2026-06-01 01:50:30,0.0,180.89986079980324,0.227,0.127,0.0,292.5902775
2026-06-01 01:51:00,0.0,179.86615865529927,0.227,0.127,0.0,291.9768516666667
2026-06-01 01:51:30,0.0,217.03305539204104,0.227,0.127,0.0,291.2916666666667
2026-06-01 01:52:00,0.0,218.17949897839105,0.227,0.127,0.0,290.56944416666664
2026-06-01 01:52:30,0.0,227.37733520586295,0.227,0.127,0.0,289.9166666666667
2026-06-01 01:53:00,0.0,196.03141277786762,0.227,0.127,0.0,289.3333333333333
2026-06-01 01:53:30,0.0,189.35220147774874,0.227,0.127,0.0,288.6875
2026-06-01 01:54:00,0.0,201.54388639625967,0.227,0.127,0.0,288.1458333333333
2026-06-01 01:54:30,0.0,266.00851871583905,0.227,0.127,0.0,287.5416666666667
2026-06-01 01:55:00,0.0,290.93822481033703,0.227,0.127,0.0,287.0416666666667
2026-06-01 01:55:30,0.0,198.23372515708252,0.227,0.127,0.0,286.5572916666667
2026-06-01 01:56:00,0.0,268.63820594614674,0.227,0.127,0.0,286.0885416666667
2026-06-01 01:56:30,0.0,152.85882480468734,0.227,0.127,0.0,285.84375
2026-06-01 01:57:00,0.0,224.9089935553344,0.227,0.127,0.0,285.7395833333333
2026-06-01 01:57:30,0.0,198.4630707954307,0.227,0.127,0.0,285.7760416666667
2026-06-01 01:58:00,0.0,298.55317423292297,0.227,0.127,0.0,285.953125
2026-06-01 01:58:30,0.0,245.01238806455154,0.227,0.127,0.0,286.1041666666667
2026-06-01 01:59:00,0.0,297.0439187445743,0.227,0.127,0.0,286.1458333333333
2026-06-01 01:59:30,0.0,256.93893538604186,0.227,0.127,0.0,286.4114583333333
2026-06-01 02:00:00,0.0,214.25757278563282,0.2255,0.1255,0.0,286.5677083333333
2026-06-01 02:00:30,0.0,179.29935197222932,0.2255,0.1255,0.0,286.6979166666667
2026-06-01 02:01:00,0.0,214.26767541572028,0.2255,0.1255,0.0,286.8020833333333
2026-06-01 02:01:30,0.0,242.87652806973503,0.2255,0.1255,0.0,287.296875
2026-06-01 02:02:00,0.0,207.3285824759177,0.2255,0.1255,0.0,287.5989583333333
2026-06-01 02:02:30,0.0,209.90107121710565,0.2255,0.1255,0.0,287.93055583333336
2026-06-01 02:03:00,0.0,174.80012828642634,0.2255,0.1255,0.0,288.2916666666667
2026-06-01 02:03:30,0.0,288.79956959854917,0.2255,0.1255,0.0,288.2083333333333
2026-06-01 02:04:00,0.0,168.17994824765668,0.2255,0.1255,0.0,288.06944416666664
2026-06-01 02:04:30,0.0,159.75951338837976,0.2255,0.1255,0.0,288.0
2026-06-01 02:05:00,0.0,229.11645886162108,0.2255,0.1255,0.0,288.0
2026-06-01 02:05:30,0.0,230.40353936470933,0.2255,0.1255,0.0,287.9513891666667
2026-06-01 02:06:00,0.0,259.56877255135066,0.2255,0.1255,0.0,287.8541666666667
2026-06-01 02:06:30,0.0,217.93208769266667,0.2255,0.1255,0.0,287.7083333333333
2026-06-01 02:07:00,0.0,183.842624589717,0.2255,0.1255,0.0,287.5833333333333
2026-06-01 02:07:30,0.0,174.7619057252035,0.2255,0.1255,0.0,287.5416666666667
2026-06-01 02:08:00,0.0,294.16873813117763,0.2255,0.1255,0.0,287.4583333333333
2026-06-01 02:08:30,0.0,267.3939166669942,0.2255,0.1255,0.0,287.5833333333333
2026-06-01 02:09:00,0.0,152.85731921589544,0.2255,0.1255,0.0,287.75
2026-06-01 02:09:30,0.0,274.1281771741728,0.2255,0.1255,0.0,287.9166666666667
2026-06-01 02:10:00,0.0,293.9795167825499,0.2255,0.1255,0.0,288.0416666666667
2026-06-01 02:10:30,0.0,189.96035825432222,0.2255,0.1255,0.0,288.4583333333333
2026-06-01 02:11:00,0.0,207.35273766119474,0.2255,0.1255,0.0,289.0416666666667
2026-06-01 02:11:30,0.0,237.49040728609512,0.2255,0.1255,0.0,289.4166666666667
2026-06-01 02:12:00,0.0,267.4380249393249,0.2255,0.1255,0.0,289.75
2026-06-01 02:12:30,0.0,200.75570912448677,0.2255,0.1255,0.0,289.9166666666667
2026-06-01 02:13:00,0.0,186.1682541273091,0.2255,0.1255,0.0,290.0833333333333
2026-06-01 02:13:30,0.0,163.94541424725412,0.2255,0.1255,0.0,290.1666666666667
2026-06-01 02:14:00,0.0,255.77891273462927,0.2255,0.1255,0.0,290.1666666666667
2026-06-01 02:14:30,0.0,279.9470299851174,0.2255,0.1255,0.0,290.1111108333333
2026-06-01 02:15:00,0.0,171.90582315995024,0.233,0.133,0.0,290.1666666666667
2026-06-01 02:15:30,0.0,226.6322443288738,0.233,0.133,0.0,290.3333333333333
2026-06-01 02:16:00,0.0,286.63160968469236,0.233,0.133,0.0,290.5
2026-06-01 02:16:30,0.0,228.9887021756651,0.233,0.133,0.0,290.8333333333333
2026-06-01 02:17:00,0.0,254.75040974325708,0.233,0.133,0.0,291.125
2026-06-01 02:17:30,0.0,217.06295732574972,0.233,0.133,0.0,291.5416666666667
2026-06-01 02:18:00,0.0,285.59674109393984,0.233,0.133,0.0,291.9583333333333
2026-06-01 02:18:30,0.0,291.6795073181239,0.233,0.133,0.0,292.375
2026-06-01 02:19:00,0.0,161.92216393534778,0.233,0.133,0.0,292.7916666666667
2026-06-01 02:19:30,0.0,272.12114209221625,0.233,0.133,0.0,293.2083333333333
2026-06-01 02:20:00,0.0,274.7729546126708,0.233,0.133,0.0,293.56944416666664
2026-06-01 02:20:30,0.0,177.20613174903013,0.233,0.133,0.0,294.0416666666667
2026-06-01 02:21:00,0.0,260.304316102647,0.233,0.133,0.0,294.4583333333333
2026-06-01 02:21:30,0.0,156.52806952068045,0.233,0.133,0.0,294.7291666666667
2026-06-01 02:22:00,0.0,249.2232005940306,0.233,0.133,0.0,295.0208333333333
2026-06-01 02:22:30,0.0,177.35629645069562,0.233,0.133,0.0,295.5
2026-06-01 02:23:00,0.0,298.5564035108655,0.233,0.133,0.0,295.8333333333333
2026-06-01 02:23:30,0.0,273.1708600768443,0.233,0.133,0.0,295.8333333333333
2026-06-01 02:24:00,0.0,290.67255555532313,0.233,0.133,0.0,295.7777775
2026-06-01 02:24:30,0.0,258.2294098620235,0.233,0.133,0.0,295.7916666666667
2026-06-01 02:25:00,0.0,275.0346905172004,0.233,0.133,0.0,295.875
2026-06-01 02:25:30,0.0,193.84621016923882,0.233,0.133,0.0,295.625
2026-06-01 02:26:00,0.0,186.82349890237566,0.233,0.133,0.0,295.2083333333333
2026-06-01 02:26:30,0.0,271.1081238440741,0.233,0.133,0.0,294.9583333333333
2026-06-01 02:27:00,0.0,278.83790727120373,0.233,0.133,0.0,294.7708333333333
2026-06-01 02:27:30,0.0,194.79449783813175,0.233,0.133,0.0,294.5208333333333
2026-06-01 02:28:00,0.0,155.40797478018962,0.233,0.133,0.0,294.2083333333333
2026-06-01 02:28:30,0.0,200.75346057910684,0.233,0.133,0.0,293.7916666666667
2026-06-01 02:29:00,0.0,177.62897492291916,0.233,0.133,0.0,293.4583333333333
2026-06-01 02:29:30,0.0,260.8152519135912,0.233,0.133,0.0,293.125
2026-06-01 02:30:00,0.0,189.20761162399774,0.2316,0.1316,0.0,292.9583333333333
2026-06-01 02:30:30,0.0,167.10184823254616,0.2316,0.1316,0.0,292.69166666666666
2026-06-01 02:31:00,0.0,265.1904716196611,0.2316,0.1316,0.0,292.39444416666663
2026-06-01 02:31:30,0.0,166.87514268618474,0.2316,0.1316,0.0,292.06666666666666
2026-06-01 02:32:00,0.0,173.97068908245348,0.2316,0.1316,0.0,291.7083333333333
2026-06-01 02:32:30,0.0,181.3557808276844,0.2316,0.1316,0.0,291.31944416666664
2026-06-01 02:33:00,0.0,217.51768977457846,0.2316,0.1316,0.0,290.8333333333333
2026-06-01 02:33:30,0.0,245.23364780000284,0.2316,0.1316,0.0,290.30555583333336
2026-06-01 02:34:00,0.0,190.61611445724338,0.2316,0.1316,0.0,289.8333333333333
2026-06-01 02:34:30,0.0,156.7148824859943,0.2316,0.1316,0.0,289.30555583333336
2026-06-01 02:35:00,0.0,223.01763157526557,0.2316,0.1316,0.0,288.7777775
2026-06-01 02:35:30,0.0,161.52210427438436,0.2316,0.1316,0.0,288.25
2026-06-01 02:36:00,0.0,155.89375632955628,0.2316,0.1316,0.0,287.8333333333333
2026-06-01 02:36:30,0.0,253.68794916407484,0.2316,0.1316,0.0,287.31944416666664
2026-06-01 02:37:00,0.0,290.7441311343799,0.2316,0.1316,0.0,286.7777775
2026-06-01 02:37:30,0.0,249.42324611050793,0.2316,0.1316,0.0,286.2083333333333
2026-06-01 02:38:00,0.0,283.4950037798292,0.2316,0.1316,0.0,285.6111108333333
2026-06-01 02:38:30,0.0,227.0172238367523,0.2316,0.1316,0.0,284.9861108333333
2026-06-01 02:39:00,0.0,179.3999052148757,0.2316,0.1316,0.0,284.3333333333333
2026-06-01 02:39:30,0.0,207.59747906285327,0.2316,0.1316,0.0,283.75
2026-06-01 02:40:00,0.0,239.6552058220495,0.2316,0.1316,0.0,283.25
2026-06-01 02:40:30,0.0,230.76811649634723,0.2316,0.1316,0.0,282.875
2026-06-01 02:41:00,0.0,258.67677276835843,0.2316,0.1316,0.0,282.625
2026-06-01 02:41:30,0.0,215.50964127205168,0.2316,0.1316,0.0,282.25
2026-06-01 02:42:00,0.0,151.86606025482865,0.2316,0.1316,0.0,281.83510666666666
2026-06-01 02:42:30,0.0,185.68730742512864,0.2316,0.1316,0.0,281.4386525
2026-06-01 02:43:00,0.0,274.42173968055795,0.2316,0.1316,0.0,281.0606383333333
2026-06-01 02:43:30,0.0,264.44708177411616,0.2316,0.1316,0.0,280.70106416666664
2026-06-01 02:44:00,0.0,242.13174234865727,0.2316,0.1316,0.0,280.3599291666667
2026-06-01 02:44:30,0.0,283.94843152494354,0.2316,0.1316,0.0,280.0372341666667
2026-06-01 02:45:00,0.0,203.4733338486257,0.2303,0.1303,0.0,279.54964583333333
2026-06-01 02:45:30,0.0,193.77922259375646,0.2303,0.1303,0.0,279.1471633333333
2026-06-01 02:46:00,0.0,189.67838991285635,0.2303,0.1303,0.0,278.75339833333334
2026-06-01 02:46:30,0.0,293.53027444522,0.2303,0.1303,0.0,278.3683516666667
2026-06-01 02:47:00,0.0,235.68481113167485,0.2303,0.1303,0.0,277.9920216666667
2026-06-01 02:47:30,0.0,264.40937627743205,0.2303,0.1303,0.0,277.6244091666667
2026-06-01 02:48:00,0.0,207.69736011174308,0.2303,0.1303,0.0,277.265515
2026-06-01 02:48:30,0.0,232.31075028420284,0.2303,0.1303,0.0,276.91533749999996
2026-06-01 02:49:00,0.0,194.78803320291553,0.2303,0.1303,0.0,276.5738775
2026-06-01 02:49:30,0.0,284.63240369964745,0.2303,0.1303,0.0,276.2411358333333
2026-06-01 02:50:00,0.0,158.95342168103042,0.2303,0.1303,0.0,275.9171108333333
2026-06-01 02:50:30,0.0,235.06231779405294,0.2303,0.1303,0.0,275.6018033333333
2026-06-01 02:51:00,0.0,275.93709861244855,0.2303,0.1303,0.0,275.29521416666665
2026-06-01 02:51:30,0.0,248.3520136088539,0.2303,0.1303,0.0,274.9973416666666
2026-06-01 02:52:00,0.0,246.91419661389364,0.2303,0.1303,0.0,274.673465
2026-06-01 02:52:30,0.0,213.61700663293294,0.2303,0.1303,0.0,274.3235833333334
2026-06-01 02:53:00,0.0,179.24702955995602,0.2303,0.1303,0.0,273.9476966666667
2026-06-01 02:53:30,0.0,277.12827661667194,0.2303,0.1303,0.0,273.6569166666667
2026-06-01 02:54:00,0.0,262.82722038999077,0.2303,0.1303,0.0,273.28457583333335
2026-06-01 02:54:30,0.0,199.74375888731709,0.2303,0.1303,0.0,272.99734166666667
2026-06-01 02:55:00,0.0,214.50416766615524,0.2303,0.1303,0.0,272.6285475
2026-06-01 02:55:30,0.0,226.49636714455664,0.2303,0.1303,0.0,272.20423416666665
2026-06-01 02:56:00,0.0,153.11604999255317,0.2303,0.1303,0.0,271.7244025
2026-06-01 02:56:30,0.0,191.59611187212312,0.2303,0.1303,0.0,271.1890525
2026-06-01 02:57:00,0.0,154.94897330157517,0.2303,0.1303,0.0,270.59818333333334
2026-06-01 02:57:30,0.0,218.78178422164711,0.2303,0.1303,0.0,269.95179583333334
2026-06-01 02:58:00,0.0,209.7962554068455,0.2303,0.1303,0.0,269.24989
2026-06-01 02:58:30,0.0,296.55629099524526,0.2303,0.1303,0.0,268.492465
2026-06-01 02:59:00,0.0,267.1155080896139,0.2303,0.1303,0.0,267.6795216666667
2026-06-01 02:59:30,0.0,262.1740520249426,0.2303,0.1303,0.0,266.81106
2026-06-01 03:00:00,0.0,152.93838337980822,0.226,0.126,0.0,265.88707916666664
2026-06-01 03:00:30,0.0,204.92550669832562,0.226,0.126,0.0,264.90758
2026-06-01 03:01:00,0.0,239.3380345321639,0.226,0.126,0.0,263.8725625
2026-06-01 03:01:30,0.0,159.20844771412973,0.226,0.126,0.0,262.7820258333333
2026-06-01 03:02:00,0.0,273.0592254940824,0.226,0.126,0.0,261.6359708333333
2026-06-01 03:02:30,0.0,255.54376322760874,0.226,0.126,0.0,260.4343975
2026-06-01 03:03:00,0.0,296.19793579444524,0.226,0.126,0.0,259.177305
2026-06-01 03:03:30,0.0,213.29878591939553,0.226,0.126,0.0,258.33865249999997
2026-06-01 03:04:00,0.0,178.63245175185816,0.226,0.126,0.0,257.58510666666666
2026-06-01 03:04:30,0.0,167.37962423513568,0.226,0.126,0.0,256.7916666666667
2026-06-01 03:05:00,0.0,190.05348971908262,0.226,0.126,0.0,255.95833333333334
2026-06-01 03:05:30,0.0,196.27306925517354,0.226,0.126,0.0,255.06944416666667
2026-06-01 03:06:00,0.0,293.5258518339954,0.226,0.126,0.0,254.2175925
2026-06-01 03:06:30,0.0,178.93349378839784,0.226,0.126,0.0,253.40277749999998
2026-06-01 03:07:00,0.0,253.67892306692127,0.226,0.126,0.0,252.555555
2026-06-01 03:07:30,0.0,155.6197646312638,0.226,0.126,0.0,251.675925
2026-06-01 03:08:00,0.0,232.04578185416935,0.226,0.126,0.0,250.88888833333334
2026-06-01 03:08:30,0.0,284.01399803319373,0.226,0.126,0.0,250.02777749999998
2026-06-01 03:09:00,0.0,166.06223055327933,0.226,0.126,0.0,249.25925916666665
2026-06-01 03:09:30,0.0,204.71288648778196,0.226,0.126,0.0,248.41666666666666
2026-06-01 03:10:00,0.0,249.24782352777225,0.226,0.126,0.0,247.54166666666666
2026-06-01 03:10:30,0.0,156.81028275458155,0.226,0.126,0.0,246.54166666666666
2026-06-01 03:11:00,0.0,281.70869592917506,0.226,0.126,0.0,245.7
2026-06-01 03:11:30,0.0,229.65426598318737,0.226,0.126,0.0,245.01666666666668
2026-06-01 03:12:00,0.0,200.65718598959543,0.226,0.126,0.0,244.325
2026-06-01 03:12:30,0.0,151.8357640949987,0.226,0.126,0.0,243.625
2026-06-01 03:13:00,0.0,175.52753856238652,0.226,0.126,0.0,243.08333333333334
2026-06-01 03:13:30,0.0,236.2219561149725,0.226,0.126,0.0,242.65833333333333
2026-06-01 03:14:00,0.0,158.6396378872164,0.226,0.126,0.0,242.35
2026-06-01 03:14:30,0.0,175.23283074549627,0.226,0.126,0.0,242.0888891666667
2026-06-01 03:15:00,0.0,266.9279791082266,0.2268,0.1268,0.0,241.875
2026-06-01 03:15:30,0.0,170.5521416360931,0.2268,0.1268,0.0,241.70833333333334
2026-06-01 03:16:00,0.0,163.70543883659462,0.2268,0.1268,0.0,241.375
2026-06-01 03:16:30,0.0,249.93781564487608,0.2268,0.1268,0.0,240.91666666666666
2026-06-01 03:17:00,0.0,178.16994043947244,0.2268,0.1268,0.0,240.5
2026-06-01 03:17:30,0.0,264.71584427160394,0.2268,0.1268,0.0,240.08333333333334
2026-06-01 03:18:00,0.0,154.83989644693133,0.2268,0.1268,0.0,239.72916666666666
2026-06-01 03:18:30,0.0,291.97584469968405,0.2268,0.1268,0.0,239.32638916666667
2026-06-01 03:19:00,0.0,210.67740237740773,0.2268,0.1268,0.0,238.875
2026-06-01 03:19:30,0.0,296.03572862575027,0.2268,0.1268,0.0,238.375
2026-06-01 03:20:00,0.0,197.8551398468308,0.2268,0.1268,0.0,238.04166666666666
2026-06-01 03:20:30,0.0,242.99445202799936,0.2268,0.1268,0.0,237.54166666666666
2026-06-01 03:21:00,0.0,169.14789982308625,0.2268,0.1268,0.0,237.20833333333334
2026-06-01 03:21:30,0.0,157.52024419364182,0.2268,0.1268,0.0,236.92824083333332
2026-06-01 03:22:00,0.0,152.4897566024678,0.2268,0.1268,0.0,236.70138916666664
2026-06-01 03:22:30,0.0,242.77256145936957,0.2268,0.1268,0.0,236.52777833333332
2026-06-01 03:23:00,0.0,220.64071080754218,0.2268,0.1268,0.0,236.40740833333334
2026-06-01 03:23:30,0.0,188.6635767071638,0.2268,0.1268,0.0,236.52777833333332
2026-06-01 03:24:00,0.0,278.0479234269935,0.2268,0.1268,0.0,236.7222225
2026-06-01 03:24:30,0.0,216.8214942431399,0.2268,0.1268,0.0,236.86574083333332
2026-06-01 03:25:00,0.0,278.59135878172253,0.2268,0.1268,0.0,236.95833333333334
2026-06-01 03:25:30,0.0,217.97063468740072,0.2268,0.1268,0.0,237.29166666666666
2026-06-01 03:26:00,0.0,182.30917064704994,0.2268,0.1268,0.0,237.79166666666666
2026-06-01 03:26:30,0.0,169.11705263359573,0.2268,0.1268,0.0,238.125
2026-06-01 03:27:00,0.0,184.89154620348646,0.2268,0.1268,0.0,238.64583333333334
2026-06-01 03:27:30,0.0,296.16124681925544,0.2268,0.1268,0.0,239.10416666666666
2026-06-01 03:28:00,0.0,254.81344723943323,0.2268,0.1268,0.0,239.5925925
2026-06-01 03:28:30,0.0,188.9306666815555,0.2268,0.1268,0.0,240.11111083333333
2026-06-01 03:29:00,0.0,222.78984438521957,0.2268,0.1268,0.0,240.47222166666668
2026-06-01 03:29:30,0.0,164.59667210319634,0.2268,0.1268,0.0,240.925925
2026-06-01 03:30:00,0.0,176.180506850662,0.2207,0.1207,0.0,241.305555
2026-06-01 03:30:30,0.0,164.81356198567275,0.2207,0.1207,0.0,241.77777749999998
2026-06-01 03:31:00,0.0,184.21249496875447,0.2207,0.1207,0.0,242.27314833333332
2026-06-01 03:31:30,0.0,246.01534009400126,0.2207,0.1207,0.0,242.79166666666666
2026-06-01 03:32:00,0.0,218.17275388691576,0.2207,0.1207,0.0,243.33333333333334
2026-06-01 03:32:30,0.0,187.18169697775514,0.2207,0.1207,0.0,243.97222250000002
2026-06-01 03:33:00,0.0,167.00999179505456,0.2207,0.1207,0.0,244.54166666666666
2026-06-01 03:33:30,0.0,205.54129392199633,0.2207,0.1207,0.0,245.04166666666666
2026-06-01 03:34:00,0.0,172.85808373801575,0.2207,0.1207,0.0,245.375
2026-06-01 03:34:30,0.0,202.82267888167576,0.2207,0.1207,0.0,245.6527775
2026-06-01 03:35:00,0.0,234.56870213060162,0.2207,0.1207,0.0,245.875
2026-06-01 03:35:30,0.0,180.38022878042895,0.2207,0.1207,0.0,246.04166666666666
2026-06-01 03:36:00,0.0,215.52057426493727,0.2207,0.1207,0.0,246.14583333333334
2026-06-01 03:36:30,0.0,259.77328826727745,0.2207,0.1207,0.0,246.28472250000002
2026-06-01 03:37:00,0.0,180.98530257322753,0.2207,0.1207,0.0,246.45833333333334
2026-06-01 03:37:30,0.0,192.08914532511167,0.2207,0.1207,0.0,246.66666666666666
2026-06-01 03:38:00,0.0,276.5378401541422,0.2207,0.1207,0.0,246.80555583333336
2026-06-01 03:38:30,0.0,280.9404258130942,0.2207,0.1207,0.0,246.94166666666666
2026-06-01 03:39:00,0.0,199.1458273550998,0.2207,0.1207,0.0,247.075
2026-06-01 03:39:30,0.0,273.7928487908821,0.2207,0.1207,0.0,247.10833333333332
2026-06-01 03:40:00,0.0,185.52386360379785,0.2207,0.1207,0.0,247.20833333333334
2026-06-01 03:40:30,0.0,239.47921635676062,0.2207,0.1207,0.0,247.25
2026-06-01 03:41:00,0.0,193.0112737360901,0.2207,0.1207,0.0,247.16666666666666
2026-06-01 03:41:30,0.0,240.78041806782545,0.2207,0.1207,0.0,247.2222225
2026-06-01 03:42:00,0.0,187.49405732827984,0.2207,0.1207,0.0,247.33156
2026-06-01 03:42:30,0.0,161.15070046729326,0.2207,0.1207,0.0,247.49468083333335
2026-06-01 03:43:00,0.0,294.2545564060794,0.2207,0.1207,0.0,247.73936166666667
2026-06-01 03:43:30,0.0,212.45224156438937,0.2207,0.1207,0.0,248.14893583333333
2026-06-01 03:44:00,0.0,190.97186197774585,0.2207,0.1207,0.0,248.64007083333334
2026-06-01 03:44:30,0.0,189.6791978534061,0.2207,0.1207,0.0,249.21276583333335
2026-06-01 03:45:00,0.0,218.36939657554598,0.2187,0.1187,0.0,249.74202083333333
2026-06-01 03:45:30,0.0,259.9924129437293,0.2187,0.1187,0.0,250.22783666666666
2026-06-01 03:46:00,0.0,180.60247497882403,0.2187,0.1187,0.0,250.79521250000002
2026-06-01 03:46:30,0.0,173.45190191131542,0.2187,0.1187,0.0,251.44414833333335
2026-06-01 03:47:00,0.0,281.83648552118575,0.2187,0.1187,0.0,252.13297833333334
2026-06-01 03:47:30,0.0,188.1570232297471,0.2187,0.1187,0.0,252.86170166666668
2026-06-01 03:48:00,0.0,173.8484777727866,0.2187,0.1187,0.0,253.421985
2026-06-01 03:48:30,0.0,213.49469235021218,0.2187,0.1187,0.0,253.8138291666667
2026-06-01 03:49:00,0.0,232.43837900103074,0.2187,0.1187,0.0,254.28723333333335
2026-06-01 03:49:30,0.0,277.0771995463008,0.2187,0.1187,0.0,254.6755308333333
2026-06-01 03:50:00,0.0,210.7558256767024,0.2187,0.1187,0.0,255.14538916666666
2026-06-01 03:50:30,0.0,155.79021055378556,0.2187,0.1187,0.0,255.6968075
2026-06-01 03:51:00,0.0,278.2421345923379,0.2187,0.1187,0.0,256.32978583333335
2026-06-01 03:51:30,0.0,259.21896443206947,0.2187,0.1187,0.0,256.87765833333333
2026-06-01 03:52:00,0.0,153.43252119363126,0.2187,0.1187,0.0,257.44459083333334
2026-06-01 03:52:30,0.0,282.93544439429274,0.2187,0.1187,0.0,258.03058333333337
2026-06-01 03:53:00,0.0,257.90663888457584,0.2187,0.1187,0.0,258.63563666666664
2026-06-01 03:53:30,0.0,232.33980857417976,0.2187,0.1187,0.0,259.25975
2026-06-01 03:54:00,0.0,286.4215738718602,0.2187,0.1187,0.0,259.63209083333334
2026-06-01 03:54:30,0.0,276.3622493326529,0.2187,0.1187,0.0,259.919325
2026-06-01 03:55:00,0.0,214.4006240624985,0.2187,0.1187,0.0,260.1214525
2026-06-01 03:55:30,0.0,161.95231189454998,0.2187,0.1187,0.0,260.40514083333335
2026-06-01 03:56:00,0.0,290.9005667969486,0.2187,0.1187,0.0,260.6037225
2026-06-01 03:56:30,0.0,285.5845031156722,0.2187,0.1187,0.0,260.8838641666667
2026-06-01 03:57:00,0.0,187.00590146822265,0.2187,0.1187,0.0,261.07890000000003
2026-06-01 03:57:30,0.0,220.9675901051486,0.2187,0.1187,0.0,261.29994
2026-06-01 03:58:00,0.0,255.98804029897184,0.2187,0.1187,0.0,261.546985
2026-06-01 03:58:30,0.0,213.97808128056062,0.2187,0.1187,0.0,261.820035
2026-06-01 03:59:00,0.0,159.4238666153482,0.2187,0.1187,0.0,262.11908916666664
2026-06-01 03:59:30,0.0,159.70218687873768,0.2187,0.1187,0.0,262.4441483333333
2026-06-01 04:00:00,0.0,210.75449277088296,0.2249,0.1249,0.0,262.7952125
2026-06-01 04:00:30,0.0,243.38236178631837,0.2249,0.1249,0.0,263.1167258333333
2026-06-01 04:01:00,0.0,222.23011005378802,0.2249,0.1249,0.0,263.4086875
2026-06-01 04:01:30,0.0,262.3188419220511,0.2249,0.1249,0.0,263.6710991666667
2026-06-01 04:02:00,0.0,156.1506684348281,0.2249,0.1249,0.0,264.0150708333333
2026-06-01 04:02:30,0.0,182.65939157436648,0.2249,0.1249,0.0,264.3156025
2026-06-01 04:03:00,0.0,205.90334495332985,0.2249,0.1249,0.0,264.572695
2026-06-01 04:03:30,0.0,172.16145995942856,0.2249,0.1249,0.0,264.91134750000003
2026-06-01 04:04:00,0.0,264.0728091427026,0.2249,0.1249,0.0,265.22044916666664
2026-06-01 04:04:30,0.0,169.37236548342588,0.2249,0.1249,0.0,265.5
2026-06-01 04:05:00,0.0,245.30640329434192,0.2249,0.1249,0.0,265.75
2026-06-01 04:05:30,0.0,246.4412748009063,0.2249,0.1249,0.0,266.1666666666667
2026-06-01 04:06:00,0.0,236.23360235813868,0.2249,0.1249,0.0,266.49074083333335
2026-06-01 04:06:30,0.0,226.93542985477382,0.2249,0.1249,0.0,266.8138891666667
2026-06-01 04:07:00,0.0,264.59658706043547,0.2249,0.1249,0.0,267.13611166666664
2026-06-01 04:07:30,0.0,153.45280588097577,0.2249,0.1249,0.0,267.4574083333333
2026-06-01 04:08:00,0.0,188.45129425825237,0.2249,0.1249,0.0,267.77777833333334
2026-06-01 04:08:30,0.0,192.10257276260583,0.2249,0.1249,0.0,268.0972225
2026-06-01 04:09:00,0.0,274.76146150096133,0.2249,0.1249,0.0,268.41574083333336
2026-06-01 04:09:30,0.0,160.93577739879902,0.2249,0.1249,0.0,268.73333333333335
2026-06-01 04:10:00,0.0,157.71633355086018,0.2249,0.1249,0.0,269.05
2026-06-01 04:10:30,0.0,269.9077419254068,0.2249,0.1249,0.0,269.4583333333333
2026-06-01 04:11:00,0.0,176.45784329331295,0.2249,0.1249,0.0,269.8
2026-06-01 04:11:30,0.0,219.3675149511248,0.2249,0.1249,0.0,270.025
2026-06-01 04:12:00,0.0,226.21795445658074,0.2249,0.1249,0.0,270.1333333333333
2026-06-01 04:12:30,0.0,178.0877041585523,0.2249,0.1249,0.0,270.4166666666667
2026-06-01 04:13:00,0.0,158.22344262330438,0.2249,0.1249,0.0,270.7916666666667
2026-06-01 04:13:30,0.0,229.3395455539602,0.2249,0.1249,0.0,271.03611083333334
2026-06-01 04:14:00,0.0,199.4595178434478,0.2249,0.1249,0.0,271.15
2026-06-01 04:14:30,0.0,290.1181481374857,0.2249,0.1249,0.0,271.1333333333333
2026-06-01 04:15:00,0.0,280.9321323660398,0.2234,0.1234,0.0,271.0625
2026-06-01 04:15:30,0.0,201.57143614768898,0.2234,0.1234,0.0,270.9375
2026-06-01 04:16:00,0.0,298.9498815053249,0.2234,0.1234,0.0,271.0833333333333
2026-06-01 04:16:30,0.0,266.81619804174125,0.2234,0.1234,0.0,271.2916666666667
2026-06-01 04:17:00,0.0,197.4840841265188,0.2234,0.1234,0.0,271.4583333333333
2026-06-01 04:17:30,0.0,196.5810399716404,0.2234,0.1234,0.0,271.625
2026-06-01 04:18:00,0.0,275.6388554839741,0.2234,0.1234,0.0,271.6875
2026-06-01 04:18:30,0.0,173.15296289744492,0.2234,0.1234,0.0,271.6458333333333
2026-06-01 04:19:00,0.0,283.49933959983923,0.2234,0.1234,0.0,271.5972225
2026-06-01 04:19:30,0.0,161.04098324695963,0.2234,0.1234,0.0,271.5416666666667
2026-06-01 04:20:00,0.0,196.25428521188496,0.2234,0.1234,0.0,271.375
2026-06-01 04:20:30,0.0,298.89623256652374,0.2234,0.1234,0.0,271.375
2026-06-01 04:21:00,0.0,279.87546725822926,0.2234,0.1234,0.0,271.2083333333333
2026-06-01 04:21:30,0.0,186.83926457039547,0.2234,0.1234,0.0,271.0925925
2026-06-01 04:22:00,0.0,272.6896810679408,0.2234,0.1234,0.0,271.0277775
2026-06-01 04:22:30,0.0,208.5451150598557,0.2234,0.1234,0.0,270.930555
2026-06-01 04:23:00,0.0,197.07504003839324,0.2234,0.1234,0.0,270.800925
2026-06-01 04:23:30,0.0,189.43674334835887,0.2234,0.1234,0.0,270.7411608333333
2026-06-01 04:24:00,0.0,169.1228037883573,0.2234,0.1234,0.0,270.7512625
2026-06-01 04:24:30,0.0,219.21955794776898,0.2234,0.1234,0.0,270.8312291666667
2026-06-01 04:25:00,0.0,263.89585052283223,0.2234,0.1234,0.0,270.98106083333334
2026-06-01 04:25:30,0.0,273.60431656994734,0.2234,0.1234,0.0,271.2007575
2026-06-01 04:26:00,0.0,211.5718795957679,0.2234,0.1234,0.0,271.3977275
2026-06-01 04:26:30,0.0,215.6147080921799,0.2234,0.1234,0.0,271.73863666666665
2026-06-01 04:27:00,0.0,193.29885868145112,0.2234,0.1234,0.0,271.973485
2026-06-01 04:27:30,0.0,275.3004865517772,0.2234,0.1234,0.0,272.3522725
2026-06-01 04:28:00,0.0,265.5035468656553,0.2234,0.1234,0.0,272.78240750000003
2026-06-01 04:28:30,0.0,228.84539073730275,0.2234,0.1234,0.0,273.2638891666667
2026-06-01 04:29:00,0.0,286.51716097424924,0.2234,0.1234,0.0,273.569445
2026-06-01 04:29:30,0.0,194.94805340068345,0.2234,0.1234,0.0,273.82407499999994
2026-06-01 04:30:00,0.0,179.66838392143845,0.2252,0.1252,0.0,274.0277783333333
2026-06-01 04:30:30,0.0,227.55791506704838,0.2252,0.1252,0.0,274.30555583333336
2026-06-01 04:31:00,0.0,284.28698584956226,0.2252,0.1252,0.0,274.4907408333333
2026-06-01 04:31:30,0.0,219.02023601081032,0.2252,0.1252,0.0,274.5833333333333
2026-06-01 04:32:00,0.0,293.17930354519353,0.2252,0.1252,0.0,274.6875
2026-06-01 04:32:30,0.0,212.74031957232688,0.2252,0.1252,0.0,274.7291666666667
2026-06-01 04:33:00,0.0,276.6867145920464,0.2252,0.1252,0.0,274.875
2026-06-01 04:33:30,0.0,254.41891106774716,0.2252,0.1252,0.0,275.125
2026-06-01 04:34:00,0.0,227.23411243607606,0.2252,0.1252,0.0,275.5416666666667
2026-06-01 04:34:30,0.0,194.1120875524199,0.2252,0.1252,0.0,276.0277775
2026-06-01 04:35:00,0.0,254.75367232220083,0.2252,0.1252,0.0,276.5833333333333
2026-06-01 04:35:30,0.0,229.4896103821273,0.2252,0.1252,0.0,277.2083333333333
2026-06-01 04:36:00,0.0,211.30087593918597,0.2252,0.1252,0.0,277.7986108333333
2026-06-01 04:36:30,0.0,255.19804668480504,0.2252,0.1252,0.0,278.3541666666667
2026-06-01 04:37:00,0.0,258.57470714329935,0.2252,0.1252,0.0,278.875
2026-06-01 04:37:30,0.0,175.30139288311895,0.2252,0.1252,0.0,279.4166666666667
2026-06-01 04:38:00,0.0,173.79803279312674,0.2252,0.1252,0.0,280.0833333333333
2026-06-01 04:38:30,0.0,176.71528533933318,0.2252,0.1252,0.0,280.68333333333334
2026-06-01 04:39:00,0.0,216.9470747451656,0.2252,0.1252,0.0,281.34166666666664
2026-06-01 04:39:30,0.0,270.39383510327264,0.2252,0.1252,0.0,282.05833333333334
2026-06-01 04:40:00,0.0,266.90959458110234,0.2252,0.1252,0.0,282.7777775
2026-06-01 04:40:30,0.0,267.7168013880061,0.2252,0.1252,0.0,283.5
2026-06-01 04:41:00,0.0,164.98851165068064,0.2252,0.1252,0.0,284.2916666666667
2026-06-01 04:41:30,0.0,219.4480070326015,0.2252,0.1252,0.0,285.0138883333333
2026-06-01 04:42:00,0.0,222.00157743128392,0.2252,0.1252,0.0,285.6666666666667
2026-06-01 04:42:30,0.0,255.83393956814984,0.2252,0.1252,0.0,286.25
2026-06-01 04:43:00,0.0,286.10956761877924,0.2252,0.1252,0.0,286.7916666666667
2026-06-01 04:43:30,0.0,156.39068593954582,0.2252,0.1252,0.0,287.2083333333333
2026-06-01 04:44:00,0.0,289.67515236976794,0.2252,0.1252,0.0,287.4583333333333
2026-06-01 04:44:30,0.0,242.4495187097132,0.2252,0.1252,0.0,287.7083333333333
2026-06-01 04:45:00,0.0,246.01383493012025,0.2254,0.1254,0.0,287.9166666666667
2026-06-01 04:45:30,0.0,156.40121781340738,0.2254,0.1254,0.0,288.2083333333333
2026-06-01 04:46:00,0.0,248.91966476392366,0.2254,0.1254,0.0,288.4583333333333
2026-06-01 04:46:30,0.0,284.255322118026,0.2254,0.1254,0.0,288.5833333333333
2026-06-01 04:47:00,0.0,150.0402658861154,0.2254,0.1254,0.0,288.625
2026-06-01 04:47:30,0.0,237.45290091224552,0.2254,0.1254,0.0,288.4166666666667
2026-06-01 04:48:00,0.0,191.1310814194108,0.2254,0.1254,0.0,288.1666666666667
2026-06-01 04:48:30,0.0,151.3830688862291,0.2254,0.1254,0.0,288.0
2026-06-01 04:49:00,0.0,279.1104370499688,0.2254,0.1254,0.0,287.7916666666667
2026-06-01 04:49:30,0.0,228.7876529594016,0.2254,0.1254,0.0,287.7083333333333
2026-06-01 04:50:00,0.0,206.78233845416327,0.2254,0.1254,0.0,287.4583333333333
2026-06-01 04:50:30,0.0,276.32821823904794,0.2254,0.1254,0.0,287.2083333333333
2026-06-01 04:51:00,0.0,242.67934937072866,0.2254,0.1254,0.0,286.7916666666667
2026-06-01 04:51:30,0.0,234.42449627019784,0.2254,0.1254,0.0,286.5
2026-06-01 04:52:00,0.0,233.25165154356299,0.2254,0.1254,0.0,286.2291666666667
2026-06-01 04:52:30,0.0,240.17536755346705,0.2254,0.1254,0.0,285.8958333333333
2026-06-01 04:53:00,0.0,151.88723464911916,0.2254,0.1254,0.0,285.5
2026-06-01 04:53:30,0.0,219.1865299035971,0.2254,0.1254,0.0,285.1666666666667
2026-06-01 04:54:00,0.0,222.91689065138502,0.2254,0.1254,0.0,285.0
2026-06-01 04:54:30,0.0,245.53229543682681,0.2254,0.1254,0.0,284.8888891666667
2026-06-01 04:55:00,0.0,184.39511213534882,0.2254,0.1254,0.0,284.8333333333333
2026-06-01 04:55:30,0.0,278.4104001876334,0.2254,0.1254,0.0,284.6666666666667
2026-06-01 04:56:00,0.0,223.8970421458279,0.2254,0.1254,0.0,284.6666666666667
2026-06-01 04:56:30,0.0,267.3242365504045,0.2254,0.1254,0.0,284.55555583333336
2026-06-01 04:57:00,0.0,185.47307781117289,0.2254,0.1254,0.0,284.5
2026-06-01 04:57:30,0.0,298.1525353468778,0.2254,0.1254,0.0,284.3888891666667
2026-06-01 04:58:00,0.0,153.42090421421733,0.2254,0.1254,0.0,284.2638891666667
2026-06-01 04:58:30,0.0,177.07262306550635,0.2254,0.1254,0.0,284.125
2026-06-01 04:59:00,0.0,230.68221784271645,0.2254,0.1254,0.0,283.9722225
2026-06-01 04:59:30,0.0,252.72868447812522,0.2254,0.1254,0.0,283.80555583333336
2026-06-01 05:00:00,0.0,227.6352399405015,0.227,0.127,0.0,283.625
2026-06-01 05:00:30,0.0,156.0538770255207,0.227,0.127,0.0,283.4861108333333
2026-06-01 05:01:00,0.0,164.13049643086842,0.227,0.127,0.0,283.2916666666667
2026-06-01 05:01:30,0.0,202.29253040573008,0.227,0.127,0.0,283.1325758333333
2026-06-01 05:02:00,0.0,220.1155878478079,0.227,0.127,0.0,282.8977275
2026-06-01 05:02:30,0.0,290.79462595786174,0.227,0.127,0.0,282.71212166666663
2026-06-01 05:03:00,0.0,258.96466458598053,0.227,0.127,0.0,282.57575833333334
2026-06-01 05:03:30,0.0,217.1458476823551,0.227,0.127,0.0,282.3636375
2026-06-01 05:04:00,0.0,254.74632926272272,0.227,0.127,0.0,282.18686916666667
2026-06-01 05:04:30,0.0,156.19923600342022,0.227,0.127,0.0,282.045455
2026-06-01 05:05:00,0.0,208.6362744378961,0.227,0.127,0.0,281.93939416666666
2026-06-01 05:05:30,0.0,292.8867076648359,0.227,0.127,0.0,281.7575758333333
2026-06-01 05:06:00,0.0,236.2066514574571,0.227,0.127,0.0,281.6666666666667
2026-06-01 05:06:30,0.0,295.94382913536026,0.227,0.127,0.0,281.575
2026-06-01 05:07:00,0.0,173.59582593089075,0.227,0.127,0.0,281.39166666666665
2026-06-01 05:07:30,0.0,280.8751984032804,0.227,0.127,0.0,281.18809500000003
2026-06-01 05:08:00,0.0,152.71810399859424,0.227,0.127,0.0,280.96428583333335
2026-06-01 05:08:30,0.0,170.59696428231774,0.227,0.127,0.0,280.7202383333333
2026-06-01 05:09:00,0.0,179.15638967736882,0.227,0.127,0.0,280.4559525
2026-06-01 05:09:30,0.0,161.11189970911414,0.227,0.127,0.0,280.1714283333333
2026-06-01 05:10:00,0.0,168.14630467195957,0.227,0.127,0.0,279.8666666666667
2026-06-01 05:10:30,0.0,250.5291670465097,0.227,0.127,0.0,279.5416666666667
2026-06-01 05:11:00,0.0,195.6019046295993,0.227,0.127,0.0,279.2916666666667
2026-06-01 05:11:30,0.0,260.5687703666468,0.227,0.127,0.0,279.0769233333333
2026-06-01 05:12:00,0.0,185.80893440015825,0.227,0.127,0.0,278.89743583333336
2026-06-01 05:12:30,0.0,170.10277670750295,0.227,0.127,0.0,278.4615383333333
2026-06-01 05:13:00,0.0,268.60345143795803,0.227,0.127,0.0,277.85256416666664
2026-06-01 05:13:30,0.0,217.89942131821314,0.227,0.127,0.0,277.292735
2026-06-01 05:14:00,0.0,279.9537076914682,0.227,0.127,0.0,276.78205083333336
2026-06-01 05:14:30,0.0,151.519923841052,0.227,0.127,0.0,276.3205125
2026-06-01 05:15:00,0.0,211.39431563852844,0.2303,0.1303,0.0,275.8317308333333
2026-06-01 05:15:30,0.0,217.20173910025702,0.2303,0.1303,0.0,275.315705
2026-06-01 05:16:00,0.0,265.1706012835474,0.2303,0.1303,0.0,274.77243583333336
2026-06-01 05:16:30,0.0,241.67184788196647,0.2303,0.1303,0.0,274.2019233333333
2026-06-01 05:17:00,0.0,275.3823128994582,0.2303,0.1303,0.0,273.7083333333333
2026-06-01 05:17:30,0.0,203.44844566508368,0.2303,0.1303,0.0,273.125
2026-06-01 05:18:00,0.0,263.8994380178581,0.2303,0.1303,0.0,272.75
2026-06-01 05:18:30,0.0,183.150652201531,0.2303,0.1303,0.0,272.625
2026-06-01 05:19:00,0.0,238.30399656877285,0.2303,0.1303,0.0,272.6527775
2026-06-01 05:19:30,0.0,255.64594896878748,0.2303,0.1303,0.0,272.8333333333333
2026-06-01 05:20:00,0.0,199.81785403084763,0.2303,0.1303,0.0,273.1666666666667
2026-06-01 05:20:30,0.0,219.20491142745269,0.2303,0.1303,0.0,272.9166666666667
2026-06-01 05:21:00,0.0,151.21858605499662,0.2303,0.1303,0.0,272.7291666666667
2026-06-01 05:21:30,0.0,164.39669510794263,0.2303,0.1303,0.0,272.4791666666667
2026-06-01 05:22:00,0.0,167.96632647831686,0.2303,0.1303,0.0,272.1666666666667
2026-06-01 05:22:30,0.0,259.9408732576257,0.2303,0.1303,0.0,271.875
2026-06-01 05:23:00,0.0,156.57779800392476,0.2303,0.1303,0.0,271.7083333333333
2026-06-01 05:23:30,0.0,258.38177590536304,0.2303,0.1303,0.0,271.23106083333334
2026-06-01 05:24:00,0.0,207.0024258319302,0.2303,0.1303,0.0,270.4431816666667
2026-06-01 05:24:30,0.0,222.93631249359498,0.2303,0.1303,0.0,269.34469666666666
2026-06-01 05:25:00,0.0,249.31016828788353,0.2303,0.1303,0.0,268.14393916666666
2026-06-01 05:25:30,0.0,289.8359992484578,0.2303,0.1303,0.0,266.8409091666667
2026-06-01 05:26:00,0.0,187.9575891420449,0.2303,0.1303,0.0,265.56060583333334
2026-06-01 05:26:30,0.0,290.3805604993215,0.2303,0.1303,0.0,264.13636333333335
2026-06-01 05:27:00,0.0,183.0042177056387,0.2303,0.1303,0.0,262.73484833333333
2026-06-01 05:27:30,0.0,181.1147942385462,0.2303,0.1303,0.0,261.24494999999996
2026-06-01 05:28:00,0.0,152.5537434983375,0.2303,0.1303,0.0,259.6666666666667
2026-06-01 05:28:30,0.0,264.3864309886223,0.2303,0.1303,0.0,258.0
2026-06-01 05:29:00,0.0,254.12261227124677,0.2303,0.1303,0.0,256.5833333333333
2026-06-01 05:29:30,0.0,190.5877668926589,0.2303,0.1303,0.0,255.20075749999998
2026-06-01 05:30:00,0.0,181.21054618140295,0.2345,0.1345,0.0,253.8522725
2026-06-01 05:30:30,0.0,194.22277753953216,0.2345,0.1345,0.0,252.41287833333334
2026-06-01 05:31:00,0.0,173.483302930659,0.2345,0.1345,0.0,251.04924166666666
2026-06-01 05:31:30,0.0,213.86897649709795,0.2345,0.1345,0.0,249.7613625
2026-06-01 05:32:00,0.0,196.1486345839517,0.2345,0.1345,0.0,248.445075
2026-06-01 05:32:30,0.0,284.7592149793396,0.2345,0.1345,23.288,247.10037833333334
2026-06-01 05:33:00,0.0,207.39358430909516,0.2345,0.1345,28.1034,245.7272725
2026-06-01 05:33:30,0.0,277.52134010723177,0.2345,0.1345,32.9178,244.32575749999998
2026-06-01 05:34:00,0.0,184.57499962030252,0.2345,0.1345,37.7311,242.83333333333334
2026-06-01 05:34:30,0.0,246.2037248806202,0.2345,0.1345,42.5434,241.34722250000002
2026-06-01 05:35:00,0.0,215.360144192377,0.2345,0.1345,47.3546,239.95833333333334
2026-06-01 05:35:30,0.0,209.6563808954973,0.2345,0.1345,52.1647,238.54166666666666
2026-06-01 05:36:00,0.0,158.89595362009607,0.2345,0.1345,56.9737,237.09722250000002
2026-06-01 05:36:30,0.0,180.73246216746878,0.2345,0.1345,61.7815,235.65
2026-06-01 05:37:00,0.0,282.3383663271874,0.2345,0.1345,66.5881,234.2
2026-06-01 05:37:30,0.0,183.62011000165478,0.2345,0.1345,71.3936,232.69166666666666
2026-06-01 05:38:00,0.0,240.55521579511316,0.2345,0.1345,76.1977,231.125
2026-06-01 05:38:30,0.0,187.50079629583183,0.2345,0.1345,81.0007,229.625
2026-06-01 05:39:00,0.0,194.80645017246033,0.2345,0.1345,85.8023,228.0
2026-06-01 05:39:30,0.0,254.653175329279,0.2345,0.1345,90.6027,226.36111083333333
2026-06-01 05:40:00,0.0,171.11884491619537,0.2345,0.1345,95.4017,224.76388916666667
2026-06-01 05:40:30,0.0,298.433659982413,0.2345,0.1345,100.1994,223.20833333333334
2026-06-01 05:41:00,0.0,229.5329202644463,0.2345,0.1345,104.9957,222.25
2026-06-01 05:41:30,0.0,185.69731618810414,0.2345,0.1345,109.7906,221.22222250000002
2026-06-01 05:42:00,0.0,285.3565489416344,0.2345,0.1345,114.5841,220.125
2026-06-01 05:42:30,0.0,174.97355073419058,0.2345,0.1345,119.3762,219.02777749999998
2026-06-01 05:43:00,0.0,194.5845101688295,0.2345,0.1345,124.1667,217.875
2026-06-01 05:43:30,0.0,189.02131214404935,0.2345,0.1345,128.9558,216.66666666666666
2026-06-01 05:44:00,0.0,151.5511078382033,0.2345,0.1345,133.7434,215.52777749999998
2026-06-01 05:44:30,0.0,203.59316207522875,0.2345,0.1345,138.5294,214.29166666666666
2026-06-01 05:45:00,0.0,197.8982466347563,0.2286,0.1286,143.3138,213.125
2026-06-01 05:45:30,0.0,230.77155998814854,0.2286,0.1286,148.0967,212.0
2026-06-01 05:46:00,0.0,244.7685365775224,0.2286,0.1286,152.8779,210.81944416666664
2026-06-01 05:46:30,0.0,270.43672429477886,0.2286,0.1286,157.6576,209.66666666666666
2026-06-01 05:47:00,0.0,261.6937476759061,0.2286,0.1286,162.4355,208.54166666666666
2026-06-01 05:47:30,0.0,170.34616284571322,0.2286,0.1286,167.2118,207.61111083333333
2026-06-01 05:48:00,0.0,295.11816618103103,0.2286,0.1286,171.9863,206.875
2026-06-01 05:48:30,0.0,221.37891008329728,0.2286,0.1286,176.7591,206.20833333333334
2026-06-01 05:49:00,0.0,272.2895420098988,0.2286,0.1286,181.5302,205.58333333333334
2026-06-01 05:49:30,0.0,230.48302109471544,0.2286,0.1286,186.2995,204.83333333333334
2026-06-01 05:50:00,0.0,172.20241369901552,0.2286,0.1286,191.0669,204.25
2026-06-01 05:50:30,0.0,186.21595320889304,0.2286,0.1286,195.8326,203.41666666666666
2026-06-01 05:51:00,0.0,253.56517720061993,0.2286,0.1286,200.5964,202.83333333333334
2026-06-01 05:51:30,0.0,182.49398533383214,0.2286,0.1286,205.3583,202.225
2026-06-01 05:52:00,0.0,278.39630131518203,0.2286,0.1286,210.1183,201.59166666666667
2026-06-01 05:52:30,0.0,276.43532452488995,0.2286,0.1286,214.8764,201.01666666666668
2026-06-01 05:53:00,0.0,218.2653088869959,0.2286,0.1286,219.6325,200.5
2026-06-01 05:53:30,0.0,289.11386626744536,0.2286,0.1286,224.3866,199.91666666666666
2026-06-01 05:54:00,0.0,268.58381829267944,0.2286,0.1286,229.1388,199.33333333333334
2026-06-01 05:54:30,0.0,286.7619178507323,0.2286,0.1286,233.8889,198.805555
2026-06-01 05:55:00,0.0,282.53309723030446,0.2286,0.1286,238.637,198.33333333333334
2026-06-01 05:55:30,23.0,200.47691275772868,0.2286,0.1286,243.383,197.91666666666666
2026-06-01 05:56:00,28.0,155.44076811202356,0.2286,0.1286,248.1269,197.40625
2026-06-01 05:56:30,30.0,291.14230704450256,0.2286,0.1286,252.8687,196.91319416666667
2026-06-01 05:57:00,31.0,186.37411498310092,0.2286,0.1286,257.6084,196.4375
2026-06-01 05:57:30,30.5,281.6582165745627,0.2286,0.1286,262.3459,195.97916666666666
2026-06-01 05:58:00,30.0,279.85562266104205,0.2286,0.1286,267.0812,195.4965275
2026-06-01 05:58:30,30.5,246.50748919031034,0.2286,0.1286,271.8143,194.98958333333334
2026-06-01 05:59:00,31.0,250.12694446079004,0.2286,0.1286,276.5451,194.45833333333334
2026-06-01 05:59:30,62.0,177.53218618590745,0.2286,0.1286,281.2737,193.9027775
2026-06-01 06:00:00,62.3333,174.34526005995517,0.2296,0.1296,286.0,193.41666666666666
2026-06-01 06:00:30,62.6667,285.46087781405356,0.2296,0.1296,290.7196,192.70833333333334
2026-06-01 06:01:00,63.0,239.67040944191734,0.2296,0.1296,295.4282,191.875
2026-06-01 06:01:30,89.0,151.33545356543297,0.2296,0.1296,300.1262,190.95075749999998
2026-06-01 06:02:00,89.5,291.93353278617906,0.2296,0.1296,304.8137,190.1022725
2026-06-01 06:02:30,90.0,199.72232631040058,0.2296,0.1296,309.491,189.204545
2026-06-01 06:03:00,89.0,259.54504238155727,0.2296,0.1296,314.1584,188.257575
2026-06-01 06:03:30,88.75,246.31791592991084,0.2296,0.1296,318.8162,187.34469583333333
2026-06-01 06:04:00,88.5,178.1279803920453,0.2296,0.1296,323.4644,186.46590833333332
2026-06-01 06:04:30,88.25,183.43607572753464,0.2296,0.1296,328.1035,185.49621166666665
2026-06-01 06:05:00,88.0,202.63346565545277,0.2296,0.1296,332.7337,184.6022725
2026-06-01 06:05:30,95.0,277.89703272704736,0.2296,0.1296,337.3552,183.61742416666667
2026-06-01 06:06:00,96.0,204.34031435808723,0.2296,0.1296,341.9683,182.70833333333334
2026-06-01 06:06:30,97.0,222.50451120614355,0.2296,0.1296,346.5732,181.70833333333334
2026-06-01 06:07:00,98.0,168.52707652432588,0.2296,0.1296,351.1702,180.79761916666666
2026-06-01 06:07:30,97.0,168.29759970790053,0.2296,0.1296,355.7595,179.90476249999998
2026-06-01 06:08:00,98.0,236.84820202372532,0.2296,0.1296,360.3414,179.02976249999998
2026-06-01 06:08:30,99.0,264.581134732407,0.2296,0.1296,364.9162,178.17261916666666
2026-06-01 06:09:00,98.0,291.27930958967977,0.2296,0.1296,369.484,177.33333333333334
2026-06-01 06:09:30,97.0,236.31045753090808,0.2296,0.1296,374.0452,176.51190499999998
2026-06-01 06:10:00,98.0,208.67225630189301,0.2296,0.1296,378.6,175.70833333333334
2026-06-01 06:10:30,97.0,291.29133806530075,0.2296,0.1296,383.1486,174.92261916666666
2026-06-01 06:11:00,95.0,221.78754944113632,0.2296,0.1296,387.6913,174.05952416666665
2026-06-01 06:11:30,94.5,260.06952262213105,0.2296,0.1296,392.2284,173.20879166666663
2026-06-01 06:12:00,94.0,150.50820213232606,0.2296,0.1296,396.7601,172.37042166666666
2026-06-01 06:12:30,157.0,238.72626130016818,0.2296,0.1296,401.2866,171.54441416666666
2026-06-01 06:13:00,156.0,251.20376376233017,0.2296,0.1296,405.8082,170.73076916666665
2026-06-01 06:13:30,157.0,215.98385074746804,0.2296,0.1296,410.3252,169.9294875
2026-06-01 06:14:00,154.0,160.67201713571882,0.2296,0.1296,414.8378,169.09294916666667
2026-06-01 06:14:30,155.0,241.67315496768134,0.2296,0.1296,419.3462,168.22115416666665
2026-06-01 06:15:00,171.5,181.60915778184935,0.2429,0.1429,423.8508,167.3766025
2026-06-01 06:15:30,188.0,206.1230779956254,0.2429,0.1429,428.3518,166.559295
2026-06-01 06:16:00,154.0,197.5871354891553,0.2429,0.1429,432.8493,165.76923083333335
2026-06-01 06:16:30,187.0,276.5866774837937,0.2429,0.1429,437.3437,165.00641
2026-06-01 06:17:00,156.0,257.0515473905182,0.2429,0.1429,441.8353,164.16666666666666
2026-06-01 06:17:30,153.0,245.5545887409111,0.2429,0.1429,446.3242,163.41666666666666
2026-06-01 06:18:00,157.0,157.06387224703218,0.2429,0.1429,450.8108,162.5
2026-06-01 06:18:30,156.0,257.7631628763151,0.2429,0.1429,455.2952,161.54166666666666
2026-06-01 06:19:00,155.0,298.45482992274685,0.2429,0.1429,459.7778,160.4722225
2026-06-01 06:19:30,191.0,259.03251322884006,0.2429,0.1429,464.2587,159.29166666666666
2026-06-01 06:20:00,187.0,284.934472845859,0.2429,0.1429,468.7383,158.0
2026-06-01 06:20:30,217.0,268.89532216315956,0.2429,0.1429,473.2167,157.2222225
2026-06-01 06:21:00,219.0,174.8373700132195,0.2429,0.1429,477.6943,156.47916666666666
2026-06-01 06:21:30,226.0,182.17796212768147,0.2429,0.1429,482.1713,155.77083333333334
2026-06-01 06:22:00,225.0,284.73555886052765,0.2429,0.1429,486.648,155.16666666666666
2026-06-01 06:22:30,239.5,174.65520276842724,0.2429,0.1429,491.1245,154.33333333333334
2026-06-01 06:23:00,254.0,286.7813955445016,0.2429,0.1429,495.6012,153.5
2026-06-01 06:23:30,252.0,244.0327970947828,0.2429,0.1429,500.0783,152.93055583333333
2026-06-01 06:24:00,255.0,203.99455760379539,0.2429,0.1429,504.556,152.625
2026-06-01 06:24:30,257.5,258.5279851473873,0.2429,0.1429,509.0346,152.58333333333334
2026-06-01 06:25:00,260.0,224.39001158937805,0.2429,0.1429,513.5144,152.5972225
2026-06-01 06:25:30,284.0,216.58128843093044,0.2429,0.1429,517.9956,152.66666666666666
2026-06-01 06:26:00,297.0,298.94689277535974,0.2429,0.1429,522.4784,152.66666666666666
2026-06-01 06:26:30,329.0,152.74049450673337,0.2429,0.1429,526.9632,152.625
2026-06-01 06:27:00,331.0,273.8919462237323,0.2429,0.1429,531.4501,152.375
2026-06-01 06:27:30,328.0,164.68222195406648,0.2429,0.1429,535.9394,152.31944416666667
2026-06-01 06:28:00,335.0,157.58075023240715,0.2429,0.1429,540.4314,152.125
2026-06-01 06:28:30,343.5,249.4501493600394,0.2429,0.1429,544.9264,152.125
2026-06-01 06:29:00,352.0,182.1464448188894,0.2429,0.1429,549.4245,151.98611083333333
2026-06-01 06:29:30,325.0,282.8588231988971,0.2429,0.1429,553.926,151.79924250000002
2026-06-01 06:30:00,391.0,180.59421338039778,0.2462,0.1462,558.4312,151.56439416666666
2026-06-01 06:30:30,360.0,221.04234157356152,0.2462,0.1462,562.9403,151.25378833333335
2026-06-01 06:31:00,377.5,226.08699709169008,0.2462,0.1462,567.4536,151.117425
2026-06-01 06:31:30,395.0,247.81855554266264,0.2462,0.1462,571.9713,150.82197083333332
2026-06-01 06:32:00,377.5,153.7147898799381,0.2462,0.1462,576.4937,150.617425
2026-06-01 06:32:30,360.0,160.43681261393954,0.2462,0.1462,581.0211,150.25378833333335
2026-06-01 06:33:00,387.0,192.90340197513822,0.2462,0.1462,585.5536,149.98106083333332
2026-06-01 06:33:30,325.0,256.976634124189,0.2462,0.1462,590.0916,149.79924250000002
2026-06-01 06:34:00,362.0,211.7750555619462,0.2462,0.1462,594.6353,149.875
2026-06-01 06:34:30,356.0,296.90412428618924,0.2462,0.1462,599.1849,149.70833333333334
2026-06-01 06:35:00,387.0,292.5708096282195,0.2462,0.1462,603.7407,149.29166666666666
2026-06-01 06:35:30,391.0,246.7034648453943,0.2462,0.1462,608.3029,149.08333333333334
2026-06-01 06:36:00,435.0,232.44906865233042,0.2462,0.1462,612.8719,148.75
2026-06-01 06:36:30,438.0,153.77200684723562,0.2462,0.1462,617.4478,148.45416666666668
2026-06-01 06:37:00,469.0,285.1471412657895,0.2462,0.1462,622.0309,148.19583333333333
2026-06-01 06:37:30,433.0,158.57393615594032,0.2462,0.1462,626.6214,147.975
2026-06-01 06:38:00,475.0,246.7980133677662,0.2462,0.1462,631.2197,147.79166666666666
2026-06-01 06:38:30,508.0,288.33333953971214,0.2462,0.1462,635.8259,147.45833333333334
2026-06-01 06:39:00,489.0,212.68136628833554,0.2462,0.1462,640.4404,147.625
2026-06-01 06:39:30,531.0,181.91988178243858,0.2462,0.1462,645.0633,147.68055583333336
2026-06-01 06:40:00,542.8,153.9309320933245,0.2462,0.1462,649.6949,147.625
2026-06-01 06:40:30,554.6,216.96611862844583,0.2462,0.1462,654.3355,147.375
2026-06-01 06:41:00,566.4,191.74476179189833,0.2462,0.1462,658.9853,146.79166666666666
2026-06-01 06:41:30,578.2,246.05070926864514,0.2462,0.1462,663.6446,146.26388916666664
2026-06-01 06:42:00,590.0,170.77946650933328,0.2462,0.1462,668.3136,145.79166666666666
2026-06-01 06:42:30,580.0,239.8203558530495,0.2462,0.1462,672.9926,145.30555583333336
2026-06-01 06:43:00,587.0,282.10188454833826,0.2462,0.1462,677.6818,144.80555583333333
2026-06-01 06:43:30,595.0,276.26215945262766,0.2462,0.1462,682.3815,144.29166666666666
2026-06-01 06:44:00,594.0,263.5625823348513,0.2462,0.1462,687.0919,143.76388916666667
2026-06-01 06:44:30,583.0,170.10916958821372,0.2462,0.1462,691.8133,143.5
2026-06-01 06:45:00,588.0,298.0215142879348,0.2494,0.1493,696.5459,143.20833333333334
2026-06-01 06:45:30,518.0,280.14090014332436,0.2494,0.1493,701.2901,142.79166666666666
2026-06-01 06:46:00,498.0,155.58433312067265,0.2494,0.1493,706.0459,142.47222250000002
2026-06-01 06:46:30,478.0,279.832612462538,0.2494,0.1493,710.8138,142.125
2026-06-01 06:47:00,439.0,154.7790010092377,0.2494,0.1493,715.5939,141.75
2026-06-01 06:47:30,444.5,192.28122519651657,0.2494,0.1493,720.3865,141.34722250000002
2026-06-01 06:48:00,450.0,194.76837225729534,0.2494,0.1493,725.1918,140.91666666666666
2026-06-01 06:48:30,453.0,296.0639476782909,0.2494,0.1493,730.0102,140.41666666666666
2026-06-01 06:49:00,421.0,239.43970226750656,0.2494,0.1493,734.8418,139.85
2026-06-01 06:49:30,457.0,215.71913446080984,0.2494,0.1493,739.6869,139.38333333333333
2026-06-01 06:50:00,462.0,264.53054645540476,0.2494,0.1493,744.5458,138.85
2026-06-01 06:50:30,467.0,234.41053594473976,0.2494,0.1493,749.4186,138.5
2026-06-01 06:51:00,468.0,164.33957301349415,0.2494,0.1493,754.3058,138.0
2026-06-01 06:51:30,461.0,264.0832433801288,0.2494,0.1493,759.2074,137.56666666666666
2026-06-01 06:52:00,504.0,242.61693998220215,0.2494,0.1493,764.1238,137.08888916666666
2026-06-01 06:52:30,529.0,154.3848472961699,0.2494,0.1493,769.0553,136.56666666666666
2026-06-01 06:53:00,531.0,252.03147592657587,0.2494,0.1493,774.0019,136.0
2026-06-01 06:53:30,503.0,214.5157075594468,0.2494,0.1493,778.9642,135.5
2026-06-01 06:54:00,508.0,273.13970812362686,0.2494,0.1493,783.9421,135.5
2026-06-01 06:54:30,535.0,273.5926480384107,0.2494,0.1493,788.9362,135.43055583333333
2026-06-01 06:55:00,571.0,175.17822580984466,0.2494,0.1493,793.9464,135.29166666666666
2026-06-01 06:55:30,588.0,164.7392870134651,0.2494,0.1493,798.9733,135.16666666666666
2026-06-01 06:56:00,605.0,267.4767427042725,0.2494,0.1493,804.0169,135.09375
2026-06-01 06:56:30,616.0,173.55695240546385,0.2494,0.1493,809.0775,135.07291666666666
2026-06-01 06:57:00,600.0,219.1686367113703,0.2494,0.1493,814.1554,135.10416666666666
2026-06-01 06:57:30,610.0,267.25687592222164,0.2494,0.1493,819.2509,135.22916666666666
2026-06-01 06:58:00,613.0,161.41395442243842,0.2494,0.1493,824.3641,135.40625
2026-06-01 06:58:30,617.0,244.53926568573547,0.2494,0.1493,829.4954,135.63541666666666
2026-06-01 06:59:00,643.5,219.47005325946884,0.2494,0.1493,834.645,135.83333333333334
2026-06-01 06:59:30,670.0,227.41330664677767,0.2494,0.1493,839.8131,136.0
2026-06-01 07:00:00,638.0,177.21485876873328,0.2494,0.1493,845.0,136.0
2026-06-01 07:00:30,681.0,159.73128925071867,0.2494,0.1493,850.2042,136.25
2026-06-01 07:01:00,682.0,298.32540112987,0.2494,0.1493,855.4238,136.75
2026-06-01 07:01:30,713.0,220.76644813265165,0.2494,0.1493,860.6589,137.08333333333334
2026-06-01 07:02:00,710.0,265.4671947756146,0.2494,0.1493,865.9092,137.5
2026-06-01 07:02:30,648.0,241.22028332713256,0.2494,0.1493,871.1747,137.79166666666666
2026-06-01 07:03:00,705.0,246.59266162092206,0.2494,0.1493,876.4552,137.95833333333334
2026-06-01 07:03:30,684.0,240.98408737764453,0.2494,0.1493,881.7507,138.41666666666666
2026-06-01 07:04:00,715.0,237.05130302028334,0.2494,0.1493,887.0611,138.75
2026-06-01 07:04:30,752.0,182.53292190552204,0.2494,0.1493,892.3861,139.25
2026-06-01 07:05:00,721.0,292.2895792947546,0.2494,0.1493,897.7258,139.58333333333334
2026-06-01 07:05:30,752.5,267.0733335788321,0.2494,0.1493,903.0801,147.58333333333334
2026-06-01 07:06:00,784.0,218.67836778789837,0.2494,0.1493,908.4487,163.08333333333334
2026-06-01 07:06:30,778.0,274.4122920446015,0.2494,0.1493,913.8317,165.88333333333333
2026-06-01 07:07:00,799.0,249.80142909182842,0.2494,0.1493,919.2288,165.5690475
2026-06-01 07:07:30,791.0,229.9410315233676,0.2494,0.1493,924.6401,166.0571425
2026-06-01 07:08:00,818.0,213.25686147980136,0.2494,0.1493,930.0653,164.9559516666667
2026-06-01 07:08:30,785.0,209.70651297433474,0.2494,0.1493,935.5044,166.1821425
2026-06-01 07:09:00,789.0,175.7020371248793,0.2494,0.1493,940.9573,166.48571416666667
2026-06-01 07:09:30,785.0,156.33426200370533,0.2494,0.1493,946.4238,168.95
2026-06-01 07:10:00,791.0,298.52945013233267,0.2494,0.1493,951.904,169.325
2026-06-01 07:10:30,763.0,273.27052569149845,0.2494,0.1493,957.3975,169.5690475
2026-06-01 07:11:00,762.5,247.32609223810624,0.2494,0.1493,962.9044,169.6821425
2026-06-01 07:11:30,762.0,219.01233417761816,0.2494,0.1493,968.4246,170.039285
2026-06-01 07:12:00,779.0,248.94693104657085,0.2494,0.1493,973.9579,170.3071425
2026-06-01 07:12:30,765.0,221.3285430290785,0.2494,0.1493,979.5042,170.65238083333332
2026-06-01 07:13:00,795.0,173.406413885468,0.2494,0.1493,985.0634,171.15833333333333
2026-06-01 07:13:30,752.0,191.9339335316605,0.2494,0.1493,990.6354,171.24166666666667
2026-06-01 07:14:00,747.0,215.68825430719988,0.2494,0.1493,996.2201,171.40833333333333
2026-06-01 07:14:30,823.0,280.7113285263381,0.2494,0.1493,1001.8174,171.65833333333333
2026-06-01 07:15:00,855.0,223.58367592362305,0.2494,0.1493,1007.4273,170.55416666666667
2026-06-01 07:15:30,865.0,177.5299501713222,0.2494,0.1493,1013.0495,170.92916666666667
2026-06-01 07:16:00,864.0,292.43472176174987,0.2494,0.1493,1018.6839,171.25555583333332
2026-06-01 07:16:30,889.0,242.2514309715026,0.2494,0.1493,1024.3306,171.53333333333333
2026-06-01 07:17:00,904.0,264.51619203033056,0.2494,0.1493,1029.9892,171.86666666666667
2026-06-01 07:17:30,970.0,172.32900275387254,0.2494,0.1493,1035.6599,172.03333333333333
2026-06-01 07:18:00,999.0,163.64695590089804,0.2494,0.1493,1041.3424,172.36666666666667
2026-06-01 07:18:30,994.0,196.09171800222887,0.2494,0.1493,1047.0366,172.28333333333333
2026-06-01 07:19:00,981.0,296.3228277993777,0.2494,0.1493,1052.7425,172.35277750000003
2026-06-01 07:19:30,1016.0,246.55082242429324,0.2494,0.1493,1058.4599,172.24166666666667
2026-06-01 07:20:00,1015.0,210.21787838042388,0.2494,0.1493,1064.1887,172.36666666666667
2026-06-01 07:20:30,971.0,196.99730124685516,0.2494,0.1493,1069.9288,172.31111083333334
2026-06-01 07:21:00,1008.0,199.28193473270267,0.2494,0.1493,1075.6801,172.49166666666667
2026-06-01 07:21:30,1018.0,184.58945631887863,0.2494,0.1493,1081.4425,172.74166666666667
2026-06-01 07:22:00,1014.0,190.06826061275223,0.2494,0.1493,1087.2159,172.49166666666667
2026-06-01 07:22:30,1032.0,275.2371378770265,0.2494,0.1493,1093.0002,172.74166666666667
2026-06-01 07:23:00,1050.0,187.80874521099926,0.2494,0.1493,1098.7952,172.65833333333333
2026-06-01 07:23:30,1038.0,157.55116341400833,0.2494,0.1493,1104.601,172.7694441666667
2026-06-01 07:24:00,1043.0,189.54197469698983,0.2494,0.1493,1110.4172,172.65833333333333
2026-06-01 07:24:30,1012.0,201.9130659254144,0.2494,0.1493,1116.244,172.61666666666667
2026-06-01 07:25:00,961.0,239.2880025738255,0.2494,0.1493,1122.0811,171.97777750000003
2026-06-01 07:25:30,959.0,274.2022263244918,0.2494,0.1493,1127.9284,171.825
2026-06-01 07:26:00,988.0,230.15993699831478,0.2494,0.1493,1133.7858,171.575
2026-06-01 07:26:30,977.0,257.803348496544,0.2494,0.1493,1139.6533,171.11666666666667
2026-06-01 07:27:00,937.0,265.4481583196591,0.2494,0.1493,1145.5307,174.825
2026-06-01 07:27:30,910.5,243.98249905244012,0.2494,0.1493,1151.4179,174.65
2026-06-01 07:28:00,884.0,180.79065740110195,0.2494,0.1493,1157.3148,174.48333333333332
2026-06-01 07:28:30,869.0,262.95120518032337,0.2494,0.1493,1163.2213,174.48333333333332
2026-06-01 07:29:00,858.0,275.649683521545,0.2494,0.1493,1169.1373,174.87222250000002
2026-06-01 07:29:30,868.0,247.4632946899231,0.2494,0.1493,1175.0627,175.23333333333332
2026-06-01 07:30:00,871.0,1741.9859974814324,0.24,0.14,1180.9974,175.56666666666666
2026-06-01 07:30:30,823.0,1750.5429228244536,0.24,0.14,1186.9412,175.65
2026-06-01 07:31:00,851.0,1721.8018484384345,0.24,0.14,1192.8941,175.48333333333332
2026-06-01 07:31:30,877.0,1731.1554201100203,0.24,0.14,1198.8559,175.4
2026-06-01 07:32:00,865.0,1673.976271750809,0.24,0.14,1204.8266,175.65
2026-06-01 07:32:30,836.0,1673.2266811837935,0.24,0.14,1210.806,175.98333333333332
2026-06-01 07:33:00,767.0,1760.4471226343583,0.24,0.14,1216.7941,176.15
2026-06-01 07:33:30,777.0,1653.724040041106,0.24,0.14,1222.7906,176.15
2026-06-01 07:34:00,858.0,1718.4384220929442,0.24,0.14,1228.7956,175.94166666666666
2026-06-01 07:34:30,875.0,1725.2091598078273,0.24,0.14,1234.809,176.025
2026-06-01 07:35:00,904.0,1748.6026941607142,0.24,0.14,1240.8305,176.35833333333332
2026-06-01 07:35:30,932.0,1787.8411105255861,0.24,0.14,1246.8601,176.19166666666666
2026-06-01 07:36:00,922.0,1730.4899861789033,0.24,0.14,1252.8977,176.44166666666666
2026-06-01 07:36:30,924.0,1735.2742303263467,0.24,0.14,1258.9432,176.5875
2026-06-01 07:37:00,935.0,1704.0902729425184,0.24,0.14,1264.9964,176.4625
2026-06-01 07:37:30,950.0,1790.2896158709207,0.24,0.14,1271.0574,176.48333333333332
2026-06-01 07:38:00,923.0,1791.4789438827388,0.24,0.14,1277.1259,176.56666666666666
2026-06-01 07:38:30,957.0,1685.5571659205018,0.24,0.14,1283.2018,176.9
2026-06-01 07:39:00,946.0,1793.2592569245635,0.24,0.14,1289.2851,176.73333333333332
2026-06-01 07:39:30,909.0,1704.5741778596241,0.24,0.14,1295.3756,176.48333333333332
2026-06-01 07:40:00,865.0,1737.2379887696754,0.24,0.14,1301.4733,176.4
2026-06-01 07:40:30,878.0,1752.5688826985706,0.24,0.14,1307.578,176.73333333333332
2026-06-01 07:41:00,854.0,1742.7364190989233,0.24,0.14,1313.6896,177.06666666666666
2026-06-01 07:41:30,925.0,1774.695504912499,0.24,0.14,1319.808,177.01111083333336
2026-06-01 07:42:00,926.0,1788.0406309751856,0.24,0.14,1325.9332,176.9
2026-06-01 07:42:30,888.0,1733.4704532198425,0.24,0.14,1332.0649,177.15
2026-06-01 07:43:00,913.0,1763.9950085037556,0.24,0.14,1338.2031,184.48611083333336
2026-06-01 07:43:30,938.0,1709.6915935230027,0.24,0.14,1344.3477,200.625
2026-06-01 07:44:00,893.0,1670.3596067273998,0.24,0.14,1350.4986,216.375
2026-06-01 07:44:30,871.0,1695.0938267210404,0.24,0.14,1356.6557,216.29166666666666
2026-06-01 07:45:00,829.0,1695.6356189296016,0.2329,0.1329,1362.8188,216.58333333333334
2026-06-01 07:45:30,857.0,1685.5500495831495,0.2329,0.1329,1368.9878,215.5
2026-06-01 07:46:00,804.0,1794.3537830957107,0.2329,0.1329,1375.1628,215.66666666666666
2026-06-01 07:46:30,770.0,1711.5494488346,0.2329,0.1329,1381.3434,215.70833333333334
2026-06-01 07:47:00,752.0,1671.0898255643608,0.2329,0.1329,1387.5297,215.83333333333334
2026-06-01 07:47:30,765.5,1769.060556889006,0.2329,0.1329,1393.7215,216.04166666666666
2026-06-01 07:48:00,779.0,1723.899588981179,0.2329,0.1329,1399.9188,216.04166666666666
2026-06-01 07:48:30,757.0,1737.460307114061,0.2329,0.1329,1406.1213,216.54166666666666
2026-06-01 07:49:00,783.0,1781.9701482086548,0.2329,0.1329,1412.3291,215.60833333333332
2026-06-01 07:49:30,790.0,1695.5572319772484,0.2329,0.1329,1418.5419,215.65833333333333
2026-06-01 07:50:00,788.0,1782.1783714669627,0.2329,0.1329,1424.7598,215.85833333333332
2026-06-01 07:50:30,822.0,1689.6867133618618,0.2329,0.1329,1430.9825,215.99166666666667
2026-06-01 07:51:00,856.0,1677.095052820063,0.2329,0.1329,1437.21,216.05833333333334
2026-06-01 07:51:30,897.0,1786.2612180768162,0.2329,0.1329,1443.4422,215.99166666666667
2026-06-01 07:52:00,955.0,1731.084033786267,0.2329,0.1329,1449.6789,215.9027775
2026-06-01 07:52:30,1025.0,1686.6993010225162,0.2329,0.1329,1455.9201,215.79166666666666
2026-06-01 07:53:00,1020.0,1770.0384837885856,0.2329,0.1329,1462.1657,215.68055583333333
2026-06-01 07:53:30,1019.0,1686.065994873464,0.2329,0.1329,1468.4155,215.45833333333334
2026-06-01 07:54:00,1004.5,1672.5119437138878,0.2329,0.1329,1474.6694,214.79166666666666
2026-06-01 07:54:30,990.0,1758.7877524752346,0.2329,0.1329,1480.9273,214.5
2026-06-01 07:55:00,986.0,1655.8380920910206,0.2329,0.1329,1487.1892,214.33333333333334
2026-06-01 07:55:30,982.0,1771.460204957399,0.2329,0.1329,1493.4549,213.95833333333334
2026-06-01 07:56:00,925.0,1729.1614324240907,0.2329,0.1329,1499.7243,213.625
2026-06-01 07:56:30,934.0,1794.8967187899393,0.2329,0.1329,1505.9973,213.0
2026-06-01 07:57:00,918.0,1685.4008381143233,0.2329,0.1329,1512.2738,212.5
2026-06-01 07:57:30,896.0,1651.902076632695,0.2329,0.1329,1518.5536,211.75
2026-06-01 07:58:00,911.0,1758.6438278471169,0.2329,0.1329,1524.8368,211.0
2026-06-01 07:58:30,919.3333,1684.5162712849392,0.2329,0.1329,1531.1231,210.25
2026-06-01 07:59:00,927.6667,1798.1728082576365,0.2329,0.1329,1537.4125,209.79166666666666
2026-06-01 07:59:30,936.0,1722.897105206961,0.2329,0.1329,1543.7048,209.125
2026-06-01 08:00:00,963.5,1680.239115030734,0.236,0.136,1550.0,208.29166666666666
2026-06-01 08:00:30,991.0,1657.7694299601974,0.236,0.136,1556.3081,207.66666666666666
2026-06-01 08:01:00,1025.0,1785.6228500711106,0.236,0.136,1562.6388,206.91666666666666
2026-06-01 08:01:30,1006.0,1731.0167723603556,0.236,0.136,1568.9919,206.33333333333334
2026-06-01 08:02:00,1020.0,1757.0257324517859,0.236,0.136,1575.3669,205.66666666666666
2026-06-01 08:02:30,1034.0,1788.7078134529606,0.236,0.136,1581.7635,205.25
2026-06-01 08:03:00,973.0,1675.924088142632,0.236,0.136,1588.1813,204.91666666666666
2026-06-01 08:03:30,967.5,1737.4442252531055,0.236,0.136,1594.62,204.16666666666666
2026-06-01 08:04:00,962.0,1657.0468366605692,0.236,0.136,1601.0791,203.08333333333334
2026-06-01 08:04:30,911.0,1676.0220047419411,0.236,0.136,1607.5583,202.33333333333334
2026-06-01 08:05:00,895.0,1787.0229394759606,0.236,0.136,1614.0572,201.91666666666666
2026-06-01 08:05:30,901.0,1664.7561343816271,0.236,0.136,1620.5754,194.16666666666666
2026-06-01 08:06:00,893.0,1703.7005172805618,0.236,0.136,1627.1126,178.25
2026-06-01 08:06:30,923.0,1752.2425182960658,0.236,0.136,1633.6684,175.45
2026-06-01 08:07:00,917.0,1781.2464599773946,0.236,0.136,1640.2423,179.63333333333333
2026-06-01 08:07:30,974.0,1720.2798813032523,0.236,0.136,1646.8342,179.46666666666667
2026-06-01 08:08:00,964.0,1796.1494716491384,0.236,0.136,1653.4435,181.05
2026-06-01 08:08:30,921.0,1770.5805327439903,0.236,0.136,1660.0698,180.175
2026-06-01 08:09:00,917.0,1796.0988563004319,0.236,0.136,1666.7129,180.09166666666667
2026-06-01 08:09:30,928.0,1685.7688110525914,0.236,0.136,1673.3724,178.09166666666667
2026-06-01 08:10:00,939.0,1729.7637911313668,0.236,0.136,1680.0478,178.13333333333333
2026-06-01 08:10:30,974.0,1786.2923989955602,0.236,0.136,1686.7388,178.25833333333333
2026-06-01 08:11:00,1006.0,1744.1528890442216,0.236,0.136,1693.445,178.38333333333333
2026-06-01 08:11:30,1041.0,1767.2562070468161,0.236,0.136,1700.166,178.13333333333333
2026-06-01 08:12:00,1040.5,1735.5539148378539,0.236,0.136,1706.9016,178.13333333333333
2026-06-01 08:12:30,1040.0,1721.4769320925118,0.236,0.136,1713.6512,177.96666666666667
2026-06-01 08:13:00,1073.0,1677.5532273635495,0.236,0.136,1720.4146,177.96666666666667
2026-06-01 08:13:30,1149.0,1747.0135310866604,0.236,0.136,1727.1913,178.05
2026-06-01 08:14:00,1149.5,1688.9732318403485,0.236,0.136,1733.9809,178.59166666666667
2026-06-01 08:14:30,1150.0,1669.4223685384006,0.236,0.136,1740.7832,179.00833333333333
2026-06-01 08:15:00,1207.0,1703.1104152739156,0.2301,0.1301,1747.5977,180.675
2026-06-01 08:15:30,1205.0,1708.3766298224123,0.2301,0.1301,1754.4241,180.88333333333333
2026-06-01 08:16:00,1221.0,1717.841841890146,0.2301,0.1301,1761.2619,181.16111083333334
2026-06-01 08:16:30,1207.0,1756.7099783094832,0.2301,0.1301,1768.1109,181.13333333333333
2026-06-01 08:17:00,1268.0,1750.3748610240668,0.2301,0.1301,1774.9706,181.21666666666667
2026-06-01 08:17:30,1303.5,1654.9469895909895,0.2301,0.1301,1781.8406,181.46666666666667
2026-06-01 08:18:00,1339.0,1713.3264347397167,0.2301,0.1301,1788.7206,181.71666666666667
2026-06-01 08:18:30,1411.0,1761.6775519081818,0.2301,0.1301,1795.6102,182.25833333333333
2026-06-01 08:19:00,1409.0,1704.3282164354823,0.2301,0.1301,1802.5091,182.59166666666667
2026-06-01 08:19:30,1374.0,1723.9818285731726,0.2301,0.1301,1809.4168,183.34166666666667
2026-06-01 08:20:00,1373.0,1700.5541313285953,0.2301,0.1301,1816.333,183.8
2026-06-01 08:20:30,1368.0,1774.9221897861344,0.2301,0.1301,1823.2573,184.38333333333333
2026-06-01 08:21:00,1429.0,1757.6752841102252,0.2301,0.1301,1830.1894,184.88333333333333
2026-06-01 08:21:30,1402.0,1747.732608723996,0.2301,0.1301,1837.1288,185.21666666666667
2026-06-01 08:22:00,1481.0,1729.3448195641217,0.2301,0.1301,1844.0752,186.13333333333333
2026-06-01 08:22:30,1516.0,1728.6053344645748,0.2301,0.1301,1851.0283,186.71666666666667
2026-06-01 08:23:00,1586.0,1678.2460571329414,0.2301,0.1301,1857.9875,187.38333333333333
2026-06-01 08:23:30,1531.0,1783.0497598376428,0.2301,0.1301,1864.9527,188.00833333333333
2026-06-01 08:24:00,1547.0,1790.1106308156775,0.2301,0.1301,1871.9233,188.75833333333333
2026-06-01 08:24:30,1558.0,1749.188262490839,0.2301,0.1301,1878.8991,189.50833333333333
2026-06-01 08:25:00,1628.0,1792.5664539512522,0.2301,0.1301,1885.8796,190.925
2026-06-01 08:25:30,1678.0,1798.9709974958957,0.2301,0.1301,1892.8644,191.71666666666667
2026-06-01 08:26:00,1679.0,1738.8876264139813,0.2301,0.1301,1899.8533,192.46666666666667
2026-06-01 08:26:30,1681.0,1751.525003425235,0.2301,0.1301,1906.8458,193.8
2026-06-01 08:27:00,1789.0,1671.0082967499518,0.2301,0.1301,1913.8415,190.34166666666667
2026-06-01 08:27:30,1790.0,1771.079646118756,0.2301,0.1301,1920.8402,190.76666666666668
2026-06-01 08:28:00,1822.0,1708.8225486122324,0.2301,0.1301,1927.8413,190.85
2026-06-01 08:28:30,1854.0,1681.292684392136,0.2301,0.1301,1934.8445,190.76666666666668
2026-06-01 08:29:00,1886.0,1721.3625930424873,0.2301,0.1301,1941.8495,190.51666666666668
2026-06-01 08:29:30,1918.0,1689.986975908864,0.2301,0.1301,1948.8559,190.51666666666668
2026-06-01 08:30:00,1909.0,1710.6903329355002,0.2187,0.1187,1955.8633,190.43333333333334
2026-06-01 08:30:30,1846.0,1655.6109681287,0.2187,0.1187,1962.8713,191.01666666666668
2026-06-01 08:31:00,1956.0,263.89161886211593,0.2187,0.1187,1969.8796,191.51666666666668
2026-06-01 08:31:30,1976.0,182.06087864120678,0.2187,0.1187,1976.8878,191.85
2026-06-01 08:32:00,1965.0,228.71119470620908,0.2187,0.1187,1983.8954,192.01666666666668
2026-06-01 08:32:30,2001.0,208.5753646568595,0.2187,0.1187,1990.9022,192.01666666666668
2026-06-01 08:33:00,1987.0,162.81887549753318,0.2187,0.1187,1997.9078,192.14166666666668
2026-06-01 08:33:30,1988.0,184.15579180705774,0.2187,0.1187,2004.9118,192.39166666666668
2026-06-01 08:34:00,1987.0,199.80970072408348,0.2187,0.1187,2011.9137,192.43333333333334
2026-06-01 08:34:30,2052.0,287.31351731076495,0.2187,0.1187,2018.9133,192.51666666666668
2026-06-01 08:35:00,2062.0,160.76986823936818,0.2187,0.1187,2025.9102,192.43333333333334
2026-06-01 08:35:30,2110.0,279.1940732520537,0.2187,0.1187,2032.904,192.6
2026-06-01 08:36:00,2013.0,176.10058022001542,0.2187,0.1187,2039.8942,192.68333333333334
2026-06-01 08:36:30,2070.0,296.93078802745333,0.2187,0.1187,2046.8807,193.01666666666668
2026-06-01 08:37:00,2104.0,156.60227501559206,0.2187,0.1187,2053.8629,193.55833333333334
2026-06-01 08:37:30,2041.0,233.84037331179076,0.2187,0.1187,2060.8404,193.89166666666668
2026-06-01 08:38:00,2107.0,185.75241411657123,0.2187,0.1187,2067.8131,194.05833333333334
2026-06-01 08:38:30,2083.0,183.30878969554544,0.2187,0.1187,2074.7803,194.475
2026-06-01 08:39:00,2145.0,202.7709332210662,0.2187,0.1187,2081.7418,194.725
2026-06-01 08:39:30,2187.0,173.73789621919397,0.2187,0.1187,2088.6973,195.16944416666666
2026-06-01 08:40:00,2084.0,274.5720838318325,0.2187,0.1187,2095.6462,195.55833333333334
2026-06-01 08:40:30,1877.0,241.41493572730508,0.2187,0.1187,2102.5883,195.725
2026-06-01 08:41:00,1951.0,285.93559561060795,0.2187,0.1187,2109.5232,195.55833333333334
2026-06-01 08:41:30,2140.0,166.1307591469186,0.2187,0.1187,2116.4505,195.725
2026-06-01 08:42:00,2235.0,184.65481659101738,0.2187,0.1187,2123.3698,196.225
2026-06-01 08:42:30,2227.0,232.8582882312046,0.2187,0.1187,2130.2807,196.30833333333334
2026-06-01 08:43:00,2222.0,283.6762306070815,0.2187,0.1187,2137.183,189.25
2026-06-01 08:43:30,2223.0,152.22421331482843,0.2187,0.1187,2144.0761,173.5
2026-06-01 08:44:00,2224.0,158.37948835913684,0.2187,0.1187,2150.9598,158.33333333333334
2026-06-01 08:44:30,2067.0,227.79740564857244,0.2187,0.1187,2157.8336,158.66666666666666
2026-06-01 08:45:00,1910.0,151.6775826005771,0.22,0.12,2164.6972,158.58333333333334
2026-06-01 08:45:30,1915.0,222.47730448477412,0.22,0.12,2171.5503,160.0
2026-06-01 08:46:00,1950.0,274.7772280843286,0.22,0.12,2178.3923,159.66666666666666
2026-06-01 08:46:30,2021.0,268.6607398595832,0.22,0.12,2185.2231,159.58333333333334
2026-06-01 08:47:00,1966.0,232.20528908484354,0.22,0.12,2192.0421,159.54166666666666
2026-06-01 08:47:30,2018.0,181.36550573523112,0.22,0.12,2198.849,159.375
2026-06-01 08:48:00,2192.0,190.999010440883,0.22,0.12,2205.6435,160.875
2026-06-01 08:48:30,2154.0,150.60967597370288,0.22,0.12,2212.4251,160.70833333333334
2026-06-01 08:49:00,2164.0,244.2804219147388,0.22,0.12,2219.1935,160.70833333333334
2026-06-01 08:49:30,2189.0,215.480419441982,0.22,0.12,2225.9484,160.875
2026-06-01 08:50:00,2124.0,291.78449568498206,0.22,0.12,2232.6892,161.20833333333334
2026-06-01 08:50:30,2134.0,181.35896646330622,0.22,0.12,2239.4158,161.25833333333333
2026-06-01 08:51:00,2119.0,189.81972996363245,0.22,0.12,2246.1277,161.44166666666666
2026-06-01 08:51:30,2193.0,167.29447383479186,0.22,0.12,2252.8244,161.59166666666667
2026-06-01 08:52:00,2236.0,153.28817302691712,0.22,0.12,2259.5057,161.875
2026-06-01 08:52:30,2237.0,236.4309496973773,0.22,0.12,2266.1712,162.29166666666666
2026-06-01 08:53:00,2314.0,255.21821819740092,0.22,0.12,2272.8205,162.9027775
2026-06-01 08:53:30,2201.0,273.12405693668023,0.22,0.12,2279.4532,163.20833333333334
2026-06-01 08:54:00,2168.0,276.50852228289256,0.22,0.12,2286.069,163.625
2026-06-01 08:54:30,2164.0,174.56370479204992,0.22,0.12,2292.6674,163.83333333333334
2026-06-01 08:55:00,2310.0,276.8188146408728,0.22,0.12,2299.2482,164.08333333333334
2026-06-01 08:55:30,2378.0,248.61047990458582,0.22,0.12,2305.8109,163.91666666666666
2026-06-01 08:56:00,2376.0,222.93192887086937,0.22,0.12,2312.3551,164.08333333333334
2026-06-01 08:56:30,2332.0,224.49410644767664,0.22,0.12,2318.8805,164.25
2026-06-01 08:57:00,2339.0,291.8447029637206,0.22,0.12,2325.3867,164.33333333333334
2026-06-01 08:57:30,2246.0,181.24557638455937,0.22,0.12,2331.8734,164.41666666666666
2026-06-01 08:58:00,2198.0,267.8660443076446,0.22,0.12,2338.3401,164.54166666666666
2026-06-01 08:58:30,2139.0,211.9506236979175,0.22,0.12,2344.7865,164.68055583333333
2026-06-01 08:59:00,2179.0,212.38690574758698,0.22,0.12,2351.2122,164.625
2026-06-01 08:59:30,2321.0,247.88634395775273,0.22,0.12,2357.6168,164.875
2026-06-01 09:00:00,2300.5,193.74199418150388,0.2228,0.1228,2364.0,165.125
2026-06-01 09:00:30,2280.0,170.83411505745096,0.2228,0.1228,2370.3887,164.125
2026-06-01 09:01:00,2253.0,156.4619211221548,0.2228,0.1228,2376.8094,163.20833333333334
2026-06-01 09:01:30,2230.0,200.31375284685387,0.2228,0.1228,2383.2612,162.45625
2026-06-01 09:02:00,2198.0,151.07424001450792,0.2228,0.1228,2389.743,162.175
2026-06-01 09:02:30,2211.0,183.50605817513306,0.2228,0.1228,2396.2539,162.25208333333333
2026-06-01 09:03:00,2244.0,203.73236444795631,0.2228,0.1228,2402.793,162.49375
2026-06-01 09:03:30,2293.0,295.5078455821156,0.2228,0.1228,2409.3591,163.09166666666667
2026-06-01 09:04:00,2326.0,257.0069356571126,0.2228,0.1228,2415.9515,163.56666666666666
2026-06-01 09:04:30,2321.0,170.86313981496494,0.2228,0.1228,2422.569,164.48611083333333
2026-06-01 09:05:00,2291.0,211.0793710096114,0.2228,0.1228,2429.2107,164.68333333333334
2026-06-01 09:05:30,2190.0,162.38751187842902,0.2228,0.1228,2435.8757,164.525
2026-06-01 09:06:00,2176.0,206.45857518093473,0.2228,0.1228,2442.5629,165.16666666666666
2026-06-01 09:06:30,2186.0,224.62335822497667,0.2228,0.1228,2449.2714,165.4
2026-06-01 09:07:00,2213.0,288.33264776395396,0.2228,0.1228,2456.0002,161.68333333333334
2026-06-01 09:07:30,2154.0,159.84269116650168,0.2228,0.1228,2462.7484,161.45
2026-06-01 09:08:00,2016.0,234.01824512505746,0.2228,0.1228,2469.5148,161.025
2026-06-01 09:08:30,2070.0,155.21609557511854,0.2228,0.1228,2476.2987,160.64166666666668
2026-06-01 09:09:00,2214.0,284.9865787683484,0.2228,0.1228,2483.0989,160.34166666666667
2026-06-01 09:09:30,2247.0,166.02076649448435,0.2228,0.1228,2489.9146,160.18333333333334
2026-06-01 09:10:00,2389.0,162.85660577307513,0.2228,0.1228,2496.7447,160.1
2026-06-01 09:10:30,2527.0,201.2658573251197,0.2228,0.1228,2503.5883,159.725
2026-06-01 09:11:00,2556.0,225.11661776730392,0.2228,0.1228,2510.4443,159.53333333333333
2026-06-01 09:11:30,2380.0,281.031284957589,0.2228,0.1228,2517.3119,159.60833333333332
2026-06-01 09:12:00,2588.0,293.7553693803766,0.2228,0.1228,2524.19,159.42083333333332
2026-06-01 09:12:30,2482.0,229.6622072843731,0.2228,0.1228,2531.0777,159.47083333333333
2026-06-01 09:13:00,2549.0,216.1550917163126,0.2228,0.1228,2537.974,159.12916666666666
2026-06-01 09:13:30,2278.0,202.2242051802411,0.2228,0.1228,2544.8778,159.3125
2026-06-01 09:14:00,2325.0,224.95521686942618,0.2228,0.1228,2551.7883,159.375
2026-06-01 09:14:30,2392.0,188.68624522812124,0.2228,0.1228,2558.7045,159.50625
2026-06-01 09:15:00,2285.0,271.56001572499076,0.2187,0.1171,2565.6253,159.70625
2026-06-01 09:15:30,2370.0,277.21705173820214,0.2187,0.1171,2572.5498,159.77291666666667
2026-06-01 09:16:00,2455.0,294.251275566284,0.2187,0.1171,2579.477,159.61875
2026-06-01 09:16:30,2722.0,216.48081854787216,0.2187,0.1171,2586.406,159.74375
2026-06-01 09:17:00,2618.0,261.16303592132425,0.2187,0.1171,2593.3358,159.76041666666666
2026-06-01 09:17:30,2606.0,298.7598956896369,0.2187,0.1171,2600.2653,159.87708333333333
2026-06-01 09:18:00,2768.0,299.8833665611984,0.2187,0.1171,2607.1937,158.21041666666667
2026-06-01 09:18:30,2563.0,222.5450980575476,0.2187,0.1171,2614.1199,157.83541666666667
2026-06-01 09:19:00,2523.0,287.0426411833936,0.2187,0.1171,2621.043,157.16875
2026-06-01 09:19:30,2791.0,176.36899315653469,0.2187,0.1171,2627.9619,156.33541666666667
2026-06-01 09:20:00,2655.0,171.45565131535312,0.2187,0.1171,2634.8758,155.62708333333333
2026-06-01 09:20:30,2873.0,196.74202976749893,0.2187,0.1171,2641.7836,154.79375
2026-06-01 09:21:00,2793.0,222.48217165145454,0.2187,0.1171,2648.6843,154.29375
2026-06-01 09:21:30,2789.0,274.5864989455676,0.2187,0.1171,2655.5771,153.96041666666667
2026-06-01 09:22:00,2637.0,183.15960757653798,0.2187,0.1171,2662.4608,153.54375
2026-06-01 09:22:30,2726.0,217.77167521668105,0.2187,0.1171,2669.3346,153.29375
2026-06-01 09:23:00,2419.0,272.33510545151125,0.2187,0.1171,2676.1974,153.12708333333333
2026-06-01 09:23:30,2573.0,219.862258982326,0.2187,0.1171,2683.0483,152.71041666666667
2026-06-01 09:24:00,2639.0,242.10828643311578,0.2187,0.1171,2689.8863,152.54375
2026-06-01 09:24:30,2507.0,299.6686220401882,0.2187,0.1171,2696.7104,152.04375
2026-06-01 09:25:00,2524.0,217.33719281314416,0.2187,0.1171,2703.5196,151.62708333333333
2026-06-01 09:25:30,2291.0,162.7153693981578,0.2187,0.1171,2710.313,151.41875
2026-06-01 09:26:00,2025.0,219.8869824498065,0.2187,0.1171,2717.0896,151.00208333333333
2026-06-01 09:26:30,1728.0,294.0035955417762,0.2187,0.1171,2723.8484,150.37708333333333
2026-06-01 09:27:00,1648.0,256.8594688653701,0.2187,0.1171,2730.5885,150.54375
2026-06-01 09:27:30,1612.0,230.8663045231081,0.2187,0.1171,2737.3088,150.46041666666667
2026-06-01 09:28:00,1343.0,181.7475871768804,0.2187,0.1171,2744.0084,151.12708333333333
2026-06-01 09:28:30,1302.0,231.90445798865818,0.2187,0.1171,2750.6863,151.21041666666667
2026-06-01 09:29:00,1494.0,284.5581875351967,0.2187,0.1171,2757.3415,151.21041666666667
2026-06-01 09:29:30,1871.0,153.5657895257534,0.2187,0.1171,2763.9731,150.96041666666667
2026-06-01 09:30:00,2208.0,196.90791142690338,0.2293,0.1219,2770.5801,151.12708333333333
2026-06-01 09:30:30,2257.0,175.90369256392614,0.2293,0.1219,2777.1614,151.04375
2026-06-01 09:31:00,2371.5,151.8185536256684,0.2293,0.1219,2783.7162,151.21041666666667
2026-06-01 09:31:30,2486.0,179.83133624145518,0.2293,0.1219,2790.2434,151.46041666666667
2026-06-01 09:32:00,2740.0,169.1314944714281,0.2293,0.1219,2796.7421,151.21041666666667
2026-06-01 09:32:30,2899.0,192.10829141932305,0.2293,0.1219,2803.2113,151.37708333333333
2026-06-01 09:33:00,2961.0,164.6123040283954,0.2293,0.1219,2809.65,151.58541666666667
2026-06-01 09:33:30,2955.0,164.57775766312892,0.2293,0.1219,2816.0573,151.83541666666667
2026-06-01 09:34:00,2910.0,243.96481534101403,0.2293,0.1219,2822.4321,151.91875
2026-06-01 09:34:30,2930.0,162.90986426713997,0.2293,0.1219,2828.7735,152.08541666666667
2026-06-01 09:35:00,2906.0,193.8096184282997,0.2293,0.1219,2835.0805,152.37708333333333
2026-06-01 09:35:30,2926.0,197.51003034012913,0.2293,0.1219,2841.3522,152.79375
2026-06-01 09:36:00,2925.0,251.02543914955152,0.2293,0.1219,2847.5875,152.87708333333333
2026-06-01 09:36:30,2891.0,177.0682476602089,0.2293,0.1219,2853.7854,152.96041666666667
2026-06-01 09:37:00,2960.0,246.57376647938514,0.2293,0.1219,2859.9451,153.33541666666667
2026-06-01 09:37:30,2959.0,176.21776683269036,0.2293,0.1219,2866.0655,153.25208333333333
2026-06-01 09:38:00,2961.0,169.62110130147977,0.2293,0.1219,2872.1457,153.50208333333333
2026-06-01 09:38:30,3009.0,175.53329666128477,0.2293,0.1219,2878.1846,153.25208333333333
2026-06-01 09:39:00,3040.0,297.1122171098384,0.2293,0.1219,2884.1814,153.16875
2026-06-01 09:39:30,3091.0,293.2895032773601,0.2293,0.1219,2890.1349,153.47430583333335
2026-06-01 09:40:00,3035.0,172.62280808397466,0.2293,0.1219,2896.0443,153.46041666666667
2026-06-01 09:40:30,2987.0,202.57603234555273,0.2293,0.1219,2901.9086,153.12708333333333
2026-06-01 09:41:00,3056.0,284.54614405933637,0.2293,0.1219,2907.7267,152.62708333333333
2026-06-01 09:41:30,3057.0,184.78431840725688,0.2293,0.1219,2913.4978,152.37708333333333
2026-06-01 09:42:00,3055.0,282.2854951871251,0.2293,0.1219,2919.2208,151.96041666666667
2026-06-01 09:42:30,3179.0,265.8809591275264,0.2293,0.1219,2924.8948,151.46041666666667
2026-06-01 09:43:00,3111.0,229.46734804671172,0.2293,0.1219,2930.5187,151.12708333333333
2026-06-01 09:43:30,3071.0,272.40575407773036,0.2293,0.1219,2936.0917,150.96041666666667
2026-06-01 09:44:00,2922.0,160.5074512748563,0.2293,0.1219,2941.6127,150.41875
2026-06-01 09:44:30,3006.0,243.37012865557293,0.2293,0.1219,2947.0807,149.75208333333333
2026-06-01 09:45:00,3150.0,253.87266394987307,0.2208,0.1164,2952.4948,149.41875
2026-06-01 09:45:30,3089.0,232.98034312787757,0.2208,0.1164,2957.854,148.66875
2026-06-01 09:46:00,3081.0,271.6845954456644,0.2208,0.1164,2963.1574,148.41875
2026-06-01 09:46:30,3072.0,190.09853135068585,0.2208,0.1164,2968.4039,148.21041666666667
2026-06-01 09:47:00,3063.0,163.367818992829,0.2208,0.1164,2973.5925,148.04375
2026-06-01 09:47:30,3119.0,247.20062492618604,0.2208,0.1164,2978.7224,147.87708333333333
2026-06-01 09:48:00,3115.0,205.65317391956694,0.2208,0.1164,2983.7924,146.21041666666667
2026-06-01 09:48:30,3127.0,287.7822570363084,0.2208,0.1164,2988.8017,145.71041666666667
2026-06-01 09:49:00,3208.0,242.36269869830906,0.2208,0.1164,2993.7493,146.62708333333333
2026-06-01 09:49:30,3209.0,253.10247196734045,0.2208,0.1164,2998.6342,146.29375
2026-06-01 09:50:00,3195.0,273.79767629638627,0.2208,0.1164,3003.4554,145.71041666666667
2026-06-01 09:50:30,3187.0,297.119401215192,0.2208,0.1164,3008.2119,145.37708333333333
2026-06-01 09:51:00,3184.0,267.1009719623667,0.2208,0.1164,3012.9027,144.87708333333333
2026-06-01 09:51:30,3274.0,268.5359154411554,0.2208,0.1164,3017.527,144.37708333333333
2026-06-01 09:52:00,3330.0,270.80007949962277,0.2208,0.1164,3022.0836,143.96041666666667
2026-06-01 09:52:30,3310.0,166.01510993389837,0.2208,0.1164,3026.5717,143.54375
2026-06-01 09:53:00,3279.0,296.23024912055473,0.2208,0.1164,3030.9902,143.04375
2026-06-01 09:53:30,3309.0,252.6020495427502,0.2208,0.1164,3035.3382,142.90486083333332
2026-06-01 09:54:00,3330.0,293.46290730444275,0.2208,0.1164,3039.6147,142.71041666666667
2026-06-01 09:54:30,3343.0,153.20991719653222,0.2208,0.1164,3043.8187,142.41875
2026-06-01 09:55:00,3331.0,234.72746382085384,0.2208,0.1164,3047.9493,141.97430583333332
2026-06-01 09:55:30,3342.0,281.09211344360733,0.2208,0.1164,3052.0054,142.08541666666667
2026-06-01 09:56:00,3314.0,271.9623143874576,0.2208,0.1164,3055.9862,141.75208333333333
2026-06-01 09:56:30,3362.0,226.64365758040088,0.2208,0.1164,3059.8905,141.58541666666667
2026-06-01 09:57:00,3349.0,164.39513750126605,0.2208,0.1164,3063.7175,141.25208333333333
2026-06-01 09:57:30,3333.0,191.70426948145376,0.2208,0.1164,3067.4661,141.00208333333333
2026-06-01 09:58:00,3371.0,190.26310484827184,0.2208,0.1164,3071.1354,141.00208333333333
2026-06-01 09:58:30,3336.0,213.2913937117407,0.2208,0.1164,3074.7244,139.8631941666667
2026-06-01 09:59:00,3425.0,251.6353074306034,0.2208,0.1164,3078.2322,138.66875
2026-06-01 09:59:30,3396.0,263.2702520838498,0.2208,0.1164,3081.6577,137.41875
2026-06-01 10:00:00,3395.0,189.54935183961896,0.2275,0.1165,3085.0,136.41875
2026-06-01 10:00:30,3394.0,200.01595973978186,0.2275,0.1165,3088.3009,136.41875
2026-06-01 10:01:00,3416.0,294.20639512794736,0.2275,0.1165,3091.6027,136.41875
2026-06-01 10:01:30,3432.0,271.16451033479103,0.2275,0.1165,3094.9049,136.99166666666667
2026-06-01 10:02:00,3433.0,211.76156378737815,0.2275,0.1165,3098.207,136.72708333333333
2026-06-01 10:02:30,3440.5,228.40457116481429,0.2275,0.1165,3101.5086,136.9875
2026-06-01 10:03:00,3448.0,264.13958061059674,0.2275,0.1165,3104.8093,137.28125
2026-06-01 10:03:30,3447.0,175.5199727923982,0.2275,0.1165,3108.1084,137.625
2026-06-01 10:04:00,3511.0,205.7873416968574,0.2275,0.1165,3111.4057,138.025
2026-06-01 10:04:30,3490.0,225.27292576999156,0.2275,0.1165,3114.7006,137.594445
2026-06-01 10:05:00,3393.0,166.57858989732344,0.2275,0.1165,3117.9927,137.64722249999997
2026-06-01 10:05:30,3474.0,232.01088951148097,0.2275,0.1165,3121.2815,137.73888916666664
2026-06-01 10:06:00,3541.0,291.8729065147663,0.2275,0.1165,3124.5666,137.51388916666664
2026-06-01 10:06:30,3567.0,287.68022324849517,0.2275,0.1165,3127.8474,137.78888916666665
2026-06-01 10:07:00,3539.0,207.01730363651427,0.2275,0.1165,3131.1236,137.7472225
2026-06-01 10:07:30,3551.0,254.43457803443982,0.2275,0.1165,3134.3947,138.32222249999998
2026-06-01 10:08:00,3526.0,197.91700545841,0.2275,0.1165,3137.6602,138.67222249999998
2026-06-01 10:08:30,3502.0,213.65907684626194,0.2275,0.1165,3140.9196,139.1847225
2026-06-01 10:09:00,3556.0,266.94071337716593,0.2275,0.1165,3144.1726,139.1680558333333
2026-06-01 10:09:30,3653.0,230.60793659886733,0.2275,0.1165,3147.4185,138.46388916666666
2026-06-01 10:10:00,3116.0,186.05170415752315,0.2275,0.1165,3150.6571,138.01388916666664
2026-06-01 10:10:30,3258.0,254.60933021009865,0.2275,0.1165,3153.8877,138.03888916666665
2026-06-01 10:11:00,2714.0,167.42979361214128,0.2275,0.1165,3157.11,138.3472225
2026-06-01 10:11:30,3026.0,226.89599729316757,0.2275,0.1165,3160.3236,138.76388916666664
2026-06-01 10:12:00,3487.0,291.83302318164016,0.2275,0.1165,3163.5278,138.82638916666664
2026-06-01 10:12:30,3747.0,163.76778521811164,0.2275,0.1165,3166.7223,138.55138916666664
2026-06-01 10:13:00,3725.0,227.2836051440989,0.2275,0.1165,3169.9066,138.21805583333332
2026-06-01 10:13:30,3784.0,274.35954054221713,0.2275,0.1165,3173.0803,137.68055583333333
2026-06-01 10:14:00,3809.0,283.99998173452684,0.2275,0.1165,3176.2429,137.3472225
2026-06-01 10:14:30,3872.0,298.4887147693369,0.2275,0.1165,3179.3939,136.45763916666667
2026-06-01 10:15:00,3890.0,170.84501458051602,0.2232,0.0982,3182.5329,135.8909725
2026-06-01 10:15:30,3915.0,206.8637825110408,0.2232,0.0982,3185.6594,135.52430583333333
2026-06-01 10:16:00,3741.0,267.73906052218115,0.2232,0.0982,3188.7729,135.55763916666666
2026-06-01 10:16:30,3525.0,294.3648593670965,0.2232,0.0982,3191.873,135.40763916666666
2026-06-01 10:17:00,2843.0,286.4769694842208,0.2232,0.0982,3194.9593,135.0659725
2026-06-01 10:17:30,2418.0,192.55706996305364,0.2232,0.0982,3198.0313,134.89930583333333
2026-06-01 10:18:00,2559.5,231.78265525436734,0.2232,0.0982,3201.0884,136.13263916666668
2026-06-01 10:18:30,2701.0,292.16266482515766,0.2232,0.0982,3204.1303,136.16180583333332
2026-06-01 10:19:00,2778.0,295.37314908461303,0.2232,0.0982,3207.1565,136.57013916666665
2026-06-01 10:19:30,3801.0,202.1696513652198,0.2232,0.0982,3210.1665,136.67013916666664
2026-06-01 10:20:00,4128.0,259.9741268572081,0.2232,0.0982,3213.1599,136.70347249999998
2026-06-01 10:20:30,3657.0,277.60223847864296,0.2232,0.0982,3216.1362,137.1534725
2026-06-01 10:21:00,2350.0,216.50495829424204,0.2232,0.0982,3219.095,137.2618058333333
2026-06-01 10:21:30,2949.0,194.37196943802934,0.2232,0.0982,3222.0357,137.53680583333332
2026-06-01 10:22:00,2636.0,255.2769611725059,0.2232,0.0982,3224.958,137.64513916666664
2026-06-01 10:22:30,2712.0,187.46897682486437,0.2232,0.0982,3227.8614,137.4868058333333
2026-06-01 10:23:00,2364.0,297.61098282464025,0.2232,0.0982,3230.7453,138.78680583333332
2026-06-01 10:23:30,2568.0,236.79973984652014,0.2232,0.0982,3233.6094,138.7993058333333
2026-06-01 10:24:00,2751.0,231.01367487397778,0.2232,0.0982,3236.4532,137.9493058333333
2026-06-01 10:24:30,2174.0,201.9731757989253,0.2232,0.0982,3239.2763,137.92013916666664
2026-06-01 10:25:00,2512.0,162.60400850745262,0.2232,0.0982,3242.0781,136.97430583333332
2026-06-01 10:25:30,1911.0,285.64144660666943,0.2232,0.0982,3244.8582,136.6993058333333
2026-06-01 10:26:00,2125.0,257.54609074931534,0.2232,0.0982,3247.6161,136.66597249999998
2026-06-01 10:26:30,2023.0,160.4843953665593,0.2232,0.0982,3250.3515,136.53263916666666
2026-06-01 10:27:00,2196.0,173.2001359465697,0.2232,0.0982,3253.0637,136.59513916666666
2026-06-01 10:27:30,2072.0,266.03776506876255,0.2232,0.0982,3255.7525,136.9034725
2026-06-01 10:28:00,1973.0,160.1277164845473,0.2232,0.0982,3258.4172,137.72013916666666
2026-06-01 10:28:30,1909.0,190.84367231955179,0.2232,0.0982,3261.0575,138.1743058333333
2026-06-01 10:29:00,1633.0,268.4314832477132,0.2232,0.0982,3263.6729,138.8409725
2026-06-01 10:29:30,1505.0,213.15728106269265,0.2232,0.0982,3266.2629,138.9243058333333
2026-06-01 10:30:00,1550.0,286.34143711128416,0.2214,0.0937,3268.8271,138.97430583333332
2026-06-01 10:30:30,1516.0,275.7795657486258,0.2214,0.0937,3271.365,139.00763916666665
2026-06-01 10:31:00,1568.0,213.30811755578478,0.2214,0.0937,3273.8761,138.34513916666666
2026-06-01 10:31:30,1592.0,244.94725214873858,0.2214,0.0937,3276.36,137.9868058333333
2026-06-01 10:32:00,1713.0,185.21148200425156,0.2214,0.0937,3278.8163,138.02013916666664
2026-06-01 10:32:30,1714.0,243.91474703841757,0.2214,0.0937,3281.2444,137.92013916666664
2026-06-01 10:33:00,2105.0,230.6939185745822,0.2214,0.0937,3283.6439,137.64513916666664
2026-06-01 10:33:30,2089.0,294.46319135067813,0.2214,0.0937,3286.0144,142.67013916666664
2026-06-01 10:34:00,2073.0,170.27457640288907,0.2214,0.0937,3288.3553,145.68263916666666
2026-06-01 10:34:30,1966.0,173.99209791401057,0.2214,0.0937,3290.6663,146.12430583333332
2026-06-01 10:35:00,1769.0,225.2281924002741,0.2214,0.0937,3292.9468,146.5493058333333
2026-06-01 10:35:30,1877.0,203.81602065864024,0.2214,0.0937,3295.1965,146.59930583333332
2026-06-01 10:36:00,1874.0,170.60031797546893,0.2214,0.0937,3297.4148,147.03541666666666
2026-06-01 10:36:30,1790.0,178.86275771276556,0.2214,0.0937,3299.6013,147.61041666666668
2026-06-01 10:37:00,1505.0,189.50456578640615,0.2214,0.0937,3301.7555,147.81458333333333
2026-06-01 10:37:30,1330.0,183.73012825180209,0.2214,0.0937,3303.8769,148.39791666666667
2026-06-01 10:38:00,1345.0,192.98835284307899,0.2214,0.0937,3305.9652,148.81041666666667
2026-06-01 10:38:30,1351.0,187.15353998403444,0.2214,0.0937,3308.0198,149.56458333333333
2026-06-01 10:39:00,1337.0,265.8534369505296,0.2214,0.0937,3310.0403,150.46458333333334
2026-06-01 10:39:30,1323.0,291.57142263659375,0.2214,0.0937,3312.0262,150.88541666666666
2026-06-01 10:40:00,1196.0,166.95343473889596,0.2214,0.0937,3313.9771,151.34791666666666
2026-06-01 10:40:30,1166.0,202.9539053871543,0.2214,0.0937,3315.8925,152.41458333333333
2026-06-01 10:41:00,1136.0,275.15773560453306,0.2214,0.0937,3317.772,153.67291666666668
2026-06-01 10:41:30,1134.0,221.27054341175142,0.2214,0.0937,3319.615,154.39791666666667
2026-06-01 10:42:00,1103.0,152.91243378587293,0.2214,0.0937,3321.4211,155.11875
2026-06-01 10:42:30,1166.0,281.81057833385006,0.2214,0.0937,3323.1899,155.91041666666666
2026-06-01 10:43:00,1135.0,296.79693851978925,0.2214,0.0937,3324.9209,156.72708333333333
2026-06-01 10:43:30,1120.0,244.07633793800323,0.2214,0.0937,3326.6137,157.28541666666666
2026-06-01 10:44:00,1197.0,266.7808326581277,0.2214,0.0937,3328.2677,157.96875
2026-06-01 10:44:30,1168.0,210.2034802207956,0.2214,0.0937,3329.8826,159.03541666666666
2026-06-01 10:45:00,1209.0,225.5860259034272,0.2099,0.0776,3331.4578,159.87708333333333
2026-06-01 10:45:30,1216.0,168.15247058406757,0.2099,0.0776,3332.9929,161.11875
2026-06-01 10:46:00,1246.0,216.00941238951657,0.2099,0.0776,3334.4874,162.17708333333334
2026-06-01 10:46:30,1327.0,287.26897389427836,0.2099,0.0776,3335.941,163.19375
2026-06-01 10:47:00,1396.0,271.57189945513653,0.2099,0.0776,3337.353,164.10208333333333
2026-06-01 10:47:30,1825.0,220.13422399640498,0.2099,0.0776,3338.7232,165.11041666666668
2026-06-01 10:48:00,2624.0,212.487730861227,0.2099,0.0776,3340.0509,166.34375
2026-06-01 10:48:30,1551.0,250.43600797777268,0.2099,0.0776,3341.3357,167.24375
2026-06-01 10:49:00,1557.0,200.2892508186081,0.2099,0.0776,3342.5773,168.09375
2026-06-01 10:49:30,1563.0,189.22726017442238,0.2099,0.0776,3343.7751,174.42708333333334
2026-06-01 10:50:00,1559.0,232.3379960391131,0.2099,0.0776,3344.9286,174.92708333333334
2026-06-01 10:50:30,1664.0,195.62660387695723,0.2099,0.0776,3346.0374,175.42708333333334
2026-06-01 10:51:00,1686.0,276.19052934463014,0.2099,0.0776,3347.1011,176.34375
2026-06-01 10:51:30,1748.0,255.741101031925,0.2099,0.0776,3348.1191,177.21875
2026-06-01 10:52:00,1792.0,170.43961105900692,0.2099,0.0776,3349.0911,177.80208333333334
2026-06-01 10:52:30,1794.0,284.0853574076275,0.2099,0.0776,3350.0165,178.35763916666664
2026-06-01 10:53:00,2658.0,221.02437319469288,0.2099,0.0776,3350.8949,178.88541666666666
2026-06-01 10:53:30,3900.0,198.47962982501434,0.2099,0.0776,3351.7259,179.44097250000002
2026-06-01 10:54:00,4083.0,214.7141478229754,0.2099,0.0776,3352.5089,179.55208333333334
2026-06-01 10:54:30,4834.0,257.1022997472388,0.2099,0.0776,3353.2436,179.55208333333334
2026-06-01 10:55:00,4774.0,279.37949126292403,0.2099,0.0776,3353.9294,179.53819416666667
2026-06-01 10:55:30,4670.0,279.223105862681,0.2099,0.0776,3354.5659,179.51041666666666
2026-06-01 10:56:00,4599.0,192.64717490265926,0.2099,0.0776,3355.1526,179.59375
2026-06-01 10:56:30,4220.0,205.5745551362879,0.2099,0.0776,3355.6892,179.71875
2026-06-01 10:57:00,4444.0,160.9701396190797,0.2099,0.0776,3356.175,179.88541666666666
2026-06-01 10:57:30,4640.0,215.16770150810243,0.2099,0.0776,3356.6097,180.21875
2026-06-01 10:58:00,4286.0,172.88030496071778,0.2099,0.0776,3356.9928,180.13541666666666
2026-06-01 10:58:30,4410.0,278.37780255361884,0.2099,0.0776,3357.3239,181.21875
2026-06-01 10:59:00,4524.0,165.1290157564846,0.2099,0.0776,3357.6024,182.21875
2026-06-01 10:59:30,4600.0,241.16558837751762,0.2099,0.0776,3357.8279,183.30208333333334
2026-06-01 11:00:00,4276.0,236.08556435995013,0.2124,0.083,3358.0,184.42708333333334
2026-06-01 11:00:30,3885.0,259.73552243310985,0.2124,0.083,3358.1437,185.59375
2026-06-01 11:01:00,4593.0,222.6447116352613,0.2124,0.083,3358.2844,186.59375
2026-06-01 11:01:30,4531.0,264.67321016351275,0.2124,0.083,3358.4222,187.02291666666667
2026-06-01 11:02:00,4439.0,273.0205671323407,0.2124,0.083,3358.5571,187.69375
2026-06-01 11:02:30,4133.0,236.94960123409447,0.2124,0.083,3358.6892,187.35625
2026-06-01 11:03:00,4301.0,264.6694324340448,0.2124,0.083,3358.8184,186.9875
2026-06-01 11:03:30,2965.0,241.90907040617572,0.2124,0.083,3358.945,186.3375
2026-06-01 11:04:00,3821.0,178.13986566993216,0.2124,0.083,3359.0688,186.2125
2026-06-01 11:04:30,2756.5,237.32532148244763,0.2124,0.083,3359.1899,186.01527750000002
2026-06-01 11:05:00,1692.0,238.44518070840851,0.2124,0.083,3359.3085,185.76527750000002
2026-06-01 11:05:30,1527.0,164.28555329369198,0.2124,0.083,3359.4245,185.55416666666667
2026-06-01 11:06:00,1501.0,155.7170354076834,0.2124,0.083,3359.5379,185.41527750000003
2026-06-01 11:06:30,1487.6,299.66918594600224,0.2124,0.083,3359.6489,184.82361083333336
2026-06-01 11:07:00,1474.2,194.960576943538,0.2124,0.083,3359.7575,184.7069441666667
2026-06-01 11:07:30,1460.8,224.17656887433066,0.2124,0.083,3359.8637,184.19861083333336
2026-06-01 11:08:00,1447.4,263.8024293086407,0.2124,0.083,3359.9675,183.8569441666667
2026-06-01 11:08:30,1434.0,204.22175490645495,0.2124,0.083,3360.0691,183.35277750000003
2026-06-01 11:09:00,1393.0,172.08604467468774,0.2124,0.083,3360.1684,183.33611083333335
2026-06-01 11:09:30,2723.0,195.10961448146296,0.2124,0.083,3360.2656,183.69861083333336
2026-06-01 11:10:00,2252.0,272.46200637380736,0.2124,0.083,3360.3606,183.8569441666667
2026-06-01 11:10:30,1896.0,256.59326797251435,0.2124,0.083,3360.4535,183.79027750000003
2026-06-01 11:11:00,1359.0,270.46192878617376,0.2124,0.083,3360.5443,183.4652775
2026-06-01 11:11:30,1321.0,195.73527881487607,0.2124,0.083,3360.6332,182.72361083333334
2026-06-01 11:12:00,1320.0,294.1427425338841,0.2124,0.083,3360.7201,182.51527750000002
2026-06-01 11:12:30,1265.0,281.7002611150955,0.2124,0.083,3360.805,182.40694416666668
2026-06-01 11:13:00,1287.0,260.0352104080107,0.2124,0.083,3360.8881,182.5819441666667
2026-06-01 11:13:30,1329.0,205.65159051490724,0.2124,0.083,3360.9694,182.68611083333334
2026-06-01 11:14:00,1362.0,203.82974773337665,0.2124,0.083,3361.0489,182.37361083333334
2026-06-01 11:14:30,1395.0,195.92129535547113,0.2124,0.083,3361.1267,182.54861083333336
2026-06-01 11:15:00,1483.0,219.409320946309,0.2192,0.1064,3361.2028,182.5819441666667
2026-06-01 11:15:30,2129.0,213.4714443671447,0.2192,0.1064,3361.2773,182.0902775
2026-06-01 11:16:00,4126.0,209.58708281904748,0.2192,0.1064,3361.3502,181.43333333333334
2026-06-01 11:16:30,2666.0,278.72105175514906,0.2192,0.1064,3361.4215,181.06944416666667
2026-06-01 11:17:00,1692.0,192.58653414127613,0.2192,0.1064,3361.4913,180.97777750000003
2026-06-01 11:17:30,1736.0,289.93861715453704,0.2192,0.1064,3361.5597,180.69444416666667
2026-06-01 11:18:00,1638.0,171.93035944399233,0.2192,0.1064,3361.6267,180.5444441666667
2026-06-01 11:18:30,1759.0,266.918919501902,0.2192,0.1064,3361.6923,180.30694416666668
2026-06-01 11:19:00,1919.0,180.61401401605576,0.2192,0.1064,3361.7567,179.9819441666667
2026-06-01 11:19:30,1725.0,220.33183145054159,0.2192,0.1064,3361.8197,179.8402775
2026-06-01 11:20:00,1824.5,173.73413631445865,0.2192,0.1064,3361.8816,179.64027750000002
2026-06-01 11:20:30,1924.0,221.4713074657707,0.2192,0.1064,3361.9422,179.3569441666667
2026-06-01 11:21:00,2459.0,211.7951210862246,0.2192,0.1064,3362.0018,178.74861083333334
2026-06-01 11:21:30,3768.0,226.6434876725049,0.2192,0.1064,3362.0603,178.39027750000002
2026-06-01 11:22:00,5165.0,288.1824976266752,0.2192,0.1064,3362.1177,177.74027750000002
2026-06-01 11:22:30,5154.0,155.72915084712747,0.2192,0.1064,3362.1742,176.89861083333335
2026-06-01 11:23:00,1558.0,190.32823169517104,0.2192,0.1064,3362.2297,174.76527750000002
2026-06-01 11:23:30,1418.0,220.46226096453668,0.2192,0.1064,3362.2843,174.1694441666667
2026-06-01 11:24:00,1610.0,274.9532515025784,0.2192,0.1064,3362.3381,174.43611083333334
2026-06-01 11:24:30,1482.0,182.10822923181317,0.2192,0.1064,3362.3911,173.88194416666667
2026-06-01 11:25:00,1328.0,258.2116771007755,0.2192,0.1064,3362.4433,173.91111083333334
2026-06-01 11:25:30,1264.0,209.5751594229549,0.2192,0.1064,3362.4948,173.0194441666667
2026-06-01 11:26:00,1248.0,256.90119454547926,0.2192,0.1064,3362.5457,172.55277750000002
2026-06-01 11:26:30,1288.0,235.25259704493342,0.2192,0.1064,3362.5959,172.31111083333334
2026-06-01 11:27:00,1311.0,197.38124900875135,0.2192,0.1064,3362.6456,171.79027750000003
2026-06-01 11:27:30,1347.0,287.9852063610093,0.2192,0.1064,3362.6948,171.0652775
2026-06-01 11:28:00,1442.0,279.76159723776897,0.2192,0.1064,3362.7435,169.49861083333334
2026-06-01 11:28:30,1444.0,271.36597715024004,0.2192,0.1064,3362.7917,168.6277775
2026-06-01 11:29:00,1476.0,266.1490416274299,0.2192,0.1064,3362.8396,167.5444441666667
2026-06-01 11:29:30,1310.0,192.94783994804817,0.2192,0.1064,3362.8872,167.21111083333335
2026-06-01 11:30:00,1280.0,1697.3816887827397,0.2147,0.0808,3362.9344,166.41111083333334
2026-06-01 11:30:30,1247.0,1748.8703177764019,0.2147,0.0808,3362.9815,165.6277775
2026-06-01 11:31:00,1212.0,1694.9947718150268,0.2147,0.0808,3363.0283,165.37361083333334
2026-06-01 11:31:30,1215.0,1786.0325332803943,0.2147,0.0808,3363.075,165.14861083333335
2026-06-01 11:32:00,1243.0,1794.879048680698,0.2147,0.0808,3363.1215,164.94861083333336
2026-06-01 11:32:30,1282.0,1775.5368604464556,0.2147,0.0808,3363.1681,164.88194416666667
2026-06-01 11:33:00,1304.0,1750.462476790404,0.2147,0.0808,3363.2146,164.99027750000002
2026-06-01 11:33:30,1393.0,1711.6551583786431,0.2147,0.0808,3363.2611,159.63194416666667
2026-06-01 11:34:00,1478.0,1719.8065682298884,0.2147,0.0808,3363.3078,156.28611083333334
2026-06-01 11:34:30,1575.0,1769.1752088205108,0.2147,0.0808,3363.3545,155.67777750000002
2026-06-01 11:35:00,1676.0,1718.673379075234,0.2147,0.0808,3363.4015,154.96111083333335
2026-06-01 11:35:30,1710.5,1706.6516352169178,0.2147,0.0808,3363.4486,154.66111083333334
2026-06-01 11:36:00,1745.0,1696.642597708572,0.2147,0.0808,3363.4961,154.05833333333334
2026-06-01 11:36:30,5519.0,1761.6588567309327,0.2147,0.0808,3363.5438,152.9
2026-06-01 11:37:00,5485.0,1752.3825516061308,0.2147,0.0808,3363.5919,152.27916666666667
2026-06-01 11:37:30,5315.0,1679.41375378888,0.2147,0.0808,3363.6404,151.8625
2026-06-01 11:38:00,5480.0,1780.0573745072147,0.2147,0.0808,3363.6894,151.28333333333333
2026-06-01 11:38:30,5411.0,1698.848249238392,0.2147,0.0808,3363.7389,150.44583333333333
2026-06-01 11:39:00,5346.0,1765.078193136559,0.2147,0.0808,3363.7889,149.5875
2026-06-01 11:39:30,5305.0,1751.8410130283496,0.2147,0.0808,3363.8395,148.83333333333334
2026-06-01 11:40:00,5284.0,1672.5840793712825,0.2147,0.0808,3363.8908,148.07916666666668
2026-06-01 11:40:30,5238.0,1759.9513420368385,0.2147,0.0808,3363.9427,146.7625
2026-06-01 11:41:00,4992.0,1737.0634720629303,0.2147,0.0808,3363.9954,145.92083333333332
2026-06-01 11:41:30,2173.0,1737.066789904854,0.2147,0.0808,3364.0489,145.27916666666667
2026-06-01 11:42:00,4828.0,1758.1348842581228,0.2147,0.0808,3364.1032,144.39166666666668
2026-06-01 11:42:30,5449.0,1737.7128333648598,0.2147,0.0808,3364.1583,143.55833333333334
2026-06-01 11:43:00,2255.0,1743.3810147262493,0.2147,0.0808,3364.2144,142.575
2026-06-01 11:43:30,2071.0,1792.936027764342,0.2147,0.0808,3364.2714,141.68333333333334
2026-06-01 11:44:00,2072.0,1690.279639030123,0.2147,0.0808,3364.3295,140.91666666666666
2026-06-01 11:44:30,2073.0,1761.2719173984533,0.2147,0.0808,3364.3886,140.01666666666668
2026-06-01 11:45:00,2151.0,1755.6478568782488,0.199,0.0704,3364.4489,139.175
2026-06-01 11:45:30,2387.0,1679.8946936578066,0.199,0.0704,3364.5102,138.18333333333334
2026-06-01 11:46:00,2265.0,1754.7342555664666,0.199,0.0704,3364.5728,137.25
2026-06-01 11:46:30,2148.0,1695.4830082800581,0.199,0.0704,3364.6366,136.19166666666666
2026-06-01 11:47:00,1990.0,1677.6641228355961,0.199,0.0704,3364.7017,135.61666666666667
2026-06-01 11:47:30,1959.0,1696.8447346695853,0.199,0.0704,3364.7682,135.10833333333332
2026-06-01 11:48:00,2056.0,1780.7977595029834,0.199,0.0704,3364.836,134.375
2026-06-01 11:48:30,2068.0,1762.8197048879442,0.199,0.0704,3364.9053,133.975
2026-06-01 11:49:00,2066.0,1779.22054165839,0.199,0.0704,3364.976,133.79166666666666
2026-06-01 11:49:30,2161.0,1745.0088813489044,0.199,0.0704,3365.0483,128.29166666666666
2026-06-01 11:50:00,2949.0,1708.9327726703223,0.199,0.0704,3365.1221,128.125
2026-06-01 11:50:30,5500.0,1718.5393871346841,0.199,0.0704,3365.1976,128.20833333333334
2026-06-01 11:51:00,3916.0,1765.9650805006092,0.199,0.0704,3365.2747,127.93055583333333
2026-06-01 11:51:30,2332.0,1786.7892116092007,0.199,0.0704,3365.3535,127.75
2026-06-01 11:52:00,2210.0,1771.0413877378587,0.199,0.0704,3365.4341,127.66666666666667
2026-06-01 11:52:30,2161.0,1653.4858929039474,0.199,0.0704,3365.5165,127.61111083333334
2026-06-01 11:53:00,4338.0,1737.4925053103943,0.199,0.0704,3365.6007,127.66666666666667
2026-06-01 11:53:30,5511.0,1770.721534414029,0.199,0.0704,3365.6868,127.25
2026-06-01 11:54:00,5411.0,1788.7772449199936,0.199,0.0704,3365.7749,127.58333333333333
2026-06-01 11:54:30,5095.0,1698.997051920904,0.199,0.0704,3365.8649,127.91666666666667
2026-06-01 11:55:00,5196.0,1768.2493733858933,0.199,0.0704,3365.957,128.20833333333334
2026-06-01 11:55:30,4795.0,1700.2016531589793,0.199,0.0704,3366.0512,128.70833333333334
2026-06-01 11:56:00,4434.0,1799.2559668735685,0.199,0.0704,3366.1475,129.16666666666666
2026-06-01 11:56:30,2082.0,1799.5432977699843,0.199,0.0704,3366.246,129.70833333333334
2026-06-01 11:57:00,2139.0,1696.2840728310543,0.199,0.0704,3366.3466,130.20833333333334
2026-06-01 11:57:30,1714.0,1677.3730676853447,0.199,0.0704,3366.4496,130.70833333333334
2026-06-01 11:58:00,1529.0,1784.327126432717,0.199,0.0704,3366.5549,130.95833333333334
2026-06-01 11:58:30,1348.0,1664.7650488564525,0.199,0.0704,3366.6625,131.29166666666666
2026-06-01 11:59:00,1247.0,1730.6989372292005,0.199,0.0704,3366.7725,131.66666666666666
2026-06-01 11:59:30,1171.0,1677.861533862579,0.199,0.0704,3366.885,131.91666666666666
2026-06-01 12:00:00,1155.0,4205.236108542832,0.17,0.0625,3367.0,132.04166666666666
2026-06-01 12:00:30,1163.0,4295.188339291209,0.17,0.0625,3367.1207,132.20833333333334
2026-06-01 12:01:00,1123.0,4198.199689614441,0.17,0.0625,3367.2504,132.875
2026-06-01 12:01:30,1203.0,4179.253860185584,0.17,0.0625,3367.3887,133.33333333333334
2026-06-01 12:02:00,1248.0,4277.512949997856,0.17,0.0625,3367.5356,133.70833333333334
2026-06-01 12:02:30,1335.0,4188.94191085913,0.17,0.0625,3367.6908,134.29166666666666
2026-06-01 12:03:00,1403.0,4263.667086467554,0.17,0.0625,3367.8542,134.625
2026-06-01 12:03:30,1525.0,4201.438782467813,0.17,0.0625,3368.0257,135.16666666666666
2026-06-01 12:04:00,1685.0,4269.206887083813,0.17,0.0625,3368.2051,135.5
2026-06-01 12:04:30,1815.0,4198.777085907067,0.17,0.0625,3368.3922,136.04166666666666
2026-06-01 12:05:00,2044.0,4207.751994151189,0.17,0.0625,3368.5868,136.5
2026-06-01 12:05:30,5218.0,4293.31677219492,0.17,0.0625,3368.7888,136.86111083333333
2026-06-01 12:06:00,4279.0,4154.116879337247,0.17,0.0625,3368.998,137.08333333333334
2026-06-01 12:06:30,3466.5,4277.485384991435,0.17,0.0625,3369.2142,137.16666666666666
2026-06-01 12:07:00,2654.0,4229.6557605051385,0.17,0.0625,3369.4373,137.08333333333334
2026-06-01 12:07:30,2208.0,4276.559819032959,0.17,0.0625,3369.6671,137.0
2026-06-01 12:08:00,2120.0,4295.670700260207,0.17,0.0625,3369.9034,136.91666666666666
2026-06-01 12:08:30,1995.0,4226.443885765235,0.17,0.0625,3370.1462,136.75
2026-06-01 12:09:00,2019.0,4207.551730535985,0.17,0.0625,3370.3951,136.75
2026-06-01 12:09:30,1780.0,4206.004196932113,0.17,0.0625,3370.65,136.63888916666664
2026-06-01 12:10:00,1731.0,4298.976807965187,0.17,0.0625,3370.9109,136.41666666666666
2026-06-01 12:10:30,1696.0,4232.503551733059,0.17,0.0625,3371.1774,136.25
2026-06-01 12:11:00,1739.0,4202.170104649246,0.17,0.0625,3371.4495,136.16666666666666
2026-06-01 12:11:30,1909.0,4204.8593909866595,0.17,0.0625,3371.7269,136.0
2026-06-01 12:12:00,1763.0,4196.942949855795,0.17,0.0625,3372.0096,135.83333333333334
2026-06-01 12:12:30,2578.0,4223.806275479278,0.17,0.0625,3372.2973,135.83333333333334
2026-06-01 12:13:00,1706.0,4181.379888348366,0.17,0.0625,3372.5899,135.75
2026-06-01 12:13:30,1773.0,4297.5390795714775,0.17,0.0625,3372.8871,135.83333333333334
2026-06-01 12:14:00,2070.0,4282.318443310165,0.17,0.0625,3373.1889,135.83333333333334
2026-06-01 12:14:30,2324.0,4268.021165782207,0.17,0.0625,3373.4951,136.0
2026-06-01 12:15:00,2995.0,4167.039072133044,0.16,0.0526,3373.8055,136.16666666666666
2026-06-01 12:15:30,2131.0,4157.754985077165,0.16,0.0526,3374.1199,136.91666666666666
2026-06-01 12:16:00,1523.0,4289.290664159785,0.16,0.0526,3374.4382,137.81944416666664
2026-06-01 12:16:30,1395.0,4166.593825131276,0.16,0.0526,3374.7601,138.875
2026-06-01 12:17:00,1331.0,4151.245980571641,0.16,0.0526,3375.0857,138.95833333333334
2026-06-01 12:17:30,1200.0,4168.183823805045,0.16,0.0526,3375.4146,138.8
2026-06-01 12:18:00,1158.0,4194.750322144983,0.16,0.0526,3375.7466,137.99166666666667
2026-06-01 12:18:30,1154.0,4189.326792727985,0.16,0.0526,3376.0818,138.01666666666668
2026-06-01 12:19:00,1132.0,4227.99098011306,0.16,0.0526,3376.4198,138.18333333333334
2026-06-01 12:19:30,1186.0,4194.938122469789,0.16,0.0526,3376.7605,137.225
2026-06-01 12:20:00,1251.0,4251.097191024244,0.16,0.0526,3377.1037,136.93333333333334
2026-06-01 12:20:30,1262.0,4265.683569444625,0.16,0.0526,3377.4493,137.1
2026-06-01 12:21:00,1201.0,4296.665281802169,0.16,0.0526,3377.7971,136.43333333333334
2026-06-01 12:21:30,1153.0,4199.315217298645,0.16,0.0526,3378.1469,136.1
2026-06-01 12:22:00,1143.0,4262.435598955515,0.16,0.0526,3378.4986,135.55833333333334
2026-06-01 12:22:30,1133.0,4182.208538635955,0.16,0.0526,3378.8521,136.05833333333334
2026-06-01 12:23:00,1120.0,4240.622637319379,0.16,0.0526,3379.207,137.30833333333334
2026-06-01 12:23:30,1121.0,4250.634480750783,0.16,0.0526,3379.5633,137.21666666666667
2026-06-01 12:24:00,1122.0,4232.093282460053,0.16,0.0526,3379.9208,137.35833333333332
2026-06-01 12:24:30,1102.0,4173.9356376164615,0.16,0.0526,3380.2793,137.81666666666666
2026-06-01 12:25:00,1090.0,4292.496347956932,0.16,0.0526,3380.6387,138.75
2026-06-01 12:25:30,1004.0,4201.949511774208,0.16,0.0526,3380.9988,139.62083333333334
2026-06-01 12:26:00,991.0,4157.059362535495,0.16,0.0526,3381.3595,139.92916666666667
2026-06-01 12:26:30,925.0,4259.5442496343185,0.16,0.0526,3381.7205,140.22083333333333
2026-06-01 12:27:00,875.0,4291.1912342426895,0.16,0.0526,3382.0817,140.17083333333332
2026-06-01 12:27:30,878.0,4282.51120665867,0.16,0.0526,3382.4429,140.45416666666668
2026-06-01 12:28:00,801.0,4203.602256054656,0.16,0.0526,3382.804,140.59583333333333
2026-06-01 12:28:30,780.0,4197.492053713841,0.16,0.0526,3383.1648,141.5125
2026-06-01 12:29:00,738.0,4204.254611967735,0.16,0.0526,3383.5252,141.84583333333333
2026-06-01 12:29:30,674.0,4156.830337107117,0.16,0.0526,3383.8849,141.67916666666667
2026-06-01 12:30:00,607.0,4248.333380335285,0.159,0.0454,3384.2438,141.42916666666667
2026-06-01 12:30:30,605.0,4206.8570630211,0.159,0.0454,3384.6017,141.82083333333333
2026-06-01 12:31:00,569.0,4208.684370748114,0.159,0.0454,3384.9585,142.2861108333333
2026-06-01 12:31:30,540.0,4151.083515451581,0.159,0.0454,3385.314,142.575
2026-06-01 12:32:00,496.0,4179.723196684973,0.159,0.0454,3385.668,142.6875
2026-06-01 12:32:30,474.0,4175.1231518415,0.159,0.0454,3386.0204,142.62361083333332
2026-06-01 12:33:00,405.0,4212.997292891168,0.159,0.0454,3386.3709,142.46666666666667
2026-06-01 12:33:30,404.0,4281.241501260853,0.159,0.0454,3386.7195,142.38333333333333
2026-06-01 12:34:00,408.0,4237.554448793752,0.159,0.0454,3387.066,142.65
2026-06-01 12:34:30,375.0,4195.633887083834,0.159,0.0454,3387.4102,142.6
2026-06-01 12:35:00,379.0,4202.829882852357,0.159,0.0454,3387.7519,142.65
2026-06-01 12:35:30,407.0,4238.276147938032,0.159,0.0454,3388.0909,142.63333333333333
2026-06-01 12:36:00,372.0,4246.15967670194,0.159,0.0454,3388.4272,142.71666666666667
2026-06-01 12:36:30,376.0,4193.59704620225,0.159,0.0454,3388.7605,142.88333333333333
2026-06-01 12:37:00,351.0,4161.997733719569,0.159,0.0454,3389.0906,142.71666666666667
2026-06-01 12:37:30,377.5,4160.133149989671,0.159,0.0454,3389.4175,142.38333333333333
2026-06-01 12:38:00,404.0,4172.347003036852,0.159,0.0454,3389.7409,142.21666666666667
2026-06-01 12:38:30,405.0,4173.917999265719,0.159,0.0454,3390.0606,141.96666666666667
2026-06-01 12:39:00,406.0,4167.700590056174,0.159,0.0454,3390.3765,141.84166666666667
2026-06-01 12:39:30,454.0,4262.953593356312,0.159,0.0454,3390.6885,141.59166666666667
2026-06-01 12:40:00,456.0,4189.993673428768,0.159,0.0454,3390.9963,141.75833333333333
2026-06-01 12:40:30,459.0,4183.645193350098,0.159,0.0454,3391.2998,142.15416666666667
2026-06-01 12:41:00,497.0,4196.91472134319,0.159,0.0454,3391.5989,142.1125
2026-06-01 12:41:30,498.0,4199.228072628585,0.159,0.0454,3391.8933,142.21666666666667
2026-06-01 12:42:00,497.0,4198.7160337268115,0.159,0.0454,3392.1828,142.46666666666667
2026-06-01 12:42:30,486.5,4245.489162690959,0.159,0.0454,3392.4675,142.7375
2026-06-01 12:43:00,476.0,4243.086254890604,0.159,0.0454,3392.747,143.02916666666667
2026-06-01 12:43:30,479.0,4266.34687989275,0.159,0.0454,3393.0211,143.21666666666667
2026-06-01 12:44:00,448.0,4177.461704437788,0.159,0.0454,3393.2898,143.34166666666667
2026-06-01 12:44:30,476.0,4229.671631194929,0.159,0.0454,3393.5529,143.675
2026-06-01 12:45:00,510.0,4163.680571065064,0.159,0.053,3393.8102,144.00833333333333
2026-06-01 12:45:30,544.0,4216.611481319195,0.159,0.053,3394.0614,144.4805558333333
2026-06-01 12:46:00,547.0,4154.031938578526,0.159,0.053,3394.3066,145.05
2026-06-01 12:46:30,556.0,4231.8962066299955,0.159,0.053,3394.5454,145.71666666666667
2026-06-01 12:47:00,522.0,4178.945458761929,0.159,0.053,3394.7778,145.38333333333333
2026-06-01 12:47:30,519.3333,4235.705666928853,0.159,0.053,3395.0035,145.38333333333333
2026-06-01 12:48:00,516.6667,4278.984005790416,0.159,0.053,3395.2224,145.3
2026-06-01 12:48:30,514.0,4155.825937768514,0.159,0.053,3395.4343,145.25833333333333
2026-06-01 12:49:00,500.5,4190.694426730264,0.159,0.053,3395.6391,144.84166666666667
2026-06-01 12:49:30,487.0,4172.611644857881,0.159,0.053,3395.8366,144.425
2026-06-01 12:50:00,476.0,4295.006484808423,0.159,0.053,3396.0266,144.50833333333333
2026-06-01 12:50:30,475.0,4170.836772025725,0.159,0.053,3396.209,144.38333333333333
2026-06-01 12:51:00,473.0,4275.753386517802,0.159,0.053,3396.3835,144.24444416666668
2026-06-01 12:51:30,456.5,4165.953963894328,0.159,0.053,3396.5501,144.21666666666667
2026-06-01 12:52:00,440.0,4242.684592983746,0.159,0.053,3396.7086,144.3
2026-06-01 12:52:30,476.0,4261.325741944382,0.159,0.053,3396.8587,144.38333333333333
2026-06-01 12:53:00,477.0,4219.324151724388,0.159,0.053,3397.0003,144.21666666666667
2026-06-01 12:53:30,478.0,4196.384053672979,0.159,0.053,3397.1334,144.38333333333333
2026-06-01 12:54:00,477.0,4180.572123983606,0.159,0.053,3397.2576,144.13333333333333
2026-06-01 12:54:30,476.0,4180.846556102215,0.159,0.053,3397.3728,144.05
2026-06-01 12:55:00,515.0,4160.083621832744,0.159,0.053,3397.4788,143.88333333333333
2026-06-01 12:55:30,510.0,4242.194611016775,0.159,0.053,3397.5756,143.63333333333333
2026-06-01 12:56:00,513.0,4236.869335685428,0.159,0.053,3397.6629,143.425
2026-06-01 12:56:30,516.0,4180.163801424603,0.159,0.053,3397.7405,143.13333333333333
2026-06-01 12:57:00,536.0,4256.44327917171,0.159,0.053,3397.8084,142.88333333333333
2026-06-01 12:57:30,556.0,4287.1784642915645,0.159,0.053,3397.8662,142.63333333333333
2026-06-01 12:58:00,506.0,4296.678355559259,0.159,0.053,3397.9139,142.63333333333333
2026-06-01 12:58:30,506.5,4254.1040368317235,0.159,0.053,3397.9513,142.71666666666667
2026-06-01 12:59:00,507.0,4189.212472281821,0.159,0.053,3397.9783,142.75833333333333
2026-06-01 12:59:30,515.0,4202.066089824841,0.159,0.053,3397.9945,142.75833333333333
2026-06-01 13:00:00,513.0,4178.693263838655,0.16,0.0534,3398.0,142.75833333333333
2026-06-01 13:00:30,495.0,4275.194954986091,0.16,0.0534,3397.973,143.50833333333333
2026-06-01 13:01:00,510.0,1730.3365129865686,0.16,0.0534,3397.8923,143.675
2026-06-01 13:01:30,442.0,1686.1526532019664,0.16,0.0534,3397.7586,143.8
2026-06-01 13:02:00,425.5,1758.1107782473023,0.16,0.0534,3397.5724,144.21666666666667
2026-06-01 13:02:30,409.0,1788.3138528323564,0.16,0.0534,3397.3343,144.38333333333333
2026-06-01 13:03:00,427.0,1703.3037565007337,0.16,0.0534,3397.045,144.8
2026-06-01 13:03:30,445.0,1671.1218079986584,0.16,0.0534,3396.705,145.05
2026-06-01 13:04:00,403.0,1652.901214886036,0.16,0.0534,3396.3149,145.55
2026-06-01 13:04:30,443.0,1722.7084521178326,0.16,0.0534,3395.8753,145.71666666666667
2026-06-01 13:05:00,437.0,1764.6644889029656,0.16,0.0534,3395.3868,146.35
2026-06-01 13:05:30,481.0,1786.2964314702265,0.16,0.0534,3394.8501,147.08333333333334
2026-06-01 13:06:00,482.0,1697.032971554061,0.16,0.0534,3394.2656,147.84166666666667
2026-06-01 13:06:30,517.0,1716.141827429707,0.16,0.0534,3393.6341,148.75833333333333
2026-06-01 13:07:00,551.0,1797.714522385258,0.16,0.0534,3392.956,149.69166666666666
2026-06-01 13:07:30,555.0,1650.352526978732,0.16,0.0534,3392.2321,150.46666666666667
2026-06-01 13:08:00,553.0,1756.719220158037,0.16,0.0534,3391.4628,151.29166666666666
2026-06-01 13:08:30,556.0,1795.4116909528198,0.16,0.0534,3390.6488,155.4
2026-06-01 13:09:00,559.0,1737.5510230777127,0.16,0.0534,3389.7907,156.94166666666666
2026-06-01 13:09:30,599.0,1713.3382770955727,0.16,0.0534,3388.8891,158.7777775
2026-06-01 13:10:00,633.0,1767.2434396650006,0.16,0.0534,3387.9445,160.63333333333333
2026-06-01 13:10:30,640.0,1762.7084725592622,0.16,0.0534,3386.9577,162.825
2026-06-01 13:11:00,708.0,1706.57033895288,0.16,0.0534,3385.929,165.4
2026-06-01 13:11:30,719.0,1693.5637851941055,0.16,0.0534,3384.8593,167.78333333333333
2026-06-01 13:12:00,783.0,1694.9051819997471,0.16,0.0534,3383.7489,169.9
2026-06-01 13:12:30,789.0,1679.150446467415,0.16,0.0534,3382.5987,171.9375
2026-06-01 13:13:00,814.0,1791.2063016365737,0.16,0.0534,3381.4091,173.89583333333334
2026-06-01 13:13:30,820.0,1755.873318032633,0.16,0.0534,3380.1807,175.8625
2026-06-01 13:14:00,819.0,1709.3772067048571,0.16,0.0534,3378.9141,177.87916666666666
2026-06-01 13:14:30,855.0,1698.2060747172839,0.16,0.0534,3377.61,179.87916666666666
2026-06-01 13:15:00,823.0,1713.9048557434073,0.16,0.0501,3376.269,181.52916666666667
2026-06-01 13:15:30,805.0,1714.0142484328835,0.16,0.0501,3374.8915,183.1125
2026-06-01 13:16:00,764.0,1655.7301187593887,0.16,0.0501,3373.4783,184.57916666666668
2026-06-01 13:16:30,762.0,1661.1634382404511,0.16,0.0501,3372.0299,185.7625
2026-06-01 13:17:00,756.0,1668.0037720642936,0.16,0.0501,3370.5469,187.87083333333334
2026-06-01 13:17:30,774.0,1751.3537886246404,0.16,0.0501,3369.0299,190.0375
2026-06-01 13:18:00,792.0,1745.4435835971599,0.16,0.0501,3367.4795,192.80416666666667
2026-06-01 13:18:30,788.0,1708.3736470508607,0.16,0.0501,3365.8963,194.78333333333333
2026-06-01 13:19:00,801.0,1785.647570301432,0.16,0.0501,3364.2809,196.66666666666666
2026-06-01 13:19:30,783.0,1798.721330391228,0.16,0.0501,3362.6339,199.74166666666667
2026-06-01 13:20:00,820.0,1773.6911983242383,0.16,0.0501,3360.9559,201.825
2026-06-01 13:20:30,829.0,1662.9760064624015,0.16,0.0501,3359.2474,203.21666666666667
2026-06-01 13:21:00,867.0,1680.7293175110108,0.16,0.0501,3357.5092,205.55833333333334
2026-06-01 13:21:30,854.0,1774.5336272146828,0.16,0.0501,3355.7417,207.1
2026-06-01 13:22:00,910.0,1750.591817872423,0.16,0.0501,3353.9456,209.48333333333332
2026-06-01 13:22:30,928.0,1691.2854199387216,0.16,0.0501,3352.1215,210.96666666666667
2026-06-01 13:23:00,946.0,1660.7948524423982,0.16,0.0501,3350.2699,211.75
2026-06-01 13:23:30,1003.0,1706.1907006330025,0.16,0.0501,3348.3915,213.53333333333333
2026-06-01 13:24:00,1002.5,1740.2292517416165,0.16,0.0501,3346.4868,214.80833333333334
2026-06-01 13:24:30,1002.0,1679.5703156512086,0.16,0.0501,3344.5565,216.03333333333333
2026-06-01 13:25:00,997.0,1722.9357498974382,0.16,0.0501,3342.6011,216.98333333333332
2026-06-01 13:25:30,1014.0,1796.9228070789097,0.16,0.0501,3340.6213,218.37083333333334
2026-06-01 13:26:00,1019.0,1652.2902214640644,0.16,0.0501,3338.6176,219.8625
2026-06-01 13:26:30,1014.0,1691.7083135981995,0.16,0.0501,3336.5907,221.27916666666667
2026-06-01 13:27:00,1013.0,1668.550408434838,0.16,0.0501,3334.541,223.04583333333332
2026-06-01 13:27:30,1019.0,1747.8005345077547,0.16,0.0501,3332.4693,224.6875
2026-06-01 13:28:00,1001.0,1748.1717177131727,0.16,0.0501,3330.3761,226.70416666666668
2026-06-01 13:28:30,983.0,1677.7174044563674,0.16,0.0501,3328.2621,228.17916666666667
2026-06-01 13:29:00,979.0,1796.7506507702499,0.16,0.0501,3326.1277,229.89583333333334
2026-06-01 13:29:30,966.0,1779.2195139116277,0.16,0.0501,3323.9737,237.1125
2026-06-01 13:30:00,997.0,1681.8448609501925,0.16,0.0502,3321.8005,245.0375
2026-06-01 13:30:30,979.0,1711.5482083919248,0.16,0.0502,3319.6089,252.47083333333333
2026-06-01 13:31:00,961.0,290.045987049906,0.16,0.0502,3317.3993,259.18055583333336
2026-06-01 13:31:30,1002.0,226.06886492682497,0.16,0.0502,3315.1725,264.0833333333333
2026-06-01 13:32:00,956.0,210.28880290053178,0.16,0.0502,3312.9289,267.24583333333334
2026-06-01 13:32:30,957.0,267.65836967483233,0.16,0.0502,3310.6692,267.2513891666667
2026-06-01 13:33:00,900.0,198.86456371159008,0.16,0.0502,3308.394,267.725
2026-06-01 13:33:30,910.0,223.41812503195047,0.16,0.0502,3306.1039,268.64166666666665
2026-06-01 13:34:00,801.0,200.38141328590382,0.16,0.0502,3303.7994,272.025
2026-06-01 13:34:30,805.0,271.46296360244094,0.16,0.0502,3301.4812,272.21666666666664
2026-06-01 13:35:00,792.0,200.90964017420714,0.16,0.0502,3299.1499,272.76666666666665
2026-06-01 13:35:30,756.0,215.741351285171,0.16,0.0502,3296.806,274.2083333333333
2026-06-01 13:36:00,720.0,208.063785948397,0.16,0.0502,3294.4502,274.65
2026-06-01 13:36:30,792.0,196.5758233926087,0.16,0.0502,3292.083,277.325
2026-06-01 13:37:00,783.0,184.11633878219968,0.16,0.0502,3289.7051,278.675
2026-06-01 13:37:30,833.0,156.35253006538377,0.16,0.0502,3287.317,280.23333333333335
2026-06-01 13:38:00,873.0,233.01696512812373,0.16,0.0502,3284.9194,281.71666666666664
2026-06-01 13:38:30,881.0,158.88666875518726,0.16,0.0502,3282.5128,283.39166666666665
2026-06-01 13:39:00,889.0,184.91595052721735,0.16,0.0502,3280.0978,296.1
2026-06-01 13:39:30,881.5,275.31200704430364,0.16,0.0502,3277.675,306.9916666666667
2026-06-01 13:40:00,874.0,173.3834536086824,0.16,0.0502,3275.2451,308.3666666666667
2026-06-01 13:40:30,829.0,244.38183428795713,0.16,0.0502,3272.8086,309.7375
2026-06-01 13:41:00,819.0,173.651952200979,0.16,0.0502,3270.366,311.0125
2026-06-01 13:41:30,749.0,237.0430444600223,0.16,0.0502,3267.9181,312.26666666666665
2026-06-01 13:42:00,752.0,190.90176722378936,0.16,0.0502,3265.4654,313.68333333333334
2026-06-01 13:42:30,684.0,202.18154233816392,0.16,0.0502,3263.0085,315.0208333333333
2026-06-01 13:43:00,636.0,240.51353358757632,0.16,0.0502,3260.548,316.3375
2026-06-01 13:43:30,635.0,178.30875216209535,0.16,0.0502,3258.0845,317.6875
2026-06-01 13:44:00,592.0,213.4006927622038,0.16,0.0502,3255.6186,319.0708333333333
2026-06-01 13:44:30,570.0,185.57671141237824,0.16,0.0502,3253.1508,320.5875
2026-06-01 13:45:00,569.0,210.8520181828457,0.16,0.0502,3250.6819,333.72083333333336
2026-06-01 13:45:30,566.0,204.24960591364635,0.16,0.0502,3248.2123,335.1736108333333
2026-06-01 13:46:00,563.0,210.89107191701737,0.16,0.0502,3245.7426,336.3625
2026-06-01 13:46:30,561.0,189.5570483476417,0.16,0.0502,3243.2736,337.9875
2026-06-01 13:47:00,563.0,179.5102078923382,0.16,0.0502,3240.8057,336.9875
2026-06-01 13:47:30,629.0,266.6313116699416,0.16,0.0502,3238.3395,349.4291666666667
2026-06-01 13:48:00,557.0,162.81560936906618,0.16,0.0502,3235.8757,349.84583333333336
2026-06-01 13:48:30,565.0,170.09486587309243,0.16,0.0502,3233.4149,350.95416666666665
2026-06-01 13:49:00,607.0,255.848783608588,0.16,0.0502,3230.9576,350.87083333333334
2026-06-01 13:49:30,639.0,240.00671437817888,0.16,0.0502,3228.5045,351.3625
2026-06-01 13:50:00,676.0,289.16669514747565,0.16,0.0502,3226.0561,350.02916666666664
2026-06-01 13:50:30,741.0,190.6114374831713,0.16,0.0502,3223.613,351.30625
2026-06-01 13:51:00,848.0,266.8452076260685,0.16,0.0502,3221.1758,355.19375
2026-06-01 13:51:30,1007.0,240.52341884057205,0.16,0.0502,3218.7452,361.56666666666666
2026-06-01 13:52:00,1163.0,252.20354821830801,0.16,0.0502,3216.3217,370.425
2026-06-01 13:52:30,1309.0,201.32072402510033,0.16,0.0502,3213.9059,370.175
2026-06-01 13:53:00,1492.0,194.70761419424466,0.16,0.0502,3211.4984,370.02333333333337
2026-06-01 13:53:30,1619.0,252.0520980350464,0.16,0.0502,3209.0998,369.97
2026-06-01 13:54:00,1637.5,174.33602750233322,0.16,0.0502,3206.7107,370.01500000000004
2026-06-01 13:54:30,1656.0,276.36783317500135,0.16,0.0502,3204.3318,369.9916666666667
2026-06-01 13:55:00,1692.0,291.95090529650923,0.16,0.0502,3201.9635,370.15
2026-06-01 13:55:30,1728.0,163.0464174254101,0.16,0.0502,3199.6065,370.3833333333333
2026-06-01 13:56:00,1818.0,251.6309789218226,0.16,0.0502,3197.2614,370.44166666666666
2026-06-01 13:56:30,1855.0,216.09804504234955,0.16,0.0502,3194.9288,370.525
2026-06-01 13:57:00,1875.0,291.5176631653791,0.16,0.0502,3192.6092,370.68333333333334
2026-06-01 13:57:30,1791.0,233.7389448065237,0.16,0.0502,3190.3034,370.5833333333333
2026-06-01 13:58:00,1640.0,181.4923222810014,0.16,0.0502,3188.0118,370.6333333333333
2026-06-01 13:58:30,1530.0,175.30280151696348,0.16,0.0502,3185.735,372.2416666666667
2026-06-01 13:59:00,1452.0,271.6947361748224,0.16,0.0502,3183.4738,373.02916666666664
2026-06-01 13:59:30,1423.0,169.76401675245847,0.16,0.0502,3181.2286,372.99583333333334
2026-06-01 14:00:00,1528.0,196.8673864754136,0.176,0.0585,3179.0,372.92083333333335
2026-06-01 14:00:30,1743.0,278.09540686399725,0.176,0.0585,3176.7743,372.2375
2026-06-01 14:01:00,2288.0,202.70390193314887,0.176,0.0585,3174.5374,371.7375
2026-06-01 14:01:30,2066.0,217.53173559793134,0.176,0.0585,3172.2893,371.3208333333333
2026-06-01 14:02:00,2242.0,204.52980438764314,0.176,0.0585,3170.03,370.9125
2026-06-01 14:02:30,2098.0,276.6126601602774,0.176,0.0585,3167.7595,371.1958333333333
2026-06-01 14:03:00,1881.0,282.61673397974806,0.176,0.0585,3165.4779,371.07916666666665
2026-06-01 14:03:30,1764.0,160.21532173503107,0.176,0.0585,3163.1852,369.47083333333336
2026-06-01 14:04:00,1620.0,187.48163894623838,0.176,0.0585,3160.8814,367.47083333333336
2026-06-01 14:04:30,1521.0,178.79400559462914,0.176,0.0585,3158.5665,366.87083333333334
2026-06-01 14:05:00,1415.0,294.2289752413143,0.176,0.0585,3156.2406,366.0208333333333
2026-06-01 14:05:30,1353.0,223.8666948211822,0.176,0.0585,3153.9037,365.29583333333335
2026-06-01 14:06:00,1318.0,228.3914021323438,0.176,0.0585,3151.5558,364.65416666666664
2026-06-01 14:06:30,1323.0,238.45008149981862,0.176,0.0585,3149.197,364.17083333333335
2026-06-01 14:07:00,1276.0,176.8383151520603,0.176,0.0585,3146.8273,363.74583333333334
2026-06-01 14:07:30,1271.0,215.49581339722647,0.176,0.0585,3144.4466,363.42083333333335
2026-06-01 14:08:00,1253.0,268.62877460202554,0.176,0.0585,3142.0551,363.2625
2026-06-01 14:08:30,1217.0,231.39187650469546,0.176,0.0585,3139.6527,359.97083333333336
2026-06-01 14:09:00,1147.0,200.6898670940537,0.176,0.0585,3137.2395,359.1791666666667
2026-06-01 14:09:30,1149.0,276.9614716299112,0.176,0.0585,3134.8154,358.4458333333333
2026-06-01 14:10:00,1053.0,218.33065640013967,0.176,0.0585,3132.3807,355.6458333333333
2026-06-01 14:10:30,1066.0,156.31085085863268,0.176,0.0585,3129.9351,353.7625
2026-06-01 14:11:00,1079.0,278.6277167932535,0.176,0.0585,3127.4789,354.72083333333336
2026-06-01 14:11:30,1039.0,166.61614834779493,0.176,0.0585,3125.012,353.29583333333335
2026-06-01 14:12:00,991.0,264.70111469515075,0.176,0.0585,3122.5344,353.47083333333336
2026-06-01 14:12:30,944.0,294.15272470194543,0.176,0.0585,3120.0461,360.1166666666667
2026-06-01 14:13:00,929.0,232.91712218802624,0.176,0.0585,3117.5473,361.84166666666664
2026-06-01 14:13:30,869.0,165.9792643782061,0.176,0.0585,3115.0378,361.0416666666667
2026-06-01 14:14:00,865.0,251.21788245561748,0.176,0.0585,3112.5178,365.6
2026-06-01 14:14:30,765.0,204.55430454846427,0.176,0.0585,3109.9873,367.47083333333336
2026-06-01 14:15:00,799.0,164.169721785951,0.1855,0.0646,3107.4463,366.90416666666664
2026-06-01 14:15:30,790.0,190.6570654967481,0.1855,0.0646,3104.8947,367.7625
2026-06-01 14:16:00,834.0,174.99387907987892,0.1855,0.0646,3102.3327,367.0541666666667
2026-06-01 14:16:30,868.0,260.72441458251194,0.1855,0.0646,3099.7603,365.6958333333333
2026-06-01 14:17:00,844.0,264.94881382405265,0.1855,0.0646,3097.1775,364.7125
2026-06-01 14:17:30,915.0,207.5937278817242,0.1855,0.0646,3094.5843,363.7125
2026-06-01 14:18:00,893.0,203.51648437221837,0.1855,0.0646,3091.9807,362.87916666666666
2026-06-01 14:18:30,968.0,173.3816437537831,0.1855,0.0646,3089.3669,362.1166666666667
2026-06-01 14:19:00,974.0,189.56267674982416,0.1855,0.0646,3086.7427,361.34166666666664
2026-06-01 14:19:30,1033.0,252.0907419739862,0.1855,0.0646,3084.1082,360.51666666666665
2026-06-01 14:20:00,1095.0,154.77257104023235,0.1855,0.0646,3081.4635,360.2083333333333
2026-06-01 14:20:30,1155.0,241.31775735098216,0.1855,0.0646,3078.8086,359.4583333333333
2026-06-01 14:21:00,1297.0,274.08400761238715,0.1855,0.0646,3076.1435,358.80833333333334
2026-06-01 14:21:30,1404.0,177.45139820324573,0.1855,0.0646,3073.4682,358.175
2026-06-01 14:22:00,1574.0,205.55871910116554,0.1855,0.0646,3070.7828,357.18333333333334
2026-06-01 14:22:30,1831.0,177.5998176161005,0.1855,0.0646,3068.0872,356.4916666666667
2026-06-01 14:23:00,1958.0,290.8064988166439,0.1855,0.0646,3065.3816,355.5083333333333
2026-06-01 14:23:30,2111.0,262.7242917891267,0.1855,0.0646,3062.6659,354.73333333333335
2026-06-01 14:24:00,2192.0,168.68586621362516,0.1855,0.0646,3059.9402,354.1166666666667
2026-06-01 14:24:30,2516.0,194.39302236009874,0.1855,0.0646,3057.2044,353.4125
2026-06-01 14:25:00,4305.0,212.77756074306546,0.1855,0.0646,3054.4587,352.6041666666667
2026-06-01 14:25:30,3624.5,261.35685113503393,0.1855,0.0646,3051.703,351.6875
2026-06-01 14:26:00,2944.0,193.1508101293598,0.1855,0.0646,3048.9373,350.74583333333334
2026-06-01 14:26:30,2650.0,223.6000663379487,0.1855,0.0646,3046.1618,349.8041666666667
2026-06-01 14:27:00,2459.0,197.03640476931582,0.1855,0.0646,3043.3764,348.7375
2026-06-01 14:27:30,5277.0,251.1950738187701,0.1855,0.0646,3040.5811,347.6625
2026-06-01 14:28:00,5614.0,163.33725172250942,0.1855,0.0646,3037.776,346.3041666666667
2026-06-01 14:28:30,2164.0,183.20041447046924,0.1855,0.0646,3034.9611,344.7708333333333
2026-06-01 14:29:00,2286.0,167.6151269639068,0.1855,0.0646,3032.1364,343.45
2026-06-01 14:29:30,1994.0,218.14685937759057,0.1855,0.0646,3029.3019,337.0
2026-06-01 14:30:00,2168.0,179.53752254401454,0.185,0.0684,3026.4578,330.12916666666666
2026-06-01 14:30:30,2105.0,242.13822126931422,0.185,0.0684,3023.6039,322.9791666666667
2026-06-01 14:31:00,2357.0,214.92897665971526,0.185,0.0684,3020.7404,316.7708333333333
2026-06-01 14:31:30,2458.0,154.45996609297714,0.185,0.0684,3017.8672,312.3208333333333
2026-06-01 14:32:00,2121.0,210.92067899666296,0.185,0.0684,3014.9844,309.575
2026-06-01 14:32:30,1981.0,298.04335714478367,0.185,0.0684,3012.092,309.95
2026-06-01 14:33:00,1858.0,254.5616369919443,0.185,0.0684,3009.19,309.8208333333333
2026-06-01 14:33:30,1701.0,183.3911744350082,0.185,0.0684,3006.2785,309.2125
2026-06-01 14:34:00,1591.0,163.6806149821767,0.185,0.0684,3003.3575,306.075
2026-06-01 14:34:30,1393.0,173.13389334149298,0.185,0.0684,3000.427,306.06666666666666
2026-06-01 14:35:00,1298.0,220.69689091883492,0.185,0.0684,2997.487,305.6958333333333
2026-06-01 14:35:30,1183.0,180.70891823210877,0.185,0.0684,2994.5376,304.4291666666667
2026-06-01 14:36:00,1113.0,283.72838372616036,0.185,0.0684,2991.5787,304.1375
2026-06-01 14:36:30,1043.0,154.4519085121121,0.185,0.0684,2988.6105,301.7708333333333
2026-06-01 14:37:00,1002.0,276.98261160431326,0.185,0.0684,2985.633,300.6375
2026-06-01 14:37:30,1031.0,211.632947940004,0.185,0.0684,2982.6461,299.37083333333334
2026-06-01 14:38:00,1054.0,236.52874812601516,0.185,0.0684,2979.6499,298.0875
2026-06-01 14:38:30,1106.0,202.72230780136442,0.185,0.0684,2976.6444,296.7708333333333
2026-06-01 14:39:00,1158.0,281.8465907505489,0.185,0.0684,2973.6296,284.27916666666664
2026-06-01 14:39:30,1230.0,228.45480554356328,0.185,0.0684,2970.6056,273.6458333333333
2026-06-01 14:40:00,1311.0,219.82284163856093,0.185,0.0684,2967.5725,272.4291666666667
2026-06-01 14:40:30,1403.0,162.2745729562811,0.185,0.0684,2964.5301,271.12916666666666
2026-06-01 14:41:00,1611.5,243.71688282397093,0.185,0.0684,2961.4786,270.0208333333333
2026-06-01 14:41:30,1820.0,217.92798775538114,0.185,0.0684,2958.418,268.9508333333333
2026-06-01 14:42:00,4447.0,297.5112963937842,0.185,0.0684,2955.3483,267.73583333333335
2026-06-01 14:42:30,2026.0,219.77182680531496,0.185,0.0684,2952.2695,266.6175
2026-06-01 14:43:00,5165.0,267.472078272124,0.185,0.0684,2949.1817,265.5375
2026-06-01 14:43:30,3877.0,277.42417503663415,0.185,0.0684,2946.0848,264.44166666666666
2026-06-01 14:44:00,4325.0,237.02825937638647,0.185,0.0684,2942.979,263.2916666666667
2026-06-01 14:44:30,2124.0,226.99637801613778,0.185,0.0684,2939.8641,261.8833333333333
2026-06-01 14:45:00,5260.0,208.22147722123424,0.1868,0.0674,2936.7404,248.73333333333332
2026-06-01 14:45:30,5122.0,252.42104733409414,0.1868,0.0674,2933.6077,247.19166666666666
2026-06-01 14:46:00,5132.0,183.09605951395372,0.1868,0.0674,2930.4662,245.84166666666667
2026-06-01 14:46:30,4451.0,255.98066934364968,0.1868,0.0674,2927.3157,244.03333333333333
2026-06-01 14:47:00,4669.0,297.9299783674933,0.1868,0.0674,2924.1565,245.28333333333333
2026-06-01 14:47:30,1555.0,230.94109925652535,0.1868,0.0674,2920.9884,232.6
2026-06-01 14:48:00,1443.0,159.28225379461932,0.1868,0.0674,2917.8116,232.20833333333334
2026-06-01 14:48:30,1414.0,279.02121403509807,0.1868,0.0674,2914.6259,231.2
2026-06-01 14:49:00,1578.0,193.37957125759897,0.1868,0.0674,2911.4316,231.26666666666668
2026-06-01 14:49:30,1502.0,235.11929130946942,0.1868,0.0674,2908.2286,230.6
2026-06-01 14:50:00,1678.0,290.8827844413517,0.1868,0.0674,2905.0168,231.71666666666667
2026-06-01 14:50:30,2281.0,150.70994772017985,0.1868,0.0674,2901.7965,230.23958333333334
2026-06-01 14:51:00,4936.0,242.41380640478803,0.1868,0.0674,2898.5675,226.42708333333334
2026-06-01 14:51:30,1886.0,220.22824131108115,0.1868,0.0674,2895.3299,219.94583333333333
2026-06-01 14:52:00,2708.0,163.21867839879866,0.1868,0.0674,2892.0837,210.80416666666667
2026-06-01 14:52:30,1713.0,256.94820713341767,0.1868,0.0674,2888.8289,210.87083333333334
2026-06-01 14:53:00,2304.0,255.63866932594766,0.1868,0.0674,2885.5657,210.76416666666668
2026-06-01 14:53:30,3245.0,213.38554102200217,0.1868,0.0674,2882.294,210.70916666666668
2026-06-01 14:54:00,4850.0,185.42623302283872,0.1868,0.0674,2879.0137,210.58916666666667
2026-06-01 14:54:30,2075.0,179.0989402670661,0.1868,0.0674,2875.7251,210.4875
2026-06-01 14:55:00,2492.0,295.39599991917237,0.1868,0.0674,2872.428,210.41666666666666
2026-06-01 14:55:30,2843.0,236.40135204055917,0.1868,0.0674,2869.1225,210.23333333333332
2026-06-01 14:56:00,3492.0,231.01355466110593,0.1868,0.0674,2865.8087,210.075
2026-06-01 14:56:30,3842.5,295.90390882415875,0.1868,0.0674,2862.4865,209.75833333333333
2026-06-01 14:57:00,4193.0,243.89808925853862,0.1868,0.0674,2859.156,209.4
2026-06-01 14:57:30,1718.0,249.25591000872117,0.1868,0.0674,2855.8173,209.35
2026-06-01 14:58:00,2416.0,172.13814271227383,0.1868,0.0674,2852.4702,209.29166666666666
2026-06-01 14:58:30,1571.0,163.68098769656518,0.1868,0.0674,2849.115,207.36666666666667
2026-06-01 14:59:00,1447.0,152.11827769912978,0.1868,0.0674,2845.7515,206.20416666666668
2026-06-01 14:59:30,3857.0,219.85725101122534,0.1868,0.0674,2842.3798,205.97083333333333
2026-06-01 15:00:00,2430.0,271.53191897694956,0.1852,0.0557,2839.0,205.9625
2026-06-01 15:00:30,1832.0,275.02408696053146,0.1852,0.0557,2835.606,205.47083333333333
2026-06-01 15:01:00,2000.0,240.18740295373857,0.1852,0.0557,2832.192,205.19166666666666
2026-06-01 15:01:30,1869.0,268.9283400303384,0.1852,0.0557,2828.7582,205.14166666666668
2026-06-01 15:02:00,1753.0,188.24932727474675,0.1852,0.0557,2825.3046,204.80833333333334
2026-06-01 15:02:30,1691.0,204.63851470617305,0.1852,0.0557,2821.8315,203.84166666666667
2026-06-01 15:03:00,1724.0,209.40484567042455,0.1852,0.0557,2818.339,203.125
2026-06-01 15:03:30,1715.0,299.73436300491704,0.1852,0.0557,2814.8272,203.85833333333332
2026-06-01 15:04:00,2370.0,285.3712965281401,0.1852,0.0557,2811.2965,204.78333333333333
2026-06-01 15:04:30,1859.0,241.72633301576624,0.1852,0.0557,2807.7468,204.66666666666666
2026-06-01 15:05:00,1943.0,277.2736732435821,0.1852,0.0557,2804.1785,204.4902775
2026-06-01 15:05:30,1986.0,157.83591731340888,0.1852,0.0557,2800.5915,204.24583333333334
2026-06-01 15:06:00,1872.0,227.08750253994273,0.1852,0.0557,2796.9862,204.09166666666667
2026-06-01 15:06:30,1791.0,211.642656252134,0.1852,0.0557,2793.3627,203.81944416666664
2026-06-01 15:07:00,1991.0,230.97312196932717,0.1852,0.0557,2789.7211,203.5875
2026-06-01 15:07:30,2100.0,176.0321899655951,0.1852,0.0557,2786.0616,203.27916666666667
2026-06-01 15:08:00,2403.0,175.18441117487134,0.1852,0.0557,2782.3844,202.7625
2026-06-01 15:08:30,1998.0,263.3260077355905,0.1852,0.0557,2778.6896,202.14583333333334
2026-06-01 15:09:00,2173.0,293.82408767335494,0.1852,0.0557,2774.9775,201.67083333333332
2026-06-01 15:09:30,3293.0,292.1793976229445,0.1852,0.0557,2771.2481,200.91666666666666
2026-06-01 15:10:00,2974.0,170.33310498683133,0.1852,0.0557,2767.5016,202.28333333333333
2026-06-01 15:10:30,2778.0,253.1950313882371,0.1852,0.0557,2763.7382,202.30833333333334
2026-06-01 15:11:00,4664.0,207.99861141156288,0.1852,0.0557,2759.9581,199.03333333333333
2026-06-01 15:11:30,2573.0,186.44432192036302,0.1852,0.0557,2756.1614,198.48333333333332
2026-06-01 15:12:00,3381.5,276.2009076710476,0.1852,0.0557,2752.3483,196.59166666666667
2026-06-01 15:12:30,4190.0,259.6644978754236,0.1852,0.0557,2748.519,188.20833333333334
2026-06-01 15:13:00,4177.0,177.01487514309633,0.1852,0.0557,2744.6736,184.7
2026-06-01 15:13:30,1868.0,294.5712621195156,0.1852,0.0557,2740.8122,183.7
2026-06-01 15:14:00,1640.0,253.75650012988945,0.1852,0.0557,2736.9352,177.26666666666668
2026-06-01 15:14:30,1497.0,156.8469916036828,0.1852,0.0557,2733.0425,173.2875
2026-06-01 15:15:00,1426.0,266.0858352985487,0.1868,0.0558,2729.1344,171.99583333333334
2026-06-01 15:15:30,1343.0,249.0140174080649,0.1868,0.0558,2725.2111,169.24583333333334
2026-06-01 15:16:00,1278.0,158.86966927503371,0.1868,0.0558,2721.2727,168.1125
2026-06-01 15:16:30,1231.0,299.78039798704935,0.1868,0.0558,2717.3193,167.74166666666667
2026-06-01 15:17:00,1177.0,266.3712361382237,0.1868,0.0558,2713.3512,167.025
2026-06-01 15:17:30,1107.0,222.7573627271529,0.1868,0.0558,2709.3686,167.26666666666668
2026-06-01 15:18:00,1050.0,158.55251067422387,0.1868,0.0558,2705.3714,166.8
2026-06-01 15:18:30,973.0,283.8739153378457,0.1868,0.0558,2701.3601,169.05
2026-06-01 15:19:00,852.0,204.36227701647175,0.1868,0.0558,2697.3346,170.5527775
2026-06-01 15:19:30,810.0,199.20309438696052,0.1868,0.0558,2693.2952,171.325
2026-06-01 15:20:00,787.0,170.07402117856287,0.1868,0.0558,2689.242,171.19166666666666
2026-06-01 15:20:30,733.0,186.55018627820274,0.1868,0.0558,2685.1752,170.81111083333332
2026-06-01 15:21:00,754.0,296.3816691159151,0.1868,0.0558,2681.095,169.625
2026-06-01 15:21:30,792.0,160.30749473900877,0.1868,0.0558,2677.0016,167.63333333333333
2026-06-01 15:22:00,785.0,190.21071906216375,0.1868,0.0558,2672.895,167.4
2026-06-01 15:22:30,778.0,219.76471660459208,0.1868,0.0558,2668.7754,167.19166666666666
2026-06-01 15:23:00,858.0,202.52803906541098,0.1868,0.0558,2664.6431,166.14166666666668
2026-06-01 15:23:30,907.0,252.70401277424065,0.1868,0.0558,2660.4982,168.1
2026-06-01 15:24:00,940.0,167.1937353051899,0.1868,0.0558,2656.3408,171.35833333333332
2026-06-01 15:24:30,1009.0,175.44156347102057,0.1868,0.0558,2652.1712,170.9125
2026-06-01 15:25:00,1002.0,272.74289355817996,0.1868,0.0558,2647.9894,170.6625
2026-06-01 15:25:30,995.0,267.82828053905905,0.1868,0.0558,2643.7957,170.7875
2026-06-01 15:26:00,979.0,153.19661662145094,0.1868,0.0558,2639.5902,172.02916666666667
2026-06-01 15:26:30,974.0,264.59809631568623,0.1868,0.0558,2635.3731,172.1375
2026-06-01 15:27:00,978.3333,223.57431411241387,0.1868,0.0558,2631.1445,172.4375
2026-06-01 15:27:30,982.6667,219.22360686388302,0.1868,0.0558,2626.9046,173.40416666666667
2026-06-01 15:28:00,987.0,221.47349506231598,0.1868,0.0558,2622.6537,173.12083333333334
2026-06-01 15:28:30,996.0,288.6556853008226,0.1868,0.0558,2618.3917,173.05416666666667
2026-06-01 15:29:00,1008.0,288.9610347529783,0.1868,0.0558,2614.1189,173.025
2026-06-01 15:29:30,915.0,234.21847807058106,0.1868,0.0558,2609.8356,172.45
2026-06-01 15:30:00,946.0,256.00283335836235,0.2014,0.0653,2605.5417,174.24583333333334
2026-06-01 15:30:30,927.0,240.60699062795078,0.2014,0.0653,2601.2376,176.07083333333333
2026-06-01 15:31:00,908.0,198.74467585054404,0.2014,0.0653,2596.9233,180.47083333333333
2026-06-01 15:31:30,912.0,259.2232461945842,0.2014,0.0653,2592.599,180.8875
2026-06-01 15:32:00,963.0,295.3118363127994,0.2014,0.0653,2588.2649,181.3277775
2026-06-01 15:32:30,942.0,257.00432015656827,0.2014,0.0653,2583.9212,181.79166666666666
2026-06-01 15:33:00,952.0,294.29671245315365,0.2014,0.0653,2579.5681,182.27916666666667
2026-06-01 15:33:30,951.0,214.29133803719847,0.2014,0.0653,2575.2056,182.79027749999997
2026-06-01 15:34:00,948.0,214.36766024274226,0.2014,0.0653,2570.8339,183.325
2026-06-01 15:34:30,949.0,152.1354393514092,0.2014,0.0653,2566.4533,183.88333333333333
2026-06-01 15:35:00,980.0,279.87728390338276,0.2014,0.0653,2562.0639,185.90416666666667
2026-06-01 15:35:30,1008.0,241.60657838707778,0.2014,0.0653,2557.6658,186.69583333333333
2026-06-01 15:36:00,1020.0,174.53909605233054,0.2014,0.0653,2553.2592,187.82916666666668
2026-06-01 15:36:30,1017.0,271.10194544711976,0.2014,0.0653,2548.8443,188.67083333333332
2026-06-01 15:37:00,1095.0,215.16248532725996,0.2014,0.0653,2544.4213,190.62083333333334
2026-06-01 15:37:30,1083.0,174.94930886668183,0.2014,0.0653,2539.9903,191.2625
2026-06-01 15:38:00,1050.0,185.40810908858373,0.2014,0.0653,2535.5514,191.54583333333332
2026-06-01 15:38:30,983.0,204.49955720968944,0.2014,0.0653,2531.1049,192.22083333333333
2026-06-01 15:39:00,881.0,253.1035934483612,0.2014,0.0653,2526.6509,193.2625
2026-06-01 15:39:30,786.0,198.2819562367656,0.2014,0.0653,2522.1895,194.47083333333333
2026-06-01 15:40:00,672.0,296.3558623645314,0.2014,0.0653,2517.721,194.94583333333333
2026-06-01 15:40:30,583.0,255.61558360915183,0.2014,0.0653,2513.2455,194.6625
2026-06-01 15:41:00,486.0,250.67673321004986,0.2014,0.0653,2508.7632,194.54166666666666
2026-06-01 15:41:30,437.0,160.58222811902039,0.2014,0.0653,2504.2741,194.6616666666667
2026-06-01 15:42:00,345.0,254.58228540710604,0.2014,0.0653,2499.7786,195.0225
2026-06-01 15:42:30,348.0,280.1088748113502,0.2014,0.0653,2495.2768,195.62416666666667
2026-06-01 15:43:00,316.5,244.15096520779196,0.2014,0.0653,2490.7687,196.46666666666667
2026-06-01 15:43:30,285.0,269.8413277898276,0.2014,0.0653,2486.2547,197.55
2026-06-01 15:44:00,225.0,195.52508223577547,0.2014,0.0653,2481.7348,199.00833333333333
2026-06-01 15:44:30,224.5,242.10705389725618,0.2014,0.0653,2477.2092,200.7
2026-06-01 15:45:00,224.0,248.5300198599046,0.2121,0.072,2472.6781,200.73333333333332
2026-06-01 15:45:30,225.5,259.63445820997146,0.2121,0.072,2468.1417,201.225
2026-06-01 15:46:00,227.0,178.52132355975365,0.2121,0.072,2463.6001,203.19166666666666
2026-06-01 15:46:30,229.0,223.03232259078004,0.2121,0.072,2459.0535,203.85833333333332
2026-06-01 15:47:00,262.0,214.54861054259266,0.2121,0.072,2454.502,204.18333333333334
2026-06-01 15:47:30,295.0,293.81788917739595,0.2121,0.072,2449.9458,204.59583333333333
2026-06-01 15:48:00,294.0,265.52003738223544,0.2121,0.072,2445.3851,204.92083333333332
2026-06-01 15:48:30,332.0,270.9659273533469,0.2121,0.072,2440.82,205.27916666666667
2026-06-01 15:49:00,326.0,196.64537538521336,0.2121,0.072,2436.2508,205.8625
2026-06-01 15:49:30,328.0,254.55018021082026,0.2121,0.072,2431.6775,206.72083333333333
2026-06-01 15:50:00,361.0,250.18741500029572,0.2121,0.072,2427.1003,207.42083333333332
2026-06-01 15:50:30,357.0,251.08554170017845,0.2121,0.072,2422.5195,207.49583333333334
2026-06-01 15:51:00,380.0,242.91080135090743,0.2121,0.072,2417.9351,207.42083333333332
2026-06-01 15:51:30,403.0,256.87250823494117,0.2121,0.072,2413.3473,207.5125
2026-06-01 15:52:00,405.0,214.6776529868588,0.2121,0.072,2408.7564,207.71666666666667
2026-06-01 15:52:30,479.0,161.24988212587135,0.2121,0.072,2404.1624,207.75833333333333
2026-06-01 15:53:00,550.0,156.51482509583985,0.2121,0.072,2399.5655,207.875
2026-06-01 15:53:30,616.0,225.52147943476683,0.2121,0.072,2394.9659,207.8
2026-06-01 15:54:00,684.0,229.63903547095708,0.2121,0.072,2390.3638,207.83333333333334
2026-06-01 15:54:30,752.0,275.2241037617685,0.2121,0.072,2385.7593,207.79166666666666
2026-06-01 15:55:00,748.0,263.9884588905624,0.2121,0.072,2381.1526,207.75416666666666
2026-06-01 15:55:30,733.5,233.3662520268911,0.2121,0.072,2376.5438,207.72916666666666
2026-06-01 15:56:00,719.0,207.80067146263215,0.2121,0.072,2371.9332,207.7375
2026-06-01 15:56:30,748.0,256.1782836397854,0.2121,0.072,2367.3208,207.90416666666667
2026-06-01 15:57:00,694.0,259.77884695761446,0.2121,0.072,2362.7069,208.0625
2026-06-01 15:57:30,714.0,289.29985002111687,0.2121,0.072,2358.0916,208.1125
2026-06-01 15:58:00,708.0,208.24664672783467,0.2121,0.072,2353.4751,208.12916666666666
2026-06-01 15:58:30,702.0,154.38276257299205,0.2121,0.072,2348.8575,208.22916666666666
2026-06-01 15:59:00,696.0,257.67071593586263,0.2121,0.072,2344.239,208.49583333333334
2026-06-01 15:59:30,653.0,245.94757064454257,0.2121,0.072,2339.6198,208.7625
2026-06-01 16:00:00,637.0,294.2011496653739,0.1835,0.0701,2335.0,208.95416666666668
2026-06-01 16:00:30,624.0,194.72145228849197,0.1835,0.0701,2330.3725,209.39583333333334
2026-06-01 16:01:00,611.0,152.2751612385131,0.1835,0.0701,2325.7302,209.58333333333334
2026-06-01 16:01:30,597.5,154.2399540419409,0.1835,0.0701,2321.0732,209.59166666666667
2026-06-01 16:02:00,584.0,267.78160039282795,0.1835,0.0701,2316.4016,209.64166666666668
2026-06-01 16:02:30,581.0,179.97104437424832,0.1835,0.0701,2311.7157,209.70833333333334
2026-06-01 16:03:00,578.0,229.08947760483144,0.1835,0.0701,2307.0156,209.85833333333332
2026-06-01 16:03:30,615.0,206.31202355093083,0.1835,0.0701,2302.3015,209.98333333333332
2026-06-01 16:04:00,650.0,151.9178902586768,0.1835,0.0701,2297.5734,210.22083333333333
2026-06-01 16:04:30,647.0,228.46088008307612,0.1835,0.0701,2292.8317,210.2625
2026-06-01 16:05:00,680.0,291.8005061687149,0.1835,0.0701,2288.0763,210.34722250000002
2026-06-01 16:05:30,642.0,294.71116180007766,0.1835,0.0701,2283.3076,210.34166666666667
2026-06-01 16:06:00,570.0,169.94269243587914,0.1835,0.0701,2278.5257,210.40416666666667
2026-06-01 16:06:30,564.0,243.0888002639718,0.1835,0.0701,2273.7307,210.33472250000003
2026-06-01 16:07:00,535.0,281.0614123824263,0.1835,0.0701,2268.9227,210.25833333333333
2026-06-01 16:07:30,503.0,220.0237545586742,0.1835,0.0701,2264.102,210.13333333333333
2026-06-01 16:08:00,430.0,276.42216034491395,0.1835,0.0701,2259.2687,210.05
2026-06-01 16:08:30,428.0,256.71057110042887,0.1835,0.0701,2254.423,210.16666666666666
2026-06-01 16:09:00,391.0,157.42714200351134,0.1835,0.0701,2249.5651,210.175
2026-06-01 16:09:30,347.0,268.6450656062066,0.1835,0.0701,2244.695,209.97916666666666
2026-06-01 16:10:00,335.5,297.0770397814377,0.1835,0.0701,2239.813,209.7875
2026-06-01 16:10:30,324.0,206.01867577340454,0.1835,0.0701,2234.9191,209.72916666666666
2026-06-01 16:11:00,329.0,208.79015615487498,0.1835,0.0701,2230.0137,209.70416666666668
2026-06-01 16:11:30,299.0,244.34733615364192,0.1835,0.0701,2225.0968,209.67083333333332
2026-06-01 16:12:00,297.0,153.19438926462246,0.1835,0.0701,2220.1686,209.60416666666666
2026-06-01 16:12:30,300.0,260.7207350302739,0.1835,0.0701,2215.2293,209.57916666666668
2026-06-01 16:13:00,326.0,212.21222617708912,0.1835,0.0701,2210.279,209.62083333333334
2026-06-01 16:13:30,370.0,183.31825325931965,0.1835,0.0701,2205.3179,209.47083333333333
2026-06-01 16:14:00,379.3333,227.96497045209236,0.1835,0.0701,2200.3461,209.3875
2026-06-01 16:14:30,388.6667,275.261169682611,0.1835,0.0701,2195.3638,209.59583333333333
2026-06-01 16:15:00,398.0,260.35154000979855,0.199,0.0881,2190.3712,209.75416666666666
2026-06-01 16:15:30,336.0,257.0174683283518,0.199,0.0881,2185.3685,209.92916666666667
2026-06-01 16:16:00,367.0,243.17260184554226,0.199,0.0881,2180.3557,209.92916666666667
2026-06-01 16:16:30,336.0,197.60402512829052,0.199,0.0881,2175.3331,210.0
2026-06-01 16:17:00,370.0,234.50834772225372,0.199,0.0881,2170.3008,209.975
2026-06-01 16:17:30,398.0,281.69017395631437,0.199,0.0881,2165.2589,209.09166666666667
2026-06-01 16:18:00,367.0,185.84308587209563,0.199,0.0881,2160.2077,208.98333333333332
2026-06-01 16:18:30,368.0,252.11301818255458,0.199,0.0881,2155.1473,205.9375
2026-06-01 16:19:00,339.0,283.00505866348954,0.199,0.0881,2150.0779,203.50138916666668
2026-06-01 16:19:30,335.0,205.2981288220288,0.199,0.0881,2144.9996,201.83333333333334
2026-06-01 16:20:00,336.0,204.1813335236592,0.199,0.0881,2139.9126,200.93333333333334
2026-06-01 16:20:30,304.0,195.57796370606408,0.199,0.0881,2134.817,200.87222250000002
2026-06-01 16:21:00,284.5,153.96356570987572,0.199,0.0881,2129.713,201.34166666666667
2026-06-01 16:21:30,265.0,221.88387374608655,0.199,0.0881,2124.6008,202.64166666666668
2026-06-01 16:22:00,303.0,169.71555006680597,0.199,0.0881,2119.4805,202.175
2026-06-01 16:22:30,300.0,233.73866037683894,0.199,0.0881,2114.3523,201.65833333333333
2026-06-01 16:23:00,299.5,181.09952750383886,0.199,0.0881,2109.2164,202.1
2026-06-01 16:23:30,299.0,237.63762672376077,0.199,0.0881,2104.0728,199.55
2026-06-01 16:24:00,303.0,158.6365523873858,0.199,0.0881,2098.9219,195.50833333333333
2026-06-01 16:24:30,312.6667,155.34220883725413,0.199,0.0881,2093.7637,195.48333333333332
2026-06-01 16:25:00,322.3333,267.1088594751118,0.199,0.0881,2088.5983,195.175
2026-06-01 16:25:30,332.0,294.6649268212248,0.199,0.0881,2083.4261,194.475
2026-06-01 16:26:00,367.0,194.12862410663826,0.199,0.0881,2078.247,192.79166666666666
2026-06-01 16:26:30,403.0,239.95800503203543,0.199,0.0881,2073.0614,192.15833333333333
2026-06-01 16:27:00,395.0,243.86737776829733,0.199,0.0881,2067.8692,191.55833333333334
2026-06-01 16:27:30,398.0,197.49048708600176,0.199,0.0881,2062.6708,190.06666666666666
2026-06-01 16:28:00,403.0,154.23493528284206,0.199,0.0881,2057.4663,189.83333333333334
2026-06-01 16:28:30,405.5,158.84258632754322,0.199,0.0881,2052.2557,189.5
2026-06-01 16:29:00,408.0,288.72408072283906,0.199,0.0881,2047.0394,189.3
2026-06-01 16:29:30,405.5,154.71041646669292,0.199,0.0881,2041.8174,189.49166666666667
2026-06-01 16:30:00,403.0,194.55521146986877,0.2154,0.1153,2036.5899,187.425
2026-06-01 16:30:30,371.0,246.65889476857888,0.2154,0.1153,2031.3571,185.5
2026-06-01 16:31:00,401.0,230.55460257926387,0.2154,0.1153,2026.1192,180.81833333333333
2026-06-01 16:31:30,413.0,294.6319535785301,0.2154,0.1153,2020.8762,180.20499999999998
2026-06-01 16:32:00,379.0,228.3323233892813,0.2154,0.1153,2015.6284,179.64055583333337
2026-06-01 16:32:30,413.0,177.18564957628607,0.2154,0.1153,2010.3759,179.125
2026-06-01 16:33:00,412.0,197.8101089558539,0.2154,0.1153,2005.1188,178.65833333333333
2026-06-01 16:33:30,413.0,237.1688257751476,0.2154,0.1153,1999.8575,177.84722250000002
2026-06-01 16:34:00,393.5,167.89563759243845,0.2154,0.1153,1994.5919,177.14583333333334
2026-06-01 16:34:30,374.0,219.86764673935662,0.2154,0.1153,1989.3223,176.55416666666667
2026-06-01 16:35:00,406.0,159.2395904441236,0.2154,0.1153,1984.0488,174.47916666666666
2026-06-01 16:35:30,370.0,179.41396672296014,0.2154,0.1153,1978.7716,173.52916666666667
2026-06-01 16:36:00,332.0,188.37669330169174,0.2154,0.1153,1973.4908,172.37083333333334
2026-06-01 16:36:30,273.0,170.98724131016257,0.2154,0.1153,1968.2067,171.40416666666667
2026-06-01 16:37:00,229.0,191.07197966803784,0.2154,0.1153,1962.9193,169.57916666666668
2026-06-01 16:37:30,230.0,268.2706823719858,0.2154,0.1153,1957.6288,168.95416666666668
2026-06-01 16:38:00,160.0,215.11248404525753,0.2154,0.1153,1952.3355,168.80416666666667
2026-06-01 16:38:30,157.5,262.8192674489294,0.2154,0.1153,1947.0394,168.05416666666667
2026-06-01 16:39:00,155.0,157.19884603905902,0.2154,0.1153,1941.7407,167.49583333333334
2026-06-01 16:39:30,123.0,230.5185235876183,0.2154,0.1153,1936.4396,166.7375
2026-06-01 16:40:00,91.0,257.9257193492305,0.2154,0.1153,1931.1362,166.62916666666666
2026-06-01 16:40:30,87.0,289.90170565746587,0.2154,0.1153,1925.8308,167.5875
2026-06-01 16:41:00,71.0,231.96531687303536,0.2154,0.1153,1920.5234,168.68333333333334
2026-06-01 16:41:30,37.0,247.64790670223323,0.2154,0.1153,1915.2142,169.41666666666666
2026-06-01 16:42:00,29.0,297.63985067051556,0.2154,0.1153,1909.9034,169.10416666666666
2026-06-01 16:42:30,24.0,177.38892339121162,0.2154,0.1153,1904.5911,169.2125
2026-06-01 16:43:00,0.0,167.41539585553244,0.2154,0.1153,1899.2776,168.83333333333334
2026-06-01 16:43:30,0.0,191.23482320892248,0.2154,0.1153,1893.9629,169.06666666666666
2026-06-01 16:44:00,0.0,159.92126104918336,0.2154,0.1153,1888.6472,168.84166666666667
2026-06-01 16:44:30,0.0,210.60475643318648,0.2154,0.1153,1883.3308,170.675
2026-06-01 16:45:00,0.0,216.81458393489459,0.2262,0.1262,1878.0137,171.30833333333334
2026-06-01 16:45:30,0.0,251.90276867927275,0.2262,0.1262,1872.6961,174.41666666666666
2026-06-01 16:46:00,0.0,254.1890267436669,0.2262,0.1262,1867.3782,173.50833333333333
2026-06-01 16:46:30,0.0,207.40891099579423,0.2262,0.1262,1862.0601,173.31666666666666
2026-06-01 16:47:00,0.0,182.4531982515565,0.2262,0.1262,1856.742,172.98333333333332
2026-06-01 16:47:30,0.0,253.00016877328915,0.2262,0.1262,1851.4241,173.4625
2026-06-01 16:48:00,0.0,192.5739383206748,0.2262,0.1262,1846.1065,174.09583333333333
2026-06-01 16:48:30,0.0,288.64753479092485,0.2262,0.1262,1840.7894,174.68035749999999
2026-06-01 16:49:00,0.0,266.4853887983113,0.2262,0.1262,1835.4729,175.21607166666666
2026-06-01 16:49:30,0.0,241.76072826367914,0.2262,0.1262,1830.1572,175.56964333333332
2026-06-01 16:50:00,0.0,235.68455787300383,0.2262,0.1262,1824.8425,176.05773833333333
2026-06-01 16:50:30,0.0,163.9972065555731,0.2262,0.1262,1819.529,177.21369083333332
2026-06-01 16:51:00,0.0,271.18581842843355,0.2262,0.1262,1814.2167,178.30416666666667
2026-06-01 16:51:30,0.0,188.47030069701015,0.2262,0.1262,1808.9058,179.34583333333333
2026-06-01 16:52:00,0.0,234.94965131086752,0.2262,0.1262,1803.5966,180.35833333333332
2026-06-01 16:52:30,0.0,251.98311874780148,0.2262,0.1262,1798.2892,180.50833333333333
2026-06-01 16:53:00,0.0,274.30695407394273,0.2262,0.1262,1792.9837,181.86666666666667
2026-06-01 16:53:30,0.0,244.88456367415108,0.2262,0.1262,1787.6802,182.54166666666666
2026-06-01 16:54:00,0.0,210.38254940266995,0.2262,0.1262,1782.3791,183.13333333333333
2026-06-01 16:54:30,0.0,209.57213839803808,0.2262,0.1262,1777.0803,183.825
2026-06-01 16:55:00,0.0,159.21220100993833,0.2262,0.1262,1771.7842,185.0
2026-06-01 16:55:30,0.0,153.58047231662948,0.2262,0.1262,1766.4908,185.725
2026-06-01 16:56:00,0.0,202.99015705787386,0.2262,0.1262,1761.2002,186.36666666666667
2026-06-01 16:56:30,0.0,272.80235026256435,0.2262,0.1262,1755.9128,188.09166666666667
2026-06-01 16:57:00,0.0,182.27498679650333,0.2262,0.1262,1750.6286,188.70833333333334
2026-06-01 16:57:30,0.0,265.3561833510658,0.2262,0.1262,1745.3477,189.19166666666666
2026-06-01 16:58:00,0.0,276.17376277047026,0.2262,0.1262,1740.0704,189.73333333333332
2026-06-01 16:58:30,0.0,196.05558861007592,0.2262,0.1262,1734.7969,189.8
2026-06-01 16:59:00,0.0,159.90835299376408,0.2262,0.1262,1729.5272,189.89166666666668
2026-06-01 16:59:30,0.0,226.90288854602574,0.2262,0.1262,1724.2615,190.9
2026-06-01 17:00:00,0.0,270.54797575612486,0.2095,0.1095,1719.0,190.975
2026-06-01 17:00:30,0.0,159.3503638341528,0.2095,0.1095,1713.7352,191.15
2026-06-01 17:01:00,0.0,291.80794797922147,0.2095,0.1095,1708.4595,192.575
2026-06-01 17:01:30,73.0,265.93337834258085,0.2095,0.1095,1703.1733,192.99166666666667
2026-06-01 17:02:00,88.0,243.9478815963541,0.2095,0.1095,1697.8767,193.15
2026-06-01 17:02:30,91.0,259.1107908588256,0.2095,0.1095,1692.5699,193.26666666666668
2026-06-01 17:03:00,127.0,184.2242026465215,0.2095,0.1095,1687.2531,193.38333333333333
2026-06-01 17:03:30,124.0,184.94779759273507,0.2095,0.1095,1681.9266,193.5
2026-06-01 17:04:00,124.5,212.81303545529278,0.2095,0.1095,1676.5907,193.60416666666666
2026-06-01 17:04:30,125.0,155.17473252810342,0.2095,0.1095,1671.2454,193.7875
2026-06-01 17:05:00,94.0,188.00649281777436,0.2095,0.1095,1665.8911,193.85416666666666
2026-06-01 17:05:30,89.0,241.98835358670613,0.2095,0.1095,1660.528,193.9375
2026-06-01 17:06:00,79.0,165.0226935571406,0.2095,0.1095,1655.1562,194.0375
2026-06-01 17:06:30,39.0,257.0518453304189,0.2095,0.1095,1649.7761,195.4875
2026-06-01 17:07:00,34.0,201.74283228807175,0.2095,0.1095,1644.3878,195.1125
2026-06-01 17:07:30,29.0,262.03483316169877,0.2095,0.1095,1638.9915,195.32083333333333
2026-06-01 17:08:00,0.0,174.81096343132577,0.2095,0.1095,1633.5875,197.37916666666666
2026-06-01 17:08:30,0.0,190.04594247486722,0.2095,0.1095,1628.1759,197.4125
2026-06-01 17:09:00,0.0,178.9869440542179,0.2095,0.1095,1622.7571,197.34583333333333
2026-06-01 17:09:30,0.0,254.91141657259996,0.2095,0.1095,1617.3312,197.65416666666667
2026-06-01 17:10:00,0.0,297.3965295494609,0.2095,0.1095,1611.8985,197.8875
2026-06-01 17:10:30,0.0,221.7049312089659,0.2095,0.1095,1606.4591,198.04583333333332
2026-06-01 17:11:00,0.0,238.21526804713085,0.2095,0.1095,1601.0134,198.0875
2026-06-01 17:11:30,0.0,255.01659105125697,0.2095,0.1095,1595.5614,198.1625
2026-06-01 17:12:00,0.0,155.0313641199687,0.2095,0.1095,1590.1035,198.30416666666667
2026-06-01 17:12:30,0.0,193.8583759924144,0.2095,0.1095,1584.6399,198.30416666666667
2026-06-01 17:13:00,0.0,180.71611046185146,0.2095,0.1095,1579.1707,198.37083333333334
2026-06-01 17:13:30,0.0,182.15641683727645,0.2095,0.1095,1573.6962,198.5125
2026-06-01 17:14:00,0.0,197.04497941695527,0.2095,0.1095,1568.2167,198.4875
2026-06-01 17:14:30,0.0,279.32454431172994,0.2095,0.1095,1562.7322,198.24583333333334
2026-06-01 17:15:00,0.0,229.91405681302507,0.2214,0.1214,1557.2432,198.2375
2026-06-01 17:15:30,0.0,230.16861506134688,0.2214,0.1214,1551.7497,198.1875
2026-06-01 17:16:00,0.0,243.7621235438678,0.2214,0.1214,1546.2521,198.20416666666668
2026-06-01 17:16:30,0.0,175.00195793950286,0.2214,0.1214,1540.7504,197.8625
2026-06-01 17:17:00,0.0,189.63777000348486,0.2214,0.1214,1535.245,197.62916666666666
2026-06-01 17:17:30,0.0,196.53108707452412,0.2214,0.1214,1529.7361,197.4625
2026-06-01 17:18:00,0.0,196.41953245858582,0.2214,0.1214,1524.2239,197.17916666666667
2026-06-01 17:18:30,0.0,161.72473350017228,0.2214,0.1214,1518.7085,197.06666666666666
2026-06-01 17:19:00,0.0,172.99842441526835,0.2214,0.1214,1513.1903,197.125
2026-06-01 17:19:30,0.0,250.82076732409246,0.2214,0.1214,1507.6695,197.3125
2026-06-01 17:20:00,0.0,257.49849686469844,0.2214,0.1214,1502.1462,197.92083333333332
2026-06-01 17:20:30,0.0,250.2404487756321,0.2214,0.1214,1496.6208,198.51666666666668
2026-06-01 17:21:00,0.0,199.7436035473413,0.2214,0.1214,1491.0933,199.40833333333333
2026-06-01 17:21:30,0.0,280.91290787192105,0.2214,0.1214,1485.5641,200.43333333333334
2026-06-01 17:22:00,0.0,272.1314501789263,0.2214,0.1214,1480.0333,201.28333333333333
2026-06-01 17:22:30,0.0,269.4815733486191,0.2214,0.1214,1474.5012,202.16666666666666
2026-06-01 17:23:00,0.0,217.52184870580388,0.2214,0.1214,1468.968,202.91666666666666
2026-06-01 17:23:30,0.0,152.38681404905532,0.2214,0.1214,1463.434,203.49166666666667
2026-06-01 17:24:00,0.0,201.2390356574256,0.2214,0.1214,1457.8993,204.225
2026-06-01 17:24:30,0.0,224.08779463753206,0.2214,0.1214,1452.3641,204.81666666666666
2026-06-01 17:25:00,0.0,275.52102719404786,0.2214,0.1214,1446.8287,205.70833333333334
2026-06-01 17:25:30,0.0,291.3607160717703,0.2214,0.1214,1441.2934,206.46666666666667
2026-06-01 17:26:00,0.0,225.9611305662748,0.2214,0.1214,1435.7582,207.20833333333334
2026-06-01 17:26:30,0.0,151.4382361462643,0.2214,0.1214,1430.2235,208.04166666666666
2026-06-01 17:27:00,0.0,244.84902659698923,0.2214,0.1214,1424.6895,208.78333333333333
2026-06-01 17:27:30,0.0,175.18184528401108,0.2214,0.1214,1419.1563,209.58333333333334
2026-06-01 17:28:00,0.0,168.1617537104177,0.2214,0.1214,1413.6243,209.475
2026-06-01 17:28:30,0.0,272.2871660633805,0.2214,0.1214,1408.0936,210.23333333333332
2026-06-01 17:29:00,0.0,176.50200779842456,0.2214,0.1214,1402.5645,210.625
2026-06-01 17:29:30,0.0,294.41110988537037,0.2214,0.1214,1397.0371,211.26666666666668
2026-06-01 17:30:00,0.0,207.38072179521325,0.2395,0.1395,1391.5117,211.85
2026-06-01 17:30:30,24.0,172.23646544120248,0.2395,0.1395,1385.9886,211.75
2026-06-01 17:31:00,61.0,284.16879341472367,0.2395,0.1395,1380.4678,211.73666666666665
2026-06-01 17:31:30,78.0,227.69933266535372,0.2395,0.1395,1374.9498,211.81
2026-06-01 17:32:00,95.0,198.73081551969977,0.2395,0.1395,1369.4346,211.96999999999997
2026-06-01 17:32:30,92.0,284.9487487980291,0.2395,0.1395,1363.9225,212.21666666666667
2026-06-01 17:33:00,94.0,178.50996780212853,0.2395,0.1395,1358.4137,212.55
2026-06-01 17:33:30,95.0,227.70424375986403,0.2395,0.1395,1352.9085,213.50833333333333
2026-06-01 17:34:00,126.0,194.82842048912505,0.2395,0.1395,1347.407,214.02916666666667
2026-06-01 17:34:30,125.0,236.61195717797008,0.2395,0.1395,1341.9096,213.59583333333333
2026-06-01 17:35:00,126.0,265.54026996373614,0.2395,0.1395,1336.4163,213.87083333333334
2026-06-01 17:35:30,128.0,216.52445781300963,0.2395,0.1395,1330.9274,214.3625
2026-06-01 17:36:00,130.0,276.08194529086194,0.2395,0.1395,1325.4432,214.49166666666667
2026-06-01 17:36:30,159.0,204.47829430529333,0.2395,0.1395,1319.9639,214.49166666666667
2026-06-01 17:37:00,128.0,199.46847183594699,0.2395,0.1395,1314.4897,214.63333333333333
2026-06-01 17:37:30,130.0,288.5122164521742,0.2395,0.1395,1309.0207,215.00833333333333
2026-06-01 17:38:00,160.0,251.23977870093228,0.2395,0.1395,1303.5573,213.59166666666667
2026-06-01 17:38:30,126.0,157.93756815702403,0.2395,0.1395,1298.0997,215.09166666666667
2026-06-01 17:39:00,159.0,176.39918714678063,0.2395,0.1395,1292.648,214.5
2026-06-01 17:39:30,164.0,288.9666496591289,0.2395,0.1395,1287.2025,213.71666666666667
2026-06-01 17:40:00,163.0,257.98110332470293,0.2395,0.1395,1281.7635,213.29166666666666
2026-06-01 17:40:30,162.0,152.68092945746596,0.2395,0.1395,1276.3311,212.45
2026-06-01 17:41:00,161.0,234.41433494037534,0.2395,0.1395,1270.9055,211.24166666666667
2026-06-01 17:41:30,160.0,249.3939747782054,0.2395,0.1395,1265.487,210.23333333333332
2026-06-01 17:42:00,163.0,185.82724032048654,0.2395,0.1395,1260.0758,210.05
2026-06-01 17:42:30,164.0,258.1781970825889,0.2395,0.1395,1254.6722,210.54166666666666
2026-06-01 17:43:00,165.0,275.7835380594776,0.2395,0.1395,1249.2762,210.24166666666667
2026-06-01 17:43:30,160.0,271.9402211927359,0.2395,0.1395,1243.8883,209.74166666666667
2026-06-01 17:44:00,164.0,159.64200189541455,0.2395,0.1395,1238.5085,208.98333333333332
2026-06-01 17:44:30,162.5,206.82697103056137,0.2395,0.1395,1233.1371,205.71666666666667
2026-06-01 17:45:00,161.0,275.17034575328614,0.25,0.1498,1227.7744,205.7
2026-06-01 17:45:30,129.0,290.80286755440545,0.25,0.1498,1222.4205,200.8
2026-06-01 17:46:00,127.0,179.92753023635711,0.25,0.1498,1217.0757,200.38333333333333
2026-06-01 17:46:30,96.0,190.87788129887429,0.25,0.1498,1211.7401,201.025
2026-06-01 17:47:00,94.5,212.10666445507525,0.25,0.1498,1206.4141,201.53333333333333
2026-06-01 17:47:30,93.0,191.44824381104232,0.25,0.1498,1201.0978,201.10833333333332
2026-06-01 17:48:00,93.5,166.36034014101813,0.25,0.1498,1195.7915,200.56666666666666
2026-06-01 17:48:30,94.0,239.17904351713003,0.25,0.1498,1190.4953,199.96547583333333
2026-06-01 17:49:00,88.0,273.65552356837406,0.25,0.1498,1185.2095,198.84642833333334
2026-06-01 17:49:30,80.0,173.6119181341294,0.25,0.1498,1179.9344,198.55119000000002
2026-06-01 17:50:00,75.0,228.28094382216875,0.25,0.1498,1174.6701,198.04642833333335
2026-06-01 17:50:30,71.0,175.39582077879047,0.25,0.1498,1169.4168,197.26547583333334
2026-06-01 17:51:00,40.0,275.36919791236903,0.25,0.1498,1164.1748,196.425
2026-06-01 17:51:30,39.0,223.05291334025617,0.25,0.1498,1158.9443,195.55416666666667
2026-06-01 17:52:00,41.0,247.01524430354965,0.25,0.1498,1153.7256,194.67916666666667
2026-06-01 17:52:30,40.6667,262.41090015166776,0.25,0.1498,1148.5188,195.2375
2026-06-01 17:53:00,40.3333,152.10807007793176,0.25,0.1498,1143.3241,194.64583333333334
2026-06-01 17:53:30,40.0,296.53712445234396,0.25,0.1498,1138.1419,194.82916666666668
2026-06-01 17:54:00,39.6667,152.6052195323698,0.25,0.1498,1132.9722,194.9875
2026-06-01 17:54:30,39.3333,283.47159380986506,0.25,0.1498,1127.8154,195.17083333333332
2026-06-01 17:55:00,39.0,202.5715311558091,0.25,0.1498,1122.6716,194.70416666666668
2026-06-01 17:55:30,40.0,259.2648697497825,0.25,0.1498,1117.5411,194.84583333333333
2026-06-01 17:56:00,41.0,265.58487996598853,0.25,0.1498,1112.424,194.8375
2026-06-01 17:56:30,40.0,237.06234392108837,0.25,0.1498,1107.3207,193.7375
2026-06-01 17:57:00,37.5,217.69176211828668,0.25,0.1498,1102.2313,193.79583333333332
2026-06-01 17:57:30,35.0,174.19023342334958,0.25,0.1498,1097.1561,193.97916666666666
2026-06-01 17:58:00,32.5,193.5029222049738,0.25,0.1498,1092.0953,194.19583333333333
2026-06-01 17:58:30,30.0,208.7870252500141,0.25,0.1498,1087.049,194.79583333333332
2026-06-01 17:59:00,32.0,181.30293067366392,0.25,0.1498,1082.0176,195.37083333333334
2026-06-01 17:59:30,39.0,288.15333273661236,0.25,0.1498,1077.0011,194.94583333333333
2026-06-01 18:00:00,40.0,294.71142767049537,0.2156,0.1156,1072.0,195.32916666666668
2026-06-01 18:00:30,39.0,212.560912747327,0.2156,0.1156,1067.0043,195.7375
2026-06-01 18:01:00,40.0,202.9828120856269,0.2156,0.1156,1062.0043,195.0375
2026-06-01 18:01:30,39.5,237.76282292307752,0.2156,0.1156,1057.0003,195.3625
2026-06-01 18:02:00,39.0,206.9511796532814,0.2156,0.1156,1051.9925,196.04583333333332
2026-06-01 18:02:30,39.5,269.0094694341427,0.2156,0.1156,1046.9812,196.62083333333334
2026-06-01 18:03:00,40.0,238.3534648298638,0.2156,0.1156,1041.9666,197.32083333333333
2026-06-01 18:03:30,39.6667,208.89369373420075,0.2156,0.1156,1036.949,197.87083333333334
2026-06-01 18:04:00,39.3333,241.6074618486527,0.2156,0.1156,1031.9286,198.60416666666666
2026-06-01 18:04:30,39.0,255.20591509978732,0.2156,0.1156,1026.9058,199.1875
2026-06-01 18:05:00,39.5,205.31848796160634,0.2156,0.1156,1021.8807,199.8375
2026-06-01 18:05:30,40.0,275.8510334168591,0.2156,0.1156,1016.8536,200.47916666666666
2026-06-01 18:06:00,39.5,230.1945463251775,0.2156,0.1156,1011.8247,201.0625
2026-06-01 18:06:30,39.0,175.40327415763434,0.2156,0.1156,1006.7945,200.2625
2026-06-01 18:07:00,52.0,208.38525317043644,0.2156,0.1156,1001.763,201.25
2026-06-01 18:07:30,65.0,281.8656478758743,0.2156,0.1156,996.7305,201.65833333333333
2026-06-01 18:08:00,78.0,151.60785252531667,0.2156,0.1156,991.6973,200.31666666666666
2026-06-01 18:08:30,80.0,210.2850571678036,0.2156,0.1156,986.6637,200.98333333333332
2026-06-01 18:09:00,81.0,280.72474827986673,0.2156,0.1156,981.6299,201.68333333333334
2026-06-01 18:09:30,79.0,218.92086157565876,0.2156,0.1156,976.5962,202.18333333333334
2026-06-01 18:10:00,78.0,258.6562448330228,0.2156,0.1156,971.5628,202.55833333333334
2026-06-01 18:10:30,77.0,186.32424296364104,0.2156,0.1156,966.53,203.11666666666667
2026-06-01 18:11:00,70.0,218.71473196376402,0.2156,0.1156,961.4981,203.57083333333333
2026-06-01 18:11:30,68.0,211.68762319412912,0.2156,0.1156,956.4672,204.00416666666666
2026-06-01 18:12:00,38.0,254.34748295762097,0.2156,0.1156,951.4377,204.23333333333332
2026-06-01 18:12:30,40.0,272.2627767422446,0.2156,0.1156,946.4098,204.48333333333332
2026-06-01 18:13:00,39.0,173.16882599943588,0.2156,0.1156,941.3838,204.54583333333332
2026-06-01 18:13:30,38.0,165.01975866118318,0.2156,0.1156,936.3598,204.55416666666667
2026-06-01 18:14:00,38.5,195.92825871459783,0.2156,0.1156,931.3383,204.92083333333332
2026-06-01 18:14:30,39.0,248.29154361834617,0.2156,0.1156,926.3195,205.4125
2026-06-01 18:15:00,38.0,265.93724710971543,0.225,0.125,921.3035,205.84583333333333
2026-06-01 18:15:30,39.0,172.4382236924037,0.225,0.125,916.2906,206.22916666666666
2026-06-01 18:16:00,38.0,273.20045439032384,0.225,0.125,911.2812,206.32916666666668
2026-06-01 18:16:30,39.0,166.05834703105603,0.225,0.125,906.2755,206.72083333333333
2026-06-01 18:17:00,39.5,287.9920546521449,0.225,0.125,901.2737,207.1375
2026-06-01 18:17:30,40.0,188.74908187691713,0.225,0.125,896.276,207.34583333333333
2026-06-01 18:18:00,39.5,206.17450625250018,0.225,0.125,891.2828,207.72083333333333
2026-06-01 18:18:30,39.0,213.6958962203255,0.225,0.125,886.2943,208.05416666666667
2026-06-01 18:19:00,38.5,298.55708763554776,0.225,0.125,881.3108,208.1375
2026-06-01 18:19:30,38.0,225.63544490093523,0.225,0.125,876.3324,208.0625
2026-06-01 18:20:00,39.0,181.7122468635263,0.225,0.125,871.3596,207.52083333333334
2026-06-01 18:20:30,38.0,170.95351027945253,0.225,0.125,866.3924,207.05833333333334
2026-06-01 18:21:00,39.0,266.1366304787667,0.225,0.125,861.4312,206.46666666666667
2026-06-01 18:21:30,38.0,274.91073353797555,0.225,0.125,856.4763,205.64166666666668
2026-06-01 18:22:00,39.0,193.91359892010487,0.225,0.125,851.5279,205.20833333333334
2026-06-01 18:22:30,38.6667,281.0813646378071,0.225,0.125,846.5862,204.69583333333333
2026-06-01 18:23:00,38.3333,216.7343822755397,0.225,0.125,841.6515,204.35416666666666
2026-06-01 18:23:30,38.0,160.43754922667773,0.225,0.125,836.7241,204.24583333333334
2026-06-01 18:24:00,37.6667,289.10253759006866,0.225,0.125,831.8042,204.02916666666667
2026-06-01 18:24:30,37.3333,198.761817499945,0.225,0.125,826.8921,205.35416666666666
2026-06-01 18:25:00,37.0,181.82655076625522,0.225,0.125,821.988,206.12083333333334
2026-06-01 18:25:30,38.0,238.8641212279024,0.225,0.125,817.0923,207.12083333333334
2026-06-01 18:26:00,30.0,229.88662499379748,0.225,0.125,812.205,208.17916666666667
2026-06-01 18:26:30,29.0,168.88260469827696,0.225,0.125,807.3266,209.22916666666666
2026-06-01 18:27:00,28.0,247.6241711412115,0.225,0.125,802.4573,210.3625
2026-06-01 18:27:30,0.0,295.06445007572916,0.225,0.125,797.5972,211.55416666666667
2026-06-01 18:28:00,0.0,162.65529226666362,0.225,0.125,792.7468,214.2375
2026-06-01 18:28:30,0.0,176.36265882010832,0.225,0.125,787.9062,216.6125
2026-06-01 18:29:00,0.0,260.9073277195665,0.225,0.125,783.0757,219.32083333333333
2026-06-01 18:29:30,0.0,204.3324566389194,0.225,0.125,778.2555,221.9875
2026-06-01 18:30:00,0.0,264.9287934494371,0.2478,0.1478,773.4459,224.65416666666667
2026-06-01 18:30:30,0.0,255.48804477702114,0.2478,0.1478,768.6472,227.45416666666668
2026-06-01 18:31:00,0.0,278.56263585754675,0.2478,0.1478,763.8596,241.17416666666668
2026-06-01 18:31:30,0.0,200.73135984487237,0.2478,0.1478,759.0834,252.30583333333334
2026-06-01 18:32:00,0.0,150.95613115259926,0.2478,0.1478,754.3188,262.6575
2026-06-01 18:32:30,0.0,244.97123454583584,0.2478,0.1478,749.5662,273.9791666666667
2026-06-01 18:33:00,0.0,160.73357125118068,0.2478,0.1478,744.8256,285.4375
2026-06-01 18:33:30,0.0,173.96467031700894,0.2478,0.1478,740.0975,296.47083333333336
2026-06-01 18:34:00,0.0,152.22524542942318,0.2478,0.1478,735.382,308.5208333333333
2026-06-01 18:34:30,0.0,167.66046030278167,0.2478,0.1478,730.6795,321.5208333333333
2026-06-01 18:35:00,0.0,244.77299281124465,0.2478,0.1478,725.9901,334.65416666666664
2026-06-01 18:35:30,0.0,271.8708712496637,0.2478,0.1478,721.3142,347.9125
2026-06-01 18:36:00,0.0,232.99066803447067,0.2478,0.1478,716.6519,362.325
2026-06-01 18:36:30,0.0,239.5816304344889,0.2478,0.1478,712.0036,377.30833333333334
2026-06-01 18:37:00,0.0,234.1525919828938,0.2478,0.1478,707.3695,392.65833333333336
2026-06-01 18:37:30,0.0,210.27039883319935,0.2478,0.1478,702.7499,408.225
2026-06-01 18:38:00,0.0,287.6189174137184,0.2478,0.1478,698.145,425.93333333333334
2026-06-01 18:38:30,0.0,253.73463255794726,0.2478,0.1478,693.555,441.4
2026-06-01 18:39:00,0.0,248.5835047651177,0.2478,0.1478,688.9803,459.125
2026-06-01 18:39:30,0.0,250.26238311812568,0.2478,0.1478,684.4211,477.7
2026-06-01 18:40:00,0.0,240.0740322182421,0.2478,0.1478,679.8776,496.6
2026-06-01 18:40:30,0.0,163.1441098738786,0.2478,0.1478,675.3501,516.3
2026-06-01 18:41:00,0.0,154.00264801372725,0.2478,0.1478,670.8389,537.075
2026-06-01 18:41:30,0.0,253.3199813110315,0.2478,0.1478,666.3442,558.3583333333333
2026-06-01 18:42:00,0.0,222.47601875475976,0.2478,0.1478,661.8663,579.9583333333334
2026-06-01 18:42:30,0.0,296.94616237066066,0.2478,0.1478,657.4054,601.0583333333333
2026-06-01 18:43:00,0.0,221.0847981295352,0.2478,0.1478,652.9618,623.7833333333333
2026-06-01 18:43:30,0.0,168.65473704756965,0.2478,0.1478,648.5357,646.4416666666667
2026-06-01 18:44:00,0.0,238.7307784362544,0.2478,0.1478,644.1275,670.9
2026-06-01 18:44:30,0.0,191.05177224992332,0.2478,0.1478,639.7373,695.5333333333333
2026-06-01 18:45:00,0.0,150.33635848675212,0.2519,0.1519,635.3654,720.8166666666667
2026-06-01 18:45:30,0.0,214.67493614550366,0.2519,0.1519,631.0121,748.5666666666667
2026-06-01 18:46:00,0.0,153.95655689454452,0.2519,0.1519,626.6776,775.6416666666667
2026-06-01 18:46:30,0.0,208.76313311234475,0.2519,0.1519,622.3622,802.4583333333334
2026-06-01 18:47:00,0.0,190.96346891073642,0.2519,0.1519,618.0661,830.625
2026-06-01 18:47:30,0.0,242.41185325121177,0.2519,0.1519,613.7897,859.0666666666667
2026-06-01 18:48:00,0.0,263.34167781295156,0.2519,0.1519,609.5331,887.625
2026-06-01 18:48:30,0.0,298.02928288976,0.2519,0.1519,605.2966,916.8083333333333
2026-06-01 18:49:00,0.0,185.48867941053896,0.2519,0.1519,601.0805,946.7416666666667
2026-06-01 18:49:30,0.0,232.29463613028466,0.2519,0.1519,596.885,976.0
2026-06-01 18:50:00,0.0,257.7171092268697,0.2519,0.1519,592.7104,1005.6166666666667
2026-06-01 18:50:30,0.0,179.97103929853043,0.2519,0.1519,588.5569,1035.7416666666666
2026-06-01 18:51:00,0.0,189.57448009955326,0.2519,0.1519,584.4249,1066.2416666666666
2026-06-01 18:51:30,0.0,178.89524175340722,0.2519,0.1519,580.3145,1096.9208333333333
2026-06-01 18:52:00,0.0,225.7330180710448,0.2519,0.1519,576.226,1127.7791666666667
2026-06-01 18:52:30,0.0,221.8064683497534,0.2519,0.1519,572.1597,1157.9625
2026-06-01 18:53:00,0.0,169.76650089711862,0.2519,0.1519,568.1158,1188.4229166666667
2026-06-01 18:53:30,0.0,230.10303422575083,0.2519,0.1519,564.0946,1219.16875
2026-06-01 18:54:00,0.0,268.63698294363473,0.2519,0.1519,560.0963,1250.2166666666667
2026-06-01 18:54:30,0.0,286.16933865166345,0.2519,0.1519,556.1212,1281.4333333333334
2026-06-01 18:55:00,0.0,263.9451356046826,0.2519,0.1519,552.1696,1312.9666666666667
2026-06-01 18:55:30,0.0,168.4432352360837,0.2519,0.1519,548.2417,1344.2583333333334
2026-06-01 18:56:00,0.0,237.79403946644845,0.2519,0.1519,544.3378,1376.1666666666667
2026-06-01 18:56:30,0.0,253.31928062045387,0.2519,0.1519,540.4581,1406.5666666666666
2026-06-01 18:57:00,0.0,270.2068072635892,0.2519,0.1519,536.6028,1434.8208333333334
2026-06-01 18:57:30,0.0,219.13402127812336,0.2519,0.1519,532.7724,1460.9458333333334
2026-06-01 18:58:00,0.0,244.0050364424732,0.2519,0.1519,528.9669,1488.0125
2026-06-01 18:58:30,0.0,246.156749283242,0.2519,0.1519,525.1866,1512.9791666666667
2026-06-01 18:59:00,0.0,263.91901450037386,0.2519,0.1519,521.4319,1537.6708333333333
2026-06-01 18:59:30,0.0,293.12469020450845,0.2519,0.1519,517.7029,1538.6708333333333
2026-06-01 19:00:00,0.0,1671.151928147347,0.2494,0.1493,514.0,1539.5208333333333
2026-06-01 19:00:30,0.0,1736.8137389803476,0.2494,0.1493,510.3143,1540.3375
2026-06-01 19:01:00,0.0,1710.7036513960875,0.2494,0.1493,506.637,1541.0791666666667
2026-06-01 19:01:30,0.0,1733.0148788490349,0.2494,0.1493,502.9682,1541.7958333333333
2026-06-01 19:02:00,0.0,1799.2833410925577,0.2494,0.1493,499.3078,1542.5625
2026-06-01 19:02:30,0.0,1724.2996770346294,0.2494,0.1493,495.6559,1543.4041666666667
2026-06-01 19:03:00,0.0,1743.9883194252734,0.2494,0.1493,492.0126,1544.1875
2026-06-01 19:03:30,0.0,1789.6046592414195,0.2494,0.1493,488.378,1545.0208333333333
2026-06-01 19:04:00,0.0,1757.611886714604,0.2494,0.1493,484.7521,1545.7708333333333
2026-06-01 19:04:30,0.0,1756.043364130111,0.2494,0.1493,481.1349,1546.7208333333333
2026-06-01 19:05:00,0.0,1708.2672284990952,0.2494,0.1493,477.5266,1547.7708333333333
2026-06-01 19:05:30,0.0,1767.5763525715645,0.2494,0.1493,473.9271,1548.9958333333334
2026-06-01 19:06:00,0.0,1710.2396113893708,0.2494,0.1493,470.3365,1550.2875
2026-06-01 19:06:30,0.0,1672.506742747271,0.2494,0.1493,466.7549,1551.6291666666666
2026-06-01 19:07:00,0.0,1685.0654994730696,0.2494,0.1493,463.1824,1553.0666666666666
2026-06-01 19:07:30,0.0,1795.0509531442885,0.2494,0.1493,459.6189,1554.4333333333334
2026-06-01 19:08:00,0.0,1699.2714541005244,0.2494,0.1493,456.0646,1555.65
2026-06-01 19:08:30,0.0,1698.9861699841508,0.2494,0.1493,452.5195,1556.8833333333334
2026-06-01 19:09:00,0.0,1701.1652576389097,0.2494,0.1493,448.9836,1558.1055558333333
2026-06-01 19:09:30,0.0,1702.3968239750127,0.2494,0.1493,445.4571,1559.2833333333333
2026-06-01 19:10:00,0.0,1668.8877527349143,0.2494,0.1493,441.9399,1560.5833333333333
2026-06-01 19:10:30,0.0,1762.7043467024878,0.2494,0.1493,438.4321,1561.775
2026-06-01 19:11:00,0.0,1691.6649284311125,0.2494,0.1493,434.9338,1563.0791666666667
2026-06-01 19:11:30,0.0,1699.672604328966,0.2494,0.1493,431.4451,1564.4958333333334
2026-06-01 19:12:00,0.0,1681.5115388520671,0.2494,0.1493,427.9659,1566.025
2026-06-01 19:12:30,0.0,1769.5354652571036,0.2494,0.1493,424.4963,1567.6666666666667
2026-06-01 19:13:00,0.0,1767.4897488328024,0.2494,0.1493,421.0365,1569.3965908333334
2026-06-01 19:13:30,0.0,1721.9207638966554,0.2494,0.1493,417.5864,1571.2147725
2026-06-01 19:14:00,0.0,1788.4245471195431,0.2494,0.1493,414.1461,1572.7087116666667
2026-06-01 19:14:30,0.0,1743.5863238025559,0.2494,0.1493,410.7157,1574.1617416666666
2026-06-01 19:15:00,0.0,1752.8101667274539,0.2542,0.1542,407.2952,1575.4155291666668
2026-06-01 19:15:30,0.0,1657.8073094196893,0.2542,0.1542,403.8847,1576.6700749999998
2026-06-01 19:16:00,0.0,1689.7438253577266,0.2542,0.1542,400.4842,1578.167045
2026-06-01 19:16:30,0.0,1710.824060964954,0.2542,0.1542,397.0937,1579.6147725
2026-06-01 19:17:00,0.0,1720.3145229549923,0.2542,0.1542,393.7135,1580.9799241666667
2026-06-01 19:17:30,0.0,1743.5914264557268,0.2542,0.1542,390.3434,1582.4125
2026-06-01 19:18:00,0.0,1797.9726552121567,0.2542,0.1542,386.9835,1583.7708333333333
2026-06-01 19:18:30,0.0,1702.2102525139367,0.2542,0.1542,383.634,1585.2291666666667
2026-06-01 19:19:00,0.0,1727.9385880189816,0.2542,0.1542,380.2948,1586.9958333333334
2026-06-01 19:19:30,0.0,1796.8456315128399,0.2542,0.1542,376.9661,1588.6958333333334
2026-06-01 19:20:00,0.0,1675.284350713884,0.2542,0.1542,373.6478,1590.6791666666666
2026-06-01 19:20:30,0.0,1683.8987010204783,0.2542,0.1542,370.34,1596.5958333333333
2026-06-01 19:21:00,0.0,1692.8536406770904,0.2542,0.1542,367.0428,1602.4875
2026-06-01 19:21:30,0.0,1658.5927661862859,0.2542,0.1542,363.7563,1608.3208333333334
2026-06-01 19:22:00,0.0,1781.5209433850046,0.2542,0.1542,360.4804,1613.9625
2026-06-01 19:22:30,0.0,1796.622933340722,0.2542,0.1542,357.2153,1619.6916666666666
2026-06-01 19:23:00,0.0,1667.0267374323998,0.2542,0.1542,353.961,1625.3416666666667
2026-06-01 19:23:30,0.0,1779.719589769877,0.2542,0.1542,350.7175,1630.7166666666667
2026-06-01 19:24:00,0.0,1705.4878432742241,0.2542,0.1542,347.485,1636.2666666666667
2026-06-01 19:24:30,0.0,1660.9546180305076,0.2542,0.1542,344.2634,1640.1273808333333
2026-06-01 19:25:00,0.0,1660.2074576639102,0.2542,0.1542,341.0528,1644.3571425
2026-06-01 19:25:30,0.0,1776.4817680983062,0.2542,0.1542,337.8534,1648.3559516666667
2026-06-01 19:26:00,0.0,1662.4954595031609,0.2542,0.1542,334.665,1652.2821425
2026-06-01 19:26:30,0.0,1712.3771901281536,0.2542,0.1542,331.4879,1656.0857141666668
2026-06-01 19:27:00,0.0,1795.33331721313,0.2542,0.1542,328.322,1659.7833333333333
2026-06-01 19:27:30,0.0,1702.9249474351,0.2542,0.1542,325.1673,1663.3833333333334
2026-06-01 19:28:00,0.0,1664.6471641656797,0.2542,0.1542,322.0241,1668.3583333333333
2026-06-01 19:28:30,0.0,1650.9205509431586,0.2542,0.1542,318.8922,1673.0166666666667
2026-06-01 19:29:00,0.0,1752.6025834511763,0.2542,0.1542,315.7718,1677.5
2026-06-01 19:29:30,0.0,1758.4091195441138,0.2542,0.1542,312.663,1682.9620366666668
2026-06-01 19:30:00,0.0,4752.114528004391,0.2557,0.1557,309.5657,1689.4027775
2026-06-01 19:30:30,0.0,4739.499562595121,0.2557,0.1557,306.48,1697.255555
2026-06-01 19:31:00,0.0,4659.842328498101,0.2557,0.1557,303.406,1695.0620366666667
2026-06-01 19:31:30,0.0,4714.611056729692,0.2557,0.1557,300.3438,1696.330555
2026-06-01 19:32:00,0.0,4714.893315053738,0.2557,0.1557,297.2934,1699.2527775
2026-06-01 19:32:30,25.0,4783.56870833604,0.2557,0.1557,294.2548,1702.0787033333334
2026-06-01 19:33:00,32.0,4650.275597898835,0.2557,0.1557,291.2281,1705.6416666666667
2026-06-01 19:33:30,33.0,4701.277964954169,0.2557,0.1557,288.2134,1710.3583333333333
2026-06-01 19:34:00,64.0,4794.489968058732,0.2557,0.1557,285.2107,1719.025
2026-06-01 19:34:30,63.0,4747.68263816081,0.2557,0.1557,282.22,1709.6083333333333
2026-06-01 19:35:00,78.5,4683.513190961374,0.2557,0.1557,279.2415,1716.8333333333333
2026-06-01 19:35:30,94.0,4688.179459983716,0.2557,0.1557,276.2752,1708.3166666666666
2026-06-01 19:36:00,93.0,4731.960382317513,0.2557,0.1557,273.3211,1701.6033333333332
2026-06-01 19:36:30,97.0,4754.348280843567,0.2557,0.1557,270.3793,1697.2766666666669
2026-06-01 19:37:00,127.0,4727.618990813442,0.2557,0.1557,267.4499,1694.9199999999998
2026-06-01 19:37:30,126.0,4740.341123084233,0.2557,0.1557,264.5329,1694.95
2026-06-01 19:38:00,162.0,4792.683035665665,0.2557,0.1557,261.6283,1697.2416666666666
2026-06-01 19:38:30,164.0,4726.404479521666,0.2557,0.1557,258.7362,1699.45
2026-06-01 19:39:00,165.0,4785.304989673485,0.2557,0.1557,255.8567,1701.2833333333333
2026-06-01 19:39:30,165.25,4787.490192125897,0.2557,0.1557,252.9898,1701.3791666666666
2026-06-01 19:40:00,165.5,4766.662954539857,0.2557,0.1557,250.1357,1699.6541666666667
2026-06-01 19:40:30,165.75,4713.345920116094,0.2557,0.1557,247.2942,1698.6541666666667
2026-06-01 19:41:00,166.0,4746.849833106133,0.2557,0.1557,244.4655,1682.1625
2026-06-01 19:41:30,159.0,4720.611626946557,0.2557,0.1557,241.6497,1677.9125
2026-06-01 19:42:00,162.0,4658.920648825372,0.2557,0.1557,238.8468,1658.1625
2026-06-01 19:42:30,95.0,4679.3217904663525,0.2557,0.1557,236.0568,1637.1625
2026-06-01 19:43:00,92.0,4654.517041745792,0.2557,0.1557,233.2799,1615.6625
2026-06-01 19:43:30,90.0,4780.797259423602,0.2557,0.1557,230.516,1593.5652775
2026-06-01 19:44:00,71.0,4675.556235938036,0.2557,0.1557,227.7652,1570.0375
2026-06-01 19:44:30,39.0,4794.141609435237,0.2557,0.1557,225.0277,1546.4125
2026-06-01 19:45:00,32.0,4719.222152407368,0.2725,0.1725,222.3033,1521.7736108333334
2026-06-01 19:45:30,28.0,4671.464693928177,0.2725,0.1725,219.5923,1496.6208333333334
2026-06-01 19:46:00,0.0,4788.931510051647,0.2725,0.1725,216.8945,1470.2041666666667
2026-06-01 19:46:30,0.0,4700.097202937623,0.2725,0.1725,214.2102,1443.6208333333334
2026-06-01 19:47:00,0.0,4722.869204219764,0.2725,0.1725,211.5393,1416.3615741666665
2026-06-01 19:47:30,0.0,4687.397156344681,0.2725,0.1725,208.882,1388.9263891666667
2026-06-01 19:48:00,0.0,4772.420008330186,0.2725,0.1725,206.2382,1361.3152783333333
2026-06-01 19:48:30,0.0,4794.551124114636,0.2725,0.1725,203.608,1333.111575
2026-06-01 19:49:00,0.0,4712.2525616898565,0.2725,0.1725,200.9915,1304.6486116666667
2026-06-01 19:49:30,0.0,4710.935004520346,0.2725,0.1725,198.3887,1276.0097225
2026-06-01 19:50:00,0.0,4769.264878202815,0.2725,0.1725,195.7998,1247.1949075
2026-06-01 19:50:30,0.0,4727.004645210571,0.2725,0.1725,193.2246,1218.1208333333334
2026-06-01 19:51:00,0.0,4797.492673759003,0.2725,0.1725,190.6634,1188.7041666666667
2026-06-01 19:51:30,0.0,4726.816717361402,0.2725,0.1725,188.1161,1159.2041666666667
2026-06-01 19:52:00,0.0,4799.327774692645,0.2725,0.1725,185.5828,1129.5291666666667
2026-06-01 19:52:30,0.0,4680.562363177137,0.2725,0.1725,183.0635,1099.9291666666666
2026-06-01 19:53:00,0.0,4799.869639594911,0.2725,0.1725,180.5584,1070.06875
2026-06-01 19:53:30,0.0,4750.668272897121,0.2725,0.1725,178.0675,1039.9479166666667
2026-06-01 19:54:00,0.0,4784.974455457067,0.2725,0.1725,175.5908,1009.5666666666667
2026-06-01 19:54:30,0.0,4677.434971289703,0.2725,0.1725,173.1283,978.925
2026-06-01 19:55:00,0.0,4758.242417093069,0.2725,0.1725,170.6802,948.075
2026-06-01 19:55:30,0.0,4709.813445401342,0.2725,0.1725,168.2465,917.2416666666667
2026-06-01 19:56:00,0.0,4796.9570590820285,0.2725,0.1725,165.8273,886.05
2026-06-01 19:56:30,0.0,4783.6252049847135,0.2725,0.1725,163.4225,856.3833333333333
2026-06-01 19:57:00,0.0,4734.591467767445,0.2725,0.1725,161.0323,828.9958333333333
2026-06-01 19:57:30,0.0,4709.155992260347,0.2725,0.1725,158.6567,803.6375
2026-06-01 19:58:00,0.0,4694.580242972941,0.2725,0.1725,156.2958,791.6208333333333
2026-06-01 19:58:30,0.0,4773.470706626946,0.2725,0.1725,153.9497,766.5958333333333
2026-06-01 19:59:00,0.0,4695.3515831399,0.2725,0.1725,151.6183,742.6791666666667
2026-06-01 19:59:30,0.0,4725.695148003989,0.2725,0.1725,149.3017,742.6791666666667
2026-06-01 20:00:00,0.0,4683.731382554157,0.2596,0.1596,147.0,742.6791666666667
2026-06-01 20:00:30,0.0,4698.00111948219,0.2596,0.1596,144.7104,742.7208333333333
2026-06-01 20:01:00,0.0,4760.803800769232,0.2596,0.1596,142.4299,742.9291666666667
2026-06-01 20:01:30,0.0,4792.778443931632,0.2596,0.1596,140.1586,742.0458333333333
2026-06-01 20:02:00,0.0,4684.808004012158,0.2596,0.1596,137.8967,742.0458333333333
2026-06-01 20:02:30,0.0,4781.8367134181835,0.2596,0.1596,135.6441,759.1291666666667
2026-06-01 20:03:00,0.0,4657.263365554725,0.2596,0.1596,133.4008,759.2958333333333
2026-06-01 20:03:30,0.0,4788.328097290251,0.2596,0.1596,131.167,759.7958333333333
2026-06-01 20:04:00,0.0,4766.439250304578,0.2596,0.1596,128.9427,760.1291666666667
2026-06-01 20:04:30,0.0,4766.911814076111,0.2596,0.1596,126.7279,759.9208333333333
2026-06-01 20:05:00,0.0,4661.0235853677,0.2596,0.1596,124.5227,759.9208333333333
2026-06-01 20:05:30,0.0,4758.190739928828,0.2596,0.1596,122.3272,759.4625
2026-06-01 20:06:00,0.0,4783.5155648379305,0.2596,0.1596,120.1414,758.9625
2026-06-01 20:06:30,0.0,4670.173849764235,0.2596,0.1596,117.9653,758.5041666666667
2026-06-01 20:07:00,0.0,4700.021573669238,0.2596,0.1596,115.799,757.9208333333333
2026-06-01 20:07:30,0.0,4657.109761140155,0.2596,0.1596,113.6426,757.5041666666667
2026-06-01 20:08:00,0.0,4731.029463015957,0.2596,0.1596,111.4961,757.0875
2026-06-01 20:08:30,0.0,4766.645383580102,0.2596,0.1596,109.3596,756.6708333333333
2026-06-01 20:09:00,0.0,4654.1484827787,0.2596,0.1596,107.2331,756.1986108333333
2026-06-01 20:09:30,0.0,4657.964168067299,0.2596,0.1596,105.1166,756.0041666666667
2026-06-01 20:10:00,0.0,4794.077707053217,0.2596,0.1596,103.0103,755.6708333333333
2026-06-01 20:10:30,0.0,4701.679633300522,0.2596,0.1596,100.9141,755.2930558333334
2026-06-01 20:11:00,0.0,4744.984610091857,0.2596,0.1596,98.8281,754.8708333333333
2026-06-01 20:11:30,0.0,4712.434565648338,0.2596,0.1596,96.7525,754.4041666666667
2026-06-01 20:12:00,0.0,4746.479451059251,0.2596,0.1596,94.6871,754.0875
2026-06-01 20:12:30,0.0,4715.514544590262,0.2596,0.1596,92.6322,753.9208333333333
2026-06-01 20:13:00,0.0,4672.345048627312,0.2596,0.1596,90.5877,753.9284091666667
2026-06-01 20:13:30,0.0,4661.733486951427,0.2596,0.1596,88.5536,754.1102275
2026-06-01 20:14:00,0.0,4720.674938454871,0.2596,0.1596,86.5302,754.4662883333333
2026-06-01 20:14:30,0.0,4717.6736216982945,0.2596,0.1596,84.5173,754.9132583333334
2026-06-01 20:15:00,0.0,4739.813613394987,0.262,0.162,82.515,755.7844708333333
2026-06-01 20:15:30,0.0,4768.230079256863,0.262,0.162,80.5234,755.9132583333334
2026-06-01 20:16:00,0.0,4656.767868464164,0.262,0.162,78.5426,756.2996216666667
2026-06-01 20:16:30,0.0,4740.207960408609,0.262,0.162,76.5726,756.6102275
2026-06-01 20:17:00,0.0,4654.006157272567,0.262,0.162,74.6135,756.5950758333333
2026-06-01 20:17:30,0.0,4671.0861494049295,0.262,0.162,72.6652,756.8375
2026-06-01 20:18:00,0.0,4714.188938529926,0.262,0.162,70.7279,757.1541666666667
2026-06-01 20:18:30,0.0,4682.180420457528,0.262,0.162,68.8017,757.4541666666667
2026-06-01 20:19:00,0.0,4741.129372022066,0.262,0.162,66.8864,757.7375
2026-06-01 20:19:30,0.0,4772.060212691222,0.262,0.162,64.9823,758.1708333333333
2026-06-01 20:20:00,0.0,4669.216609342677,0.262,0.162,63.0894,758.4208333333333
2026-06-01 20:20:30,0.0,4738.1787523052135,0.262,0.162,61.2077,754.2541666666667
2026-06-01 20:21:00,0.0,4699.262274353334,0.262,0.162,59.3373,750.0041666666667
2026-06-01 20:21:30,0.0,4762.518796210447,0.262,0.162,57.4782,745.9208333333333
2026-06-01 20:22:00,0.0,4793.202966239989,0.262,0.162,55.6305,744.2291666666666
2026-06-01 20:22:30,0.0,4700.721719134738,0.262,0.162,53.7942,740.1458333333334
2026-06-01 20:23:00,0.0,4670.822575148337,0.262,0.162,51.9693,736.3541666666666
2026-06-01 20:23:30,0.0,4767.043044768609,0.262,0.162,50.1561,732.9375
2026-06-01 20:24:00,0.0,4693.815250265916,0.262,0.162,48.3544,729.0208333333334
2026-06-01 20:24:30,0.0,4652.491498387806,0.262,0.162,46.5643,725.2351191666668
2026-06-01 20:25:00,0.0,4667.3773397074965,0.262,0.162,44.786,727.0636908333333
2026-06-01 20:25:30,0.0,4670.977131485293,0.262,0.162,43.0194,723.5398816666667
2026-06-01 20:26:00,0.0,4704.083476130334,0.262,0.162,41.2646,720.1470241666667
2026-06-01 20:26:30,0.0,4695.961092112367,0.262,0.162,39.5216,716.8851191666668
2026-06-01 20:27:00,0.0,4658.36294549969,0.262,0.162,37.7905,713.4208333333333
2026-06-01 20:27:30,0.0,4735.484184941066,0.262,0.162,36.0714,713.9208333333333
2026-06-01 20:28:00,0.0,4761.392714704357,0.262,0.162,34.3644,708.5875
2026-06-01 20:28:30,0.0,4652.184943328121,0.262,0.162,32.6693,702.8375
2026-06-01 20:29:00,0.0,4752.342512196924,0.262,0.162,30.9864,697.5041666666667
2026-06-01 20:29:30,0.0,4746.06798000809,0.262,0.162,29.3157,690.8504633333334
2026-06-01 20:30:00,0.0,4799.481009801192,0.2748,0.1748,27.6571,683.2930558333334
2026-06-01 20:30:30,0.0,4715.477265678427,0.2748,0.1748,26.0109,675.081945
2026-06-01 20:31:00,0.0,1705.2324685754002,0.2748,0.1748,24.3769,665.5504633333334
2026-06-01 20:31:30,0.0,1755.8178608584872,0.2748,0.1748,22.7553,654.9902783333333
2026-06-01 20:32:00,0.0,1692.5095054525382,0.2748,0.1748,21.1462,643.4013891666667
2026-06-01 20:32:30,0.0,1725.395940943611,0.2748,0.1748,0.0,630.9921300000001
2026-06-01 20:33:00,0.0,1722.4166707972254,0.2748,0.1748,0.0,617.4291666666667
2026-06-01 20:33:30,0.0,1680.2172306645232,0.2748,0.1748,0.0,602.7958333333333
2026-06-01 20:34:00,0.0,1794.5436279085166,0.2748,0.1748,0.0,583.7125
2026-06-01 20:34:30,0.0,1789.0770486271308,0.2748,0.1748,0.0,582.4625
2026-06-01 20:35:00,0.0,1710.8810537110094,0.2748,0.1748,0.0,563.7097225
2026-06-01 20:35:30,0.0,1694.0710352242443,0.2748,0.1748,0.0,560.4208333333333
2026-06-01 20:36:00,0.0,1698.9089121946292,0.2748,0.1748,0.0,554.3841666666667
2026-06-01 20:36:30,0.0,1754.544051557519,0.2748,0.1748,0.0,545.6441666666667
2026-06-01 20:37:00,0.0,1754.6610279902084,0.2748,0.1748,0.0,534.2008333333333
2026-06-01 20:37:30,0.0,1670.3154086716413,0.2748,0.1748,0.0,520.0541666666667
2026-06-01 20:38:00,0.0,1721.9458925696613,0.2748,0.1748,0.0,503.20416666666665
2026-06-01 20:38:30,0.0,1684.2571586984966,0.2748,0.1748,0.0,485.99583333333334
2026-06-01 20:39:00,0.0,1767.659862202348,0.2748,0.1748,0.0,468.32916666666665
2026-06-01 20:39:30,0.0,1753.2489123778776,0.2748,0.1748,0.0,451.4
2026-06-01 20:40:00,0.0,1655.4395848748436,0.2748,0.1748,0.0,435.60833333333335
2026-06-01 20:40:30,0.0,1695.9225319516745,0.2748,0.1748,0.0,418.4916666666667
2026-06-01 20:41:00,0.0,1758.4494736497688,0.2748,0.1748,0.0,415.76666666666665
2026-06-01 20:41:30,0.0,1652.1823151529309,0.2748,0.1748,0.0,400.2
2026-06-01 20:42:00,0.0,1748.7491692380595,0.2748,0.1748,0.0,399.78333333333336
2026-06-01 20:42:30,0.0,1689.0203414025295,0.2748,0.1748,0.0,399.8041666666667
2026-06-01 20:43:00,0.0,1733.7077747645678,0.2748,0.1748,0.0,399.7625
2026-06-01 20:43:30,0.0,1789.216253584077,0.2748,0.1748,0.0,399.75555583333335
2026-06-01 20:44:00,0.0,1754.177766582605,0.2748,0.1748,0.0,399.78333333333336
2026-06-01 20:44:30,0.0,1722.7508742351238,0.2748,0.1748,0.0,399.78333333333336
2026-06-01 20:45:00,0.0,1658.8831553067237,0.2748,0.1748,0.0,399.75555583333335
2026-06-01 20:45:30,0.0,1781.5928926276913,0.2748,0.1748,0.0,399.78333333333336
2026-06-01 20:46:00,0.0,1796.6405085476576,0.2748,0.1748,0.0,399.8666666666667
2026-06-01 20:46:30,0.0,1768.7100354212132,0.2748,0.1748,0.0,399.78333333333336
2026-06-01 20:47:00,0.0,1710.8871515742594,0.2748,0.1748,0.0,399.7028491666667
2026-06-01 20:47:30,0.0,1789.1943634937738,0.2748,0.1748,0.0,399.62521333333336
2026-06-01 20:48:00,0.0,1755.4575708101934,0.2748,0.1748,0.0,399.5504266666667
2026-06-01 20:48:30,0.0,1758.3348251986845,0.2748,0.1748,0.0,399.47848916666663
2026-06-01 20:49:00,0.0,1741.9694660552457,0.2748,0.1748,0.0,399.40940083333334
2026-06-01 20:49:30,0.0,1745.3557724229681,0.2748,0.1748,0.0,399.3431616666667
2026-06-01 20:50:00,0.0,1731.6106235594018,0.2748,0.1748,0.0,399.27977166666665
2026-06-01 20:50:30,0.0,1715.4221244729029,0.2748,0.1748,0.0,399.2192308333333
2026-06-01 20:51:00,0.0,1706.7350043970264,0.2748,0.1748,0.0,399.16153833333334
2026-06-01 20:51:30,0.0,1769.9424669365899,0.2748,0.1748,0.0,399.01410250000004
2026-06-01 20:52:00,0.0,1679.1100491835634,0.2748,0.1748,0.0,398.86859
2026-06-01 20:52:30,0.0,1696.3303521931366,0.2748,0.1748,0.0,398.725
2026-06-01 20:53:00,0.0,1718.2442030942734,0.2748,0.1748,0.0,398.5833333333333
2026-06-01 20:53:30,0.0,1751.499390119767,0.2748,0.1748,0.0,398.4592591666667
2026-06-01 20:54:00,0.0,1739.7755567452534,0.2748,0.1748,0.0,398.3527775
2026-06-01 20:54:30,0.0,1680.9737534381604,0.2748,0.1748,0.0,398.2638883333333
2026-06-01 20:55:00,0.0,1762.581693847438,0.2748,0.1748,0.0,398.19259166666666
2026-06-01 20:55:30,0.0,1677.2143743494137,0.2748,0.1748,0.0,398.1388883333333
2026-06-01 20:56:00,0.0,1659.9072692198479,0.2748,0.1748,0.0,398.1027775
2026-06-01 20:56:30,0.0,1797.4260845585434,0.2748,0.1748,0.0,398.0842591666667
2026-06-01 20:57:00,0.0,1730.8028072895956,0.2748,0.1748,0.0,397.90833333333336
2026-06-01 20:57:30,0.0,1681.5519265170335,0.2748,0.1748,0.0,397.825
2026-06-01 20:58:00,0.0,1776.7433533902035,0.2748,0.1748,0.0,383.3
2026-06-01 20:58:30,0.0,1653.6258041307585,0.2748,0.1748,0.0,383.90833333333336
2026-06-01 20:59:00,0.0,1737.922279384482,0.2748,0.1748,0.0,383.7416666666667
2026-06-01 20:59:30,0.0,1702.135573249538,0.2748,0.1748,0.0,383.325
2026-06-01 21:00:00,0.0,1651.6651902115802,0.2725,0.1725,0.0,383.1861108333333
2026-06-01 21:00:30,0.0,1752.168345821454,0.2725,0.1725,0.0,382.95
2026-06-01 21:01:00,0.0,173.01540407178393,0.2725,0.1725,0.0,382.6166666666667
2026-06-01 21:01:30,0.0,176.9511318950874,0.2725,0.1725,0.0,383.5
2026-06-01 21:02:00,0.0,188.43932875268592,0.2725,0.1725,0.0,383.3888891666667
2026-06-01 21:02:30,0.0,237.0851452467855,0.2725,0.1725,0.0,366.25
2026-06-01 21:03:00,0.0,227.6640384299577,0.2725,0.1725,0.0,365.9166666666667
2026-06-01 21:03:30,0.0,297.8152241024277,0.2725,0.1725,0.0,365.4166666666667
2026-06-01 21:04:00,0.0,267.3640465568924,0.2725,0.1725,0.0,365.0416666666667
2026-06-01 21:04:30,0.0,179.99046074549864,0.2725,0.1725,0.0,365.125
2026-06-01 21:05:00,0.0,226.6166192453086,0.2725,0.1725,0.0,365.0416666666667
2026-06-01 21:05:30,0.0,203.6545241559046,0.2725,0.1725,0.0,365.7083333333333
2026-06-01 21:06:00,0.0,294.310420456752,0.2725,0.1725,0.0,366.2083333333333
2026-06-01 21:06:30,0.0,246.6220439400332,0.2725,0.1725,0.0,366.8333333333333
2026-06-01 21:07:00,0.0,198.19827945417475,0.2725,0.1725,0.0,367.4722225
2026-06-01 21:07:30,0.0,188.13215263295476,0.2725,0.1725,0.0,368.0
2026-06-01 21:08:00,0.0,184.73953980110244,0.2725,0.1725,0.0,368.5833333333333
2026-06-01 21:08:30,0.0,186.14990992648114,0.2725,0.1725,0.0,369.1666666666667
2026-06-01 21:09:00,0.0,272.27482261026165,0.2725,0.1725,0.0,369.9166666666667
2026-06-01 21:09:30,0.0,271.9501938863667,0.2725,0.1725,0.0,370.4375
2026-06-01 21:10:00,0.0,175.4151702893457,0.2725,0.1725,0.0,371.1458333333333
2026-06-01 21:10:30,0.0,227.5439641650243,0.2725,0.1725,0.0,371.9027775
2026-06-01 21:11:00,0.0,265.63357908688454,0.2725,0.1725,0.0,372.7083333333333
2026-06-01 21:11:30,0.0,159.5783109210113,0.2725,0.1725,0.0,373.5178575
2026-06-01 21:12:00,0.0,275.5448199600242,0.2725,0.1725,0.0,374.136905
2026-06-01 21:12:30,0.0,191.37038896608115,0.2725,0.1725,0.0,374.56547666666665
2026-06-01 21:13:00,0.0,214.20522170455212,0.2725,0.1725,0.0,374.80357166666664
2026-06-01 21:13:30,0.0,248.0242261464995,0.2725,0.1725,0.0,374.8511908333333
2026-06-01 21:14:00,0.0,262.3192837957133,0.2725,0.1725,0.0,374.7083333333333
2026-06-01 21:14:30,0.0,193.7151704876536,0.2725,0.1725,0.0,374.4583333333333
2026-06-01 21:15:00,0.0,251.80504387785152,0.268,0.168,0.0,373.375
2026-06-01 21:15:30,0.0,203.77775895425336,0.268,0.168,0.0,373.0
2026-06-01 21:16:00,0.0,241.04715808041502,0.268,0.168,0.0,372.3333333333333
2026-06-01 21:16:30,0.0,267.3871194454083,0.268,0.168,0.0,371.8333333333333
2026-06-01 21:17:00,0.0,209.72283984377484,0.268,0.168,0.0,371.5
2026-06-01 21:17:30,0.0,267.0107868571189,0.268,0.168,0.0,371.6666666666667
2026-06-01 21:18:00,0.0,176.12159738532043,0.268,0.168,0.0,372.68333333333334
2026-06-01 21:18:30,0.0,279.39421783741756,0.268,0.168,0.0,373.8833333333333
2026-06-01 21:19:00,0.0,193.74691926676493,0.268,0.168,0.0,374.26666666666665
2026-06-01 21:19:30,0.0,206.13178802036117,0.268,0.168,0.0,374.0833333333333
2026-06-01 21:20:00,0.0,225.19469345777208,0.268,0.168,0.0,373.75
2026-06-01 21:20:30,0.0,286.6935106828379,0.268,0.168,0.0,372.9166666666667
2026-06-01 21:21:00,0.0,231.28679135154357,0.268,0.168,0.0,372.3333333333333
2026-06-01 21:21:30,0.0,168.28847210280927,0.268,0.168,0.0,371.5
2026-06-01 21:22:00,0.0,157.13324117038414,0.268,0.168,0.0,368.44166666666666
2026-06-01 21:22:30,0.0,158.86363434573664,0.268,0.168,0.0,367.60833333333335
2026-06-01 21:23:00,0.0,198.32895195668223,0.268,0.168,0.0,366.55
2026-06-01 21:23:30,0.0,244.43208765438067,0.268,0.168,0.0,365.26666666666665
2026-06-01 21:24:00,0.0,272.96088280919486,0.268,0.168,0.0,364.3833333333333
2026-06-01 21:24:30,0.0,252.08034194004335,0.268,0.168,0.0,363.4
2026-06-01 21:25:00,0.0,230.3332382714324,0.268,0.168,0.0,356.8333333333333
2026-06-01 21:25:30,0.0,242.26868205082698,0.268,0.168,0.0,355.75
2026-06-01 21:26:00,0.0,235.11496983270843,0.268,0.168,0.0,354.5
2026-06-01 21:26:30,0.0,160.86410244034062,0.268,0.168,0.0,353.1458333333333
2026-06-01 21:27:00,0.0,281.1643089473876,0.268,0.168,0.0,352.0208333333333
2026-06-01 21:27:30,0.0,226.51401775111665,0.268,0.168,0.0,346.9583333333333
2026-06-01 21:28:00,0.0,170.32959977137523,0.268,0.168,0.0,345.875
2026-06-01 21:28:30,0.0,219.2268327375649,0.268,0.168,0.0,345.0416666666667
2026-06-01 21:29:00,0.0,285.0038022554648,0.268,0.168,0.0,343.7916666666667
2026-06-01 21:29:30,0.0,171.85699109160885,0.268,0.168,0.0,342.85833333333335
2026-06-01 21:30:00,0.0,1654.9132878574387,0.2607,0.1607,0.0,341.825
2026-06-01 21:30:30,0.0,1714.2768237547903,0.2607,0.1607,0.0,340.44166666666666
2026-06-01 21:31:00,0.0,1742.656890365105,0.2607,0.1607,0.0,339.375
2026-06-01 21:31:30,0.0,1663.2428394953977,0.2607,0.1607,0.0,338.3333333333333
2026-06-01 21:32:00,0.0,1730.968502235125,0.2607,0.1607,0.0,337.4166666666667
2026-06-01 21:32:30,0.0,1694.8559014063092,0.2607,0.1607,0.0,337.1041666666667
2026-06-01 21:33:00,0.0,1661.1525594006864,0.2607,0.1607,0.0,337.7291666666667
2026-06-01 21:33:30,0.0,1686.9113752915432,0.2607,0.1607,0.0,339.2083333333333
2026-06-01 21:34:00,0.0,1672.493029596171,0.2607,0.1607,0.0,341.2916666666667
2026-06-01 21:34:30,0.0,1733.0224029699586,0.2607,0.1607,0.0,340.9583333333333
2026-06-01 21:35:00,0.0,1797.6519887816767,0.2607,0.1607,0.0,340.625
2026-06-01 21:35:30,0.0,1728.642045865669,0.2607,0.1607,0.0,340.2916666666667
2026-06-01 21:36:00,0.0,1740.905000198299,0.2607,0.1607,0.0,339.9583333333333
2026-06-01 21:36:30,0.0,1652.0067565073286,0.2607,0.1607,0.0,339.65
2026-06-01 21:37:00,0.0,1767.3041281986611,0.2607,0.1607,0.0,339.3666666666667
2026-06-01 21:37:30,0.0,1762.8556137721155,0.2607,0.1607,0.0,339.025
2026-06-01 21:38:00,0.0,1705.1896411008224,0.2607,0.1607,0.0,338.625
2026-06-01 21:38:30,0.0,1707.0250291495147,0.2607,0.1607,0.0,338.2291666666667
2026-06-01 21:39:00,0.0,1739.934970193094,0.2607,0.1607,0.0,337.9375
2026-06-01 21:39:30,0.0,1744.3757845871642,0.2607,0.1607,0.0,338.0833333333333
2026-06-01 21:40:00,0.0,1770.856532070758,0.2607,0.1607,0.0,338.26666666666665
2026-06-01 21:40:30,0.0,1682.5111084214489,0.2607,0.1607,0.0,338.59166666666664
2026-06-01 21:41:00,0.0,1692.179141474016,0.2607,0.1607,0.0,339.05833333333334
2026-06-01 21:41:30,0.0,1788.427744492702,0.2607,0.1607,0.0,339.625
2026-06-01 21:42:00,0.0,1654.8298545690284,0.2607,0.1607,0.0,340.18055583333336
2026-06-01 21:42:30,0.0,1672.2186751570546,0.2607,0.1607,0.0,340.6875
2026-06-01 21:43:00,0.0,1714.0786842668058,0.2607,0.1607,0.0,341.1458333333333
2026-06-01 21:43:30,0.0,1748.9274700774022,0.2607,0.1607,0.0,341.55555583333336
2026-06-01 21:44:00,0.0,1728.4325286000571,0.2607,0.1607,0.0,341.9166666666667
2026-06-01 21:44:30,0.0,1732.8327838104874,0.2607,0.1607,0.0,342.2916666666667
2026-06-01 21:45:00,0.0,1775.6208240056615,0.2587,0.1587,0.0,342.75
2026-06-01 21:45:30,0.0,1795.2988370682301,0.2587,0.1587,0.0,343.2083333333333
2026-06-01 21:46:00,0.0,1778.0546025598637,0.2587,0.1587,0.0,343.6666666666667
2026-06-01 21:46:30,0.0,1763.093093317651,0.2587,0.1587,0.0,344.25
2026-06-01 21:47:00,0.0,1776.2854274004449,0.2587,0.1587,0.0,344.75641
2026-06-01 21:47:30,0.0,1695.6986581092142,0.2587,0.1587,0.0,345.22756416666664
2026-06-01 21:48:00,0.0,1675.2252134434914,0.2587,0.1587,0.0,345.6634616666667
2026-06-01 21:48:30,0.0,1763.212466751149,0.2587,0.1587,0.0,346.18910250000005
2026-06-01 21:49:00,0.0,1687.2221167130012,0.2587,0.1587,0.0,346.63782083333336
2026-06-01 21:49:30,0.0,1741.1036127183504,0.2587,0.1587,0.0,347.17628249999996
2026-06-01 21:50:00,0.0,1752.1733148832618,0.2587,0.1587,0.0,347.63782083333336
2026-06-01 21:50:30,0.0,1698.8854516007023,0.2587,0.1587,0.0,348.02243583333336
2026-06-01 21:51:00,0.0,1671.3854390621366,0.2587,0.1587,0.0,348.246795
2026-06-01 21:51:30,0.0,1714.280510304513,0.2587,0.1587,0.0,348.3942308333333
2026-06-01 21:52:00,0.0,1765.5712042569323,0.2587,0.1587,0.0,348.4855766666667
2026-06-01 21:52:30,0.0,1669.2237815832284,0.2587,0.1587,0.0,348.5208333333333
2026-06-01 21:53:00,0.0,1660.6212554441072,0.2587,0.1587,0.0,348.5
2026-06-01 21:53:30,0.0,1755.9859719843523,0.2587,0.1587,0.0,348.4074075
2026-06-01 21:54:00,0.0,1696.7546660249532,0.2587,0.1587,0.0,348.2222225
2026-06-01 21:54:30,0.0,1700.9377856794988,0.2587,0.1587,0.0,348.1111116666667
2026-06-01 21:55:00,0.0,1725.9648374714516,0.2587,0.1587,0.0,347.90740833333336
2026-06-01 21:55:30,0.0,1661.1360351598414,0.2587,0.1587,0.0,347.77777833333334
2026-06-01 21:56:00,0.0,1743.1037222939979,0.2587,0.1587,0.0,347.7222225
2026-06-01 21:56:30,0.0,1769.006805243289,0.2587,0.1587,0.0,347.7824075
2026-06-01 21:57:00,0.0,1702.5138960403078,0.2587,0.1587,0.0,347.9583333333333
2026-06-01 21:57:30,0.0,1698.0202510620768,0.2587,0.1587,0.0,348.0416666666667
2026-06-01 21:58:00,0.0,1674.8765467950716,0.2587,0.1587,0.0,348.0833333333333
2026-06-01 21:58:30,0.0,1792.7024183735666,0.2587,0.1587,0.0,348.2083333333333
2026-06-01 21:59:00,0.0,1689.2606021814593,0.2587,0.1587,0.0,348.2916666666667
2026-06-01 21:59:30,0.0,1724.1396437673072,0.2587,0.1587,0.0,348.5
2026-06-01 22:00:00,0.0,1727.558714237946,0.2623,0.1623,0.0,348.7222225
2026-06-01 22:00:30,0.0,1788.318503685461,0.2623,0.1623,0.0,349.0
2026-06-01 22:01:00,0.0,1706.0376470815904,0.2623,0.1623,0.0,349.2777775
2026-06-01 22:01:30,0.0,1767.7614621169992,0.2623,0.1623,0.0,349.5
2026-06-01 22:02:00,0.0,1724.5728313919715,0.2623,0.1623,0.0,349.7777775
2026-06-01 22:02:30,0.0,1703.113086944822,0.2623,0.1623,0.0,350.0
2026-06-01 22:03:00,0.0,1716.9007495544777,0.2623,0.1623,0.0,350.2083333333333
2026-06-01 22:03:30,0.0,1770.8726871831323,0.2623,0.1623,0.0,350.2916666666667
2026-06-01 22:04:00,0.0,1730.955498207846,0.2623,0.1623,0.0,350.6666666666667
2026-06-01 22:04:30,0.0,1670.1316002082995,0.2623,0.1623,0.0,350.5833333333333
2026-06-01 22:05:00,0.0,1718.199418522142,0.2623,0.1623,0.0,358.5833333333333
2026-06-01 22:05:30,0.0,1669.2471476395199,0.2623,0.1623,0.0,374.4166666666667
2026-06-01 22:06:00,0.0,1684.5720538086553,0.2623,0.1623,0.0,390.5
2026-06-01 22:06:30,0.0,1654.157895690439,0.2623,0.1623,0.0,406.5416666666667
2026-06-01 22:07:00,0.0,1785.1290472851547,0.2623,0.1623,0.0,422.6527775
2026-06-01 22:07:30,0.0,1681.0549305909417,0.2623,0.1623,0.0,438.7083333333333
2026-06-01 22:08:00,0.0,1669.4415029796178,0.2623,0.1623,0.0,454.7083333333333
2026-06-01 22:08:30,0.0,1687.4409545818569,0.2623,0.1623,0.0,470.6666666666667
2026-06-01 22:09:00,0.0,1676.952482983164,0.2623,0.1623,0.0,486.5833333333333
2026-06-01 22:09:30,0.0,1652.541434866513,0.2623,0.1623,0.0,486.2291666666667
2026-06-01 22:10:00,0.0,1721.1057534159631,0.2623,0.1623,0.0,485.5208333333333
2026-06-01 22:10:30,0.0,1665.0558487030437,0.2623,0.1623,0.0,484.75
2026-06-01 22:11:00,0.0,1662.7130782208667,0.2623,0.1623,0.0,483.9166666666667
2026-06-01 22:11:30,0.0,1686.108624530146,0.2623,0.1623,0.0,483.1904758333333
2026-06-01 22:12:00,0.0,1738.7963357295494,0.2623,0.1623,0.0,482.44642833333336
2026-06-01 22:12:30,0.0,1675.7257431556804,0.2623,0.1623,0.0,481.68452333333335
2026-06-01 22:13:00,0.0,1744.133616103955,0.2623,0.1623,0.0,480.863095
2026-06-01 22:13:30,0.0,1745.2204827708501,0.2623,0.1623,0.0,480.1488091666667
2026-06-01 22:14:00,0.0,1682.5312590448589,0.2623,0.1623,0.0,479.45
2026-06-01 22:14:30,0.0,1793.5994765032756,0.2623,0.1623,0.0,478.76666666666665
2026-06-01 22:15:00,0.0,1767.605699244726,0.2694,0.1694,0.0,478.4916666666667
2026-06-01 22:15:30,0.0,1730.9972029451264,0.2694,0.1694,0.0,478.25
2026-06-01 22:16:00,0.0,1758.0376525499883,0.2694,0.1694,0.0,478.0416666666667
2026-06-01 22:16:30,0.0,1784.865131911708,0.2694,0.1694,0.0,477.7416666666667
2026-06-01 22:17:00,0.0,1650.4120992902474,0.2694,0.1694,0.0,477.6
2026-06-01 22:17:30,0.0,1797.3096632053764,0.2694,0.1694,0.0,476.7
2026-06-01 22:18:00,0.0,1799.3282123432348,0.2694,0.1694,0.0,474.875
2026-06-01 22:18:30,0.0,1663.2862611258438,0.2694,0.1694,0.0,472.7916666666667
2026-06-01 22:19:00,0.0,1674.370550744622,0.2694,0.1694,0.0,471.2083333333333
2026-06-01 22:19:30,0.0,1745.861998880637,0.2694,0.1694,0.0,470.0416666666667
2026-06-01 22:20:00,0.0,1746.8467275076055,0.2694,0.1694,0.0,469.0416666666667
2026-06-01 22:20:30,0.0,1691.8150579847743,0.2694,0.1694,0.0,468.7916666666667
2026-06-01 22:21:00,0.0,1653.4213956120684,0.2694,0.1694,0.0,468.5416666666667
2026-06-01 22:21:30,0.0,1685.126465009359,0.2694,0.1694,0.0,468.5416666666667
2026-06-01 22:22:00,0.0,1777.3305899603395,0.2694,0.1694,0.0,468.4166666666667
2026-06-01 22:22:30,0.0,1685.4611161990042,0.2694,0.1694,0.0,468.3333333333333
2026-06-01 22:23:00,0.0,1765.5893185179689,0.2694,0.1694,0.0,468.25
2026-06-01 22:23:30,0.0,1657.021236853891,0.2694,0.1694,0.0,468.1666666666667
2026-06-01 22:24:00,0.0,1653.9021316799513,0.2694,0.1694,0.0,468.0833333333333
2026-06-01 22:24:30,0.0,1716.1742183500614,0.2694,0.1694,0.0,468.0
2026-06-01 22:25:00,0.0,1734.1011122404302,0.2694,0.1694,0.0,467.9166666666667
2026-06-01 22:25:30,0.0,1727.070319882006,0.2694,0.1694,0.0,467.7777775
2026-06-01 22:26:00,0.0,1670.0887731293567,0.2694,0.1694,0.0,467.75
2026-06-01 22:26:30,0.0,1655.9835597724853,0.2694,0.1694,0.0,467.7708333333333
2026-06-01 22:27:00,0.0,1762.166471986502,0.2694,0.1694,0.0,467.7916666666667
2026-06-01 22:27:30,0.0,1668.184652520809,0.2694,0.1694,0.0,467.8125
2026-06-01 22:28:00,0.0,1737.0963007976447,0.2694,0.1694,0.0,467.8333333333333
2026-06-01 22:28:30,0.0,1780.6870304045797,0.2694,0.1694,0.0,467.6666666666667
2026-06-01 22:29:00,0.0,1767.1691784950726,0.2694,0.1694,0.0,467.6666666666667
2026-06-01 22:29:30,0.0,1754.0249543219813,0.2694,0.1694,0.0,467.64166666666665
2026-06-01 22:30:00,0.0,1679.7939235673625,0.2741,0.1741,0.0,467.59166666666664
2026-06-01 22:30:30,0.0,1651.5722573249413,0.2741,0.1741,0.0,467.64166666666665
2026-06-01 22:31:00,0.0,1658.510249270147,0.2741,0.1741,0.0,467.625
2026-06-01 22:31:30,0.0,1724.2518832928063,0.2741,0.1741,0.0,467.5416666666667
2026-06-01 22:32:00,0.0,1767.1157833750508,0.2741,0.1741,0.0,467.2916666666667
2026-06-01 22:32:30,0.0,1763.0813899999014,0.2741,0.1741,0.0,466.1875
2026-06-01 22:33:00,0.0,1676.424660412823,0.2741,0.1741,0.0,464.2291666666667
2026-06-01 22:33:30,0.0,1701.5787694067533,0.2741,0.1741,0.0,461.4166666666667
2026-06-01 22:34:00,0.0,1783.7011725388552,0.2741,0.1741,0.0,457.75
2026-06-01 22:34:30,0.0,1777.4368737821715,0.2741,0.1741,0.0,456.7291666666667
2026-06-01 22:35:00,0.0,1723.5395889318547,0.2741,0.1741,0.0,455.7986108333333
2026-06-01 22:35:30,0.0,1666.5475415536866,0.2741,0.1741,0.0,454.9583333333333
2026-06-01 22:36:00,0.0,1653.7484132008758,0.2741,0.1741,0.0,454.2083333333333
2026-06-01 22:36:30,0.0,1772.9317631590848,0.2741,0.1741,0.0,453.4791666666667
2026-06-01 22:37:00,0.0,1688.5006001595839,0.2741,0.1741,0.0,452.7708333333333
2026-06-01 22:37:30,0.0,1763.9701658006788,0.2741,0.1741,0.0,452.1666666666667
2026-06-01 22:38:00,0.0,1720.6153883766192,0.2741,0.1741,0.0,451.6666666666667
2026-06-01 22:38:30,0.0,1788.8602304252945,0.2741,0.1741,0.0,451.4791666666667
2026-06-01 22:39:00,0.0,1756.880565404971,0.2741,0.1741,0.0,451.3541666666667
2026-06-01 22:39:30,0.0,1789.8103723362415,0.2741,0.1741,0.0,451.1875
2026-06-01 22:40:00,0.0,1711.8956985431792,0.2741,0.1741,0.0,450.9791666666667
2026-06-01 22:40:30,0.0,1796.9985208986318,0.2741,0.1741,0.0,450.625
2026-06-01 22:41:00,0.0,1666.6227444563388,0.2741,0.1741,0.0,450.125
2026-06-01 22:41:30,0.0,1789.6852726570758,0.2741,0.1741,0.0,449.625
2026-06-01 22:42:00,0.0,1698.585299179145,0.2741,0.1741,0.0,449.13194416666664
2026-06-01 22:42:30,0.0,1697.7425414238662,0.2741,0.1741,0.0,448.6458333333333
2026-06-01 22:43:00,0.0,1742.2907018360972,0.2741,0.1741,0.0,448.1666666666667
2026-06-01 22:43:30,0.0,1766.0105022751732,0.2741,0.1741,0.0,447.69444416666664
2026-06-01 22:44:00,0.0,1780.9367185123238,0.2741,0.1741,0.0,447.2777775
2026-06-01 22:44:30,0.0,1748.9044517151435,0.2741,0.1741,0.0,446.9166666666667
2026-06-01 22:45:00,0.0,1675.3260101053925,0.2542,0.1542,0.0,446.5416666666667
2026-06-01 22:45:30,0.0,1666.4054263534983,0.2542,0.1542,0.0,446.0416666666667
2026-06-01 22:46:00,0.0,1728.4887950425612,0.2542,0.1542,0.0,445.5416666666667
2026-06-01 22:46:30,0.0,1732.032567068696,0.2542,0.1542,0.0,445.0416666666667
2026-06-01 22:47:00,0.0,1722.6353178863146,0.2542,0.1542,0.0,444.7083333333333
2026-06-01 22:47:30,0.0,1722.225297775452,0.2542,0.1542,0.0,444.6666666666667
2026-06-01 22:48:00,0.0,1761.6172688300735,0.2542,0.1542,0.0,444.5833333333333
2026-06-01 22:48:30,0.0,1746.222189355332,0.2542,0.1542,0.0,444.5
2026-06-01 22:49:00,0.0,1676.4147398764371,0.2542,0.1542,0.0,445.0833333333333
2026-06-01 22:49:30,0.0,1661.2184836444076,0.2542,0.1542,0.0,445.5
2026-06-01 22:50:00,0.0,1780.9027158971396,0.2542,0.1542,0.0,445.75
2026-06-01 22:50:30,0.0,1679.1028668467168,0.2542,0.1542,0.0,446.4166666666667
2026-06-01 22:51:00,0.0,1677.5686942427228,0.2542,0.1542,0.0,447.3333333333333
2026-06-01 22:51:30,0.0,1665.244708398766,0.2542,0.1542,0.0,448.0
2026-06-01 22:52:00,0.0,1745.3100013942635,0.2542,0.1542,0.0,448.6458333333333
2026-06-01 22:52:30,0.0,1651.8209068480453,0.2542,0.1542,0.0,449.4375
2026-06-01 22:53:00,0.0,1700.3238261207405,0.2542,0.1542,0.0,450.0416666666667
2026-06-01 22:53:30,0.0,1667.715085008796,0.2542,0.1542,0.0,450.4583333333333
2026-06-01 22:54:00,0.0,1688.1727347473695,0.2542,0.1542,0.0,450.7083333333333
2026-06-01 22:54:30,0.0,1744.568239850538,0.2542,0.1542,0.0,450.7916666666667
2026-06-01 22:55:00,0.0,1790.0328105820836,0.2542,0.1542,0.0,450.875
2026-06-01 22:55:30,0.0,1719.2714649230243,0.2542,0.1542,0.0,450.9166666666667
2026-06-01 22:56:00,0.0,1701.0627195483005,0.2542,0.1542,0.0,450.9166666666667
2026-06-01 22:56:30,0.0,1702.7115657312477,0.2542,0.1542,0.0,450.7638891666667
2026-06-01 22:57:00,0.0,1667.3037937616361,0.2542,0.1542,0.0,450.4583333333333
2026-06-01 22:57:30,0.0,1739.1381377243329,0.2542,0.1542,0.0,450.2083333333333
2026-06-01 22:58:00,0.0,1667.631317118471,0.2542,0.1542,0.0,450.06944416666664
2026-06-01 22:58:30,0.0,1723.8949682265006,0.2542,0.1542,0.0,449.9166666666667
2026-06-01 22:59:00,0.0,1733.2454737566873,0.2542,0.1542,0.0,449.75
2026-06-01 22:59:30,0.0,1795.8825507456522,0.2542,0.1542,0.0,449.375
2026-06-01 23:00:00,0.0,1799.7945483812834,0.2651,0.1651,0.0,449.0416666666667
2026-06-01 23:00:30,0.0,1742.0267339925163,0.2651,0.1651,0.0,448.7083333333333
2026-06-01 23:01:00,0.0,289.4267797787728,0.2651,0.1651,0.0,448.43055583333336
2026-06-01 23:01:30,0.0,293.207055621299,0.2651,0.1651,0.0,448.2083333333333
2026-06-01 23:02:00,0.0,164.97374310404965,0.2651,0.1651,0.0,448.0416666666667
2026-06-01 23:02:30,0.0,157.76114229750303,0.2651,0.1651,0.0,448.0416666666667
2026-06-01 23:03:00,0.0,226.73922529898442,0.2651,0.1651,0.0,448.1666666666667
2026-06-01 23:03:30,0.0,256.9981971724227,0.2651,0.1651,0.0,448.4166666666667
2026-06-01 23:04:00,0.0,222.90751833860386,0.2651,0.1651,0.0,448.2916666666667
2026-06-01 23:04:30,0.0,207.45914201272456,0.2651,0.1651,0.0,448.5416666666667
2026-06-01 23:05:00,0.0,213.55687714963463,0.2651,0.1651,0.0,440.625
2026-06-01 23:05:30,0.0,279.338398692974,0.2651,0.1651,0.0,424.386905
2026-06-01 23:06:00,0.0,267.4991927526914,0.2651,0.1651,0.0,407.91071416666665
2026-06-01 23:06:30,0.0,166.18365417881836,0.2651,0.1651,0.0,391.32142833333336
2026-06-01 23:07:00,0.0,181.37305842757445,0.2651,0.1651,0.0,374.6190475
2026-06-01 23:07:30,0.0,264.96102375005637,0.2651,0.1651,0.0,357.92857166666664
2026-06-01 23:08:00,0.0,191.92295999285383,0.2651,0.1651,0.0,341.25
2026-06-01 23:08:30,0.0,238.26278735847623,0.2651,0.1651,0.0,324.4583333333333
2026-06-01 23:09:00,0.0,292.4950597704459,0.2651,0.1651,0.0,307.5416666666667
2026-06-01 23:09:30,0.0,253.36889885106208,0.2651,0.1651,0.0,306.9583333333333
2026-06-01 23:10:00,0.0,240.46544604852167,0.2651,0.1651,0.0,306.6875
2026-06-01 23:10:30,0.0,167.81711531742943,0.2651,0.1651,0.0,306.4375
2026-06-01 23:11:00,0.0,176.55814887295344,0.2651,0.1651,0.0,306.2083333333333
2026-06-01 23:11:30,0.0,192.85390674679905,0.2651,0.1651,0.0,305.875
2026-06-01 23:12:00,0.0,250.1747712670088,0.2651,0.1651,0.0,305.6666666666667
2026-06-01 23:12:30,0.0,294.3271204362096,0.2651,0.1651,0.0,305.4722225
2026-06-01 23:13:00,0.0,273.4896732999434,0.2651,0.1651,0.0,305.3333333333333
2026-06-01 23:13:30,0.0,167.153861196969,0.2651,0.1651,0.0,305.0833333333333
2026-06-01 23:14:00,0.0,291.58394892726756,0.2651,0.1651,0.0,304.8138891666667
2026-06-01 23:14:30,0.0,216.2977756546261,0.2651,0.1651,0.0,304.525
2026-06-01 23:15:00,0.0,206.66582975001592,0.2562,0.1562,0.0,304.21666666666664
2026-06-01 23:15:30,0.0,172.68173274905,0.2562,0.1562,0.0,303.93333333333334
2026-06-01 23:16:00,0.0,280.19126398456956,0.2562,0.1562,0.0,303.675
2026-06-01 23:16:30,0.0,209.2973401748874,0.2562,0.1562,0.0,303.44166666666666
2026-06-01 23:17:00,0.0,288.2398321264985,0.2562,0.1562,0.0,303.23333333333335
2026-06-01 23:17:30,0.0,211.23337052972067,0.2562,0.1562,0.0,303.05
2026-06-01 23:18:00,0.0,173.43620924337893,0.2562,0.1562,0.0,302.886905
2026-06-01 23:18:30,0.0,275.0508320791216,0.2562,0.1562,0.0,302.7440475
2026-06-01 23:19:00,0.0,248.08506572104207,0.2562,0.1562,0.0,302.863095
2026-06-01 23:19:30,0.0,236.68215245807784,0.2562,0.1562,0.0,303.07738083333334
2026-06-01 23:20:00,0.0,199.55575026690494,0.2562,0.1562,0.0,303.2202383333333
2026-06-01 23:20:30,0.0,223.80218601765017,0.2562,0.1562,0.0,303.4583333333333
2026-06-01 23:21:00,0.0,175.62910891562234,0.2562,0.1562,0.0,303.625
2026-06-01 23:21:30,0.0,172.20482374909193,0.2562,0.1562,0.0,303.5416666666667
2026-06-01 23:22:00,0.0,202.21521870814405,0.2562,0.1562,0.0,303.5833333333333
2026-06-01 23:22:30,0.0,266.9894267181735,0.2562,0.1562,0.0,303.5833333333333
2026-06-01 23:23:00,0.0,165.9158648653107,0.2562,0.1562,0.0,303.68333333333334
2026-06-01 23:23:30,0.0,298.25969463070595,0.2562,0.1562,0.0,303.7722225
2026-06-01 23:24:00,0.0,243.85677553295847,0.2562,0.1562,0.0,303.85
2026-06-01 23:24:30,0.0,173.73140380408017,0.2562,0.1562,0.0,303.9166666666667
2026-06-01 23:25:00,0.0,192.21446963636504,0.2562,0.1562,0.0,303.9166666666667
2026-06-01 23:25:30,0.0,269.8681702812021,0.2562,0.1562,0.0,303.80555583333336
2026-06-01 23:26:00,0.0,154.5314381757303,0.2562,0.1562,0.0,303.68055583333336
2026-06-01 23:26:30,0.0,291.42034576139594,0.2562,0.1562,0.0,303.5416666666667
2026-06-01 23:27:00,0.0,286.8561677127742,0.2562,0.1562,0.0,303.4375
2026-06-01 23:27:30,0.0,208.08021184169684,0.2562,0.1562,0.0,303.36805583333336
2026-06-01 23:28:00,0.0,214.3235526088314,0.2562,0.1562,0.0,303.3333333333333
2026-06-01 23:28:30,0.0,279.15463350754374,0.2562,0.1562,0.0,303.3333333333333
2026-06-01 23:29:00,0.0,237.8081576782033,0.2562,0.1562,0.0,303.1666666666667
2026-06-01 23:29:30,0.0,234.229457964767,0.2562,0.1562,0.0,303.0833333333333
2026-06-01 23:30:00,0.0,256.76150341867447,0.2511,0.1511,0.0,303.0833333333333
2026-06-01 23:30:30,0.0,164.35038409407193,0.2511,0.1511,0.0,303.2773109243698
2026-06-01 23:31:00,0.0,173.75218735646368,0.2511,0.1511,0.0,303.5593220338983
2026-06-01 23:31:30,0.0,210.06765937818525,0.2511,0.1511,0.0,303.9316239316239
2026-06-01 23:32:00,0.0,281.76859963320203,0.2511,0.1511,0.0,304.3965517241379
2026-06-01 23:32:30,0.0,297.23071194641193,0.2511,0.1511,0.0,304.95652173913044
2026-06-01 23:33:00,0.0,158.82781602832088,0.2511,0.1511,0.0,305.6140350877193
2026-06-01 23:33:30,0.0,211.06319857849775,0.2511,0.1511,0.0,306.37168141592923
2026-06-01 23:34:00,0.0,167.4369827526237,0.2511,0.1511,0.0,307.23214285714283
2026-06-01 23:34:30,0.0,232.8500546330638,0.2511,0.1511,0.0,308.0405405405405
2026-06-01 23:35:00,0.0,211.04128659446695,0.2511,0.1511,0.0,308.79545454545456
2026-06-01 23:35:30,0.0,276.43136025866295,0.2511,0.1511,0.0,309.4954128440367
2026-06-01 23:36:00,0.0,272.54493940234386,0.2511,0.1511,0.0,310.1388888888889
2026-06-01 23:36:30,0.0,268.8721070898544,0.2511,0.1511,0.0,310.72429906542055
2026-06-01 23:37:00,0.0,155.7765862152518,0.2511,0.1511,0.0,311.25
2026-06-01 23:37:30,0.0,196.3347428695946,0.2511,0.1511,0.0,311.7142857142857
2026-06-01 23:38:00,0.0,155.3518682351532,0.2511,0.1511,0.0,312.11538461538464
2026-06-01 23:38:30,0.0,238.2975806919032,0.2511,0.1511,0.0,312.13592233009706
2026-06-01 23:39:00,0.0,219.5813771645756,0.2511,0.1511,0.0,312.05882352941177
2026-06-01 23:39:30,0.0,152.08324991909956,0.2511,0.1511,0.0,312.0049504950495
2026-06-01 23:40:00,0.0,156.30825232605494,0.2511,0.1511,0.0,311.975
2026-06-01 23:40:30,0.0,239.87633687612055,0.2511,0.1511,0.0,311.969696969697
2026-06-01 23:41:00,0.0,234.13138342410468,0.2511,0.1511,0.0,311.98979591836735
2026-06-01 23:41:30,0.0,288.91317434117474,0.2511,0.1511,0.0,311.9072164948454
2026-06-01 23:42:00,0.0,287.8116769061103,0.2511,0.1511,0.0,311.8489583333333
2026-06-01 23:42:30,0.0,271.1299566851686,0.2511,0.1511,0.0,311.8157894736842
2026-06-01 23:43:00,0.0,179.27288698424533,0.2511,0.1511,0.0,311.8085106382979
2026-06-01 23:43:30,0.0,211.85140330153644,0.2511,0.1511,0.0,311.8279569892473
2026-06-01 23:44:00,0.0,206.20379253121996,0.2511,0.1511,0.0,311.81159456521743
2026-06-01 23:44:30,0.0,225.68601320350353,0.2511,0.1511,0.0,311.75824175824175
2026-06-01 23:45:00,0.0,206.18813629649304,0.2462,0.1462,0.0,311.6666666666667
2026-06-01 23:45:30,0.0,153.84185392564953,0.2462,0.1462,0.0,311.685393258427
2026-06-01 23:46:00,0.0,273.03035161780207,0.2462,0.1462,0.0,311.64772727272725
2026-06-01 23:46:30,0.0,243.79907522276847,0.2462,0.1462,0.0,311.55172413793105
2026-06-01 23:47:00,0.0,216.6438564033073,0.2462,0.1462,0.0,311.33720930232556
2026-06-01 23:47:30,0.0,160.4718180628495,0.2462,0.1462,0.0,310.7647058823529
2026-06-01 23:48:00,0.0,276.7717860618574,0.2462,0.1462,0.0,310.29761904761904
2026-06-01 23:48:30,0.0,173.42745358547035,0.2462,0.1462,0.0,309.69879518072287
2026-06-01 23:49:00,0.0,191.20410470800164,0.2462,0.1462,0.0,308.2317073170732
2026-06-01 23:49:30,0.0,169.13665929639706,0.2462,0.1462,0.0,306.85185185185185
2026-06-01 23:50:00,0.0,208.62631811728534,0.2462,0.1462,0.0,305.8125
2026-06-01 23:50:30,0.0,179.3087693641405,0.2462,0.1462,0.0,304.24050632911394
2026-06-01 23:51:00,0.0,208.00213527552458,0.2462,0.1462,0.0,302.5
2026-06-01 23:51:30,0.0,279.2870319255628,0.2462,0.1462,0.0,301.23376623376623
2026-06-01 23:52:00,0.0,164.50225788031238,0.2462,0.1462,0.0,300.0657894736842
2026-06-01 23:52:30,0.0,226.38429248570702,0.2462,0.1462,0.0,298.73333333333335
2026-06-01 23:53:00,0.0,175.2347971425923,0.2462,0.1462,0.0,297.77027027027026
2026-06-01 23:53:30,0.0,178.89815215012072,0.2462,0.1462,0.0,297.1917808219178
2026-06-01 23:54:00,0.0,216.58110793262387,0.2462,0.1462,0.0,297.0138888888889
2026-06-01 23:54:30,0.0,239.10586199094018,0.2462,0.1462,0.0,296.9718309859155
2026-06-01 23:55:00,0.0,260.53665417917773,0.2462,0.1462,0.0,297.07142857142856
2026-06-01 23:55:30,0.0,248.32152399355863,0.2462,0.1462,0.0,297.1014492753623
2026-06-01 23:56:00,0.0,298.8151458283926,0.2462,0.1462,0.0,297.05882352941177
2026-06-01 23:56:30,0.0,261.9464599514783,0.2462,0.1462,0.0,297.06467611940303
2026-06-01 23:57:00,0.0,281.4003959881327,0.2462,0.1462,0.0,297.1212121212121
2026-06-01 23:57:30,0.0,195.99107496138598,0.2462,0.1462,0.0,297.2307692307692
2026-06-01 23:58:00,0.0,289.88505125542883,0.2462,0.1462,0.0,297.2916671875
2026-06-01 23:58:30,0.0,246.4962628919037,0.2462,0.1462,0.0,297.3015873015873
2026-06-01 23:59:00,0.0,151.84134170964043,0.2462,0.1462,0.0,297.258064516129
2026-06-01 23:59:30,0.0,266.10528117936633,0.2462,0.1462,0.0,297.5409836065574
